year,cat_id,cat_label,major,families_kids,single_other,gap_pp
1988,01,Food at home,Food,9.01194554800682,7.04696117207955,1.9649843759272692
1989,01,Food at home,Food,9.130554937895951,7.612511133232043,1.5180438046639084
1990,01,Food at home,Food,9.5130479944004,7.858894745081668,1.6541532493187328
1991,01,Food at home,Food,9.5514913753481,8.142544296237308,1.408947079110792
1992,01,Food at home,Food,9.412750627966918,8.18449460255152,1.2282560254153978
1993,01,Food at home,Food,9.480750203073177,8.20978952996646,1.2709606731067158
1994,01,Food at home,Food,9.208478842095946,8.235724743777453,0.972754098318493
1995,01,Food at home,Food,9.219456830465292,8.190118152524168,1.0293386779411247
1996,01,Food at home,Food,9.052910687009009,8.068259972489683,0.9846507145193257
1997,01,Food at home,Food,8.80764793001962,7.425496688741722,1.3821512412778976
1998,01,Food at home,Food,8.303834126269333,7.3376281350026336,0.9662059912666994
1999,01,Food at home,Food,8.377183809360075,7.691116702148249,0.6860671072118256
2000,01,Food at home,Food,8.236174246065179,7.578042527522244,0.6581317185429354
2001,01,Food at home,Food,8.152304286625197,7.350166884341896,0.802137402283301
2002,01,Food at home,Food,8.079089089706873,7.101687218360289,0.9774018713465837
2003,01,Food at home,Food,7.986395044030034,7.316898123228191,0.6694969208018424
2004,01,Food at home,Food,7.926456920587408,7.372444739903607,0.5540121806838014
2005,01,Food at home,Food,7.499091150411631,6.8281240093831235,0.6709671410285072
2006,01,Food at home,Food,7.49989803757514,6.703532664646881,0.7963653729282596
2007,01,Food at home,Food,7.498860495911744,6.775320139697323,0.7235403562144214
2008,01,Food at home,Food,7.786834534136067,7.276489596915925,0.5103449372201414
2009,01,Food at home,Food,8.126046076348484,7.454281567489114,0.6717645088593693
2010,01,Food at home,Food,8.009910984448194,7.232166168663515,0.7777448157846791
2011,01,Food at home,Food,8.421609716707938,7.488308269623904,0.933301447084034
2012,01,Food at home,Food,8.05667595323102,7.465700376189423,0.590975577041597
2013,01,Food at home,Food,8.039981935379194,7.804097840774343,0.2358840946048506
2014,01,Food at home,Food,7.845734187769321,7.316426146010187,0.5293080417591343
2015,01,Food at home,Food,7.540214027364519,7.190416206072135,0.349797821292384
2016,01,Food at home,Food,7.411680339599292,6.60059561587658,0.8110847237227121
2017,01,Food at home,Food,7.692001794275497,7.203410125005987,0.4885916692695105
2018,01,Food at home,Food,7.566156879185954,7.2201995366211165,0.34595734256483723
2019,01,Food at home,Food,7.732840167353275,7.122340902971008,0.6104992643822671
2020,01,Food at home,Food,8.48902826501112,7.724700325297446,0.7643279397136737
2021,01,Food at home,Food,8.034455107074255,7.770017460713395,0.26443764636086
2022,01,Food at home,Food,8.109112587538215,7.8409898745364766,0.2681227130017385
2023,01,Food at home,Food,8.257055029871458,7.536497333405161,0.7205576964662965
2024,01,Food at home,Food,8.218772612129875,7.634262286390867,0.5845103257390081
1988,02,Food away from home,Food,6.194220975313105,6.612444989137096,-0.4182240138239912
1989,02,Food away from home,Food,6.190646739137157,6.53848168910777,-0.34783494997061304
1990,02,Food away from home,Food,6.169284702689466,6.643009967124145,-0.47372526443467944
1991,02,Food away from home,Food,5.574956866984926,5.604220585307585,-0.029263718322659393
1992,02,Food away from home,Food,5.204182662385705,5.564278704612365,-0.3600960422266599
1993,02,Food away from home,Food,5.403529363064215,5.584990035483401,-0.18146067241918562
1994,02,Food away from home,Food,5.30452733568218,5.4264275256222545,-0.12190018994007445
1995,02,Food away from home,Food,5.118366809741177,5.312388113139993,-0.19402130339881563
1996,02,Food away from home,Food,5.330160556234842,5.459078404401651,-0.1289178481668083
1997,02,Food away from home,Food,5.267301192473047,5.625,-0.35769880752695293
1998,02,Food away from home,Food,5.912841392767922,5.757465256675175,0.15537613609274725
1999,02,Food away from home,Food,5.649236925959849,5.883491387652409,-0.2342544616925597
2000,02,Food away from home,Food,5.417057429396839,5.832453626903936,-0.4153961975070972
2001,02,Food away from home,Food,5.54775892843719,5.764765636337252,-0.2170067079000617
2002,02,Food away from home,Food,5.6272584730224,5.676459286687393,-0.04920081366499307
2003,02,Food away from home,Food,5.406840683666932,5.519072738364374,-0.1122320546974418
2004,02,Food away from home,Food,5.579028194228564,5.747050024929367,-0.1680218307008028
2005,02,Food away from home,Food,5.885271367667682,5.541114562860584,0.3441568048070982
2006,02,Food away from home,Food,5.6377784524587335,5.397535076624408,0.24024337583432587
2007,02,Food away from home,Food,5.559891857888665,5.279394644935972,0.28049721295269325
2008,02,Food away from home,Food,5.571504230549394,5.422643006973185,0.14886122357620923
2009,02,Food away from home,Food,5.649374269974512,5.181422351233672,0.4679519187408401
2010,02,Food away from home,Food,5.281789722963282,5.392938992196339,-0.11114926923305735
2011,02,Food away from home,Food,5.445872827761129,5.222772970399619,0.22309985736150928
2012,02,Food away from home,Food,5.359387004644355,5.05919451206019,0.3001924925841646
2013,02,Food away from home,Food,5.324058022199404,5.087830571105535,0.23622745109386933
2014,02,Food away from home,Food,5.2597920923522485,5.096031409168082,0.16376068318416692
2015,02,Food away from home,Food,5.568546958179468,5.277770636777295,0.2907763214021726
2016,02,Food away from home,Food,5.686444098109465,5.345896597178148,0.3405475009313177
2017,02,Food away from home,Food,5.8435728281083374,5.694717179941568,0.14885564816676933
2018,02,Food away from home,Food,5.745627183723127,5.588916733651709,0.15671045007141782
2019,02,Food away from home,Food,5.731581367431044,5.710887712054573,0.020693655376470943
2020,02,Food away from home,Food,4.073535212822825,3.7899380598012566,0.2835971530215682
2021,02,Food away from home,Food,4.526784943622552,4.589673235220753,-0.06288829159820164
2022,02,Food away from home,Food,5.357783377331912,4.739946586738909,0.6178367905930031
2023,02,Food away from home,Food,5.378272840117138,4.783709529709637,0.5945633104075005
2024,02,Food away from home,Food,5.303896641883324,4.633573082156679,0.6703235597266453
1988,03,Alcoholic beverages,Alcohol,0.7705068847029543,1.6266503258871372,-0.856143441184183
1989,03,Alcoholic beverages,Alcohol,0.7500565858423373,1.5298370618745742,-0.779780476032237
1990,03,Alcoholic beverages,Alcohol,0.769971126799207,1.5081145958357252,-0.7381434690365182
1991,03,Alcoholic beverages,Alcohol,0.6977265159535668,1.4533147521401553,-0.7555882361865884
1992,03,Alcoholic beverages,Alcohol,0.6863596084665218,1.3837095191364082,-0.6973499106698864
1993,03,Alcoholic beverages,Alcohol,0.6708217658547729,1.2880960482185388,-0.6172742823637659
1994,03,Alcoholic beverages,Alcohol,0.6265580855437136,1.230783308931186,-0.6042252233874723
1995,03,Alcoholic beverages,Alcohol,0.6461126460124514,1.123344074471894,-0.47723142845944266
1996,03,Alcoholic beverages,Alcohol,0.6563814800605198,1.2981430536451168,-0.6417615735845971
1997,03,Alcoholic beverages,Alcohol,0.6062643617514168,1.2003311258278146,-0.5940667640763978
1998,03,Alcoholic beverages,Alcohol,0.6099752610878183,1.2236133057817755,-0.6136380446939572
1999,03,Alcoholic beverages,Alcohol,0.5768794667743681,1.2425004838397522,-0.6656210170653841
2000,03,Alcoholic beverages,Alcohol,0.7294623035622636,1.2743175991554818,-0.5448552955932182
2001,03,Alcoholic beverages,Alcohol,0.6151087503489724,1.2697721665941082,-0.6546634162451358
2002,03,Alcoholic beverages,Alcohol,0.7183253616407151,1.156251091626786,-0.43792572998607093
2003,03,Alcoholic beverages,Alcohol,0.7577145181547928,1.2487888900850468,-0.49107437193025394
2004,03,Alcoholic beverages,Alcohol,0.7231596766997908,1.5024098387900948,-0.7792501620903041
2005,03,Alcoholic beverages,Alcohol,0.7062991401511393,1.2077600963672095,-0.5014609562160702
2006,03,Alcoholic beverages,Alcohol,0.7226773280295155,1.341294820131188,-0.6186174921016726
2007,03,Alcoholic beverages,Alcohol,0.6655236517865876,1.2456344586728754,-0.5801108068862878
2008,03,Alcoholic beverages,Alcohol,0.637727644666938,1.165032031294291,-0.527304386627353
2009,03,Alcoholic beverages,Alcohol,0.6637198083069725,1.1088534107402033,-0.44513360243323075
2010,03,Alcoholic beverages,Alcohol,0.6076390573967899,1.0907719532360536,-0.48313289583926367
2011,03,Alcoholic beverages,Alcohol,0.6579408048574457,1.1789744882242572,-0.5210336833668116
2012,03,Alcoholic beverages,Alcohol,0.6311931143838133,1.042819207789334,-0.4116260934055206
2013,03,Alcoholic beverages,Alcohol,0.6069501299775257,1.1113255935802333,-0.5043754636027076
2014,03,Alcoholic beverages,Alcohol,0.6510616407675229,0.9841893039049237,-0.3331276631374007
2015,03,Alcoholic beverages,Alcohol,0.6792262017614442,1.1157099154219905,-0.4364837136605463
2016,03,Alcoholic beverages,Alcohol,0.644265203186782,0.9959478592003124,-0.3516826560135303
2017,03,Alcoholic beverages,Alcohol,0.6959356973513935,1.0297428037741272,-0.3338071064227337
2018,03,Alcoholic beverages,Alcohol,0.7101028991731497,1.0047756395101424,-0.29467274033699264
2019,03,Alcoholic beverages,Alcohol,0.6770827139606237,1.0815905214971726,-0.4045078075365489
2020,03,Alcoholic beverages,Alcohol,0.6504832472215853,0.7530858696136535,-0.10260262239206819
2021,03,Alcoholic beverages,Alcohol,0.6077735995132215,0.9852831129957595,-0.37750951348253803
2022,03,Alcoholic beverages,Alcohol,0.6140499192504911,0.9395354199089284,-0.3254855006584373
2023,03,Alcoholic beverages,Alcohol,0.7230630756157581,0.8242202230242957,-0.10115714740853754
2024,03,Alcoholic beverages,Alcohol,0.6566963866341606,0.798770035520526,-0.1420736488863653
1988,04,Owned dwellings: mortgage interest and charges,Housing,7.606474526794789,4.016489332070637,3.589985194724152
1989,04,Owned dwellings: mortgage interest and charges,Housing,7.885535110864464,4.133703567873422,3.7518315429910425
1990,04,Owned dwellings: mortgage interest and charges,Housing,7.758676841553331,4.78526326775557,2.973413573797761
1991,04,Owned dwellings: mortgage interest and charges,Housing,8.223631484342777,4.21560820226956,4.008023282073217
1992,04,Owned dwellings: mortgage interest and charges,Housing,8.59436091025784,4.259077526987243,4.335283383270598
1993,04,Owned dwellings: mortgage interest and charges,Housing,7.898130288362187,3.980945899965975,3.917184388396212
1994,04,Owned dwellings: mortgage interest and charges,Housing,7.836769214109876,3.8479136163982433,3.9888555977116327
1995,04,Owned dwellings: mortgage interest and charges,Housing,8.209193356437837,4.193519513068385,4.015673843369451
1996,04,Owned dwellings: mortgage interest and charges,Housing,7.929905221968792,4.5563961485557085,3.373509073413084
1997,04,Owned dwellings: mortgage interest and charges,Housing,8.080649610414097,4.445364238410596,3.6352853720035014
1998,04,Owned dwellings: mortgage interest and charges,Housing,8.72269469759729,4.663506340910012,4.059188356687279
1999,04,Owned dwellings: mortgage interest and charges,Housing,8.928885953599233,4.528740081285078,4.400145872314154
2000,04,Owned dwellings: mortgage interest and charges,Housing,8.872046875780267,4.614688583923994,4.257358291856273
2001,04,Owned dwellings: mortgage interest and charges,Housing,9.123697217152284,5.0899724278043825,4.033724789347901
2002,04,Owned dwellings: mortgage interest and charges,Housing,9.106953285401296,5.211862926607748,3.8950903587935484
2003,04,Owned dwellings: mortgage interest and charges,Housing,9.335153713057409,5.249937201708113,4.085216511349295
2004,04,Owned dwellings: mortgage interest and charges,Housing,8.473030871258992,5.301645338208409,3.1713855330505822
2005,04,Owned dwellings: mortgage interest and charges,Housing,8.77481182359449,5.44601534267419,3.3287964809202997
2006,04,Owned dwellings: mortgage interest and charges,Housing,9.29097210991095,6.31526311145101,2.9757089984599396
2007,04,Owned dwellings: mortgage interest and charges,Housing,9.687601982078986,6.428987194412107,3.258614787666879
2008,04,Owned dwellings: mortgage interest and charges,Housing,9.407638154704848,6.017914847780486,3.3897233069243624
2009,04,Owned dwellings: mortgage interest and charges,Housing,8.997039810809556,5.69811320754717,3.2989266032623856
2010,04,Owned dwellings: mortgage interest and charges,Housing,8.370626982607737,5.497374604740217,2.8732523778675203
2011,04,Owned dwellings: mortgage interest and charges,Housing,7.832423636634089,5.049147273796522,2.783276362837567
2012,04,Owned dwellings: mortgage interest and charges,Housing,7.493018873352479,4.685771188315999,2.8072476850364803
2013,04,Owned dwellings: mortgage interest and charges,Housing,7.758682449586345,4.5335465901883465,3.225135859397999
2014,04,Owned dwellings: mortgage interest and charges,Housing,6.9816088859021,4.3718166383701185,2.6097922475319812
2015,04,Owned dwellings: mortgage interest and charges,Housing,6.582179592129248,3.727602251985912,2.8545773401433356
2016,04,Owned dwellings: mortgage interest and charges,Housing,6.669316350941999,3.4394375823853927,3.2298787685566066
2017,04,Owned dwellings: mortgage interest and charges,Housing,7.057165490101261,3.9226016571674887,3.1345638329337726
2018,04,Owned dwellings: mortgage interest and charges,Housing,5.897499020579263,3.2436521821362714,2.653846838442991
2019,04,Owned dwellings: mortgage interest and charges,Housing,5.479399079770849,3.2447715644915176,2.234627515279332
2020,04,Owned dwellings: mortgage interest and charges,Housing,6.023739793358518,3.7342364422262824,2.289503351132236
2021,04,Owned dwellings: mortgage interest and charges,Housing,4.947749204197949,3.201130789057953,1.7466184151399964
2022,04,Owned dwellings: mortgage interest and charges,Housing,5.3406829946273335,3.3027840221338405,2.037898972493493
2023,04,Owned dwellings: mortgage interest and charges,Housing,5.560204157246381,3.5123633033453645,2.0478408539010164
2024,04,Owned dwellings: mortgage interest and charges,Housing,5.938961851161094,3.523777546079488,2.4151843050816066
1988,05,Owned dwellings: property taxes,Housing,1.722021995685499,1.78263049412289,-0.060608498437391134
1989,05,Owned dwellings: property taxes,Housing,2.0109802887344617,1.7132079425787186,0.2977723461557431
1990,05,Owned dwellings: property taxes,Housing,1.95752953890859,1.9934248290977403,-0.035895290189150275
1991,05,Owned dwellings: property taxes,Housing,2.5310643627374447,2.428827393987657,0.10223696874978794
1992,05,Owned dwellings: property taxes,Housing,2.5208022439253117,2.3601570166830226,0.16064522724228913
1993,05,Owned dwellings: property taxes,Housing,2.5203857728098065,2.444952121712925,0.0754336510968816
1994,05,Owned dwellings: property taxes,Housing,2.7365501284985267,2.452415812591508,0.28413431590701865
1995,05,Owned dwellings: property taxes,Housing,2.69504344518141,2.39437880415324,0.3006646410281699
1996,05,Owned dwellings: property taxes,Housing,2.7483853466010957,2.4329436038514443,0.3154417427496514
1997,05,Owned dwellings: property taxes,Housing,2.787110846242799,2.4213576158940397,0.3657532303487594
1998,05,Owned dwellings: property taxes,Housing,2.821150627790068,2.447226611563551,0.37392401622651716
1999,05,Owned dwellings: property taxes,Housing,2.971789908875129,2.7830462550803174,0.18874365379481173
2000,05,Owned dwellings: property taxes,Housing,2.938376954598372,2.748454230131202,0.18992272446716996
2001,05,Owned dwellings: property taxes,Housing,3.116047298963947,2.746335800319257,0.3697114986446901
2002,05,Owned dwellings: property taxes,Housing,2.97673120760692,2.7177140461801796,0.25901716142674047
2003,05,Owned dwellings: property taxes,Housing,3.254557262953744,3.0717335917034485,0.1828236712502953
2004,05,Owned dwellings: property taxes,Housing,3.114020799071235,2.951637028419478,0.1623837706517568
2005,05,Owned dwellings: property taxes,Housing,3.223777934469916,2.9861155138527864,0.2376624206171294
2006,05,Owned dwellings: property taxes,Housing,3.3659566744488068,3.0473277053857695,0.3186289690630373
2007,05,Owned dwellings: property taxes,Housing,3.432957707180733,3.1344586728754367,0.29849903430529645
2008,05,Owned dwellings: property taxes,Housing,3.4550798311512554,3.0954135721979705,0.35966625895328486
2009,05,Owned dwellings: property taxes,Housing,3.758241025923813,3.323657474600871,0.4345835513229419
2010,05,Owned dwellings: property taxes,Housing,3.7716976658941146,3.330335644454759,0.44136202143935543
2011,05,Owned dwellings: property taxes,Housing,3.6598128805693935,3.290486992074827,0.36932588849456627
2012,05,Owned dwellings: property taxes,Housing,3.57615622313518,3.216972781588847,0.35918344154633264
2013,05,Owned dwellings: property taxes,Housing,3.6745584057608767,3.1740341394810136,0.500524266279863
2014,05,Owned dwellings: property taxes,Housing,3.3392498757101525,3.448641765704584,-0.1093918899944315
2015,05,Owned dwellings: property taxes,Housing,3.392041111382662,2.917812797244145,0.47422831413851707
2016,05,Owned dwellings: property taxes,Housing,3.486526889508503,2.9316994580871945,0.5548274314213084
2017,05,Owned dwellings: property taxes,Housing,3.3684199735807425,2.995833133770774,0.3725868398099683
2018,05,Owned dwellings: property taxes,Housing,3.705063277990722,3.0734313679133765,0.6316319100773455
2019,05,Owned dwellings: property taxes,Housing,3.3575714148541644,3.000179517099004,0.3573918977551602
2020,05,Owned dwellings: property taxes,Housing,3.8130253237527967,3.371061895637449,0.4419634281153475
2021,05,Owned dwellings: property taxes,Housing,3.639446230979185,3.302984950527979,0.33646128045120616
2022,05,Owned dwellings: property taxes,Housing,3.53327859219708,3.1298633927027493,0.4034151994943307
2023,05,Owned dwellings: property taxes,Housing,3.446306991527822,2.995205516349728,0.45110147517809374
2024,05,Owned dwellings: property taxes,Housing,3.6244875770676432,2.9918532525138284,0.6326343245538149
1988,06,"Owned dwellings: maintenance, repairs, insurance",Housing,1.5729805888334658,1.9553228232410451,-0.3823422344075793
1989,06,"Owned dwellings: maintenance, repairs, insurance",Housing,1.4930181621449752,2.0642321999266517,-0.5712140377816766
1990,06,"Owned dwellings: maintenance, repairs, insurance",Housing,1.5009122252535545,2.066482283567291,-0.5655700583137366
1991,06,"Owned dwellings: maintenance, repairs, insurance",Housing,1.623211997271688,2.110292653792554,-0.4870806565208661
1992,06,"Owned dwellings: maintenance, repairs, insurance",Housing,1.621653948588471,1.9725220804710504,-0.3508681318825795
1993,06,"Owned dwellings: maintenance, repairs, insurance",Housing,1.5819338473521354,2.284547708161182,-0.7026138608090466
1994,06,"Owned dwellings: maintenance, repairs, insurance",Housing,1.6365934925435306,2.132137628111274,-0.49554413556774324
1995,06,"Owned dwellings: maintenance, repairs, insurance",Housing,1.7682594549996336,2.434658073755818,-0.6663986187561846
1996,06,"Owned dwellings: maintenance, repairs, insurance",Housing,1.70047444254936,2.2567056396148555,-0.5562311970654954
1997,06,"Owned dwellings: maintenance, repairs, insurance",Housing,1.8255187759637443,2.214403973509934,-0.38888519754618955
1998,06,"Owned dwellings: maintenance, repairs, insurance",Housing,1.8576047408911145,2.0744702402657915,-0.21686549937467703
1999,06,"Owned dwellings: maintenance, repairs, insurance",Housing,1.9769165900963408,2.217921424424231,-0.2410048343278901
2000,06,"Owned dwellings: maintenance, repairs, insurance",Housing,1.8851840189257445,2.273412758256673,-0.3882287393309285
2001,06,"Owned dwellings: maintenance, repairs, insurance",Housing,1.91419174912075,2.093310114642287,-0.17911836552153693
2002,06,"Owned dwellings: maintenance, repairs, insurance",Housing,2.189658394187777,2.1133894575051526,0.07626893668262458
2003,06,"Owned dwellings: maintenance, repairs, insurance",Housing,2.085122924735852,2.4652815157713426,-0.38015859103549055
2004,06,"Owned dwellings: maintenance, repairs, insurance",Housing,1.943330008948681,2.4896127638357988,-0.5462827548871179
2005,06,"Owned dwellings: maintenance, repairs, insurance",Housing,2.083454967880415,2.3077410765231727,-0.22428610864275766
2006,06,"Owned dwellings: maintenance, repairs, insurance",Housing,1.9061411420414796,2.2266670588581348,-0.3205259168166552
2007,06,"Owned dwellings: maintenance, repairs, insurance",Housing,1.90901199919133,2.2788125727590223,-0.36980057356769236
2008,06,"Owned dwellings: maintenance, repairs, insurance",Housing,1.8396395172442703,2.4746300810703556,-0.6349905638260853
2009,06,"Owned dwellings: maintenance, repairs, insurance",Housing,1.6435319022931103,2.5805515239477503,-0.93701962165464
2010,06,"Owned dwellings: maintenance, repairs, insurance",Housing,1.8135642537649117,2.46874184096777,-0.6551775872028585
2011,06,"Owned dwellings: maintenance, repairs, insurance",Housing,1.7984962244369191,2.2991402727603685,-0.5006440483234493
2012,06,"Owned dwellings: maintenance, repairs, insurance",Housing,1.7304226982799913,2.5614073910157114,-0.8309846927357201
2013,06,"Owned dwellings: maintenance, repairs, insurance",Housing,1.8575920460160285,2.291591980806883,-0.43399993479085475
2014,06,"Owned dwellings: maintenance, repairs, insurance",Housing,1.9282822283420424,2.514855687606112,-0.5865734592640695
2015,06,"Owned dwellings: maintenance, repairs, insurance",Housing,1.9966945789223185,2.485925088048536,-0.48923050912621746
2016,06,"Owned dwellings: maintenance, repairs, insurance",Housing,2.0445178808892206,2.3287604354830833,-0.2842425545938627
2017,06,"Owned dwellings: maintenance, repairs, insurance",Housing,2.1363932163943615,2.595909765793381,-0.4595165493990194
2018,06,"Owned dwellings: maintenance, repairs, insurance",Housing,2.157908603404063,2.8181001465790345,-0.6601915431749714
2019,06,"Owned dwellings: maintenance, repairs, insurance",Housing,2.437082844294228,2.8947132214343414,-0.45763037714011334
2020,06,"Owned dwellings: maintenance, repairs, insurance",Housing,2.993347319933517,3.4423599661334165,-0.44901264619989956
2021,06,"Owned dwellings: maintenance, repairs, insurance",Housing,3.105197213118536,3.41523239378066,-0.310035180662124
2022,06,"Owned dwellings: maintenance, repairs, insurance",Housing,2.8242816272378857,3.740849616692605,-0.9165679894547192
2023,06,"Owned dwellings: maintenance, repairs, insurance",Housing,2.878223618189576,3.366912675752842,-0.48868905756326564
2024,06,"Owned dwellings: maintenance, repairs, insurance",Housing,3.2445416411304646,3.578560446745719,-0.33401880561525443
1988,07,Rented dwellings,Housing,4.089521636775995,10.690212244443206,-6.600690607667211
1989,07,Rented dwellings,Housing,3.697020020551809,10.4469010321161,-6.749881011564291
1990,07,Rented dwellings,Housing,3.911086674333861,10.311537859416584,-6.400451185082723
1991,07,Rented dwellings,Housing,3.828452530515912,10.675890901851483,-6.847438371335571
1992,07,Rented dwellings,Housing,4.321652638018454,11.187438665358194,-6.865786027339739
1993,07,Rented dwellings,Housing,4.160624150048413,10.547805375978225,-6.387181225929812
1994,07,Rented dwellings,Housing,4.380651039977565,10.322108345534406,-5.941457305556842
1995,07,Rented dwellings,Housing,4.070248442170578,10.486036519871108,-6.4157880777005305
1996,07,Rented dwellings,Housing,4.1508583346403745,10.122936726272352,-5.972078391631977
1997,07,Rented dwellings,Housing,3.9862262553122214,10.82367549668874,-6.837449241376518
1998,07,Rented dwellings,Housing,3.811950919051258,10.562781086665856,-6.750830167614598
1999,07,Rented dwellings,Housing,3.7706609859394127,10.404490032901103,-6.63382904696169
2000,07,Rented dwellings,Housing,3.6960932976720127,10.107826873774696,-6.411733576102684
2001,07,Rented dwellings,Housing,3.72271151393002,10.132781889420984,-6.410070375490964
2002,07,Rented dwellings,Housing,3.664198231605822,9.84385370454466,-6.179655472938839
2003,07,Rented dwellings,Housing,3.631321040154192,10.298919869379551,-6.6675988292253585
2004,07,Rented dwellings,Housing,3.486342171431429,9.669270400531827,-6.182928229100398
2005,07,Rented dwellings,Housing,3.3888166260897425,9.833259367273188,-6.444442741183446
2006,07,Rented dwellings,Housing,3.771829671440646,10.042062534929553,-6.270232863488907
2007,07,Rented dwellings,Housing,3.58450514619499,10.084400465657742,-6.499895319462752
2008,07,Rented dwellings,Housing,3.6947664328243626,10.346391518793585,-6.651625085969222
2009,07,Rented dwellings,Housing,4.386742321797344,10.754716981132075,-6.367974659334731
2010,07,Rented dwellings,Housing,4.59039034709736,10.585709727016912,-5.995319379919552
2011,07,Rented dwellings,Housing,4.839413917207522,10.540760032484808,-5.701346115277286
2012,07,Rented dwellings,Housing,4.487584069088778,11.09205576454968,-6.604471695460902
2013,07,Rented dwellings,Housing,4.760541623872264,11.331108843725008,-6.5705672198527445
2014,07,Rented dwellings,Housing,5.313555961712734,11.767826825127337,-6.454270863414602
2015,07,Rented dwellings,Housing,5.220506301936566,11.95917632844032,-6.738670026503754
2016,07,Rented dwellings,Housing,5.188851882184214,12.505492359517648,-7.316640477333434
2017,07,Rented dwellings,Housing,5.473565366099716,12.059964557689543,-6.586399191589828
2018,07,Rented dwellings,Housing,5.027536717890985,12.60579696439548,-7.578260246504495
2019,07,Rented dwellings,Housing,5.270965657655247,12.05457319809712,-6.783607540441873
2020,07,Rented dwellings,Housing,5.133266040230742,12.310057484069338,-7.176791443838596
2021,07,Rented dwellings,Housing,4.71163999014804,12.430365012056209,-7.718725021908169
2022,07,Rented dwellings,Housing,4.671567943201757,11.983399619574616,-7.311831676372859
2023,07,Rented dwellings,Housing,4.745578565061579,12.300454308750382,-7.554875743688803
2024,07,Rented dwellings,Housing,4.233825416047973,13.158499301959814,-8.92467388591184
1988,08,Other lodging,Housing,1.7688239492024287,1.4762408779455185,0.2925830712569102
1989,08,Other lodging,Housing,1.5424148213479094,1.4512495415727982,0.09116527977511124
1990,08,Other lodging,Housing,1.098559254936469,1.069769869018421,0.028789385918048138
1991,08,Other lodging,Housing,1.0166445742522792,0.8212223770654987,0.19542219718678044
1992,08,Other lodging,Housing,1.0287664444895102,0.8488714425907753,0.17989500189873486
1993,08,Other lodging,Housing,1.098268301350227,1.0742234968162154,0.024044804534011588
1994,08,Other lodging,Housing,1.008234225995958,1.0248901903367496,-0.01665596434079153
1995,08,Other lodging,Housing,1.0928836365725534,0.9622269960615826,0.1306566405109708
1996,08,Other lodging,Housing,1.1024504409195726,1.0660247592847318,0.03642568163484072
1997,08,Other lodging,Housing,1.1887503313986183,0.9147350993377484,0.27401523206086986
1998,08,Other lodging,Housing,1.105992426634459,1.1061140148292208,-1.2158819476182359e-4
1999,08,Other lodging,Housing,1.0542230992357329,1.1534739694213276,-0.09925087018559475
2000,08,Other lodging,Housing,1.0889969919381617,1.0367968632182174,0.05220012871994428
2001,08,Other lodging,Housing,1.129109717583167,0.9976781308953708,0.1314315866877962
2002,08,Other lodging,Housing,1.0457871892347277,1.0968665944737486,-0.05107940523902088
2003,08,Other lodging,Housing,0.9692537686832248,0.8935299816987835,0.07572378698444127
2004,08,Other lodging,Housing,0.9936771097568388,0.8874854578693702,0.1061916518874686
2005,08,Other lodging,Housing,1.0022258445539487,0.7956634755595005,0.20656236899444824
2006,08,Other lodging,Housing,1.0439890811084456,0.9147865988175428,0.1292024822909028
2007,08,Other lodging,Housing,1.1846079867014918,1.038998835855646,0.14560915084584591
2008,08,Other lodging,Housing,1.1543322066781034,1.079993196893248,0.07433900978485553
2009,08,Other lodging,Housing,1.2222833795199244,1.0798258345428158,0.1424575449771086
2010,08,Other lodging,Housing,1.2094677099063076,1.070465028574744,0.13900268133156368
2011,08,Other lodging,Housing,1.1011740350877168,0.8625276540928057,0.2386463809949111
2012,08,Other lodging,Housing,1.2114923275245504,0.8353618057092277,0.3761305218153227
2013,08,Other lodging,Housing,1.1990279244347095,0.8934726856575573,0.3055552387771522
2014,08,Other lodging,Housing,1.142791929039942,1.0876485568760612,0.055143372163880766
2015,08,Other lodging,Housing,1.0322627453647244,0.9229029023882362,0.10935984297648815
2016,08,Other lodging,Housing,1.2576631768531192,1.0032710052238445,0.25439217162927474
2017,08,Other lodging,Housing,1.1584140951722466,1.044111308012836,0.11430278715941067
2018,08,Other lodging,Housing,1.2535484904840837,0.9905905716582344,0.2629579188258493
2019,08,Other lodging,Housing,1.2762706032346525,1.1735930347365586,0.10267756849809384
2020,08,Other lodging,Housing,1.2560476772451858,0.7642261931286485,0.49182148411653737
2021,08,Other lodging,Housing,1.461911162050402,1.0434854909786313,0.41842567107177064
2022,08,Other lodging,Housing,1.7724446995179175,1.352623590216535,0.4198211093013824
2023,08,Other lodging,Housing,1.778354047273048,1.3539478173427428,0.4244062299303051
2024,08,Other lodging,Housing,1.5405090890974742,1.3006520932369623,0.2398569958605119
1988,09,Natural gas,Utilities,0.8502280293793766,0.9915882123558576,-0.141360182976481
1989,09,Natural gas,Utilities,0.8310406596368141,0.9849635877822602,-0.15392292814544617
1990,09,Natural gas,Utilities,0.8462184626922418,0.9758388561289986,-0.1296203934367568
1991,09,Natural gas,Utilities,0.7967589899534037,0.9506271152697592,-0.15386812531635552
1992,09,Natural gas,Utilities,0.8124740715069696,0.9371933267909716,-0.12471925528400196
1993,09,Natural gas,Utilities,0.8369808314944422,1.083944976425412,-0.24696414493096985
1994,09,Natural gas,Utilities,0.8360957193750083,1.006588579795022,-0.17049286042001377
1995,09,Natural gas,Utilities,0.7644259719539309,0.9264232008592912,-0.16199722890536028
1996,09,Natural gas,Utilities,0.8214296439732763,0.9886519944979368,-0.1672223505246605
1997,09,Natural gas,Utilities,0.8166269717396926,0.97682119205298,-0.16019422031328745
1998,09,Natural gas,Utilities,0.7658071522278546,0.87921883230015,-0.1134116800722954
1999,09,Natural gas,Utilities,0.6844694198476383,0.8128507838203987,-0.12838136397276034
2000,09,Natural gas,Utilities,0.7719019879257216,0.8859900467501131,-0.11408805882439144
2001,09,Natural gas,Utilities,0.9892848785774412,1.1246553475547816,-0.1353704689773404
2002,09,Natural gas,Utilities,0.7686182963874547,0.883781045865791,-0.11516274947833627
2003,09,Natural gas,Utilities,0.919053358250958,1.0944845157354577,-0.17543115748449967
2004,09,Natural gas,Utilities,0.9511223472572548,1.0769486455044042,-0.12582629824714942
2005,09,Natural gas,Utilities,0.9488838758957252,1.1348506942243073,-0.18596681832858208
2006,09,Natural gas,Utilities,1.0196823128799282,1.1530429155513722,-0.133360602671444
2007,09,Natural gas,Utilities,0.9191896940653786,1.079743888242142,-0.1605541941767633
2008,09,Natural gas,Utilities,1.0044461597489354,1.131016497533874,-0.12657033778493854
2009,09,Natural gas,Utilities,0.940600942656755,1.0885341074020318,-0.14793316474527685
2010,09,Natural gas,Utilities,0.8750768827909862,1.024049200777465,-0.14897231798647892
2011,09,Natural gas,Utilities,0.8013723639889667,0.9297376011649724,-0.12836523717600568
2012,09,Natural gas,Utilities,0.6789420482058558,0.7662093383491922,-0.08726729014333645
2013,09,Natural gas,Utilities,0.7420652454984619,0.8355624189945675,-0.09349717349610565
2014,09,Natural gas,Utilities,0.7772926566417301,0.8780772495755518,-0.10078459293382169
2015,09,Natural gas,Utilities,0.6999382410697219,0.8612046582174349,-0.16126641714771295
2016,09,Natural gas,Utilities,0.5841251106730716,0.6883757262119806,-0.10425061553890902
2017,09,Natural gas,Utilities,0.5969783637098237,0.7112409598160832,-0.11426259610625944
2018,09,Natural gas,Utilities,0.650537483335192,0.7541727741264362,-0.10363529079124423
2019,09,Natural gas,Utilities,0.6039471351462533,0.7539718158154565,-0.15002468066920316
2020,09,Natural gas,Utilities,0.6285363496009311,0.7464016755046566,-0.11786532590372556
2021,09,Natural gas,Utilities,0.6077019900692897,0.7337656938554918,-0.12606370378620213
2022,09,Natural gas,Utilities,0.6890699905167552,0.8050415970180798,-0.11597160650132454
2023,09,Natural gas,Utilities,0.6786052750344953,0.745210005566629,-0.06660473053213367
2024,09,Natural gas,Utilities,0.5852072963070336,0.6874370438439924,-0.10222974753695879
1988,10,Electricity,Utilities,2.753846696744322,2.7185115035374072,0.035335193206914806
1989,10,Electricity,Utilities,2.680826119101391,2.666736522240268,0.014089596861122988
1990,10,Electricity,Utilities,2.6048092345385014,2.744872932213119,-0.14006369767461768
1991,10,Electricity,Utilities,2.6875784701475394,2.742385028867211,-0.05480655871967155
1992,10,Electricity,Utilities,2.5400759467219247,2.7674190382728163,-0.2273430915508916
1993,10,Electricity,Utilities,2.6251885328701356,2.87755796432217,-0.2523694314520344
1994,10,Electricity,Utilities,2.705924567829302,2.7589677891654465,-0.0530432213361447
1995,10,Electricity,Utilities,2.6002704504930754,2.8508771929824563,-0.250606742489381
1996,10,Electricity,Utilities,2.622293718574656,2.828404401650619,-0.2061106830759627
1997,10,Electricity,Utilities,2.536834413212173,2.744205298013245,-0.20737088480107202
1998,10,Electricity,Utilities,2.4897876491033277,2.6984319922207365,-0.20864434311740876
1999,10,Electricity,Utilities,2.3241158154888977,2.5701567640797367,-0.24604094859083903
2000,10,Electricity,Utilities,2.2509020264961497,2.5335545166641533,-0.28265249016800365
2001,10,Electricity,Utilities,2.4232714309178696,2.771731243651139,-0.34845981273326965
2002,10,Electricity,Utilities,2.29098454262243,2.5640129947252595,-0.27302845210282944
2003,10,Electricity,Utilities,2.426012979416951,2.720063157139269,-0.2940501777223177
2004,10,Electricity,Utilities,2.3859505099090916,2.582682399867043,-0.19673188995795154
2005,10,Electricity,Utilities,2.3419875062614373,2.7737272554365053,-0.4317397491750681
2006,10,Electricity,Utilities,2.510658494885346,2.782598464570403,-0.2719399696850573
2007,10,Electricity,Utilities,2.5435415747615893,2.8114086146682187,-0.2678670399066294
2008,10,Electricity,Utilities,2.5700419202361617,2.8828164861953627,-0.31277456595920095
2009,10,Electricity,Utilities,2.692468650436184,3.0537010159651667,-0.36123236552898286
2010,10,Electricity,Utilities,2.756842119114032,3.1823851933509326,-0.4255430742369004
2011,10,Electricity,Utilities,2.6992888930487737,3.100058808703688,-0.4007699156549145
2012,10,Electricity,Utilities,2.502488860556458,3.012281478203142,-0.509792617646684
2013,10,Electricity,Utilities,2.628772098985627,3.0940628188511705,-0.4652907198655436
2014,10,Electricity,Utilities,2.5654396523454057,3.1143887945670627,-0.548949142221657
2015,10,Electricity,Utilities,2.3604328975225912,2.9203835574179284,-0.5599506598953372
2016,10,Electricity,Utilities,2.3204858106802497,2.78523653761656,-0.46475072693631025
2017,10,Electricity,Utilities,2.1710874914324756,2.696489295464342,-0.5254018040318664
2018,10,Electricity,Utilities,2.243543373022183,2.7968225448011728,-0.5532791717789896
2019,10,Electricity,Utilities,2.0917760466178077,2.6299255004039135,-0.5381494537861058
2020,10,Electricity,Utilities,2.2373304574023853,2.751659908203734,-0.5143294508013487
2021,10,Electricity,Utilities,2.0753482695032965,2.6191070092292343,-0.5437587397259378
2022,10,Electricity,Utilities,2.093793685574242,2.591888101139354,-0.49809441556511214
2023,10,Electricity,Utilities,2.0812887803714464,2.5893803084989853,-0.5080915281275389
2024,10,Electricity,Utilities,2.122026648169476,2.6295792319790765,-0.5075525838096007
1988,11,Fuel oil and other fuels,Utilities,0.3358243956248439,0.3732382597069801,-0.037413864082136206
1989,11,Fuel oil and other fuels,Utilities,0.31970849096654463,0.387698433488762,-0.06798994252221735
1990,11,Fuel oil and other fuels,Utilities,0.3412813918442961,0.34441371392788184,-0.0031323220835857146
1991,11,Fuel oil and other fuels,Utilities,0.2954633861002023,0.35835158271949036,-0.06288819661928807
1992,11,Fuel oil and other fuels,Utilities,0.2447015655625495,0.3778213935230618,-0.13311982796051233
1993,11,Fuel oil and other fuels,Utilities,0.2684222121281552,0.3645554853448695,-0.09613327321671428
1994,11,Fuel oil and other fuels,Utilities,0.2631393474577198,0.3568814055636896,-0.0937420581059698
1995,11,Fuel oil and other fuels,Utilities,0.21387850745378428,0.3132832080200501,-0.09940470056626582
1996,11,Fuel oil and other fuels,Utilities,0.30062471866241053,0.31378954607977994,-0.013164827417369407
1997,11,Fuel oil and other fuels,Utilities,0.2966023847053958,0.31043046357615894,-0.01382807887076315
1998,11,Fuel oil and other fuels,Utilities,0.21804631346607756,0.24715368096916657,-0.02910736750308901
1999,11,Fuel oil and other fuels,Utilities,0.17577857044340237,0.20127733694600347,-0.025498766502601106
2000,11,Fuel oil and other fuels,Utilities,0.2161751575225806,0.28653295128939826,-0.07035779376681767
2001,11,Fuel oil and other fuels,Utilities,0.25419351424334635,0.28297779712668697,-0.028784282883340617
2002,11,Fuel oil and other fuels,Utilities,0.1829034960489284,0.23753798861214936,-0.05463449256322098
2003,11,Fuel oil and other fuels,Utilities,0.24729107736430636,0.27631248430042704,-0.02902140693612068
2004,11,Fuel oil and other fuels,Utilities,0.2409376927116425,0.28253282366627885,-0.04159513095463635
2005,11,Fuel oil and other fuels,Utilities,0.26988261293576,0.31699740062131493,-0.04711478768555494
2006,11,Fuel oil and other fuels,Utilities,0.24747111848276004,0.31179221696032,-0.06432109847755996
2007,11,Fuel oil and other fuels,Utilities,0.25068260486407334,0.3521536670547148,-0.10147106219064145
2008,11,Fuel oil and other fuels,Utilities,0.27476857780311287,0.4138556607517433,-0.13908708294863042
2009,11,Fuel oil and other fuels,Utilities,0.23666256883539716,0.28156748911465895,-0.044904920279261795
2010,11,Fuel oil and other fuels,Utilities,0.2296036827513955,0.3249107945809521,-0.09530711182955662
2011,11,Fuel oil and other fuels,Utilities,0.25420214798440133,0.34445097874485425,-0.09024883076045292
2012,11,Fuel oil and other fuels,Utilities,0.21605456032541925,0.28214206682894444,-0.06608750650352518
2013,11,Fuel oil and other fuels,Utilities,0.24135634445871984,0.30333949204423244,-0.0619831475855126
2014,11,Fuel oil and other fuels,Utilities,0.22160425315634727,0.3024193548387097,-0.08081510168236242
2015,11,Fuel oil and other fuels,Utilities,0.15464693516732325,0.2313684156405049,-0.07672148047318164
2016,11,Fuel oil and other fuels,Utilities,0.11245879894529656,0.15622711516867646,-0.0437683162233799
2017,11,Fuel oil and other fuels,Utilities,0.13262651038512943,0.17242205086450502,-0.039795540479375585
2018,11,Fuel oil and other fuels,Utilities,0.16122569691264474,0.2127760177786184,-0.051550320865973664
2019,11,Fuel oil and other fuels,Utilities,0.1341785115034901,0.2019567363791401,-0.06777822487565
2020,11,Fuel oil and other fuels,Utilities,0.1405992879933908,0.1982977585669088,-0.057698470573517985
2021,11,Fuel oil and other fuels,Utilities,0.14928055045846397,0.16421385216595993,-0.01493330170749596
2022,11,Fuel oil and other fuels,Utilities,0.16984978076839738,0.19021269237420024,-0.020362911605802864
2023,11,Fuel oil and other fuels,Utilities,0.14713607884742605,0.18675142308175763,-0.03961534423433158
2024,11,Fuel oil and other fuels,Utilities,0.13205899100249063,0.16434870199869228,-0.03228971099620165
1988,12,Telephone services,Utilities,1.877458527356909,2.5569606150075206,-0.6795020876506115
1989,12,Telephone services,Utilities,1.855331266328138,2.4781264735160056,-0.6227952071878675
1990,12,Telephone services,Utilities,1.8852929005048464,2.6144131920889215,-0.7291202915840751
1991,12,Telephone services,Utilities,1.8673024724940503,2.5930718694007564,-0.725769396906706
1992,12,Telephone services,Utilities,1.8242208751657367,2.6545632973503435,-0.8303424221846067
1993,12,Telephone services,Utilities,1.9259787148318437,2.6782676323336414,-0.7522889175017977
1994,12,Telephone services,Utilities,1.9972303619534608,2.667459736456808,-0.6702293745033472
1995,12,Telephone services,Utilities,1.989992696216508,2.649480844969567,-0.6594881487530588
1996,12,Telephone services,Utilities,2.105773586921592,2.7983149931224207,-0.6925414062008288
1997,12,Telephone services,Utilities,2.2053291812359657,2.7690397350993377,-0.563710553863372
1998,12,Telephone services,Utilities,2.190623683862579,2.710587091284794,-0.5199634074222148
1999,12,Telephone services,Utilities,2.1515256608648508,2.6707954325527385,-0.5192697716878878
2000,12,Telephone services,Utilities,2.154486541579112,2.669280651485447,-0.5147941099063349
2001,12,Telephone services,Utilities,2.1784254696640306,2.6701494703236106,-0.49172400065958
2002,12,Telephone services,Utilities,2.230543951934433,2.6478499318824884,-0.4173059799480554
2003,12,Telephone services,Utilities,2.2709974175167615,2.644705206875516,-0.37370778935875437
2004,12,Telephone services,Utilities,2.237906426565016,2.5394714974239654,-0.30156507085894946
2005,12,Telephone services,Utilities,2.145118487098246,2.5898687630761428,-0.44475027597789696
2006,12,Telephone services,Utilities,2.233071839727512,2.4590405035738447,-0.22596866384633252
2007,12,Telephone services,Utilities,2.1940960567270267,2.520372526193248,-0.32627646946622146
2008,12,Telephone services,Utilities,2.203326550714774,2.457622314190147,-0.2542957634753731
2009,12,Telephone services,Utilities,2.3409317790615884,2.632801161103048,-0.2918693820414595
2010,12,Telephone services,Utilities,2.4160866914851304,2.6515041629195557,-0.23541747143442526
2011,12,Telephone services,Utilities,2.4377012589295317,2.626788764737181,-0.18908750580764933
2012,12,Telephone services,Utilities,2.386735085553247,2.613963266209338,-0.22722818065609118
2013,12,Telephone services,Utilities,2.521916425415128,2.5673551553925487,-0.0454387299774206
2014,12,Telephone services,Utilities,2.4813124697573263,2.586481324278438,-0.10516885452111158
2015,12,Telephone services,Utilities,2.398347651857134,2.5167742101339368,-0.11842655827680293
2016,12,Telephone services,Utilities,2.521347518342484,2.575306351608651,-0.053958833266166906
2017,12,Telephone services,Utilities,2.2707517894151175,2.3492504430288808,-0.07849865361376329
2018,12,Telephone services,Utilities,2.2907161085474796,2.4020048229230695,-0.11128871437558985
2019,12,Telephone services,Utilities,2.208526347216517,2.3202585046225654,-0.11173215740604858
2020,12,Telephone services,Utilities,2.307439110820097,2.4219063321598857,-0.1144672213397886
2021,12,Telephone services,Utilities,2.0936705138437808,2.1576452980793217,-0.06397478423554093
2022,12,Telephone services,Utilities,1.9513987032233084,2.0443061079408995,-0.09290740471759107
2023,12,Telephone services,Utilities,1.78370330304207,1.8675142308175765,-0.08381092777550658
2024,12,Telephone services,Utilities,1.807294707931256,1.9598140915758036,-0.15251938364454753
1988,13,Water and other public services,Utilities,0.6804329163457838,0.5737841902958053,0.10664872604997855
1989,13,Water and other public services,Utilities,0.6763615140604778,0.5920259862733798,0.08433552778709807
1990,13,Water and other public services,Utilities,0.6934851770676708,0.6314251422011168,0.06206003486655398
1991,13,Water and other public services,Utilities,0.755410739743941,0.6669321122834959,0.0884786274604451
1992,13,Water and other public services,Utilities,0.7347560849011449,0.7654563297350343,-0.030700244833889445
1993,13,Water and other public services,Utilities,0.7803775874410576,0.7728576289311233,0.007519958509934255
1994,13,Water and other public services,Utilities,0.7934363539944737,0.8006954612005857,-0.007259107206112003
1995,13,Water and other public services,Utilities,0.7818615414675564,0.7966344432509846,-0.014772901783428272
1996,13,Water and other public services,Utilities,0.7929922620183509,0.7608321870701513,0.03216007494819961
1997,13,Water and other public services,Utilities,0.8197696564871325,0.7988410596026491,0.020928596884483452
1998,13,Water and other public services,Utilities,0.8191630387720124,0.7293059438434423,0.08985709492857008
1999,13,Water and other public services,Utilities,0.7744026971370946,0.7276949874201665,0.04670770971692817
2000,13,Water and other public services,Utilities,0.7598606373979406,0.7464937415171166,0.01336689588082407
2001,13,Water and other public services,Utilities,0.7800617312590923,0.7945145842403134,-0.01445285298122112
2002,13,Water and other public services,Utilities,0.7768443316498902,0.7999441087085618,-0.02309977705867161
2003,13,Water and other public services,Utilities,0.7790045573704378,0.8038181361466968,-0.024813578776259004
2004,13,Water and other public services,Utilities,0.74415356129923,0.7379092571048695,0.006244304194360506
2005,13,Water and other public services,Utilities,0.7387350999627202,0.8463830596589108,-0.10764795969619056
2006,13,Water and other public services,Utilities,0.8015386905831188,0.826543518545754,-0.025004827962635257
2007,13,Water and other public services,Utilities,0.8483749866660809,0.9022118742724098,-0.053836887606328876
2008,13,Water and other public services,Utilities,0.8603458892418374,0.892907761210953,-0.03256187196911564
2009,13,Water and other public services,Utilities,0.9365100301985844,1.0449927431059507,-0.10848271290736633
2010,13,Water and other public services,Utilities,0.9618093771027604,1.070465028574744,-0.10865565147198353
2011,13,Water and other public services,Utilities,0.9493682466531548,1.0501554230026044,-0.10078717634944967
2012,13,Water and other public services,Utilities,0.9553333038403784,1.0843106882053553,-0.12897738436497685
2013,13,Water and other public services,Utilities,0.98862329678826,1.025839009458677,-0.0372157126704169
2014,13,Water and other public services,Utilities,0.9453413901063042,1.0584677419354838,-0.11312635182917952
2015,13,Water and other public services,Utilities,0.9209073374571778,1.005167227949305,-0.08425989049212712
2016,13,Water and other public services,Utilities,0.9679202138215112,0.9959478592003124,-0.028027645378801203
2017,13,Water and other public services,Utilities,0.9418002210677494,1.0010057952967095,-0.05920557422896011
2018,13,Water and other public services,Utilities,0.968982960697202,1.056787554967138,-0.08780459426993592
2019,13,Water and other public services,Utilities,0.9279546036493748,1.1085180863477246,-0.18056348269834988
2020,13,Water and other public services,Utilities,1.0516907219962464,1.136312998529477,-0.08462227653323073
2021,13,Water and other public services,Utilities,0.9547266415539784,1.0871372744657852,-0.13241063291180688
2022,13,Water and other public services,Utilities,0.966221425830028,1.041366457240571,-0.07514503141054296
2023,13,Water and other public services,Utilities,0.9357971857913632,1.079207743001311,-0.14341055720994778
2024,13,Water and other public services,Utilities,0.997144794556324,1.0885892519483271,-0.09144445739200313
1988,14,Personal services (childcare proxy),Household ops,1.2054535138608002,0.30638961617737176,0.8990638976834284
1989,14,Personal services (childcare proxy),Household ops,1.4287512271884288,0.35102425734793313,1.0777269698404957
1990,14,Personal services (childcare proxy),Household ops,1.4231871377305363,0.33397693471794604,1.0892102030125903
1991,14,Personal services (childcare proxy),Household ops,1.237051082868331,0.30858052956400556,0.9284705533043254
1992,14,Personal services (childcare proxy),Household ops,1.3687522798587477,0.5299313052011776,0.8388209746575701
1993,14,Personal services (childcare proxy),Household ops,1.296168282303797,0.4277451028046469,0.8684231794991502
1994,14,Personal services (childcare proxy),Household ops,1.414532989672336,0.2974011713030747,1.1171318183692613
1995,14,Personal services (childcare proxy),Household ops,1.3882261016965285,0.42069459362692446,0.9675315080696041
1996,14,Personal services (childcare proxy),Household ops,1.3547042563988048,0.4169532324621733,0.9377510239366315
1997,14,Personal services (childcare proxy),Household ops,1.365053585260417,0.3973509933774834,0.9677025918829336
1998,14,Personal services (childcare proxy),Household ops,1.2978533236817098,0.4213767675539889,0.8764765561277209
1999,14,Personal services (childcare proxy),Household ops,1.4047145133826278,0.7083413973292045,0.6963731160534232
2000,14,Personal services (childcare proxy),Household ops,1.464237506485096,0.569295732167094,0.8949417743180021
2001,14,Personal services (childcare proxy),Household ops,1.3376791867163789,0.39544333188216513,0.9422358548342138
2002,14,Personal services (childcare proxy),Household ops,1.401545015141996,0.5135012400880288,0.8880437750539671
2003,14,Personal services (childcare proxy),Household ops,1.2918968285691523,0.44497075393835,0.8469260746308023
2004,14,Personal services (childcare proxy),Household ops,1.261479287659063,0.4454046867209573,0.8160746009381057
2005,14,Personal services (childcare proxy),Household ops,1.29810368132314,0.33918721866480694,0.958916462658333
2006,14,Personal services (childcare proxy),Household ops,1.6604146896542118,0.27649498485160456,1.3839197048026073
2007,14,Personal services (childcare proxy),Household ops,1.574849054982158,0.4394644935972061,1.135384561384952
2008,14,Personal services (childcare proxy),Household ops,1.3921507228163803,0.45920970576563297,0.9329410170507473
2009,14,Personal services (childcare proxy),Household ops,1.5513164865213116,0.432510885341074,1.1188056011802376
2010,14,Personal services (childcare proxy),Household ops,1.4690535517998764,0.31330683763163236,1.155746714168244
2011,14,Personal services (childcare proxy),Household ops,1.4742787281471643,0.5544820633453751,0.9197966648017892
2012,14,Personal services (childcare proxy),Household ops,1.3966924570730292,0.3429962381057756,1.0536962189672536
2013,14,Personal services (childcare proxy),Household ops,1.4935251207169122,0.3364310729945123,1.1570940477223999
2014,14,Personal services (childcare proxy),Household ops,1.4241141625917315,0.2997665534804754,1.124347609111256
2015,14,Personal services (childcare proxy),Household ops,1.5965058815572362,0.30077894033265634,1.2957269412245798
2016,14,Personal services (childcare proxy),Household ops,1.6691209979266393,0.3978909339452229,1.2712300639814162
2017,14,Personal services (childcare proxy),Household ops,1.5442222102038283,0.3472388524354615,1.1969833577683668
2018,14,Personal services (childcare proxy),Household ops,1.6409269832329003,0.3546266962976973,1.286300286935203
2019,14,Personal services (childcare proxy),Household ops,1.645189428948124,0.3523023067947222,1.2928871221534017
2020,14,Personal services (childcare proxy),Household ops,1.2227318401094405,0.23617485851789136,0.9865569815915491
2021,14,Personal services (childcare proxy),Household ops,1.2224503801551447,0.20994429200964496,1.0125060881454997
2022,14,Personal services (childcare proxy),Household ops,1.489482383173658,0.29588641035986707,1.193595972813791
2023,14,Personal services (childcare proxy),Household ops,1.5183186922073737,0.32142793011187126,1.1968907620955025
2024,14,Personal services (childcare proxy),Household ops,1.4842457468983845,0.2915864067718734,1.192659340126511
1988,15,Other household expenses,Household ops,0.7552597654614386,0.8244666035318367,-0.06920683807039807
1989,15,Other household expenses,Household ops,0.7546537284567232,0.8435060512390632,-0.08885232278234001
1990,15,Other household expenses,Household ops,0.6387309516619758,0.8819078432395763,-0.24317689157760047
1991,15,Other household expenses,Household ops,0.7049216460404326,0.7714513239100139,-0.0665296778695813
1992,15,Other household expenses,Household ops,0.7533127774603605,0.8488714425907753,-0.09555866513041478
1993,15,Other household expenses,Household ops,0.6350962561087778,0.9089583434598746,-0.27386208735109674
1994,15,Other household expenses,Household ops,0.6496018696122827,0.8739019033674963,-0.22430003375521357
1995,15,Other household expenses,Household ops,0.6585250647985698,0.8145363408521303,-0.15601127605356058
1996,15,Other household expenses,Household ops,0.6180918757383549,0.842503438789546,-0.22441156305119114
1997,15,Other household expenses,Household ops,0.6890068139276274,0.8899006622516556,-0.20089384832402823
1998,15,Other household expenses,Household ops,0.6625216610653082,0.8630120335480734,-0.20049037248276524
1999,15,Other household expenses,Household ops,0.8292231693813676,0.9754209405844784,-0.14619777120311073
2000,15,Other household expenses,Household ops,0.8596234524714985,0.935002262102247,-0.0753788096307485
2001,15,Other household expenses,Household ops,0.9758573846907148,0.979538528515455,-0.003681143824740163
2002,15,Other household expenses,Household ops,0.8395667799851911,0.9501519544485976,-0.11058517446340643
2003,15,Other household expenses,Household ops,0.9995283409968012,0.9796533534287868,0.019874987568014424
2004,15,Other household expenses,Household ops,0.8992405874119116,1.0769486455044042,-0.17770805809249257
2005,15,Other household expenses,Household ops,0.8751125164797822,1.0904710581373234,-0.2153585416575412
2006,15,Other household expenses,Household ops,0.9748275887004556,1.208930199723505,-0.2341026110230493
2007,15,Other household expenses,Household ops,1.0306786252274849,1.1554132712456344,-0.12473464601814954
2008,15,Other household expenses,Household ops,1.0782759064025689,1.30109416633596,-0.22281825993339122
2009,15,Other household expenses,Household ops,1.1319986205917372,1.335268505079826,-0.20326988448808891
2010,15,Other household expenses,Household ops,1.2664727567529306,1.4214847262916654,-0.15501196953873486
2011,15,Other household expenses,Household ops,1.2871536031629889,1.5626312694278752,-0.27547766626488635
2012,15,Other household expenses,Household ops,1.403264146070596,1.662425315335251,-0.25916116926465516
2013,15,Other household expenses,Household ops,1.3834644926349495,1.5828806221217218,-0.19941612948677223
2014,15,Other household expenses,Household ops,1.3463200635084511,1.61820882852292,-0.2718887650144688
2015,15,Other household expenses,Household ops,1.4494507722602743,1.624720429831101,-0.1752696575708268
2016,15,Other household expenses,Household ops,1.4638855520862548,1.684323585412293,-0.22043803332603829
2017,15,Other household expenses,Household ops,1.4167388653999984,1.712246755112793,-0.2955078897127945
2018,15,Other household expenses,Household ops,1.5150095258976404,1.7896827273157123,-0.27467320141807194
2019,15,Other household expenses,Household ops,1.4883489648888215,1.822098554887353,-0.33374958999853144
2020,15,Other household expenses,Household ops,1.5536166211814595,2.0297669444320663,-0.4761503232506068
2021,15,Other household expenses,Household ops,1.636314333862193,2.039161885757047,-0.4028475518948538
2022,15,Other household expenses,Household ops,1.6661291592103158,1.9847445578035237,-0.31861539859320787
2023,15,Other household expenses,Household ops,1.5898866898832376,2.0255346657329096,-0.4356479758496721
2024,15,Other household expenses,Household ops,1.5385518477394169,1.9209359040062208,-0.38238405626680394
1988,16,Housekeeping supplies,Household ops,1.428093151596496,1.2645535067684253,0.16353964482807082
1989,16,Housekeeping supplies,Household ops,1.42154194342306,1.1735736365065228,0.24796830691653726
1990,16,Housekeeping supplies,Household ops,1.4580599919455548,1.2106663883525544,0.24739360359300044
1991,16,Housekeeping supplies,Household ops,1.413131411477978,1.2840931714115071,0.1290382400664709
1992,16,Housekeeping supplies,Household ops,1.4185704628966969,1.324828263002944,0.09374219989375288
1993,16,Housekeeping supplies,Household ops,1.351601509830049,1.234627910367958,0.11697359946209085
1994,16,Housekeeping supplies,Household ops,1.218667588200635,1.1438506588579795,0.07481692934265549
1995,16,Housekeeping supplies,Household ops,1.2867978425604922,1.1904761904761905,0.09632165208430177
1996,16,Housekeeping supplies,Household ops,1.4167482232145712,1.1433975240715268,0.27335069914304433
1997,16,Housekeeping supplies,Household ops,1.33054946023029,1.1216887417218544,0.20886071850843568
1998,16,Housekeeping supplies,Household ops,1.247748527468169,1.2155099064057373,0.032238621062431694
1999,16,Housekeeping supplies,Household ops,1.4049955219696155,1.199922585639636,0.20507293632997947
2000,16,Housekeeping supplies,Household ops,1.3078285991410268,1.1197406122756748,0.188087986865352
2001,16,Housekeeping supplies,Household ops,1.28344158259474,1.1282832680307648,0.15515831456397522
2002,16,Housekeeping supplies,Household ops,1.2186227846296251,1.131798651622594,0.08682413300703118
2003,16,Housekeeping supplies,Household ops,1.2572435121066754,1.2487888900850468,0.00845462202162861
2004,16,Housekeeping supplies,Household ops,1.347662169481867,1.3195944823001495,0.02806768718171737
2005,16,Housekeeping supplies,Household ops,1.3051138748277362,1.2299499144107018,0.07516396041703444
2006,16,Housekeeping supplies,Household ops,1.3362724463262596,1.1883401476600877,0.14793229866617197
2007,16,Housekeeping supplies,Household ops,1.1611040830240238,1.1263096623981377,0.03479442062588611
2008,16,Housekeeping supplies,Household ops,1.3584166403779934,1.1480242644140823,0.21039237596391103
2009,16,Housekeeping supplies,Household ops,1.2805402116224651,1.1901306240928882,0.09040958752957695
2010,16,Housekeeping supplies,Household ops,1.2278251278244094,1.23001943662789,-0.0021943088034805935
2011,16,Housekeeping supplies,Household ops,1.2118096008032384,1.1621720014562156,0.04963759934702283
2012,16,Housekeeping supplies,Household ops,1.18174123796083,1.1258021686213764,0.055939069339453695
2013,16,Housekeeping supplies,Household ops,1.197919431367701,1.2299037586520696,-0.03198432728436851
2014,16,Housekeeping supplies,Household ops,1.176487254872482,1.0664261460101867,0.11006110886229536
2015,16,Housekeeping supplies,Household ops,1.0938589672461712,1.0951438340317232,-0.0012848667855520635
2016,16,Housekeeping supplies,Household ops,1.0704164419759616,1.118000292925841,-0.04758385094987938
2017,16,Housekeeping supplies,Household ops,1.2014858976520653,1.2811916279515303,-0.07970573029946504
2018,16,Housekeeping supplies,Household ops,1.1501017336267227,1.2790202846470282,-0.12891855102030547
2019,16,Housekeeping supplies,Household ops,1.14497838327007,1.135445651198277,0.00953273207179306
2020,16,Housekeeping supplies,Household ops,1.3869765147721598,1.245488168976427,0.14148834579573277
2021,16,Housekeeping supplies,Household ops,1.1558547651778228,1.1973060613619355,-0.041451296184112696
2022,16,Housekeeping supplies,Household ops,0.9847651591935486,1.1009280073779468,-0.11616284818439826
2023,16,Housekeeping supplies,Household ops,1.0401283183358785,1.0127673328664548,0.02736098546942367
2024,16,Housekeeping supplies,Household ops,1.0459258325997869,1.0850548712601835,-0.03912903866039663
1988,17,Household furnishings and equipment,Household ops,4.2529047493740055,3.353573617068687,0.8993311323053184
1989,17,Household furnishings and equipment,Household ops,3.825484692973459,3.4421333892177923,0.3833513037556666
1990,17,Household furnishings and equipment,Household ops,4.095267857829485,3.078849866931065,1.0164179908984203
1991,17,Household furnishings and equipment,Household ops,4.013244088848704,3.5835158271949035,0.4297282616538003
1992,17,Household furnishings and equipment,Household ops,3.7663118426161786,3.5181550539744846,0.248156788641694
1993,17,Household furnishings and equipment,Household ops,4.1474790039168346,3.193506051621057,0.9539729522957776
1994,17,Household furnishings and equipment,Household ops,4.282916772578206,3.5962664714494874,0.6866503011287186
1995,17,Household furnishings and equipment,Household ops,4.128161625446818,3.7459720730397423,0.38218955240707597
1996,17,Household furnishings and equipment,Household ops,3.758219291177208,3.546251719394773,0.2119675717824352
1997,17,Household furnishings and equipment,Household ops,3.9662290529609514,3.812086092715232,0.1541429602457196
1998,17,Household furnishings and equipment,Household ops,4.115005902764402,4.331266966492444,-0.21626106372804177
1999,17,Household furnishings and equipment,Household ops,3.98166550740227,3.758467195664796,0.22319831173747406
2000,17,Household furnishings and equipment,Household ops,4.234933657601769,3.638214447293018,0.5967192103087515
2001,17,Household furnishings and equipment,Household ops,3.684598797770807,3.130895370773473,0.553703426997334
2002,17,Household furnishings and equipment,Household ops,3.727958033945456,3.2312152862682084,0.49674274767724746
2003,17,Household furnishings and equipment,Household ops,3.612926707775957,3.27986507338429,0.333061634391667
2004,17,Household furnishings and equipment,Household ops,3.715737332858629,3.373774306132624,0.34196302672600476
2005,17,Household furnishings and equipment,Household ops,3.83034186094725,3.5598808089773666,0.27046105196988357
2006,17,Household furnishings and equipment,Household ops,3.4423300156295937,3.2326381739565258,0.20969184167306798
2007,17,Household furnishings and equipment,Household ops,3.5572940681087775,3.346915017462165,0.21037905064661233
2008,17,Household furnishings and equipment,Household ops,3.2758235589878058,2.843131696808209,0.43269186217959676
2009,17,Household furnishings and equipment,Household ops,3.026922227461863,2.6879535558780843,0.33896867158377875
2010,17,Household furnishings and equipment,Household ops,3.0480235407834324,2.7443358185141133,0.30368772226931906
2011,17,Household furnishings and equipment,Household ops,3.0298714289423865,2.699599540732028,0.33027188821035836
2012,17,Household furnishings and equipment,Household ops,2.9968565823947317,2.8407833591502545,0.15607322324447725
2013,17,Household furnishings and equipment,Household ops,2.892680180453368,2.8210572760113615,0.0716229044420067
2014,17,Household furnishings and equipment,Household ops,2.916340817581616,2.602398132427844,0.3139426851537723
2015,17,Household furnishings and equipment,Household ops,3.010279139936728,3.0849122085400653,-0.07463306860333718
2016,17,Household furnishings and equipment,Household ops,3.088615349525264,2.7876775862910708,0.3009377632341934
2017,17,Household furnishings and equipment,Household ops,3.144559714980256,3.220939700177212,-0.07637998519695621
2018,17,Household furnishings and equipment,Household ops,3.1365068846463418,3.134899995271644,0.001606889374697662
2019,17,Household furnishings and equipment,Household ops,3.143258462529653,3.217843999640966,-0.07458553711131266
2020,17,Household furnishings and equipment,Household ops,3.426620291771321,4.159796800499087,-0.7331765087277655
2021,17,Household furnishings and equipment,Household ops,3.9733285825476874,3.606468778581525,0.36685980396616236
2022,17,Household furnishings and equipment,Household ops,3.7052398480930298,3.2413011316694527,0.4639387164235771
2023,17,Household furnishings and equipment,Household ops,3.133377771589754,2.917990985652463,0.21538678593729133
2024,17,Household furnishings and equipment,Household ops,2.887974751896042,2.9971548235460443,-0.10918007165000221
1988,18,Apparel: men and boys,Apparel,1.6274539773606052,1.2868363879449614,0.3406175894156438
1989,18,Apparel: men and boys,Apparel,1.5807438165117371,1.2993136689893643,0.28143014752237283
1990,18,Apparel: men and boys,Apparel,1.535245076088478,1.2106663883525544,0.3245786877359236
1991,18,Apparel: men and boys,Apparel,1.6431588879098742,1.3239100139358948,0.3192488739739794
1992,18,Apparel: men and boys,Apparel,1.6010241612124323,1.437684003925417,0.16334015728701523
1993,18,Apparel: men and boys,Apparel,1.4565535447726357,1.3707286248967092,0.08582491987592644
1994,18,Apparel: men and boys,Apparel,1.438865201248516,1.006588579795022,0.4322766214534939
1995,18,Apparel: men and boys,Apparel,1.4918384691381992,1.2620837808807734,0.22975468825742573
1996,18,Apparel: men and boys,Apparel,1.4056297974429282,0.984353507565337,0.42127628987759114
1997,18,Apparel: men and boys,Apparel,1.3540544502731438,1.0140728476821192,0.3399816025910245
1998,18,Apparel: men and boys,Apparel,1.2771061698339432,0.9764596248126088,0.30064654502133437
1999,18,Apparel: men and boys,Apparel,1.300779376129166,0.9560673504935164,0.3447120256356495
2000,18,Apparel: men and boys,Apparel,1.2879074656918812,1.1046599306288645,0.18324753506301672
2001,18,Apparel: men and boys,Apparel,1.2278572527204898,0.9178638804237412,0.3099933722967486
2002,18,Apparel: men and boys,Apparel,1.2399768613318374,0.7894644915639082,0.4505123697679292
2003,18,Apparel: men and boys,Apparel,1.072818724528301,0.7966411885025299,0.2761775360257711
2004,18,Apparel: men and boys,Apparel,1.0887357615430482,0.8243310619910255,0.2644046995520227
2005,18,Apparel: men and boys,Apparel,1.0916389265857451,0.8749128257148291,0.21672610087091604
2006,18,Apparel: men and boys,Apparel,1.0584946426685418,0.8471335706091714,0.21136107205937038
2007,18,Apparel: men and boys,Apparel,0.9333770031911274,0.9313154831199068,0.002061520071220624
2008,18,Apparel: men and boys,Apparel,1.0254513746836973,0.7313339758489711,0.2941173988347262
2009,18,Apparel: men and boys,Apparel,0.8678366411883863,0.7808417997097242,0.0869948414786621
2010,18,Apparel: men and boys,Apparel,0.9172307634173472,0.7455542339937918,0.17167652942355538
2011,18,Apparel: men and boys,Apparel,0.8796844736007006,0.8177210227113613,0.0619634508893393
2012,18,Apparel: men and boys,Apparel,0.9481515952677654,0.757911042265988,0.19024055300177733
2013,18,Apparel: men and boys,Apparel,0.8350694456579717,0.7114689904310179,0.12360045522695384
2014,18,Apparel: men and boys,Apparel,0.928385232020842,0.6525891341256367,0.2757960978952053
2015,18,Apparel: men and boys,Apparel,0.9220684837422696,0.6606853646623306,0.26138311907993894
2016,18,Apparel: men and boys,Apparel,0.9137258425014716,0.6688473368158961,0.24487850568557545
2017,18,Apparel: men and boys,Apparel,0.9168267057193769,0.6298194357967336,0.28700726992264325
2018,18,Apparel: men and boys,Apparel,0.7593172822468257,0.7021608586694407,0.05715642357738504
2019,18,Apparel: men and boys,Apparel,0.8347047854927544,0.7068485773269904,0.12785620816576404
2020,18,Apparel: men and boys,Apparel,0.584599010347502,0.541419722828751,0.043179287518751
2021,18,Apparel: men and boys,Apparel,0.7384797358940934,0.6048889997505612,0.13359073614353223
2022,18,Apparel: men and boys,Apparel,0.8348729121744606,0.5014698253501643,0.3334030868242963
2023,18,Apparel: men and boys,Apparel,0.6960566881861411,0.6159205588177198,0.0801361293684213
2024,18,Apparel: men and boys,Apparel,0.6746395000583103,0.5354586742538039,0.13918082580450641
1988,19,Apparel: women and girls,Apparel,2.4976594345760956,2.2227173973594785,0.27494203721661714
1989,19,Apparel: women and girls,Apparel,2.313381794261119,2.467648137475769,-0.15426634321465027
1990,19,Apparel: women and girls,Apparel,2.43347151327009,2.2125971925063923,0.22087432076369762
1991,19,Apparel: women and girls,Apparel,2.519357426635878,2.518415289667529,9.421369683488834e-4
1992,19,Apparel: women and girls,Apparel,2.232700516308473,2.296368989205103,-0.06366847289662969
1993,19,Apparel: women and girls,Apparel,2.234986379047645,1.988042580080688,0.24694379896695695
1994,19,Apparel: women and girls,Apparel,2.2811731123829264,1.9353953147877012,0.3457777975952252
1995,19,Apparel: women and girls,Apparel,2.1105677080810348,2.1079484425349087,0.002619265546126126
1996,19,Apparel: women and girls,Apparel,2.202781199346125,2.2094222833562585,-0.0066410840101336355
1997,19,Apparel: women and girls,Apparel,2.017792503826177,1.8584437086092715,0.15934879521690526
1998,19,Apparel: women and girls,Apparel,1.9950557852381627,1.8921437543049309,0.10291203093323187
1999,19,Apparel: women and girls,Apparel,1.9334284266716308,1.7224695180956069,0.21095890857602395
2000,19,Apparel: women and girls,Apparel,2.0502840968099996,1.8586940129693863,0.19159008384061327
2001,19,Apparel: women and girls,Apparel,1.8789148675834255,1.6035408503845596,0.2753740171988659
2002,19,Apparel: women and girls,Apparel,1.781820365721349,1.7710552974464666,0.010765068274882328
2003,19,Apparel: women and girls,Apparel,1.6213711995194329,1.557397638784225,0.06397356073520788
2004,19,Apparel: women and girls,Apparel,1.8134080363313123,1.7450556755858402,0.06835236074547213
2005,19,Apparel: women and girls,Apparel,1.88076643913156,1.6008368731376403,0.2799295659939196
2006,19,Apparel: women and girls,Apparel,1.721135136722126,1.4030649763214402,0.3180701604006857
2007,19,Apparel: women and girls,Apparel,1.6336678355652403,1.437718277066356,0.1959495584988844
2008,19,Apparel: women and girls,Apparel,1.5844190468199353,1.4484948126311017,0.1359242341888336
2009,19,Apparel: women and girls,Apparel,1.527418383354863,1.3991291727140784,0.12828921064078447
2010,19,Apparel: women and girls,Apparel,1.5453138208795956,1.3025441675611384,0.24276965331845712
2011,19,Apparel: women and girls,Apparel,1.5342045030813694,1.459015934358285,0.07518856872308444
2012,19,Apparel: women and girls,Apparel,1.482940292135302,1.2447444124806373,0.23819587965466482
2013,19,Apparel: women and girls,Apparel,1.3201567793385258,1.2354190221437829,0.08473775719474297
2014,19,Apparel: women and girls,Apparel,1.3022799088852983,1.2017190152801358,0.10056089360516252
2015,19,Apparel: women and girls,Apparel,1.2840798745873263,1.385639733669246,-0.10155985908191978
2016,19,Apparel: women and girls,Apparel,1.3156388204836948,1.1424107796709466,0.17322804081274823
2017,19,Apparel: women and girls,Apparel,1.2268305692795007,1.1063748263805735,0.12045574289892724
2018,19,Apparel: women and girls,Apparel,1.343702459391276,1.184453165634309,0.15924929375696717
2019,19,Apparel: women and girls,Apparel,1.225369024220863,1.104030158872633,0.12133886534823013
2020,19,Apparel: women and girls,Apparel,1.0028285481575925,0.9201907223385768,0.08263782581901569
2021,19,Apparel: women and girls,Apparel,1.116795255683668,0.976968487569635,0.13982676811403305
2022,19,Apparel: women and girls,Apparel,1.1964085399470654,0.8991872730416739,0.2972212669053915
2023,19,Apparel: women and girls,Apparel,0.8929639425884136,1.0091759593456515,-0.11621201675723791
2024,19,Apparel: women and girls,Apparel,1.0479695627958414,0.8305794617138212,0.21739010108202017
1988,20,Apparel: children under 2,Apparel,0.3634332705979854,0.11141440588268064,0.25201886471530477
1989,20,Apparel: children under 2,Apparel,0.3641864829934985,0.15717504060355217,0.20701144238994632
1990,20,Apparel: children under 2,Apparel,0.3670320845030505,0.12524135051922977,0.24179073398382075
1991,20,Apparel: children under 2,Apparel,0.3859427401478468,0.15926737009755126,0.22667537005029553
1992,20,Apparel: children under 2,Apparel,0.36774722478693667,0.1619234543670265,0.20582377041991018
1993,20,Apparel: children under 2,Apparel,0.37575353941904127,0.13610071452875128,0.23965282489029
1994,20,Apparel: children under 2,Apparel,0.36588738332302606,0.13726207906295754,0.22862530426006852
1995,20,Apparel: children under 2,Apparel,0.37253816195917977,0.1476906552094522,0.22484750674972756
1996,20,Apparel: children under 2,Apparel,0.3614053817762265,0.1203576341127923,0.2410477476634342
1997,20,Apparel: children under 2,Apparel,0.3495846954664439,0.10347682119205298,0.2461078742743909
1998,20,Apparel: children under 2,Apparel,0.30745749404534,0.12560269032859284,0.18185480371674717
1999,20,Apparel: children under 2,Apparel,0.29050791885180466,0.10063866847300174,0.18986925037880292
2000,20,Apparel: children under 2,Apparel,0.3291306548780717,0.1281857939978887,0.20094486088018298
2001,20,Apparel: children under 2,Apparel,0.31486494280445987,0.108837614279495,0.20602732852496486
2002,20,Apparel: children under 2,Apparel,0.29371838258204475,0.15020784574003562,0.14351053684200912
2003,20,Apparel: children under 2,Apparel,0.2994522853364238,0.1327735314170883,0.1666787539193355
2004,20,Apparel: children under 2,Apparel,0.2762929937247126,0.10304138274887818,0.1732516109758344
2005,20,Apparel: children under 2,Apparel,0.26092913768910814,0.10460914220503392,0.15631999548407421
2006,20,Apparel: children under 2,Apparel,0.2789901770375503,0.13530605641674265,0.14368412062080765
2007,20,Apparel: children under 2,Apparel,0.27759576139938913,0.13969732246798602,0.1378984389314031
2008,20,Apparel: children under 2,Apparel,0.28735128159041173,0.11621974034809228,0.17113154124231944
2009,20,Apparel: children under 2,Apparel,0.2709578386102292,0.13933236574746008,0.13162547286276913
2010,20,Apparel: children under 2,Apparel,0.279023899655858,0.12184154796785704,0.15718235168800096
2011,20,Apparel: children under 2,Apparel,0.22345503897387836,0.1036153350695903,0.11983970390428807
2012,20,Apparel: children under 2,Apparel,0.2132457501268578,0.07745076344323966,0.13579498668361817
2013,20,Apparel: children under 2,Apparel,0.2297918848531889,0.1185781650718363,0.11121371978135261
2014,20,Apparel: children under 2,Apparel,0.20759939084544488,0.10345925297113752,0.10414013787430736
2015,20,Apparel: children under 2,Apparel,0.23330535118702983,0.09768888660376872,0.1356164645832611
2016,20,Apparel: children under 2,Apparel,0.1975812389043557,0.06102621686276424,0.13655502204159145
2017,20,Apparel: children under 2,Apparel,0.22002497705017007,0.07184252119354376,0.14818245585662632
2018,20,Apparel: children under 2,Apparel,0.1830871431854181,0.09456711901271928,0.08852002417269883
2019,20,Apparel: children under 2,Apparel,0.17861133285606423,0.08975854950184005,0.08885278335422418
2020,20,Apparel: children under 2,Apparel,0.1656533813772114,0.08466645871396106,0.08098692266325033
2021,20,Apparel: children under 2,Apparel,0.1796185828877184,0.04573043984368504,0.13388814304403335
2022,20,Apparel: children under 2,Apparel,0.18112890380946728,0.06340423079140008,0.1177246730180672
2023,20,Apparel: children under 2,Apparel,0.1980752014762116,0.04489216901003789,0.1531830324661737
2024,20,Apparel: children under 2,Apparel,0.1905431197491819,0.03004223584922332,0.16050088389995856
1988,21,Footwear,Apparel,0.7366991556641286,0.869032365884909,-0.13233321022078037
1989,21,Footwear,Apparel,0.7464851741517728,0.6601351705349191,0.08635000361685374
1990,21,Footwear,Apparel,0.8114502346490442,0.7984136095600898,0.013036625088954423
1991,21,Footwear,Apparel,0.8714886060542891,0.8112681664344018,0.06022043961988732
1992,21,Footwear,Apparel,0.8111712950799769,0.8047105004906772,0.006460794589299712
1993,21,Footwear,Apparel,0.8791385959169048,0.8263257667817042,0.05281282913520058
1994,21,Footwear,Apparel,0.9031240730333648,0.8006954612005857,0.10242861183277918
1995,21,Footwear,Apparel,0.9910824081220304,0.9040458288578588,0.08703657926417163
1996,21,Footwear,Apparel,0.9947061968796862,0.8811898211829436,0.11351637569674256
1997,21,Footwear,Apparel,0.9981913184741414,0.8526490066225165,0.14554231185162492
1998,21,Footwear,Apparel,0.9024913343298848,0.7941331388517483,0.10835819547813652
1999,21,Footwear,Apparel,0.9312291647303071,0.8244629378749758,0.10676622685533133
2000,21,Footwear,Apparel,0.949936634820293,0.9689337958075706,-0.01899716098727755
2001,21,Footwear,Apparel,0.8318921708145964,0.718328254244667,0.11356391656992948
2002,21,Footwear,Apparel,0.9113743725493648,0.7230935829811017,0.1882807895682631
2003,21,Footwear,Apparel,0.8149681316617532,0.721283238238777,0.09368489342297615
2004,21,Footwear,Apparel,0.8551357202644575,0.8010636529832142,0.05407206728124325
2005,21,Footwear,Apparel,0.8291243560412047,0.7132441513979585,0.11588020464324622
2006,21,Footwear,Apparel,0.719914086374931,0.6471159219931171,0.07279816438181397
2007,21,Footwear,Apparel,0.7641035730625876,0.619906868451688,0.14419670461089962
2008,21,Footwear,Apparel,0.7459339230578637,0.6179488633142468,0.12798505974361685
2009,21,Footwear,Apparel,0.699653999059068,0.6821480406386067,0.01750595842046132
2010,21,Footwear,Apparel,0.6845417715816178,0.6440196106872443,0.04052216089437344
2011,21,Footwear,Apparel,0.7380337613529524,0.6132907670335209,0.12474299431943148
2012,21,Footwear,Apparel,0.84451996537903,0.5947112192963044,0.24980874608272552
2013,21,Footwear,Apparel,0.7443895217345949,0.4991313460000551,0.24525817573453984
2014,21,Footwear,Apparel,0.8061388629942284,0.5968803056027164,0.209258557391512
2015,21,Footwear,Apparel,0.7894093696295829,0.6169824417080131,0.17242692792156977
2016,21,Footwear,Apparel,0.7806356104459408,0.698139920910023,0.0824956895359178
2017,21,Footwear,Apparel,0.7773956635514282,0.6178456822644762,0.15954998128695197
2018,21,Footwear,Apparel,0.7034468328688805,0.6335996973852192,0.0698471354836614
2019,21,Footwear,Apparel,0.8158814991890223,0.6574813751009784,0.15840012408804394
2020,21,Footwear,Apparel,0.6110870577955652,0.5191390757987612,0.09194798199680398
2021,21,Footwear,Apparel,0.5830359480717793,0.5175854327762535,0.06545051529552581
2022,21,Footwear,Apparel,0.6257694134353808,0.5456606528714432,0.08010876056393768
2023,21,Footwear,Apparel,0.6724503866781991,0.571028389807682,0.10142199687051712
2024,21,Footwear,Apparel,0.6382069659941867,0.5990775266403945,0.039129439353792206
1988,22,Other apparel products and services,Apparel,0.8680923365776058,1.1865634226505488,-0.31847108607294305
1989,22,Other apparel products and services,Apparel,0.8998595749389184,1.0635511080840363,-0.16369153314511786
1990,22,Other apparel products and services,Apparel,0.8788265117981856,1.0802066482283568,-0.20138013643017116
1991,22,Other apparel products and services,Apparel,0.868247238283357,1.0501692215807286,-0.18192198329737153
1992,22,Other apparel products and services,Apparel,0.7914768943201604,1.1334641805691854,-0.34198728624902497
1993,22,Other apparel products and services,Apparel,0.7497084657817642,1.0158946191610363,-0.2661861533792721
1994,22,Other apparel products and services,Apparel,0.7444874414860743,0.8830527086383602,-0.1385652671522859
1995,22,Other apparel products and services,Apparel,0.7342035224624424,0.8906194056569996,-0.15641588319455724
1996,22,Other apparel products and services,Apparel,0.6795307713089637,0.6662654745529574,0.013265296756006295
1997,22,Other apparel products and services,Apparel,0.6720467291163719,0.6912251655629139,-0.019178436446542046
1998,22,Other apparel products and services,Apparel,0.6950678655717898,0.9035290304282648,-0.20846116485647503
1999,22,Other apparel products and services,Apparel,0.6989446791596173,1.052835300948326,-0.35389062178870867
2000,22,Other apparel products and services,Apparel,0.6683875738017699,0.8181269793394661,-0.14973940553769616
2001,22,Other apparel products and services,Apparel,0.6177755613422552,0.740095777100566,-0.12232021575831076
2002,22,Other apparel products and services,Apparel,0.5239536976130206,0.6637090858280644,-0.13975538821504385
2003,22,Other apparel products and services,Apparel,0.5973418261442895,0.6853985000179423,-0.08805667387365279
2004,22,Other apparel products and services,Apparel,0.5258333227468448,0.7246135948146917,-0.19878027206784687
2005,22,Other apparel products and services,Apparel,0.5679949426514248,0.7132441513979585,-0.1452492087465337
2006,22,Other apparel products and services,Apparel,0.4544914346924599,0.7353590022649057,-0.2808675675724458
2007,22,Other apparel products and services,Apparel,0.5041660817035012,0.6228172293364377,-0.1186511476329365
2008,22,Other apparel products and services,Apparel,0.4471672761927807,0.5782640739270933,-0.13109679773431265
2009,22,Other apparel products and services,Apparel,0.5258085081645345,0.5370101596516691,-0.01120165148713459
2010,22,Other apparel products and services,Apparel,0.41682805093529945,0.7861680833164109,-0.3693400323811114
2011,22,Other apparel products and services,Apparel,0.40909910162731106,0.4872721162732084,-0.07817301464589732
2012,22,Other apparel products and services,Apparel,0.3868081569319064,0.5172604558530648,-0.1304522989211584
2013,22,Other apparel products and services,Apparel,0.3550359255060587,0.4605245015580619,-0.10548857605200318
2014,22,Other apparel products and services,Apparel,0.5223666953414794,0.4775042444821731,0.04486245085930629
2015,22,Other apparel products and services,Apparel,0.4218215182816012,0.7789403326563665,-0.35711881437476534
2016,22,Other apparel products and services,Apparel,0.474764483295619,0.4735634428550506,0.0012010404405684016
2017,22,Other apparel products and services,Apparel,0.3173916409243276,0.4717658891709373,-0.15437424824660972
2018,22,Other apparel products and services,Apparel,0.32637808605164087,0.4208236796066008,-0.0944455935549599
2019,22,Other apparel products and services,Apparel,0.34362274166955464,0.4128893277084642,-0.06926658603890956
2020,22,Other apparel products and services,Apparel,0.24323371708123792,0.3787709995098258,-0.13553728242858787
2021,22,Other apparel products and services,Apparel,0.45118178629664457,0.4344391785150079,0.016742607781636665
2022,22,Other apparel products and services,Apparel,0.32981002207229543,0.4880204430610794,-0.15821042098878396
2023,22,Other apparel products and services,Apparel,0.3181860282939948,0.39864246080913646,-0.08045643251514167
2024,22,Other apparel products and services,Apparel,0.24483972982594823,0.33753335571774434,-0.09269362589179611
1988,23,Vehicle purchases (net outlay),Transport,9.197539539559598,8.328226839730377,0.8693126998292211
1989,23,Vehicle purchases (net outlay),Transport,8.90352258734337,7.151464347461623,1.7520582398817464
1990,23,Vehicle purchases (net outlay),Transport,8.397010048345514,5.808067630329281,2.5889424180162335
1991,23,Vehicle purchases (net outlay),Transport,6.943483076607116,6.475214015528569,0.46826906107854693
1992,23,Vehicle purchases (net outlay),Transport,7.796061195913472,5.873405299313052,1.9226558966004204
1993,23,Vehicle purchases (net outlay),Transport,7.838567072668522,6.06134253633403,1.7772245363344918
1994,23,Vehicle purchases (net outlay),Transport,9.118913096885064,7.970351390922401,1.1485617059626634
1995,23,Vehicle purchases (net outlay),Transport,9.192015240182617,7.308449695667741,1.8835655445148758
1996,23,Vehicle purchases (net outlay),Transport,8.865413026706424,7.444979367262723,1.4204336594437006
1997,23,Vehicle purchases (net outlay),Transport,8.084410916380762,7.471026490066225,0.6133844263145365
1998,23,Vehicle purchases (net outlay),Transport,9.5823570384242025,7.013492159961103,2.568864878463099
1999,23,Vehicle purchases (net outlay),Transport,9.493827941880996,8.0201277336946,1.4737002081863952
2000,23,Vehicle purchases (net outlay),Transport,9.813028120007884,7.581812697933946,2.2312154220739373
2001,23,Vehicle purchases (net outlay),Transport,9.490753232066051,8.39863590190103,1.0921173301650207
2002,23,Vehicle purchases (net outlay),Transport,9.516323792977326,8.677122995773221,0.8392007972041053
2003,23,Vehicle purchases (net outlay),Transport,9.416543960089736,7.772634298632791,1.643909661456945
2004,23,Vehicle purchases (net outlay),Transport,8.950968317656418,6.478311450889147,2.472656866767271
2005,23,Vehicle purchases (net outlay),Transport,8.068652123926661,6.102199961960312,1.966452161966349
2006,23,Vehicle purchases (net outlay),Transport,7.815629791063575,6.23878577521546,1.5768440158481152
2007,23,Vehicle purchases (net outlay),Transport,6.941052585625041,5.852735739231664,1.0883168463933766
2008,23,Vehicle purchases (net outlay),Transport,5.621020974612824,4.9379216508872386,0.68309932372558535
2009,23,Vehicle purchases (net outlay),Transport,4.92878800216066,5.2249637155297535,-0.29617571336909343
2010,23,Vehicle purchases (net outlay),Transport,5.924399116410142,4.479127382437412,1.4452717339727306
2011,23,Vehicle purchases (net outlay),Transport,5.889662002222226,5.054748102719202,0.8349138995030243
2012,23,Vehicle purchases (net outlay),Transport,6.386775659494925,5.203031644169064,1.1837440153258614
2013,23,Vehicle purchases (net outlay),Transport,6.840092092375631,5.424261644100047,1.4158304482755844
2014,23,Vehicle purchases (net outlay),Transport,6.47075776924201,5.382533955857386,1.0882238133846247
2015,23,Vehicle purchases (net outlay),Transport,7.936246264779146,6.393480552199286,1.5427657125798602
2016,23,Vehicle purchases (net outlay),Transport,6.441831400958412,5.829224234731241,0.6126071662271713
2017,23,Vehicle purchases (net outlay),Transport,7.3267663415691135,5.8288232195028495,1.497943122066264
2018,23,Vehicle purchases (net outlay),Transport,7.27413183039346,5.532176462244077,1.741955368149383
2019,23,Vehicle purchases (net outlay),Transport,7.832256000017762,6.6286688807108876,1.2035871193068743
2020,23,Vehicle purchases (net outlay),Transport,8.408344140743624,6.510405062163005,1.8979390785806194
2021,23,Vehicle purchases (net outlay),Transport,8.349293833672244,6.888667165544192,1.460626668128052
2022,23,Vehicle purchases (net outlay),Transport,6.623140056076789,6.104098218917517,0.5190418371592722
2023,23,Vehicle purchases (net outlay),Transport,7.709562748015397,6.4806335182890695,1.2289292297263277
2024,23,Vehicle purchases (net outlay),Transport,7.264762713675318,6.137452064961917,1.1273106487134008
1988,24,Gasoline and other fuels,Transport,3.7227818459854296,3.515124505598574,0.2076573403868558
1989,24,Gasoline and other fuels,Transport,3.660577576526724,3.400220045056845,0.26035753146987917
1990,24,Gasoline and other fuels,Transport,3.758445029656624,3.5589417105881127,0.19950331906851115
1991,24,Gasoline and other fuels,Transport,3.5107277741933167,3.150507664742186,0.3602201094511308
1992,24,Gasoline and other fuels,Transport,3.308225224711944,3.0912659470068693,0.21695927770507462
1993,24,Gasoline and other fuels,Transport,3.280007434247396,3.106012735138288,0.17399469910910836
1994,24,Gasoline and other fuels,Transport,3.1803367806492515,2.9923133235724744,0.18802345707677715
1995,24,Gasoline and other fuels,Transport,3.207665897907289,2.994092373791622,0.2135735241156671
1996,24,Gasoline and other fuels,Transport,3.355145185153783,3.0691196698762035,0.28602551527757925
1997,24,Gasoline and other fuels,Transport,3.2903120494965212,3.013245033112583,0.2770670163839384
1998,24,Gasoline and other fuels,Transport,2.944799841677872,2.6943802925327174,0.25041954914515463
1999,24,Gasoline and other fuels,Transport,2.931289614747331,2.7249854848074317,0.2063041299398991
2000,24,Gasoline and other fuels,Transport,3.463649268781793,3.231036042829136,0.2326132259526572
2001,24,Gasoline and other fuels,Transport,3.324503447357154,3.087360325061675,0.23714312229547918
2002,24,Gasoline and other fuels,Transport,3.11320160364866,2.923813183358368,0.18938842029029201
2003,24,Gasoline and other fuels,Transport,3.36328080547753,3.2403918613413714,0.1228889441361587
2004,24,Gasoline and other fuels,Transport,3.872398435854215,3.5266744224696693,0.3457240133845456
2005,24,Gasoline and other fuels,Transport,4.431325720177299,4.28897483040639,0.14235088977090893
2006,24,Gasoline and other fuels,Transport,4.752508550187424,4.512162837897462,0.2403457122899626
2007,24,Gasoline and other fuels,Transport,4.913549134169118,4.729336437718277,0.18421269645084148
2008,24,Gasoline and other fuels,Transport,5.588880139593605,5.13067634219627,0.45820379739733497
2009,24,Gasoline and other fuels,Transport,4.198033725820753,3.9477503628447024,0.250283362976051
2010,24,Gasoline and other fuels,Transport,4.550109825296932,4.363087812944214,0.18702201235271776
2011,24,Gasoline and other fuels,Transport,5.53810620711773,5.13035929317539,0.40774691394234
2012,24,Gasoline and other fuels,Transport,5.521482789709819,5.335804381500332,0.1856784082094869
2013,24,Gasoline and other fuels,Transport,5.3085722699754685,4.994071091746409,0.3145011782290599
2014,24,Gasoline and other fuels,Transport,4.760438137171525,4.568123938879457,0.19231419829206864
2015,24,Gasoline and other fuels,Transport,3.8222679975178098,3.7353145325072625,0.08695346501054724
2016,24,Gasoline and other fuels,Transport,3.464042395187163,3.261241029146121,0.20280136604104193
2017,24,Gasoline and other fuels,Transport,3.4614211326487796,3.285597969251401,0.17582316339737858
2018,24,Gasoline and other fuels,Transport,3.607598258622016,3.45642819991489,0.1511700587071263
2019,24,Gasoline and other fuels,Transport,3.465515887069407,3.2559913831792477,0.20952450389015942
2020,24,Gasoline and other fuels,Transport,2.6459817435698443,2.5422218261218306,0.10375991744801372
2021,24,Gasoline and other fuels,Transport,3.3512400707904777,3.228153321692858,0.12308674909761974
2022,24,Gasoline and other fuels,Transport,4.476330297512208,4.184679232232405,0.2916510652798028
2023,24,Gasoline and other fuels,Transport,3.669941442715812,3.3687083625132432,0.3012330802025689
2024,24,Gasoline and other fuels,Transport,3.5554846225072323,3.2516302330924063,0.303854389414826
1988,25,Other vehicle expenses,Transport,5.890583515848931,5.904963511782073,-0.014379995933142098
1989,25,Other vehicle expenses,Transport,5.867340235219431,5.768323990150364,0.09901624506906703
1990,25,Other vehicle expenses,Transport,5.702741301478085,5.808067630329281,-0.10532632885119586
1991,25,Other vehicle expenses,Transport,6.001631941864997,5.594266374676488,0.407365567188509
1992,25,Other vehicle expenses,Transport,5.975505490035161,5.8341511285574095,0.1413543614777515
1993,25,Other vehicle expenses,Transport,6.15621899751954,5.789141107276527,0.36707789024301274
1994,25,Other vehicle expenses,Transport,6.14358880724146,6.030380673499268,0.11320813374219174
1995,25,Other vehicle expenses,Transport,6.29885497077763,5.983709273182957,0.3151456975946729
1996,25,Other vehicle expenses,Transport,6.16451804031033,5.828748280605227,0.33576975970510325
1997,25,Other vehicle expenses,Transport,6.762290480946563,5.97682119205298,0.7854692888935828
1998,25,Other vehicle expenses,Transport,6.411349921749163,5.866861148251692,0.5444887734974708
1999,25,Other vehicle expenses,Transport,6.305680471422976,5.68995548674279,0.6157249846801855
2000,25,Other vehicle expenses,Transport,6.151498794965215,5.802292263610315,0.3492065313548993
2001,25,Other vehicle expenses,Transport,6.204458699587757,5.793789000145117,0.4106696994426402
2002,25,Other vehicle expenses,Transport,6.215857310190312,5.753309812414853,0.4625474977754589
2003,25,Other vehicle expenses,Transport,5.857137508593063,5.572899845695626,0.28423766289743657
2004,25,Other vehicle expenses,Transport,5.534538372940192,5.2983214226358655,0.23621695030432655
2005,25,Other vehicle expenses,Transport,5.004778424996695,5.154377734102581,-0.14959930910588604
2006,25,Other vehicle expenses,Transport,4.905635321781383,4.768067770685649,0.13756755109573415
2007,25,Other vehicle expenses,Transport,5.287898181604086,5.241559953434225,0.04633822816986033
2008,25,Other vehicle expenses,Transport,5.158557885695751,4.954929417767447,0.20362846792830336
2009,25,Other vehicle expenses,Transport,5.161572951829901,5.039187227866473,0.1223857239634274
2010,25,Other vehicle expenses,Transport,5.0146948587249085,5.062226219140727,-0.04753136041581829
2011,25,Other vehicle expenses,Transport,4.714148515955807,4.878321991654765,-0.16417347569895835
2012,25,Other vehicle expenses,Transport,4.563101402922616,5.001106439477761,-0.4380050365551451
2013,25,Other vehicle expenses,Transport,4.862741420975501,5.209166367923228,-0.3464249469477263
2014,25,Other vehicle expenses,Transport,5.073053874352695,4.889112903225806,0.1839409711268889
2015,25,Other vehicle expenses,Transport,4.782558162797368,5.012982338877606,-0.23042417608023769
2016,25,Other vehicle expenses,Transport,4.732564143794549,5.175023189962408,-0.44245904616785925
2017,25,Other vehicle expenses,Transport,4.474218247668696,5.146319268164184,-0.6721010204954885
2018,25,Other vehicle expenses,Transport,4.733509394423686,4.63851718757388,0.09499220684980614
2019,25,Other vehicle expenses,Transport,5.434465321472229,5.576249887801813,-0.14178456632958447
2020,25,Other vehicle expenses,Transport,5.691857077567409,5.799652421906332,-0.10779534433892302
2021,25,Other vehicle expenses,Transport,5.102114240311246,5.568720379146919,-0.46660613883567326
2022,25,Other vehicle expenses,Transport,5.100230548059892,5.439314465771322,-0.33908391771143
2023,25,Other vehicle expenses,Transport,4.907280806188674,5.10693314658191,-0.19965234039323576
2024,25,Other vehicle expenses,Transport,5.414751487630695,5.407602452860197,0.007149034770497664
1988,26,Public and other transportation,Transport,0.8030940664566683,1.3648264720628378,-0.5617324056061695
1989,26,Public and other transportation,Transport,0.7751867368721662,1.304552837009483,-0.5293661001373168
1990,26,Public and other transportation,Transport,0.7751246067517812,1.3880916349214631,-0.612967028169682
1991,26,Public and other transportation,Transport,0.7903979495992864,1.2044594863627314,-0.4140615367634449
1992,26,Public and other transportation,Transport,0.7415486657979496,1.1776251226692835,-0.4360764568713339
1993,26,Public and other transportation,Transport,0.8163859730889301,1.2394886501725562,-0.42310267708362603
1994,26,Public and other transportation,Transport,0.9135092871510068,1.3314421669106882,-0.4179328797596814
1995,26,Public and other transportation,Transport,0.90420442788275035,1.100966702470462,-0.19676227458771156
1996,26,Public and other transportation,Transport,1.0012044300764833,1.375515818431912,-0.37431138835542876
1997,26,Public and other transportation,Transport,0.9810296486980256,1.2003311258278146,-0.2193014771297891
1998,26,Public and other transportation,Transport,0.9436679312226338,1.3127506989181963,-0.3690827676955625
1999,26,Public and other transportation,Transport,0.8856806977149242,1.064447455002903,-0.17876675728797886
2000,26,Public and other transportation,Transport,0.9169913662413424,1.263007087920374,-0.3460157216790317
2001,26,Public and other transportation,Transport,0.8496206711574474,1.0920040632709331,-0.2423833921134857
2002,26,Public and other transportation,Transport,0.7584524412531387,1.0409753030355955,-0.2825228617824568
2003,26,Public and other transportation,Transport,0.8028642284445814,0.9724764057846198,-0.16961217734003842
2004,26,Public and other transportation,Transport,0.8922639178847431,0.9572876848928036,-0.06502376700806045
2005,26,Public and other transportation,Transport,0.8343488409896967,0.9478222278577316,-0.11347338686803488
2006,26,Public and other transportation,Transport,0.8720404302576729,1.0795070153248816,-0.20746658506720872
2007,26,Public and other transportation,Transport,0.9163887794445116,1.0040745052386495,-0.08768572579413791
2008,26,Public and other transportation,Transport,0.9065642823316546,0.9581042009184194,-0.051539918586764766
2009,26,Public and other transportation,Transport,0.9371732665714751,0.9521044992743106,-0.014931232702835473
2010,26,Public and other transportation,Transport,0.945298907920239,1.0095442545908155,-0.06424534667057658
2011,26,Public and other transportation,Transport,0.9989861054973258,0.9913467193144584,0.007639386182867414
2012,26,Public and other transportation,Transport,0.9688128390579848,0.9681345430404956,6.782960174891439e-4
2013,26,Public and other transportation,Transport,0.9902706816975122,0.9320795300995504,0.05819115159796184
2014,26,Public and other transportation,Transport,0.9507198621617008,1.0637733446519524,-0.1130534824902516
2015,26,Public and other transportation,Transport,1.024393575636459,1.1414175171598242,-0.11702394152336515
2016,26,Public and other transportation,Transport,1.0657997142663274,0.98618366450227,0.07961604976405734
2017,26,Public and other transportation,Transport,1.0994709432353589,1.1159538292063795,-0.016482885971020655
2018,26,Public and other transportation,Transport,1.3363538133039556,1.2010024114615347,0.1353514018424209
2019,26,Public and other transportation,Transport,1.155861797628966,1.198276635849565,-0.04241483822059888
2020,26,Public and other transportation,Transport,0.4340804100218663,0.4545251994117909,-0.02044478938992461
2021,26,Public and other transportation,Transport,0.6516935462303369,0.6797206285856822,-0.028027082355345234
2022,26,Public and other transportation,Transport,1.1946766056449394,1.1047706880319712,0.08990591761296818
2023,26,Public and other transportation,Transport,1.291471007058196,1.334195262978326,-0.04272425592012996
2024,26,Public and other transportation,Transport,1.2311882179042046,1.457932033859367,-0.22674381595516246
1988,27,Health insurance,Health,1.365143801399619,1.938610662358643,-0.5734668609590239
1989,27,Health insurance,Health,1.4713345422896345,2.0118405197254674,-0.540505977435833
1990,27,Health insurance,Health,1.596701745040318,2.1604132964567135,-0.5637115514163955
1991,27,Health insurance,Health,1.8285655786105883,2.3641250248855266,-0.5355594462749382
1992,27,Health insurance,Health,1.9565440233748828,2.4681059862610404,-0.5115619628861576
1993,27,Health insurance,Health,2.0251718740918254,2.6102172750692656,-0.5850454009774402
1994,27,Health insurance,Health,2.0062206204237465,2.612554904831625,-0.6063342844078785
1995,27,Health insurance,Health,2.0852132540822277,2.725563909774436,-0.6403506556922083
1996,27,Health insurance,Health,2.072816535410185,2.420048143053645,-0.34723160764345984
1997,27,Health insurance,Health,2.0134819082635045,2.5124172185430464,-0.49893531027954197
1998,27,Health insurance,Health,2.094574187674081,2.4998987075077994,-0.40532451983371853
1999,27,Health insurance,Health,2.0142214690572633,2.4811302496613123,-0.46690878060404906
2000,27,Health insurance,Health,2.054471312896087,2.58633690242799,-0.5318655895319027
2001,27,Health insurance,Health,2.144596694263019,2.655637788419678,-0.511041094156659
2002,27,Health insurance,Health,2.307118127268777,2.8260034233416005,-0.5188852960728236
2003,27,Health insurance,Health,2.474255651778305,3.068145117881365,-0.59388946610306
2004,27,Health insurance,Health,2.5661873571594085,3.038058833305634,-0.4718714761462257
2005,27,Health insurance,Health,2.2980028281376845,3.0114753059024917,-0.7134724777648072
2006,27,Health insurance,Health,2.311014197030926,2.932611701032444,-0.6215975040015183
2007,27,Health insurance,Health,2.451721223102897,3.067520372526193,-0.6157991494232959
2008,27,Health insurance,Health,2.513518586707671,3.251318101933216,-0.7377995152255452
2009,27,Health insurance,Health,2.788802301360585,3.616835994194485,-0.8280336928339
2010,27,Health insurance,Health,2.9754145707629367,3.640741492849062,-0.6653269220861251
2011,27,Health insurance,Health,3.1238698035013694,3.651740457587723,-0.5278706540863536
2012,27,Health insurance,Health,3.344978953476712,3.7314671387475102,-0.3864881852707982
2013,27,Health insurance,Health,3.571938314137853,4.213661307668974,-0.64172299353112106
2014,27,Health insurance,Health,4.708418182123397,4.862584889643464,-0.15416670752006656
2015,27,Health insurance,Health,4.5426964028094865,4.897298131057354,-0.35460172824786707
2016,27,Health insurance,Health,4.771776827124189,5.045647610213348,-0.27387078308915935
2017,27,Health insurance,Health,4.7800510216164955,5.527084630489966,-0.7470336088734708
2018,27,Health insurance,Health,4.738142405925429,5.205919901650196,-0.4677774957247669
2019,27,Health insurance,Health,4.778681936684904,5.349609550309667,-0.5709276136247636
2020,27,Health insurance,Health,5.144159607244187,5.52114433403146,-0.37698472678727324
2021,27,Health insurance,Health,4.701735205439249,5.098944042570882,-0.39720883713163335
2022,27,Health insurance,Health,4.415940782705609,5.0992372278901765,-0.6832964451845678
2023,27,Health insurance,Health,4.362877235624178,4.941729964624971,-0.5788527290007925
2024,27,Health insurance,Health,4.5085084488562694,4.847403113789386,-0.3388946649331164
1988,28,Medical services,Health,1.9228275209412733,1.949752102946911,-0.02692458200563763
1989,28,Medical services,Health,1.814273204215057,1.912296327343218,-0.0980231231281612
1990,28,Medical services,Health,1.7826752203488798,1.9829880498878043,-0.2003128295389245
1991,28,Medical services,Health,1.8120299904649628,1.7917579135974515,0.020272076867511313
1992,28,Medical services,Health,1.7565648802674585,1.692836113837095,0.0637287664303634
1993,28,Medical services,Health,1.831741332387922,1.9151314830117143,-0.0833901506237924
1994,28,Medical services,Health,1.7396162935077817,1.7478038067349926,-0.008187513227210896
1995,28,Medical services,Health,1.6532282590256373,1.5529896168993913,0.100238642126246
1996,28,Medical services,Health,1.6745916984553797,1.4485900962861074,0.22600160216927234
1997,28,Medical services,Health,1.4947852180353705,1.5562913907284768,-0.06150617269310632
1998,28,Medical services,Health,1.3995393700344954,1.4261982901827317,-0.026658920148236342
1999,28,Medical services,Health,1.3693679301302488,1.4437778207857557,-0.07440989065550685
2000,28,Medical services,Health,1.2976770937344533,1.5683908912682851,-0.27071379753383185
2001,28,Medical services,Health,1.3019565694253774,1.327818894209839,-0.0258623247844616
2002,28,Medical services,Health,1.3901384032573985,1.2750200859328606,0.11511831732453781
2003,28,Medical services,Health,1.3252836859160075,1.33491226181505,-0.009628575899042424
2004,28,Medical services,Health,1.3989217998859278,1.402692371613761,-0.0037705717278331274
2005,28,Medical services,Health,1.3468702251239133,1.340899004628162,0.005971220495751384
2006,28,Medical services,Health,1.2521584960848262,1.2383445598141012,0.013813936270725025
2007,28,Medical services,Health,1.3185650046859636,1.239813736903376,0.07875126778258768
2008,28,Medical services,Health,1.3440496068496954,1.24156698225523,0.10248262459446544
2009,28,Medical services,Health,1.3930052694768824,1.343976777939042,0.0490284915378405
2010,28,Medical services,Health,1.458844548676761,1.288039221374489,0.17080532730227205
2011,28,Medical services,Health,1.5073030207100306,1.3441989414433335,0.16310407926669712
2012,28,Medical services,Health,1.4334225869938162,1.7039167957512724,-0.2704942087574562
2013,28,Medical services,Health,1.5502236352318677,1.4587871935581722,0.09143644167369547
2014,28,Medical services,Health,1.4692401613703394,1.2706918505942275,0.1985483107761119
2015,28,Medical services,Health,1.3624461550767075,1.1696958790714411,0.1927502760052664
2016,28,Medical services,Health,1.374814660670565,1.3059610408631548,0.06885361980741012
2017,28,Medical services,Health,1.3749219246255828,1.2356913645289525,0.13923056009663037
2018,28,Medical services,Health,1.383866139863816,1.3546739798572036,0.02919216000661229
2019,28,Medical services,Health,1.4039344709767618,1.5528229063818328,-0.14888843540507102
2020,28,Medical services,Health,1.4593030848322672,1.263312686600419,0.19599039823184827
2021,28,Medical services,Health,1.5530977366769405,1.5049472021285442,0.04815053454839635
2022,28,Medical services,Health,1.6613851151139971,1.4890387534343958,0.17234636167960127
2023,28,Medical services,Health,1.473779724917642,1.7543859649122806,-0.2806062399946385
2024,28,Medical services,Health,1.5502370440343594,1.6028416420732676,-0.05260459803890827
1988,29,Drugs,Health,0.585772815854204,0.885744526767311,-0.2999717109131069
1989,29,Drugs,Health,0.5992199111041296,0.8592235552994184,-0.26000364419528876
1990,29,Drugs,Health,0.6117117597168803,0.9445285184991912,-0.3328167587823109
1991,29,Drugs,Health,0.6007006029547831,0.9257415886920168,-0.3250409857372337
1992,29,Drugs,Health,0.5709229865788278,1.0500490677134446,-0.47912608113461685
1993,29,Drugs,Health,0.6222765292205201,1.108248675448403,-0.485972146227883
1994,29,Drugs,Health,0.6044835832518101,1.0477672035139092,-0.4432836202620991
1995,29,Drugs,Health,0.5711398462915878,0.957751521661296,-0.3866116753697082
1996,29,Drugs,Health,0.6123021365075332,0.9757565337001376,-0.3634543971926044
1997,29,Drugs,Health,0.5648166092490071,1.0223509933774837,-0.4575343841284766
1998,29,Drugs,Health,0.6046489108326324,1.0858555163891253,-0.48120660555649286
1999,29,Drugs,Health,0.5922251405984803,1.2037933036578286,-0.6115681630593482
2000,29,Drugs,Health,0.6559053136948705,1.3082491328608052,-0.6523438191659348
2001,29,Drugs,Health,0.7138431623588496,1.30605137135394,-0.5922082089950903
2002,29,Drugs,Health,0.7346361207841905,1.334404583085898,-0.5997684623017074
2003,29,Drugs,Health,0.6614990507973466,1.3313237879929667,-0.6698247371956201
2004,29,Drugs,Health,0.697698366333185,1.3129466511550607,-0.6152482848218757
2005,29,Drugs,Health,0.7165559034001265,1.2489697584479806,-0.5324138550478541
2006,29,Drugs,Health,0.7049611869880112,1.161867223578551,-0.45690603659053974
2007,29,Drugs,Health,0.6650365547418771,0.9720605355064028,-0.30702398076452575
2008,29,Drugs,Health,0.6466653147606378,0.9410964340382107,-0.29443111927757293
2009,29,Drugs,Health,0.6623259102023518,0.9985486211901308,-0.336222710987779
2010,29,Drugs,Health,0.7150346491435615,1.024049200777465,-0.30901455163390357
2011,29,Drugs,Health,0.7057579476304254,0.9437396734716738,-0.23798172584124833
2012,29,Drugs,Health,0.7220254153028126,1.0096260234565169,-0.28760060815370425
2013,29,Drugs,Health,0.62246543516372,1.0285966412045335,-0.40613120604081354
2014,29,Drugs,Health,0.6553280221262545,0.9178692699490664,-0.26254124782281185
2015,29,Drugs,Health,0.5268460903927238,0.7789403326563665,-0.25209424226364274
2016,29,Drugs,Health,0.5461275951665417,0.7835766245178929,-0.23744902935135115
2017,29,Drugs,Health,0.5709267277413161,0.8333732458451075,-0.2624465181037914
2018,29,Drugs,Health,0.5526513929574457,0.8203697574353397,-0.267718364477894
2019,29,Drugs,Health,0.5334671035231429,0.7696795619782785,-0.2362124584551356
2020,29,Drugs,Health,0.5784124897146863,0.7842787754556392,-0.2058662857409529
2021,29,Drugs,Health,0.551803596668716,0.7420803192816163,-0.1902767226129003
2022,29,Drugs,Health,0.5928333997171811,0.9914116087382558,-0.39857820902107477
2023,29,Drugs,Health,0.5095685915834883,0.91220887428397,-0.4026402827004817
2024,29,Drugs,Health,0.6586631187564845,0.8464841748104688,-0.18782105605398425
1988,30,Medical supplies,Health,0.22548501337240337,0.25625313353016543,-0.030768120157762063
1989,30,Medical supplies,Health,0.2560447460095642,0.4086551055692356,-0.15261035955967145
1990,30,Medical supplies,Health,0.2397229586310284,0.32875854511297814,-0.08903558648194973
1991,30,Medical supplies,Health,0.2801158530982744,0.3683057933505873,-0.08818994025231286
1992,30,Medical supplies,Health,0.2722570483446834,0.31894013738959764,-0.04668308904491425
1993,30,Medical supplies,Health,0.2703489030334502,0.2916443882758956,-0.0212954852424454
1994,30,Medical supplies,Health,0.23894832039619143,0.23334553440702785,0.005602785989163583
1995,30,Medical supplies,Health,0.24141706975822624,0.2506265664160401,-0.009209496657813843
1996,30,Medical supplies,Health,0.24195987177167788,0.31808803301237965,-0.07612816124070176
1997,30,Medical supplies,Health,0.2873273832916847,0.2814569536423841,0.005870429649300624
1998,30,Medical supplies,Health,0.25235363476884315,0.2674121794092622,-0.015058544640419058
1999,30,Medical supplies,Health,0.24617441683825364,0.2980452874008129,-0.051870870562559235
2000,30,Medical supplies,Health,0.213403493243136,0.24506107676066957,-0.03165758351753356
2001,30,Medical supplies,Health,0.19592885599131987,0.26121027427078797,-0.0652814182794681
2002,30,Medical supplies,Health,0.20495824168389212,0.25849722290145666,-0.053538981217564535
2003,30,Medical supplies,Health,0.22465310054448223,0.24401621990167585,-0.01936311935719362
2004,30,Medical supplies,Health,0.21349662532634264,0.25594149908592323,-0.04244487375958059
2005,30,Medical supplies,Health,0.19287211818350877,0.21872820642870727,-0.0258560882451985
2006,30,Medical supplies,Health,0.21174149428882216,0.21766626467041209,-0.005924770381589922
2007,30,Medical supplies,Health,0.21043458035400855,0.20372526193247964,0.006709318421528915
2008,30,Medical supplies,Health,0.2022397511359946,0.21259708600260785,-0.01035733486661325
2009,30,Medical supplies,Health,0.1900945616860528,0.2177068214804064,-0.02761225979435361
2010,30,Medical supplies,Health,0.22764008559572263,0.24078210669838415,-0.013142021102661522
2011,30,Medical supplies,Health,0.2071890741079887,0.2828418605953681,-0.07565278648737939
2012,30,Medical supplies,Health,0.25861690051861386,0.2766098694401416,-0.01799296892152774
2013,30,Medical supplies,Health,0.2119314878661396,0.25921738411052586,-0.047285896244386255
2014,30,Medical supplies,Health,0.2237943181027563,0.2758913412563667,-0.05209702315361042
2015,30,Medical supplies,Health,0.20635862195306803,0.2596467775521222,-0.05328815559905414
2016,30,Medical supplies,Health,0.2133528079963462,0.2587511594981204,-0.04539835150177418
2017,30,Medical supplies,Health,0.2057973196860937,0.24665932276450023,-0.04086200307840654
2018,30,Medical supplies,Health,0.2028883491639582,0.28133717906283984,-0.07844882989888163
2019,30,Medical supplies,Health,0.20352666409173495,0.3343505968943542,-0.13082393280261925
2020,30,Medical supplies,Health,0.2081115189544291,0.267367764359877,-0.05925624540544794
2021,30,Medical supplies,Health,0.21798357297673468,0.28477592084476594,-0.06679234786803126
2022,30,Medical supplies,Health,0.23058092556218157,0.28051568774377006,-0.04993476218158849
2023,30,Medical supplies,Health,0.2958118243730484,0.3016753757474546,-0.005863551374406195
2024,30,Medical supplies,Health,0.21836313820394948,0.24387226748193047,-0.02550912927798099
1988,31,Fees and admissions,Entertainment,1.3747962870078458,1.3648264720628378,0.009969814945008038
1989,31,Fees and admissions,Entertainment,1.3819029003248386,1.2993136689893643,0.08258923133547436
1990,31,Fees and admissions,Entertainment,1.3300726568965102,1.231539946772426,0.09853271012408427
1991,31,Fees and admissions,Entertainment,1.2856115349477542,1.189528170416086,0.0960833645316681
1992,31,Fees and admissions,Entertainment,1.331798663325823,1.167811579980373,0.16398708334544998
1993,31,Fees and admissions,Entertainment,1.4013945352050907,1.2783745686093424,0.12301996659574832
1994,31,Fees and admissions,Entertainment,1.44321618482305,1.2765373352855052,0.16667884953754486
1995,31,Fees and admissions,Entertainment,1.3977129491798128,1.1904761904761905,0.20723675870362235
1996,31,Fees and admissions,Entertainment,1.4338071727445831,1.203576341127923,0.23023083161666014
1997,31,Fees and admissions,Entertainment,1.476951423957209,1.2541390728476822,0.2228123511095268
1998,31,Fees and admissions,Entertainment,1.2828091914073236,1.170941209837527,0.11186798156979672
1999,31,Fees and admissions,Entertainment,1.2581010067806695,1.1186375072575965,0.13946349952307302
2000,31,Fees and admissions,Entertainment,1.5666962617552578,1.097119589805459,0.4695766719497987
2001,31,Fees and admissions,Entertainment,1.4404008892172582,1.1355391089827311,0.30486178023452704
2002,31,Fees and admissions,Entertainment,1.4860240635083324,1.1597442973416705,0.3262797661666619
2003,31,Fees and admissions,Entertainment,1.4287977579619051,0.9652994581404528,0.4634982998214523
2004,31,Fees and admissions,Entertainment,1.3321707118971762,1.0370616586338708,0.2951090532633054
2005,31,Fees and admissions,Entertainment,1.418041808298676,1.0873010841311102,0.33074072416756595
2006,31,Fees and admissions,Entertainment,1.3944393896408238,1.0647998352795836,0.32963955436124026
2007,31,Fees and admissions,Entertainment,1.5490322292842975,0.9720605355064028,0.5769716937778947
2008,31,Fees and admissions,Entertainment,1.4970557982587405,0.946765689664947,0.5502901085937935
2009,31,Fees and admissions,Entertainment,1.5466130168815335,0.9927431059506532,0.5538699109308803
2010,31,Fees and admissions,Entertainment,1.553747520153222,0.8760987496736388,0.6776487704795833
2011,31,Fees and admissions,Entertainment,1.4553246150634462,0.8793301408608474,0.5759944742025989
2012,31,Fees and admissions,Entertainment,1.535879681532304,0.8796193848196504,0.6562602967126535
2013,31,Fees and admissions,Entertainment,1.372139925988281,0.8631387364531341,0.5090011895351468
2014,31,Fees and admissions,Entertainment,1.4956425591670452,0.9178692699490664,0.5777732892179789
2015,31,Fees and admissions,Entertainment,1.399133200600261,0.835497056479601,0.56363614412066
2016,31,Fees and admissions,Entertainment,1.4692846018755086,0.9153932529414636,0.553891348934045
2017,31,Fees and admissions,Entertainment,1.5372232632272145,0.9650845346999376,0.5721387285272769
2018,31,Fees and admissions,Entertainment,1.594388793515546,0.922029410374013,0.6723593831415331
2019,31,Fees and admissions,Entertainment,1.6052074279269333,0.8123148729916525,0.7928925549352808
2020,31,Fees and admissions,Entertainment,0.9560006769696934,0.4121919700548104,0.5438087069148829
2021,31,Fees and admissions,Entertainment,1.3634113884447343,0.6963498794379314,0.6670615090068029
2022,31,Fees and admissions,Entertainment,1.4950214016916352,0.8357830422502738,0.6592383594413614
2023,31,Fees and admissions,Entertainment,1.6557299610117535,0.8493598376699169,0.8063701233418367
2024,31,Fees and admissions,Entertainment,1.492481926251958,0.8676904589393324,0.6247914673126256
1988,32,Audio and visual equipment and services,Entertainment,1.6832399953395416,1.7269232911815495,-0.04368329584200792
1989,32,Audio and visual equipment and services,Entertainment,1.6123737417995048,1.6450987583171792,-0.032725016517674455
1990,32,Audio and visual equipment and services,Entertainment,1.64174351878043,1.7064134008245055,-0.06466988204407564
1991,32,Audio and visual equipment and services,Entertainment,1.591851288349011,1.7917579135974515,-0.1999066252484405
1992,32,Audio and visual equipment and services,Entertainment,1.6888875309338482,1.800785083415113,-0.11189755248126465
1993,32,Audio and visual equipment and services,Entertainment,2.223134699770826,1.924852962620911,0.2982817371499151
1994,32,Audio and visual equipment and services,Entertainment,1.7220128291524304,1.8530380673499267,-0.13102523819749634
1995,32,Audio and visual equipment and services,Entertainment,1.6640413853912366,1.9199785177228783,-0.2559371323316417
1996,32,Audio and visual equipment and services,Entertainment,1.6722748361955668,1.8182599724896835,-0.1459851362941167
1997,32,Audio and visual equipment and services,Entertainment,1.6468048746441606,1.8253311258278144,-0.17852625118365384
1998,32,Audio and visual equipment and services,Entertainment,1.444119528399623,1.5963696770795348,-0.1522501486799117
1999,32,Audio and visual equipment and services,Entertainment,1.630218152802926,1.8734275208051097,-0.24320936800218362
2000,32,Audio and visual equipment and services,Entertainment,1.6400818546394478,1.8473835017342783,-0.20730164709483057
2001,32,Audio and visual equipment and services,Entertainment,1.675379216113198,1.8647511246553476,-0.1893719085421497
2002,32,Audio and visual equipment and services,Entertainment,1.647471246211691,1.9037971146120796,-0.2563258684003886
2003,32,Audio and visual equipment and services,Entertainment,1.7681912492583145,2.009545340366742,-0.24135409110842754
2004,32,Audio and visual equipment and services,Entertainment,1.7892117108421446,2.027588499252119,-0.23837678840997434
2005,32,Audio and visual equipment and services,Entertainment,1.869730876304134,2.149242376212515,-0.279511499908381
2006,32,Audio and visual equipment and services,Entertainment,1.8115866156979663,2.0766538223960938,-0.26506720669812744
2007,32,Audio and visual equipment and services,Entertainment,1.95875807490915,2.1885913853317813,-0.22983331042263133
2008,32,Audio and visual equipment and services,Entertainment,1.9480683335631237,2.3102216678950054,-0.3621533343318817
2009,32,Audio and visual equipment and services,Entertainment,1.864052487671615,2.1770682148040637,-0.31301572713244874
2010,32,Audio and visual equipment and services,Entertainment,1.806749664163671,2.227959734269386,-0.4212100701057149
2011,32,Audio and visual equipment and services,Entertainment,1.87506517311816,2.1647203786160354,-0.2896552054978754
2012,32,Audio and visual equipment and services,Entertainment,1.7668840031692203,2.1298959946890905,-0.3630119915198702
2013,32,Audio and visual equipment and services,Entertainment,1.732432295551168,2.18680197446433,-0.45436967891316216
2014,32,Audio and visual equipment and services,Entertainment,1.7339334869880496,2.3583404074702887,-0.6244069204822391
2015,32,Audio and visual equipment and services,Entertainment,1.71798249131923,2.285405794493432,-0.5674233031742018
2016,32,Audio and visual equipment and services,Entertainment,1.6916733766685847,2.160328076941854,-0.4686547002732693
2017,32,Audio and visual equipment and services,Entertainment,1.4593688151666473,1.8846688059772976,-0.4252999908106503
2018,32,Audio and visual equipment and services,Entertainment,1.4837272993544213,1.9078916260816112,-0.42416432672718996
2019,32,Audio and visual equipment and services,Entertainment,1.353125649548418,1.855758010950543,-0.5026323614021249
2020,32,Audio and visual equipment and services,Entertainment,1.3457931128173704,1.951784679827102,-0.6059915670097316
2021,32,Audio and visual equipment and services,Entertainment,1.2840777442059388,1.758543277625343,-0.4744655334194041
2022,32,Audio and visual equipment and services,Entertainment,1.1832147033533411,1.6408246392683536,-0.45760993591501253
2023,32,Audio and visual equipment and services,Entertainment,1.0550985473005414,1.4437321553628184,-0.388633608062277
2024,32,Audio and visual equipment and services,Entertainment,0.9630470407924216,1.4278897980101437,-0.46484275721772206
1988,33,"Pets, toys, hobbies, and playground equipment",Entertainment,1.0279667884497954,0.707481477355022,0.3204853110947734
1989,33,"Pets, toys, hobbies, and playground equipment",Entertainment,1.017873202253235,0.7334835228165767,0.2843896794366584
1990,33,"Pets, toys, hobbies, and playground equipment",Entertainment,1.0279510629335058,0.9288733496842876,0.09907771324921821
1991,33,"Pets, toys, hobbies, and playground equipment",Entertainment,1.0370092537106903,0.7814055345411108,0.25560371916957947
1992,33,"Pets, toys, hobbies, and playground equipment",Entertainment,1.018227017486932,0.8194308145240432,0.1987962029628887
1993,33,"Pets, toys, hobbies, and playground equipment",Entertainment,1.0026338552832592,0.8652116852184902,0.13742217006476898
1994,33,"Pets, toys, hobbies, and playground equipment",Entertainment,1.02767184609163,0.8098462664714495,0.21782557962018056
1995,33,"Pets, toys, hobbies, and playground equipment",Entertainment,1.0981484714158485,0.8950948800572861,0.20305359135856238
1996,33,"Pets, toys, hobbies, and playground equipment",Entertainment,0.9770992035860891,0.8468019257221459,0.1302972778639433
1997,33,"Pets, toys, hobbies, and playground equipment",Entertainment,0.9633256224882232,0.8029801324503312,0.160345490037892
1998,33,"Pets, toys, hobbies, and playground equipment",Entertainment,0.9744199710006272,0.8143916372918439,0.16002833370878322
1999,33,"Pets, toys, hobbies, and playground equipment",Entertainment,1.0149447694572868,0.8747822721114766,0.1401624973458102
2000,33,"Pets, toys, hobbies, and playground equipment",Entertainment,0.9244273897525138,0.7955059568692505,0.1289214328832633
2001,33,"Pets, toys, hobbies, and playground equipment",Entertainment,0.8749293264672665,0.8416775504280947,0.03325177603917184
2002,33,"Pets, toys, hobbies, and playground equipment",Entertainment,0.9361520386281084,0.8278897544276382,0.10826228420047013
2003,33,"Pets, toys, hobbies, and playground equipment",Entertainment,0.9212788803662804,0.8109950837908637,0.11028379657541665
2004,33,"Pets, toys, hobbies, and playground equipment",Entertainment,0.8833290663504106,0.8442745554262922,0.03905451092411849
2005,33,"Pets, toys, hobbies, and playground equipment",Entertainment,0.8738587307556572,0.8971026437583212,-0.02324391300266393
2006,33,"Pets, toys, hobbies, and playground equipment",Entertainment,0.8352475452928434,0.8294849545548136,0.00576259073802976
2007,33,"Pets, toys, hobbies, and playground equipment",Entertainment,1.11494974031239,1.079743888242142,0.03520585207024807
2008,33,"Pets, toys, hobbies, and playground equipment",Entertainment,1.2109576660743862,1.329440444469641,-0.1184827783952549
2009,33,"Pets, toys, hobbies, and playground equipment",Entertainment,1.394016209170844,1.3730043541364296,0.021011855034414273
2010,33,"Pets, toys, hobbies, and playground equipment",Entertainment,1.164772447800802,1.308346146035798,-0.143573698234996
2011,33,"Pets, toys, hobbies, and playground equipment",Entertainment,1.106484828707709,1.349799770366014,-0.24331494165830514
2012,33,"Pets, toys, hobbies, and playground equipment",Entertainment,1.2358047894979192,1.2115512281478202,0.02425356135009893
2013,33,"Pets, toys, hobbies, and playground equipment",Entertainment,1.0663126379403784,1.2988445522984862,-0.23253191435810772
2014,33,"Pets, toys, hobbies, and playground equipment",Entertainment,1.1994002419500285,1.1062181663837012,0.0931820755663273
2015,33,"Pets, toys, hobbies, and playground equipment",Entertainment,1.067548279926336,1.1696958790714411,-0.10214759914510507
2016,33,"Pets, toys, hobbies, and playground equipment",Entertainment,1.1741580006528385,1.3816335497729826,-0.2074755491201441
2017,33,"Pets, toys, hobbies, and playground equipment",Entertainment,1.1657135019938163,1.3386656449063652,-0.1729521429125489
2018,33,"Pets, toys, hobbies, and playground equipment",Entertainment,1.1963449685706995,1.31211877630148,-0.11577380773078061
2019,33,"Pets, toys, hobbies, and playground equipment",Entertainment,1.1999450043429123,1.3620859886904229,-0.16214098434751056
2020,33,"Pets, toys, hobbies, and playground equipment",Entertainment,1.66561434168309,1.160821710262466,0.5047926314206239
2021,33,"Pets, toys, hobbies, and playground equipment",Entertainment,1.3143380204578765,1.4384301987195476,-0.12409217826167107
2022,33,"Pets, toys, hobbies, and playground equipment",Entertainment,1.2146045891210953,1.2219724479797107,-0.007367858858615461
2023,33,"Pets, toys, hobbies, and playground equipment",Entertainment,1.2235521678256749,1.5263337463412885,-0.3027815785156136
2024,33,"Pets, toys, hobbies, and playground equipment",Entertainment,1.4111070414731368,1.2175941470655804,0.19351289440755637
1988,34,"Other entertainment supplies, equipment, services",Entertainment,1.4507156488421846,1.0472954152971978,0.4034202335449868
1989,34,"Other entertainment supplies, equipment, services",Entertainment,1.7833208840288994,0.7701576989574056,1.0131631850714937
1990,34,"Other entertainment supplies, equipment, services",Entertainment,1.1090420529770262,0.8140687783749935,0.2949732746020327
1991,34,"Other entertainment supplies, equipment, services",Entertainment,1.1371704231680528,0.9257415886920168,0.211428834476036
1992,34,"Other entertainment supplies, equipment, services",Entertainment,1.5606857887436203,0.6133464180569186,0.9473393706867017
1993,34,"Other entertainment supplies, equipment, services",Entertainment,1.071011752774218,0.8360472463909007,0.23496450638331734
1994,34,"Other entertainment supplies, equipment, services",Entertainment,0.9347654164379908,0.8418740849194729,0.09289133151851792
1995,34,"Other entertainment supplies, equipment, services",Entertainment,0.955014783533906,0.9219477264590048,0.03306705707490121
1996,34,"Other entertainment supplies, equipment, services",Entertainment,1.2500858916030717,1.233665749656121,0.01642014194695074
1997,34,"Other entertainment supplies, equipment, services",Entertainment,1.2734001880995718,0.8236754966887417,0.44972469141083005
1998,34,"Other entertainment supplies, equipment, services",Entertainment,1.230031455904402,1.2357684048458328,-0.005736948941430731
1999,34,"Other entertainment supplies, equipment, services",Entertainment,1.476827877931306,0.7509192955293207,0.7259085824019853
2000,34,"Other entertainment supplies, equipment, services",Entertainment,1.1728740343642563,0.8256673201628714,0.34720671420138494
2001,34,"Other entertainment supplies, equipment, services",Entertainment,1.1394171175165917,0.8453054709040778,0.2941116466125139
2002,34,"Other entertainment supplies, equipment, services",Entertainment,1.372367961776556,0.9676179830230204,0.4047499787535357
2003,34,"Other entertainment supplies, equipment, services",Entertainment,0.9662484040380926,0.8145835576129472,0.15166484642514544
2004,34,"Other entertainment supplies, equipment, services",Entertainment,0.999867939454307,0.8442745554262922,0.15559338402801481
2005,34,"Other entertainment supplies, equipment, services",Entertainment,1.0749550268855894,0.7132441513979585,0.3617108754876309
2006,34,"Other entertainment supplies, equipment, services",Entertainment,0.9354612859204962,0.7059446421743095,0.22951664374618663
2007,34,"Other entertainment supplies, equipment, services",Entertainment,1.0107679471491433,0.8818393480791619,0.12892859906998144
2008,34,"Other entertainment supplies, equipment, services",Entertainment,1.034723145254945,0.6292873745677192,0.4054357706872258
2009,34,"Other entertainment supplies, equipment, services",Entertainment,1.002201720006802,0.5137880986937591,0.488413621313043
2010,34,"Other entertainment supplies, equipment, services",Entertainment,0.7662229545313214,0.5279800411940472,0.2382429133372742
2011,34,"Other entertainment supplies, equipment, services",Entertainment,0.678775067093486,0.4984737741185695,0.18030129297491648
2012,34,"Other entertainment supplies, equipment, services",Entertainment,0.816080762118595,0.4508740871874308,0.3652066749311642
2013,34,"Other entertainment supplies, equipment, services",Entertainment,0.7854347315787187,0.5597992444089016,0.22563548716981707
2014,34,"Other entertainment supplies, equipment, services",Entertainment,0.760681232879616,0.4907682512733446,0.26991298160627136
2015,34,"Other entertainment supplies, equipment, services",Entertainment,0.6254769620996307,0.6092701611866629,0.016206800912967778
2016,34,"Other entertainment supplies, equipment, services",Entertainment,0.712993445486919,0.5175023189962408,0.19549112649067824
2017,34,"Other entertainment supplies, equipment, services",Entertainment,1.0579191140888449,0.601082427319316,0.4568366867695288
2018,34,"Other entertainment supplies, equipment, services",Entertainment,0.679207497441645,0.7423518842498463,-0.06314438680820134
2019,34,"Other entertainment supplies, equipment, services",Entertainment,0.6581827318488124,0.44430482003410826,0.2138779118147041
2020,34,"Other entertainment supplies, equipment, services",Entertainment,0.8601679384198537,0.9669800811015552,-0.10681214268170147
2021,34,"Other entertainment supplies, equipment, services",Entertainment,1.6454100240555545,0.6381475014550595,1.007262522600495
2022,34,"Other entertainment supplies, equipment, services",Entertainment,1.1101584999965377,0.6148289046438796,0.4953295953526581
2023,34,"Other entertainment supplies, equipment, services",Entertainment,0.8328830456600346,0.7003178365565911,0.1325652091034435
2024,34,"Other entertainment supplies, equipment, services",Entertainment,0.7473873324097805,0.7581246576068709,-0.010737325197090364
1988,35,Personal care products and services,Personal care,1.310982611772278,1.292407108239095,0.018575503533182935
1989,35,Personal care products and services,Personal care,1.269078999334067,1.388379525331377,-0.11930052599731011
1990,35,Personal care products and services,Personal care,1.293186100384787,1.2002296091426186,0.09295649124216854
1991,35,Personal care products and services,Personal care,1.3384782268463595,1.3537726458291857,-0.01529441898282613
1992,35,Personal care products and services,Personal care,1.2699873929648675,1.2561334641805693,0.013853928784298253
1993,35,Personal care products and services,Personal care,1.231364025494078,1.1908812521265737,0.04048277336750439
1994,35,Personal care products and services,Personal care,1.2316685543618755,1.2445095168374818,-0.012840962475606288
1995,35,Personal care products and services,Personal care,1.1964408045556798,1.3157894736842106,-0.11934866912853082
1996,35,Personal care products and services,Personal care,1.5449112053598175,1.478679504814305,0.06623170054551242
1997,35,Personal care products and services,Personal care,1.4746383640294605,1.5355960264900663,-0.060957662460605855
1998,35,Personal care products and services,Personal care,1.0801406816674923,1.1911997082776224,-0.11105902661013012
1999,35,Personal care products and services,Personal care,1.0843594290575014,1.15734468743952,-0.07298525838201853
2000,35,Personal care products and services,Personal care,1.4899743309201208,1.4967576534459357,-0.006783322525814928
2001,35,Personal care products and services,Personal care,1.1636319348087003,1.2588884051661589,-0.09525647035745854
2002,35,Personal care products and services,Personal care,1.2498633053256674,1.3239249659412442,-0.07406166061557684
2003,35,Personal care products and services,Personal care,1.266348169616591,1.3241468403487997,-0.05779867073220868
2004,35,Personal care products and services,Personal care,1.2717198768703903,1.4359315273392057,-0.16421165046881536
2005,35,Personal care products and services,Personal care,1.1287020801208172,1.2172700183858491,-0.08856793826503195
2006,35,Personal care products and services,Personal care,1.20147818027135,1.2059887637144453,-0.004510583443095406
2007,35,Personal care products and services,Personal care,1.140949557904739,1.2165308498253784,-0.07558129192063934
2008,35,Personal care products and services,Personal care,1.240970340607573,1.2103860763081806,0.030584264299392316
2009,35,Personal care products and services,Personal care,1.2023818814469964,1.204644412191582,-0.0022625307445856002
2010,35,Personal care products and services,Personal care,1.2079999841668962,1.23582141510255,-0.0278214309356537
2011,35,Personal care products and services,Personal care,1.289690876562068,1.2433840208350837,0.04630685572698434
2012,35,Personal care products and services,Personal care,1.1671830444029825,1.255808807258243,-0.08862576285526047
2013,35,Personal care products and services,Personal care,1.1303016112624518,1.2078427046852165,-0.07754109342276472
2014,35,Personal care products and services,Personal care,1.1597585938551929,1.2096774193548387,-0.04991882549964588
2015,35,Personal care products and services,Personal care,1.1808857719383703,1.2416771639373765,-0.060791391999006184
2016,35,Personal care products and services,Personal care,1.204243128259352,1.2302885319533272,-0.026045403693975233
2017,35,Personal care products and services,Personal care,1.293621025402289,1.3099286364289475,-0.016307611026658453
2018,35,Personal care products and services,Personal care,1.22120955343295,1.333396378079342,-0.11218682464639218
2019,35,Personal care products and services,Personal care,1.1898689817006742,1.2813032941387668,-0.09143431243809252
2020,35,Personal care products and services,Personal care,1.0182739636054925,1.0650149280335102,-0.04674096442801767
2021,35,Personal care products and services,Personal care,1.148582380508368,1.1515756215182509,-0.002993241009882963
2022,35,Personal care products and services,Personal care,1.136888812204889,1.241185851249832,-0.10429703904494292
2023,35,Personal care products and services,Personal care,1.2026459777217318,1.2174756235522275,-0.01482964583049573
2024,35,Personal care products and services,Personal care,1.2362282320553055,1.237033240850372,-8.050087950663976e-4
1988,36,Reading,Reading,0.5162324369454799,0.6517742744136817,-0.1355418374682018
1989,36,Reading,Reading,0.4978968213671275,0.6287001624142087,-0.1308033410470812
1990,36,Reading,Reading,0.4865000370790191,0.5948964149663414,-0.10839637788732226
1991,36,Reading,Reading,0.49038046958130543,0.6022297431813657,-0.11184927360006025
1992,36,Reading,Reading,0.4676036818313584,0.6182531894013739,-0.15064950757001544
1993,36,Reading,Reading,0.4592173057858063,0.636756914402372,-0.17753960861656576
1994,36,Reading,Reading,0.4465744431187024,0.5948023426061494,-0.14822789948744697
1995,36,Reading,Reading,0.4432143551771565,0.54600787683494445,-0.10279352165778793
1996,36,Reading,Reading,0.3998486703283916,0.515818431911967,-0.11596976158357536
1997,36,Reading,Reading,0.3965436579426153,0.5132450331125827,-0.11670137516996743
1998,36,Reading,Reading,0.38098876765565826,0.49430736193833313,-0.11331859428267488
1999,36,Reading,Reading,0.3705354760742247,0.46835688020127736,-0.09782140412705265
2000,36,Reading,Reading,0.32166939000595346,0.4297994269340974,-0.10813003692814394
2001,36,Reading,Reading,0.2856493127965047,0.391815411406182,-0.1061660986096773
2002,36,Reading,Reading,0.2817502720645545,0.3737730114926468,-0.0920227394280923
2003,36,Reading,Reading,0.2526451480056825,0.3409050130979295,-0.08825986509224698
2004,36,Reading,Reading,0.2471309196326141,0.32241981053681235,-0.07528889090419824
2005,36,Reading,Reading,0.22129467625600263,0.31382742661510177,-0.09253275035909914
2006,36,Reading,Reading,0.19783238316448987,0.2588463687972468,-0.06101398563275695
2007,36,Reading,Reading,0.19375080292171484,0.2648428405122235,-0.07109203759050867
2008,36,Reading,Reading,0.1841799133336399,0.2494472475763932,-0.0652673342427533
2009,36,Reading,Reading,0.17190646096714468,0.24963715529753264,-0.07773069433038796
2010,36,Reading,Reading,0.15981046313470318,0.2291781497490644,-0.06936768661436121
2011,36,Reading,Reading,0.18351775391983957,0.2464364725979445,-0.06291871867810492
2012,36,Reading,Reading,0.16841241770891763,0.2185217968577119,-0.050109379148794264
2013,36,Reading,Reading,0.15435563584550027,0.2040647491933927,-0.049709113347892436
2014,36,Reading,Reading,0.1508064596833515,0.20426570458404075,-0.05345924490068926
2015,36,Reading,Reading,0.1607854792222672,0.20566081390267105,-0.04487533468040383
2016,36,Reading,Reading,0.14539154956620012,0.23189962407850412,-0.086508074512304
2017,36,Reading,Reading,0.15712282480327833,0.1891853058096652,-0.03206248100638687
2018,36,Reading,Reading,0.1501062095568644,0.19386259397607453,-0.04375638441921012
2019,36,Reading,Reading,0.09770599241379264,0.16605331657840408,-0.06834732416461144
2020,36,Reading,Reading,0.13368100308177125,0.21612227619090055,-0.0824412731091293
2021,36,Reading,Reading,0.11928553648574346,0.18292175937474017,-0.06363622288899672
2022,36,Reading,Reading,0.1353261245696637,0.186370011720176,-0.05104388715051231
2023,36,Reading,Reading,0.12625438010461126,0.17777298927975005,-0.051518609175138785
2024,36,Reading,Reading,0.1618966727332756,0.1413752275257568,0.020521445207518807
1988,37,Education,Education,1.5890120573673074,1.431675115592446,0.15733694177486135
1989,37,Education,Education,1.5639390047087534,1.5665112380154032,-0.002572233306649796
1990,37,Education,Education,1.710011475580484,1.5655168814903722,0.1444945940901119
1991,37,Education,Education,1.766141742305414,1.6723073860242883,0.09383435628112569
1992,37,Education,Education,1.740136305267196,1.5897939156035328,0.1503423896636633
1993,37,Education,Education,1.7982135967334008,1.5408545180576485,0.25735907867575225
1994,37,Education,Education,1.7409782744186757,1.404648609077599,0.3363296653410768
1995,37,Education,Education,1.8034021156878308,1.3426423200859292,0.4607597956019016
1996,37,Education,Education,1.782883986258851,1.6506189821182944,0.13226500414055664
1997,37,Education,Education,1.982572170046789,1.7549668874172186,0.22760528262957047
1998,37,Education,Education,1.972097987607195,1.6530934727118023,0.3190045148953926
1999,37,Education,Education,2.106850529828392,1.6411844397135669,0.46566609011482507
2000,37,Education,Education,2.0254180993276374,1.6890363444427687,0.33638175488486866
2001,37,Education,Education,2.015973092240358,1.7196343056160208,0.296338786624337
2002,37,Education,Education,2.268612916920095,1.9666748174800015,0.30193809944009353
2003,37,Education,Education,2.5019127679031423,1.8229447016184015,0.6789680662847408
2004,37,Education,Education,2.4123916853827017,2.1040385574206417,0.30835312796205994
2005,37,Education,Education,2.578942037835935,1.7720154694731505,0.8069265683627844
2006,37,Education,Education,2.5355165867843517,1.5001323646204077,1.035384222163944
2007,37,Education,Education,2.3346910193269226,1.7927823050058207,0.5419087143211019
2008,37,Education,Education,2.6372595307251783,1.9303815409036793,0.706877989821499
2009,37,Education,Education,2.9970060805025907,1.79100145137881,1.2060046291237807
2010,37,Education,Education,2.8579084933929697,2.1264251109628383,0.7314833824301314
2011,37,Education,Education,2.587245759161686,2.234730740149542,0.3525150190121442
2012,37,Education,Education,3.1995966637211715,2.0026554547466255,1.196941208974546
2013,37,Education,Education,2.9515857872845412,2.131649339547197,0.8199364477373443
2014,37,Education,Education,2.856876580795557,2.2999787775891343,0.5568978032064229
2015,37,Education,Education,3.047679883654622,2.151726265456696,0.8959536181979257
2016,37,Education,Education,2.88087419798465,2.0285114485182834,0.8523627494663666
2017,37,Education,Education,3.278335042419628,1.9038268116289097,1.3745082307907184
2018,37,Education,Education,3.03644004290473,1.9291692278594732,1.1072708150452566
2019,37,Education,Education,2.8603705564700816,2.008347545103671,0.8520230113664105
2020,37,Education,Education,2.929707950651428,1.8158727329441648,1.113835217707263
2021,37,Education,Education,2.544095053321096,1.4030930406585185,1.1410020126625775
2022,37,Education,Education,2.4223177662475144,1.3929717370837895,1.0293460291637249
2023,37,Education,Education,2.8299751202999355,1.6322792652049776,1.197695855094958
2024,37,Education,Education,2.763196981115372,1.5409899800307492,1.2222070010846227
1988,38,Tobacco products and smoking supplies,Tobacco,0.8827271644398454,1.080719737062002,-0.19799257262215664
1989,38,Tobacco products and smoking supplies,Tobacco,0.8540741865501723,1.1945303085869965,-0.3404561220368242
1990,38,Tobacco products and smoking supplies,Tobacco,0.8916244016770406,1.1480457130929396,-0.25642131141589897
1991,38,Tobacco products and smoking supplies,Tobacco,0.897815096737388,1.0999402747362137,-0.20212517799882568
1992,38,Tobacco products and smoking supplies,Tobacco,0.8122309115134175,1.1874386653581943,-0.3752077538447768
1993,38,Tobacco products and smoking supplies,Tobacco,0.7916517221984231,1.1471345938851891,-0.35548287168676607
1994,38,Tobacco products and smoking supplies,Tobacco,0.7501560253395013,1.0294655929721817,-0.27930956763268033
1995,38,Tobacco products and smoking supplies,Tobacco,0.7303156903282328,1.069638381668457,-0.3393226913402241
1996,38,Tobacco products and smoking supplies,Tobacco,0.6531715094452346,0.9886519944979368,-0.3354804850527022
1997,38,Tobacco products and smoking supplies,Tobacco,0.645818576053727,0.9850993377483444,-0.3392807616946174
1998,38,Tobacco products and smoking supplies,Tobacco,0.6537391730819636,1.0331834204448769,-0.37944424736291327
1999,38,Tobacco products and smoking supplies,Tobacco,0.6895537458867649,1.0799303270756726,-0.3903765811889077
2000,38,Tobacco products and smoking supplies,Tobacco,0.7058062629304469,1.100889760217162,-0.395083497286715
2001,38,Tobacco products and smoking supplies,Tobacco,0.6455176274731008,1.0629806994630675,-0.4174630719899667
2002,38,Tobacco products and smoking supplies,Tobacco,0.6245010276388469,1.0863869773290948,-0.461885949690248
2003,38,Tobacco products and smoking supplies,Tobacco,0.5436086952368003,1.0263035131158718,-0.4826948178790714
2004,38,Tobacco products and smoking supplies,Tobacco,0.5691148435052018,0.9107528668771812,-0.34163802337197935
2005,38,Tobacco products and smoking supplies,Tobacco,0.5247754645791304,1.020731630000634,-0.49595616542150356
2006,38,Tobacco products and smoking supplies,Tobacco,0.4860958896895633,0.9706738829896756,-0.4845779933001123
2007,38,Tobacco products and smoking supplies,Tobacco,0.482002100031357,0.9633294528521535,-0.48132735282079653
2008,38,Tobacco products and smoking supplies,Tobacco,0.469193372338187,0.8900731333975849,-0.4208797610593979
2009,38,Tobacco products and smoking supplies,Tobacco,0.5673341561254279,1.1291727140783745,-0.5618385579529466
2010,38,Tobacco products and smoking supplies,Tobacco,0.5352863253807801,1.093672942473383,-0.558386617092603
2011,38,Tobacco products and smoking supplies,Tobacco,0.504409759595339,1.0193508639278612,-0.5149411043325223
2012,38,Tobacco products and smoking supplies,Tobacco,0.4571719755449012,0.9957955299845098,-0.5386235544396086
2013,38,Tobacco products and smoking supplies,Tobacco,0.43708355764459994,0.9624134793039736,-0.5253299216593736
2014,38,Tobacco products and smoking supplies,Tobacco,0.41079853080202783,0.862160441426146,-0.4513619106241182
2015,38,Tobacco products and smoking supplies,Tobacco,0.4383733997213175,0.9588935448212036,-0.5205201450998861
2016,38,Tobacco products and smoking supplies,Tobacco,0.44221893073213303,0.8348386466826149,-0.39261971595048184
2017,38,Tobacco products and smoking supplies,Tobacco,0.4269711137905059,0.7950572345418842,-0.36808612075137825
2018,38,Tobacco products and smoking supplies,Tobacco,0.39233065693582136,0.9078443425221052,-0.5155136855862839
2019,38,Tobacco products and smoking supplies,Tobacco,0.35700131536923935,0.7427519971277264,-0.3857506817584871
2020,38,Tobacco products and smoking supplies,Tobacco,0.3402933200977708,0.7530858696136535,-0.41279254951588273
2021,38,Tobacco products and smoking supplies,Tobacco,0.32167718262414924,0.76702419555999,-0.4453470129358408
2022,38,Tobacco products and smoking supplies,Tobacco,0.3329524413637101,0.7377946855726555,-0.4048422442089454
2023,38,Tobacco products and smoking supplies,Tobacco,0.29709488899901904,0.7272531379626138,-0.4301582489635948
2024,38,Tobacco products and smoking supplies,Tobacco,0.28449894072311976,0.6679979500592009,-0.38349900933608116
1988,39,Miscellaneous,Miscellaneous,2.131288706174717,2.5402484541251185,-0.40895974795040146
1989,39,Miscellaneous,Miscellaneous,2.130447491042059,2.808194058783465,-0.6777465677414058
1990,39,Miscellaneous,Miscellaneous,2.723946436078017,3.418045191253979,-0.6940987551759621
1991,39,Miscellaneous,Miscellaneous,2.7639310019954415,3.1057137169022497,-0.3417827149068082
1992,39,Miscellaneous,Miscellaneous,2.4326796594158977,2.944062806673209,-0.5113831472573112
1993,39,Miscellaneous,Miscellaneous,2.137360008951836,2.692849851747436,-0.5554898427956001
1994,39,Miscellaneous,Miscellaneous,2.122938904226959,2.8779282576866763,-0.7549893534597172
1995,39,Miscellaneous,Miscellaneous,1.8751673793041088,3.316326530612245,-1.441159151308136
1996,39,Miscellaneous,Miscellaneous,2.009088808036807,3.1636863823933976,-1.1545975743565906
1997,39,Miscellaneous,Miscellaneous,2.229462211133651,2.8932119205298013,-0.6637497093961504
1998,39,Miscellaneous,Miscellaneous,2.0740487929623,2.91317207568575,-0.8391232827234498
1999,39,Miscellaneous,Miscellaneous,2.1757142494828803,2.655312560479969,-0.4795983109970887
2000,39,Miscellaneous,Miscellaneous,1.7741855412810774,2.322424973608807,-0.5482394323277298
2001,39,Miscellaneous,Miscellaneous,1.901897068377024,2.071542591786388,-0.1696455234093639
2002,39,Miscellaneous,Miscellaneous,1.6674250555891674,2.357913857547071,-0.6904888019579036
2003,39,Miscellaneous,Miscellaneous,1.3852331746313262,1.772706068109233,-0.3874728934779068
2004,39,Miscellaneous,Miscellaneous,1.3282495534358416,1.874688382915074,-0.5464388294792324
2005,39,Miscellaneous,Miscellaneous,1.4034166956564005,1.9685538578583657,-0.5651371622019652
2006,39,Miscellaneous,Miscellaneous,1.4301283026042484,2.156072594640704,-0.7259442920364558
2007,39,Miscellaneous,Miscellaneous,1.3677022304206514,1.7927823050058207,-0.4250800745851693
2008,39,Miscellaneous,Miscellaneous,1.4765625967096057,1.9133737740234704,-0.43681117731386476
2009,39,Miscellaneous,Miscellaneous,1.5013049384963724,1.7735849056603774,-0.27227996716400504
2010,39,Miscellaneous,Miscellaneous,1.499284733580344,2.1177221432508486,-0.6184374096705045
2011,39,Miscellaneous,Miscellaneous,1.3020000346763172,1.8370718866392224,-0.5350718519629052
2012,39,Miscellaneous,Miscellaneous,1.4256081909015843,1.8892454082761672,-0.46363721737458286
2013,39,Miscellaneous,Miscellaneous,1.0933255873391696,1.4560295618123156,-0.36270397447314595
2014,39,Miscellaneous,Miscellaneous,1.4105721643228863,1.6871816638370118,-0.2766094995141255
2015,39,Miscellaneous,Miscellaneous,1.414412998211724,1.809815162343505,-0.3954021641317811
2016,39,Miscellaneous,Miscellaneous,1.59751482313567,1.8307865058829271,-0.23327168274725718
2017,39,Miscellaneous,Miscellaneous,1.48909666570873,1.9038268116289097,-0.41473014592017976
2018,39,Miscellaneous,Miscellaneous,1.4024142494563612,1.8677006005012056,-0.4652863510448444
2019,39,Miscellaneous,Miscellaneous,1.334080684440092,1.5640427250695628,-0.22996204062947068
2020,39,Miscellaneous,Miscellaneous,1.1537352285286522,1.71783788601221,-0.5641026574835579
2021,39,Miscellaneous,Miscellaneous,1.4019272808383456,1.6255092708073502,-0.22358198996900458
2022,39,Miscellaneous,Miscellaneous,1.1726857248073412,1.5620496858608566,-0.38936396105351534
2023,39,Miscellaneous,Miscellaneous,1.4438091488660845,1.7507945913914778,-0.3069854425253933
2024,39,Miscellaneous,Miscellaneous,1.3681649412272907,2.0022266598335308,-0.63406171860624
1988,40,Cash contributions,Out of scope,2.067190713492212,2.857779510890758,-0.7905887973985459
1989,40,Cash contributions,Out of scope,2.370410192619078,3.635982605962173,-1.265572413343095
1990,40,Cash contributions,Out of scope,2.340943104415135,3.073631477326097,-0.7326883729109621
1991,40,Cash contributions,Out of scope,2.6519285931887744,3.6631495122436792,-1.0112209190549049
1992,40,Cash contributions,Out of scope,2.437750636383995,3.4690873405299314,-1.0313367041459363
1993,40,Cash contributions,Out of scope,2.3943713505304776,3.3393282457590043,-0.9449568952285268
1994,40,Cash contributions,Out of scope,2.1133834690097757,3.193631039531479,-1.0802475705217032
1995,40,Cash contributions,Out of scope,2.3087218292360587,2.891156462585034,-0.5824346333489752
1996,40,Cash contributions,Out of scope,2.2648541631864196,2.8670907840440165,-0.6022366208575969
1997,40,Cash contributions,Out of scope,2.244591679463235,3.3899006622516556,-1.1453089827884209
1998,40,Cash contributions,Out of scope,2.2477825236507014,3.658684818281269,-1.4109022946305676
1999,40,Cash contributions,Out of scope,2.226067799003255,3.673311399264563,-1.447243600261308
2000,40,Cash contributions,Out of scope,2.187022248720766,3.438395415472779,-1.2513731667520132
2001,40,Cash contributions,Out of scope,2.537341484603052,3.6351763169351328,-1.0978348323320808
2002,40,Cash contributions,Out of scope,2.4170139545524396,3.4198483948719742,-1.0028344403195346
2003,40,Cash contributions,Out of scope,2.444511494763757,3.645889403236803,-1.201377908473046
2004,40,Cash contributions,Out of scope,2.3676479082294417,3.343859065979724,-0.9762111577502823
2005,40,Cash contributions,Out of scope,3.0147561060060606,3.89589805363596,-0.8811419476298994
2006,40,Cash contributions,Out of scope,2.936178193027698,4.4739241697796865,-1.5377459767519888
2007,40,Cash contributions,Out of scope,2.698750429549591,3.5564610011641444,-0.8577105716145534
2008,40,Cash contributions,Out of scope,2.83434022693496,3.4950960938828732,-0.6607558669479134
2009,40,Cash contributions,Out of scope,3.004875897876071,3.590711175616836,-0.5858352777407649
2010,40,Cash contributions,Out of scope,2.592503736180211,3.539206869542514,-0.9467031333623033
2011,40,Cash contributions,Out of scope,2.5310524220011947,3.6489400431263825,-1.1178876211251878
2012,40,Cash contributions,Out of scope,2.748821414223879,3.811684000885152,-1.0628625866612729
2013,40,Cash contributions,Out of scope,2.6184552883520045,3.606982323580509,-0.9885270352285045
2014,40,Cash contributions,Out of scope,2.5267569563180716,3.5680178268251272,-1.0412608705070556
2015,40,Cash contributions,Out of scope,2.6836013565886527,3.2237332579243683,-0.5401319013357155
2016,40,Cash contributions,Out of scope,2.5589578357915963,4.616023043499488,-2.0570652077078915
2017,40,Cash contributions,Out of scope,2.2282632325166833,3.208965946644954,-0.9807027141282707
2018,40,Cash contributions,Out of scope,2.332812819387658,2.889025485838574,-0.5562126664509162
2019,40,Cash contributions,Out of scope,2.7401318611813297,2.9799838434610897,-0.23985198227976
2020,40,Cash contributions,Out of scope,2.526862975702659,3.4713248072724032,-0.9444618315697442
2021,40,Cash contributions,Out of scope,3.105335422418692,3.215681383553671,-0.11034596113497885
2022,40,Cash contributions,Out of scope,2.661003827218763,2.924279977712452,-0.26327615049368935
2023,40,Cash contributions,Out of scope,2.2272228797541085,3.2735369642119627,-1.0463140844578542
2024,40,Cash contributions,Out of scope,2.1421040593032292,3.2074504744906074,-1.0653464151873782
1988,41,Personal insurance and pensions,Out of scope,9.287913600396246,7.308785025903849,1.979128574492397
1989,41,Personal insurance and pensions,Out of scope,9.76970607829208,7.455336092628491,2.314369985663589
1990,41,Personal insurance and pensions,Out of scope,9.892542668781864,7.864113134686636,2.0284295340952285
1991,41,Personal insurance and pensions,Out of scope,10.155401473524648,7.381047182958391,2.774354290566257
1992,41,Personal insurance and pensions,Out of scope,10.200819853197954,7.698724239450442,2.502095613747512
1993,41,Personal insurance and pensions,Out of scope,10.268020408927583,8.136878432897486,2.131141976030097
1994,41,Personal insurance and pensions,Out of scope,9.898168266988876,7.970351390922401,1.9278168760664744
1995,41,Personal insurance and pensions,Out of scope,10.041118673420357,7.599355531686359,2.4417631417339978
1996,41,Personal insurance and pensions,Out of scope,9.915193272272752,7.578232462173315,2.3369608100994377
1997,41,Personal insurance and pensions,Out of scope,10.22301966030822,7.77317880794702,2.4498408523611994
1998,41,Personal insurance and pensions,Out of scope,10.302232634741044,8.103399376038247,2.1988332587027966
1999,41,Personal insurance and pensions,Out of scope,9.937202036634838,7.594348751693439,2.342853284941399
2000,41,Personal insurance and pensions,Out of scope,9.452527746016411,7.6421354245211885,1.8103923214952227
2001,41,Personal insurance and pensions,Out of scope,9.992366473893256,8.442170947612828,1.5501955262804277
2002,41,Personal insurance and pensions,Out of scope,10.212420446108254,8.551367590037378,1.6610528560708762
2003,41,Personal insurance and pensions,Out of scope,10.757874560585185,8.486740589227402,2.2711339713577825
2004,41,Personal insurance and pensions,Out of scope,12.090395290953682,9.42662456373608,2.663770727217601
2005,41,Personal insurance and pensions,Out of scope,12.05197669582518,9.817409497242124,2.234567198583056
2006,41,Personal insurance and pensions,Out of scope,11.711172944071787,9.415536664999854,2.2956362790719336
2007,41,Personal insurance and pensions,Out of scope,11.724481945031808,9.225844004656578,2.4986379403752306
2008,41,Personal insurance and pensions,Out of scope,11.82850115003688,9.56970349793072,2.2587976521061606
2009,41,Personal insurance and pensions,Out of scope,12.009007269956433,9.39622641509434,2.612780854862093
2010,41,Personal insurance and pensions,Out of scope,12.300670438552071,9.373096225813002,2.927574212739069
2011,41,Personal insurance and pensions,Out of scope,12.1138732161806,9.15735528858271,2.95651792759789
2012,41,Personal insurance and pensions,Out of scope,12.142092066145688,9.039610533303827,3.1024815328418605
2013,41,Personal insurance and pensions,Out of scope,11.903888611667824,8.959545542288282,2.944343069379542
2014,41,Personal insurance and pensions,Out of scope,11.898234551069926,8.916065365025467,2.982169186044459
2015,41,Personal insurance and pensions,Out of scope,12.713856613151506,9.339571711355047,3.374284901796459
2016,41,Personal insurance and pensions,Out of scope,13.639332797509738,10.227993946199287,3.4113388513104503
2017,41,Personal insurance and pensions,Out of scope,12.31173097744536,9.739451123138082,2.5722798543072773
2018,41,Personal insurance and pensions,Out of scope,13.539840086034976,10.139959336138824,3.399880749896152
2019,41,Personal insurance and pensions,Out of scope,13.045322004960662,9.316937438290998,3.7283845666696642
2020,41,Personal insurance and pensions,Out of scope,13.503403990114323,10.06639632814937,3.4370076619649534
2021,41,Personal insurance and pensions,Out of scope,13.30045097126068,9.994179762201712,3.306271209058968
2022,41,Personal insurance and pensions,Out of scope,13.733290524164934,10.127384863680904,3.60590566048403
2023,41,Personal insurance and pensions,Out of scope,14.427596383177548,10.441918511734812,3.9856778714427357
2024,41,Personal insurance and pensions,Out of scope,14.868814654764508,10.362804177637974,4.506010477126534
