basket,date,cex,ri,resid_pp
all_in,2013-03-01,1.4710449934399739,1.1563332803304904,0.3147117131094834
all_in,2013-04-01,0.8879522173779408,0.6347214794083289,0.25323073796961193
all_in,2013-05-01,1.2055778521253169,1.0060729775386967,0.19950487458662014
all_in,2013-06-01,1.621772471910421,1.5137948349701391,0.10797763694028184
all_in,2013-07-01,1.8652701272952044,1.8072602995261366,0.05800982776906771
all_in,2013-08-01,1.2738108156966854,1.197921998057483,0.07588881763920252
all_in,2013-09-01,0.8613353389050671,0.7812970061787938,0.08003833272627325
all_in,2013-10-01,0.5490331366139856,0.46734194638029525,0.08169119023369031
all_in,2013-11-01,0.8396905550956069,0.7923397702800594,0.04735078481554744
all_in,2013-12-01,1.1034527215161516,1.131350481165394,-0.02789775964924246
all_in,2014-01-01,1.1805189295510443,1.2341150388872624,-0.053596109336218056
all_in,2014-02-01,0.593083979977882,0.6378464086591151,-0.044762428681233146
all_in,2014-03-01,1.0510848568687114,1.1181127003219604,-0.06702784345324897
all_in,2014-04-01,1.6022208786912184,1.6828452144205475,-0.08062433572932903
all_in,2014-05-01,1.8310364276117763,1.906518532470236,-0.07548210485845974
all_in,2014-06-01,1.7201193032958528,1.832616958459865,-0.11249765516401222
all_in,2014-07-01,1.6009641251770068,1.7027670986556664,-0.10180297347865963
all_in,2014-08-01,1.26559922000411,1.324179674272341,-0.05858045426823111
all_in,2014-09-01,1.1992084423299687,1.2539019445011013,-0.05469350217113256
all_in,2014-10-01,1.2167293422412406,1.2516764186188967,-0.03494707637765604
all_in,2014-11-01,0.7712451937188503,0.7811410022147358,-0.00989580849588556
all_in,2014-12-01,0.11408631357476828,0.002988580234397631,0.11109773334037065
all_in,2015-01-01,-0.9304967584879087,-1.2351524175240214,0.3046556590361127
all_in,2015-02-01,-0.8588531340179562,-1.1143294192371367,0.25547628521918053
all_in,2015-03-01,-0.9276360884319157,-1.1956704183730293,0.26803432994111365
all_in,2015-04-01,-1.0662423780697816,-1.3747806453564326,0.308538267286651
all_in,2015-05-01,-0.9155271308045609,-1.1707018062659724,0.2551746754614115
all_in,2015-06-01,-0.7515089239446104,-1.0117137255804987,0.2602048016358882
all_in,2015-07-01,-0.6959607919139854,-0.9675286253355675,0.2715678334215821
all_in,2015-08-01,-0.6937886745528421,-0.9404831726580798,0.2466944981052377
all_in,2015-09-01,-0.9838586614121847,-1.2939515164687054,0.31009285505652073
all_in,2015-10-01,-0.7125485759118866,-1.0360631315814217,0.32351455566953513
all_in,2015-11-01,-0.2425279922351531,-0.5760134442872156,0.3334854520520625
all_in,2015-12-01,0.046369280263758306,-0.25652351090824643,0.30289279117200474
all_in,2016-01-01,0.8798562482423611,0.6680318514674433,0.21182439677491782
all_in,2016-02-01,0.4937830521614339,0.1338549280408774,0.3599281241205565
all_in,2016-03-01,0.31041024408597906,-0.012977428602334307,0.32338767268831337
all_in,2016-04-01,0.6041960518874401,0.3126730541986644,0.29152299768877565
all_in,2016-05-01,0.4794088648903738,0.11503777118873071,0.3643710937016431
all_in,2016-06-01,0.4948788559276496,0.09138211061880952,0.40349674530884005
all_in,2016-07-01,0.264240424883333,-0.12811452151982872,0.3923549464031617
all_in,2016-08-01,0.5878714916537575,0.16074918511583824,0.42712230653791927
all_in,2016-09-01,1.045644522639666,0.7049452650497612,0.3406992575899048
all_in,2016-10-01,1.228437435269103,0.9311981815866677,0.2972392536824353
all_in,2016-11-01,1.2128079707525385,0.988343550688775,0.22446442006376355
all_in,2016-12-01,1.6414421859033856,1.4982143216591526,0.14322786424423306
all_in,2017-01-01,2.1553888684847866,2.101986617539442,0.053402250945344676
all_in,2017-02-01,2.3826589707039547,2.443418201429437,-0.06075923072548228
all_in,2017-03-01,1.9257652468273712,1.9461504512250816,-0.02038520439771041
all_in,2017-04-01,1.7791813573152293,1.761456627919178,0.01772472939605141
all_in,2017-05-01,1.361106089810682,1.397170880935672,-0.03606479112499006
all_in,2017-06-01,1.0163575282278625,1.0943446088586883,-0.07798708063082582
all_in,2017-07-01,1.0477685090059197,1.2118505270695579,-0.1640820180636382
all_in,2017-08-01,1.2828550509860426,1.4865692480892756,-0.20371419710323302
all_in,2017-09-01,1.7200550429954387,1.8842818362317049,-0.1642267932362662
all_in,2017-10-01,1.4445125210557297,1.6500211369558926,-0.2055086159001629
all_in,2017-11-01,1.6619019775284238,1.8934493675361042,-0.23154739000768032
all_in,2017-12-01,1.508371372632089,1.7504764928341965,-0.2421051202021074
all_in,2018-01-01,1.4347676004140109,1.6834442655688342,-0.24867666515482334
all_in,2018-02-01,1.6255845970614358,1.8814953199181028,-0.25591072285666705
all_in,2018-03-01,1.7840690812527926,2.041264009061039,-0.2571949278082464
all_in,2018-04-01,1.8679873882112785,2.1476023672907685,-0.27961497907948996
all_in,2018-05-01,2.335445947087811,2.558678060704267,-0.22323211361645612
all_in,2018-06-01,2.442182302106377,2.6702458167980225,-0.22806351469164543
all_in,2018-07-01,2.6255075307901388,2.7704246148684053,-0.14491708407826653
all_in,2018-08-01,2.3297864220026554,2.4562174541232995,-0.1264310321206441
all_in,2018-09-01,1.8543952814286557,1.9376231278434464,-0.08322784641479064
all_in,2018-10-01,2.260948058894452,2.2462373641562117,0.01471069473824027
all_in,2018-11-01,1.9175850087921997,1.7695716372743364,0.1480133715178633
all_in,2018-12-01,1.7121945115349702,1.4115216930093766,0.3006728185255936
all_in,2019-01-01,1.3821422525933436,0.9223002607378294,0.4598419918555141
all_in,2019-02-01,1.409368619515905,0.8492932228668204,0.5600753966490846
all_in,2019-03-01,1.8642278531324052,1.2928360471238687,0.5713918060085366
all_in,2019-04-01,2.0390324411915017,1.419806493296183,0.6192259478953188
all_in,2019-05-01,1.8476723673438,1.1566071450015425,0.6910652223422575
all_in,2019-06-01,1.7882218587343512,0.9571095451132328,0.8311123136211185
all_in,2019-07-01,2.070610757996172,1.1835791446497046,0.8870316133464673
all_in,2019-08-01,2.114808600485185,1.113128955127185,1.0016796453580001
all_in,2019-09-01,2.11178248667101,1.0406289995365636,1.0711534871344464
all_in,2019-10-01,2.2465750378428684,1.141414687469866,1.1051603503730023
all_in,2019-11-01,2.6551442826385108,1.5291522767309829,1.125992005907528
all_in,2019-12-01,2.9561424835250927,1.8673626907041552,1.0887797928209375
all_in,2020-01-01,3.1817394215317263,2.141295219386885,1.0404442021448412
all_in,2020-02-01,3.0365615771943633,1.9532062284471685,1.0833553487471947
all_in,2020-03-01,2.052786153064323,0.9211105274213649,1.1316756256429583
all_in,2020-04-01,0.5926620840517982,-0.6561380194734956,1.2488001035252938
all_in,2020-05-01,0.2496558109926994,-0.9365326786788808,1.1861884896715802
all_in,2020-06-01,0.9603160768265395,-0.16931437366221047,1.12963045048875
all_in,2020-07-01,1.420017073126223,0.26271208571206905,1.1573049874141539
all_in,2020-08-01,1.8107500296704604,0.7151087172310833,1.0956413124393771
all_in,2020-09-01,1.7005216611855722,0.8714345687974134,0.8290870923881588
all_in,2020-10-01,1.2464636964985232,0.601949783139899,0.6445139133586242
all_in,2020-11-01,1.0900258121538942,0.6099104963927626,0.48011531576113153
all_in,2020-12-01,1.2137243751843885,0.9086390524511323,0.30508532273325617
all_in,2021-01-01,1.1831992213515496,1.0408950884023271,0.1423041329492225
all_in,2021-02-01,1.322460391062763,1.4093422064368921,-0.08688181537412909
all_in,2021-03-01,2.443303393090046,2.648533076698767,-0.20522968360872085
all_in,2021-04-01,4.291665139647938,4.7160310787544235,-0.4243659391064858
all_in,2021-05-01,5.253922980041503,5.784098421910255,-0.5301754418687521
all_in,2021-06-01,5.58923388982262,6.155954062534352,-0.5667201727117321
all_in,2021-07-01,5.448181269265584,6.146731253140758,-0.6985499838751741
all_in,2021-08-01,5.126401036227546,5.979533461733366,-0.8531324255058204
all_in,2021-09-01,5.27440370216421,6.034463179278582,-0.760059477114372
all_in,2021-10-01,6.478337457190397,7.0750807294052365,-0.5967432722148391
all_in,2021-11-01,7.343422799957122,7.7677419525829405,-0.4243191526258183
all_in,2021-12-01,7.772253458162348,7.97145206702532,-0.19919860886297158
all_in,2022-01-01,8.364943898516565,8.379499818135884,-0.014555919619319013
all_in,2022-02-01,9.051581346681004,8.852820450628185,0.19876089605281955
all_in,2022-03-01,9.933764006867317,9.624754035055494,0.30900997181182355
all_in,2022-04-01,9.5692183874154,9.157380716116492,0.41183767129890825
all_in,2022-05-01,10.033877341540109,9.565360251570777,0.46851708996933183
all_in,2022-06-01,10.575287718108072,10.019581632559138,0.555706085548934
all_in,2022-07-01,9.953131354810619,9.212990885825146,0.7401404689854729
all_in,2022-08-01,9.79908630904478,8.65004421839708,1.1490420906477006
all_in,2022-09-01,9.739850276786166,8.368949982117368,1.3709002946687985
all_in,2022-10-01,8.668358966862378,7.705327028403164,0.9630319384592143
all_in,2022-11-01,7.402093652469688,6.825046747130559,0.5770469053391292
all_in,2022-12-01,6.064295584253232,5.798625913543631,0.2656696707096007
all_in,2023-01-01,5.578234509759961,5.705554789402356,-0.12732027964239556
all_in,2023-02-01,4.636087031741054,5.108580424088305,-0.47249339234725074
all_in,2023-03-01,3.0543808938726436,3.777138171822747,-0.7227572779501035
all_in,2023-04-01,2.6689568391997653,3.6770068022883295,-1.0080499630885642
all_in,2023-05-01,1.2987968608258793,2.5005481795653095,-1.2017513187394302
all_in,2023-06-01,-0.21633408931253095,1.2755046984270546,-1.4918387877395856
all_in,2023-07-01,-0.33353182906296075,1.5384710023644388,-1.8720028314273995
all_in,2023-08-01,-0.059082753363515206,2.314565118340206,-2.3736478717037213
all_in,2023-09-01,-0.17344029307395648,2.4870208692192364,-2.660461162293193
all_in,2023-10-01,-0.3626061944903003,1.9480634493897142,-2.3106696438800145
all_in,2023-11-01,-0.2574214994800039,1.730066606367453,-1.987488105847457
all_in,2023-12-01,0.36702906682586356,2.1526451961786597,-1.7856161293527961
all_in,2024-01-01,0.3654062783237766,1.8212877296621022,-1.4558814513383256
all_in,2024-02-01,0.7818588839177298,2.0039265663583494,-1.2220676824406196
all_in,2024-03-01,1.4873647489558772,2.467203561474385,-0.9798388125185076
all_in,2024-04-01,1.6408661971764271,2.407208859021548,-0.7663426618451208
all_in,2024-05-01,1.7929375007101234,2.352173801436308,-0.5592363007261847
all_in,2024-06-01,1.6176456618776536,2.005145140728559,-0.38749947885090563
all_in,2024-07-01,1.7477506808350807,1.9171128700799178,-0.16936218924483715
all_in,2024-08-01,1.494985415477923,1.4131640066930684,0.08182140878485455
all_in,2024-09-01,1.5421417655332004,1.3344921273319654,0.20764963820123494
all_in,2024-10-01,1.7429160292557366,1.5334936005951816,0.20942242866055505
all_in,2024-11-01,2.035895641449703,1.8739907956523583,0.16190484579734488
all_in,2024-12-01,2.1546466350906623,2.064193324807362,0.0904533102833005
all_in,2025-01-01,2.350322673316607,2.3456670692701076,0.004655604046499562
all_in,2025-02-01,2.178574176991477,2.1403700399675873,0.03820413702388947
all_in,2025-03-01,1.5834757955291767,1.5890598390791322,-0.005584043549955453
all_in,2025-04-01,1.4846238055369554,1.4748932486331912,0.009730556903764231
all_in,2025-05-01,1.5780543988026086,1.5454363986372677,0.03261800016534089
all_in,2025-06-01,2.0663920090281174,1.9657349126844137,0.10065709634370368
all_in,2025-07-01,2.2263965180209455,2.075699343898263,0.15069717412268258
all_in,2025-08-01,2.517818131326366,2.3924890772959895,0.12532905403037642
all_in,2025-09-01,2.7882551346498197,2.610820062015229,0.1774350726345908
all_in,2025-11-01,2.3392320909641384,2.352954548132713,-0.013722457168574564
all_in,2025-12-01,2.2998715523589564,2.372238596315479,-0.07236704395652271
all_in,2026-01-01,1.761328048940114,1.978289930832422,-0.21696188189230803
all_in,2026-02-01,1.669064469200765,2.049355761928817,-0.3802912927280522
all_in,2026-03-01,2.738795128461713,3.2089049539751002,-0.4701098255133873
all_in,2026-04-01,3.3494373030474645,3.7563437319788173,-0.40690642893135287
all_in,2026-05-01,3.9158275181629953,4.3354919442232465,-0.4196644260602511
all_in,2026-06-01,2.912998762402119,3.4053528743540173,-0.49235411195189815
all_in,2026-07-01,2.60649915773683,3.1609238595824207,-0.5544247018455906
ex_shelter,2013-03-01,1.260445725059678,0.9897999355118037,0.2706457895478742
ex_shelter,2013-04-01,0.6565956729141398,0.42424729839107833,0.23234837452306145
ex_shelter,2013-05-01,0.9948313800803632,0.8199161368928509,0.17491524318751228
ex_shelter,2013-06-01,1.4899787920066743,1.3941149561879085,0.09586383581876579
ex_shelter,2013-07-01,1.7183091654913607,1.6985489233249051,0.019760242166455555
ex_shelter,2013-08-01,1.0541613142962536,1.0139318899903937,0.04022942430585985
ex_shelter,2013-09-01,0.5874289527425969,0.5641290653534581,0.023299887389138796
ex_shelter,2013-10-01,0.30383952882500065,0.27078188918274737,0.03305763964225328
ex_shelter,2013-11-01,0.5745526079362628,0.5941652662244001,-0.019612658288137297
ex_shelter,2013-12-01,0.8824026655451123,0.962770242399591,-0.0803675768544787
ex_shelter,2014-01-01,0.9467565970908032,1.0697250403400638,-0.1229684432492606
ex_shelter,2014-02-01,0.30121285087068017,0.4131548316157474,-0.11194198074506723
ex_shelter,2014-03-01,0.7568231568617856,0.9173624232414523,-0.16053926637966676
ex_shelter,2014-04-01,1.3404096482507288,1.5255927528962987,-0.18518310464556986
ex_shelter,2014-05-01,1.538972639359537,1.7441007939651865,-0.20512815460564937
ex_shelter,2014-06-01,1.457578135452331,1.6771516382226848,-0.2195735027703538
ex_shelter,2014-07-01,1.2997905362266193,1.5137241609039176,-0.21393362467729826
ex_shelter,2014-08-01,0.8688964991471648,1.0812157883091311,-0.2123192891619663
ex_shelter,2014-09-01,0.766634858540427,0.9850737683775757,-0.21843890983714864
ex_shelter,2014-10-01,0.7324966599131288,0.9375573723035657,-0.20506071239043688
ex_shelter,2014-11-01,0.26555046936269644,0.4288635683393549,-0.16331309897665847
ex_shelter,2014-12-01,-0.5043132034799447,-0.4397668161310042,-0.06454638734894047
ex_shelter,2015-01-01,-1.7242772583618504,-1.8354448754975161,0.1111676171356657
ex_shelter,2015-02-01,-1.6258736062698675,-1.7032953696641706,0.07742176339430307
ex_shelter,2015-03-01,-1.6504916389243007,-1.7795945645081912,0.12910292558389047
ex_shelter,2015-04-01,-1.8200934296522142,-1.9757668142290519,0.15567338457683766
ex_shelter,2015-05-01,-1.5239882875055621,-1.6880648230875872,0.16407653558202506
ex_shelter,2015-06-01,-1.3323080197139903,-1.5129925055876847,0.18068448587369446
ex_shelter,2015-07-01,-1.302105215410998,-1.4970963137875937,0.19499109837659567
ex_shelter,2015-08-01,-1.2703888534498664,-1.456459023965928,0.18607017051606167
ex_shelter,2015-09-01,-1.616406004975346,-1.8651336750521552,0.2487276700768093
ex_shelter,2015-10-01,-1.3194336888445624,-1.5852039555302455,0.26577026668568315
ex_shelter,2015-11-01,-0.7943568293306003,-1.073240251950991,0.2788834226203907
ex_shelter,2015-12-01,-0.4400812267990606,-0.7094870060881164,0.26940577928905585
ex_shelter,2016-01-01,0.5256344228360854,0.3136964194211611,0.2119380034149243
ex_shelter,2016-02-01,0.03920184736156962,-0.3054922201083832,0.3446940674699528
ex_shelter,2016-03-01,-0.1284720520288274,-0.4404972631781412,0.3120252111493138
ex_shelter,2016-04-01,0.25234593889600365,-0.06327117034362617,0.3156171092396298
ex_shelter,2016-05-01,0.04418772726719755,-0.3267472498000079,0.37093497706720546
ex_shelter,2016-06-01,-0.010691510000593318,-0.39593462480213004,0.3852431148015367
ex_shelter,2016-07-01,-0.1603468576048872,-0.5707370220889851,0.41039016448409793
ex_shelter,2016-08-01,0.17076577749326471,-0.2769613484181366,0.4477271259114013
ex_shelter,2016-09-01,0.7177571721837639,0.3409058246773844,0.3768513475063795
ex_shelter,2016-10-01,0.9106970580027296,0.5736039393743564,0.3370931186283732
ex_shelter,2016-11-01,0.9315313336137443,0.6522619927105344,0.2792693409032099
ex_shelter,2016-12-01,1.4172803207477047,1.2039718785447073,0.21330844220299738
ex_shelter,2017-01-01,2.0542160983987534,1.9101378727802487,0.1440782256185047
ex_shelter,2017-02-01,2.3428361840818646,2.305792101257853,0.037044082824011504
ex_shelter,2017-03-01,1.8230502301540552,1.7585498143921408,0.06450041576191445
ex_shelter,2017-04-01,1.5641964347387738,1.513622538245829,0.05057389649294475
ex_shelter,2017-05-01,1.0953376511654511,1.109259333661261,-0.01392168249580994
ex_shelter,2017-06-01,0.7407435568791421,0.7967769280674553,-0.0560333711883132
ex_shelter,2017-07-01,0.8291836519695339,0.967058896198747,-0.13787524422921305
ex_shelter,2017-08-01,1.0406263191154785,1.2311660023505588,-0.1905396832350803
ex_shelter,2017-09-01,1.541958989922576,1.6838630970152701,-0.14190410709269408
ex_shelter,2017-10-01,1.2281665737821967,1.4199285872697143,-0.19176201348751754
ex_shelter,2017-11-01,1.5049304829218846,1.7082052146438542,-0.20327473172196964
ex_shelter,2017-12-01,1.3250045511522313,1.5430466277776667,-0.2180420766254354
ex_shelter,2018-01-01,1.2602007257134673,1.4871054676636408,-0.22690474195017352
ex_shelter,2018-02-01,1.4932004348946037,1.7234525459663752,-0.23025211107177146
ex_shelter,2018-03-01,1.6019599445248334,1.8519475765097049,-0.2499876319848715
ex_shelter,2018-04-01,1.7337709673713508,1.978371246502153,-0.24460027913080218
ex_shelter,2018-05-01,2.1917849031611203,2.4043185709541337,-0.21253366779301341
ex_shelter,2018-06-01,2.377049930219277,2.5763487602007196,-0.19929882998144244
ex_shelter,2018-07-01,2.4951109081730705,2.6350568433975985,-0.13994593522452803
ex_shelter,2018-08-01,2.1993819469079634,2.3193533137276345,-0.11997136681967113
ex_shelter,2018-09-01,1.6857648307414097,1.7573182125327103,-0.07155338179130055
ex_shelter,2018-10-01,2.226411295664965,2.162342454372057,0.06406884129290802
ex_shelter,2018-11-01,1.7888279513782024,1.6059113449513385,0.18291660642686391
ex_shelter,2018-12-01,1.5254431289016601,1.1865593104094962,0.33888381849216387
ex_shelter,2019-01-01,1.120283977174208,0.6114249675797545,0.5088590095944534
ex_shelter,2019-02-01,1.12306785416878,0.5022553258416496,0.6208125283271304
ex_shelter,2019-03-01,1.6706660611754742,1.0015474544632808,0.6691186067121935
ex_shelter,2019-04-01,1.8467516216868152,1.1200270296861659,0.7267245920006493
ex_shelter,2019-05-01,1.712776199575483,0.86665294422823,0.8461232553472531
ex_shelter,2019-06-01,1.5690742125821888,0.5877428929424333,0.9813313196397555
ex_shelter,2019-07-01,1.911639688401734,0.841328558983423,1.070311129418311
ex_shelter,2019-08-01,2.0422487177931714,0.8120076991003922,1.2302410186927792
ex_shelter,2019-09-01,1.9627484457331201,0.675886648274604,1.2868617974585161
ex_shelter,2019-10-01,2.1715684131112134,0.8403611030219915,1.3312073100892219
ex_shelter,2019-11-01,2.63627538306912,1.2749280381603167,1.3613473449088032
ex_shelter,2019-12-01,3.0514327847929845,1.7030632849178495,1.348369499875135
ex_shelter,2020-01-01,3.322040375709001,2.007286573755973,1.314753801953028
ex_shelter,2020-02-01,3.120538925131955,1.7740319525234804,1.3465069726084744
ex_shelter,2020-03-01,2.148908489514434,0.7207105243718592,1.4281979651425747
ex_shelter,2020-04-01,0.6111130017570687,-0.9277909933761874,1.5389039951332562
ex_shelter,2020-05-01,0.2666288829178187,-1.2213575909891472,1.487986473906966
ex_shelter,2020-06-01,1.1180424486812557,-0.3348456765000063,1.452888125181262
ex_shelter,2020-07-01,1.6416331435773923,0.15613138798822312,1.4855017555891692
ex_shelter,2020-08-01,2.057377356048873,0.6537313103337494,1.4036460457151234
ex_shelter,2020-09-01,1.9851713006881377,0.8841263191275317,1.101044981560606
ex_shelter,2020-10-01,1.4531243218142809,0.5876633476456838,0.865460974168597
ex_shelter,2020-11-01,1.2141825194654787,0.570311921540867,0.6438705979246118
ex_shelter,2020-12-01,1.3403440692981938,0.9080901773277805,0.4322538919704133
ex_shelter,2021-01-01,1.3377073794464955,1.1108935957350186,0.22681378371147698
ex_shelter,2021-02-01,1.6601903251330707,1.611838976375335,0.048351348757735835
ex_shelter,2021-03-01,2.779827833295423,2.9052106819145163,-0.12538284861909332
ex_shelter,2021-04-01,4.680822095496939,5.068278329010623,-0.3874562335136833
ex_shelter,2021-05-01,5.754898969759448,6.262135817462466,-0.5072368477030187
ex_shelter,2021-06-01,5.999356646574028,6.584944705385509,-0.5855880588114815
ex_shelter,2021-07-01,5.705912409028668,6.487387293555247,-0.7814748845265784
ex_shelter,2021-08-01,5.4052660659621665,6.327333805261248,-0.9220677392990817
ex_shelter,2021-09-01,5.541440582900092,6.355018131168277,-0.8135775482681851
ex_shelter,2021-10-01,6.887822767195084,7.459323559271924,-0.57150079207684
ex_shelter,2021-11-01,7.89930723742156,8.214743068985953,-0.31543583156439325
ex_shelter,2021-12-01,8.343839588011726,8.393551374582398,-0.04971178657067199
ex_shelter,2022-01-01,9.093004900026092,8.848117568459045,0.24488733156704612
ex_shelter,2022-02-01,9.72557941765173,9.268874467151832,0.4567049504998977
ex_shelter,2022-03-01,10.735215471177483,10.100521648349158,0.634693822828325
ex_shelter,2022-04-01,10.369763698039147,9.583147606682418,0.7866160913567288
ex_shelter,2022-05-01,10.886687366389403,9.996854661859222,0.8898327045301802
ex_shelter,2022-06-01,11.624352248860049,10.569743358075968,1.0546088907840812
ex_shelter,2022-07-01,11.044592900233763,9.733735319192771,1.3108575810409917
ex_shelter,2022-08-01,10.728869920874097,9.000425796813548,1.7284441240605481
ex_shelter,2022-09-01,10.65907505706367,8.648505692810883,2.010569364252788
ex_shelter,2022-10-01,9.270439372645889,7.810149034307079,1.46029033833881
ex_shelter,2022-11-01,7.769292572395425,6.804214478968573,0.9650780934268521
ex_shelter,2022-12-01,6.155128148369893,5.5983589744476925,0.5567691739222003
ex_shelter,2023-01-01,5.443583814473696,5.405224479606963,0.03835933486673326
ex_shelter,2023-02-01,4.325067158824614,4.711908441819768,-0.38684128299515397
ex_shelter,2023-03-01,2.4238777009877532,3.17412958909431,-0.7502518881065567
ex_shelter,2023-04-01,2.0333680222459183,3.1194207646094707,-1.0860527423635524
ex_shelter,2023-05-01,0.42664574810804545,1.798530365974682,-1.3718846178666366
ex_shelter,2023-06-01,-1.3006252941744845,0.44349387848798827,-1.7441191726624727
ex_shelter,2023-07-01,-1.439893374433221,0.7463192032939991,-2.18621257772722
ex_shelter,2023-08-01,-1.035818187585602,1.705016084714961,-2.740834272300563
ex_shelter,2023-09-01,-1.2841366582127312,1.858684346103301,-3.142821004316032
ex_shelter,2023-10-01,-1.358826379167899,1.376081413656971,-2.73490779282487
ex_shelter,2023-11-01,-1.214432887475636,1.1751145403888996,-2.3895474278645357
ex_shelter,2023-12-01,-0.4475423543995105,1.6977896515253388,-2.1453320059248493
ex_shelter,2024-01-01,-0.4680587710065076,1.3407138099892135,-1.8087725809957211
ex_shelter,2024-02-01,0.08428834286766662,1.5996578777727644,-1.5153695349050977
ex_shelter,2024-03-01,0.9220988663603435,2.13979104752835,-1.2176921811680064
ex_shelter,2024-04-01,1.1157437174830864,2.069804540457665,-0.9540608229745784
ex_shelter,2024-05-01,1.3140067106549802,2.0365833321252413,-0.7225766214702611
ex_shelter,2024-06-01,1.2103322987871756,1.6935729732448168,-0.4832406744576412
ex_shelter,2024-07-01,1.3640451635897222,1.591713034378417,-0.22766787078869477
ex_shelter,2024-08-01,0.9496647955316684,0.9538869643355596,-0.0042221688038912575
ex_shelter,2024-09-01,1.2256238368380856,0.9982646331129885,0.2273592037250971
ex_shelter,2024-10-01,1.408401028173567,1.2105475893862794,0.19785343878728767
ex_shelter,2024-11-01,1.7249440354230705,1.5631477972738006,0.1617962381492699
ex_shelter,2024-12-01,1.9181413457087793,1.816856042204007,0.10128530350477227
ex_shelter,2025-01-01,2.1403032950612078,2.129860836422126,0.010442458639081664
ex_shelter,2025-02-01,1.9047843713634993,1.9120157167035412,-0.007231345340041884
ex_shelter,2025-03-01,1.3774713229756763,1.401308065022988,-0.023836742047311787
ex_shelter,2025-04-01,1.2077632448448616,1.244157629444409,-0.03639438459954736
ex_shelter,2025-05-01,1.3056290183745434,1.333113465700686,-0.027484447326142636
ex_shelter,2025-06-01,1.8416911784326695,1.8447146714567264,-0.0030234930240569113
ex_shelter,2025-07-01,2.0361604069718764,2.0138879721948166,0.022272434777059757
ex_shelter,2025-08-01,2.369635503315215,2.3606215503183314,0.009013952996883567
ex_shelter,2025-09-01,2.536521593836727,2.550520175966664,-0.013998582129937098
ex_shelter,2025-11-01,2.1854528247533533,2.3900169562445006,-0.20456413149114727
ex_shelter,2025-12-01,1.9968624814872715,2.33684140569288,-0.3399789242056084
ex_shelter,2026-01-01,1.467938628297727,1.9315734904103543,-0.4636348621126274
ex_shelter,2026-02-01,1.4006600642360034,2.019247859036155,-0.6185877948001517
ex_shelter,2026-03-01,2.5339266138353134,3.2808896161591328,-0.7469630023238194
ex_shelter,2026-04-01,3.2015525319142313,3.839949083314842,-0.6383965514006107
ex_shelter,2026-05-01,3.863360893837431,4.476286501086535,-0.612925607249104
ex_shelter,2026-06-01,2.727745260319603,3.4324084206106775,-0.7046631602910747
ex_shelter,2026-07-01,2.466211475616231,3.2002107517395295,-0.7339992761232983
ex_housing,2013-03-01,1.495439881014038,1.1332316130267417,0.3622082679872962
ex_housing,2013-04-01,0.7122470611012011,0.3975627266730397,0.31468433442816135
ex_housing,2013-05-01,0.9942455606067657,0.7467911589360776,0.2474544016706881
ex_housing,2013-06-01,1.6268160152737687,1.470827248364337,0.15598876690943175
ex_housing,2013-07-01,1.9043736758938445,1.8356147417363244,0.0687589341575201
ex_housing,2013-08-01,1.130057117236527,1.0424182790773173,0.0876388381592097
ex_housing,2013-09-01,0.5026465541158487,0.43399807633879295,0.06864847777705574
ex_housing,2013-10-01,0.18267949305841302,0.1064341951586778,0.07624529789973522
ex_housing,2013-11-01,0.6286617917181658,0.6129172590103593,0.015744532707806513
ex_housing,2013-12-01,0.9972041905086382,1.054806086697857,-0.05760189618921885
ex_housing,2014-01-01,0.9222809577970725,1.0139467426213855,-0.09166578482431298
ex_housing,2014-02-01,0.12021493573992625,0.21364019983127758,-0.09342526409135132
ex_housing,2014-03-01,0.5238964521990574,0.670096655069119,-0.14620020287006152
ex_housing,2014-04-01,1.444295054711442,1.6264484487930497,-0.1821533940816078
ex_housing,2014-05-01,1.707249009698919,1.9043828875584312,-0.1971338778595122
ex_housing,2014-06-01,1.5960895594461233,1.8120420951815097,-0.21595253573538642
ex_housing,2014-07-01,1.3565326324428861,1.563045825671705,-0.2065131932288189
ex_housing,2014-08-01,0.8398998323095874,1.049326046593202,-0.20942621428361452
ex_housing,2014-09-01,0.810885595650257,1.0373217681072688,-0.22643617245701186
ex_housing,2014-10-01,0.8000435733651834,1.0242037446108077,-0.22416017124562426
ex_housing,2014-11-01,0.2657687195440239,0.4410800587342667,-0.17531133919024278
ex_housing,2014-12-01,-0.6820088380336098,-0.6344110745442721,-0.04759776348933764
ex_housing,2015-01-01,-2.016155393063568,-2.1604039012502962,0.1442485081867284
ex_housing,2015-02-01,-1.8391664678345854,-1.9404861591404532,0.10131969130586782
ex_housing,2015-03-01,-1.672855401304929,-1.8188165236106668,0.14596112230573777
ex_housing,2015-04-01,-2.0538227711248025,-2.232900832003981,0.17907806087917866
ex_housing,2015-05-01,-1.5053914752124142,-1.6916599190109793,0.1862684437985651
ex_housing,2015-06-01,-1.2699662527080324,-1.4886028159069475,0.2186365631989151
ex_housing,2015-07-01,-1.146824174232064,-1.3769309207055547,0.23010674647349072
ex_housing,2015-08-01,-1.157350749611652,-1.3809621053634924,0.22361135575184043
ex_housing,2015-09-01,-1.6556251472788497,-1.9549452015946378,0.2993200543157881
ex_housing,2015-10-01,-1.3188428178064648,-1.6557162026192285,0.33687338481276363
ex_housing,2015-11-01,-0.7206420953674297,-1.0743519496056564,0.35370985423822665
ex_housing,2015-12-01,-0.22576911435515656,-0.557349235486504,0.3315801211313474
ex_housing,2016-01-01,0.9904679779410674,0.7214861719020638,0.2689818060390037
ex_housing,2016-02-01,0.408950837770794,-0.0257207737188625,0.4346716114896565
ex_housing,2016-03-01,0.12526301507547188,-0.27421521310669883,0.3994782281821707
ex_housing,2016-04-01,0.6323464745203733,0.22509851617826815,0.40724795834210514
ex_housing,2016-05-01,0.27392037726678975,-0.1991245754956683,0.47304495276245806
ex_housing,2016-06-01,0.24835997464958126,-0.24066459556486564,0.4890245702144469
ex_housing,2016-07-01,-0.051895253466471836,-0.5753713805714433,0.5234761271049715
ex_housing,2016-08-01,0.3256931423076814,-0.24785873372253908,0.5735518760302205
ex_housing,2016-09-01,1.0242711657115544,0.535284599879815,0.4889865658317394
ex_housing,2016-10-01,1.2284804262903792,0.801421907420008,0.4270585188703713
ex_housing,2016-11-01,1.2692631528577358,0.9017266014074599,0.36753655145027597
ex_housing,2016-12-01,1.8112504307060018,1.5211215915569065,0.29012883914909526
ex_housing,2017-01-01,2.4976567785857773,2.3011493184842857,0.19650746010149156
ex_housing,2017-02-01,2.8008445722216058,2.7394630257997044,0.06138154642190141
ex_housing,2017-03-01,2.396864909216734,2.321796015714428,0.07506889350230583
ex_housing,2017-04-01,2.0448425018756877,1.9823663790017543,0.06247612287393345
ex_housing,2017-05-01,1.440188112288765,1.4456791202845487,-0.0054910079957837254
ex_housing,2017-06-01,1.043725980541077,1.0886434670987155,-0.0449174865576385
ex_housing,2017-07-01,1.2520578250268866,1.3916312771441008,-0.13957345211721428
ex_housing,2017-08-01,1.5495811164155215,1.758454653283703,-0.20887353686818155
ex_housing,2017-09-01,2.1848824864774574,2.3311638964184977,-0.14628140994104033
ex_housing,2017-10-01,1.7439292113894167,1.9570842540478806,-0.21315504265846386
ex_housing,2017-11-01,2.0234604963944802,2.255083406969427,-0.23162291057494677
ex_housing,2017-12-01,1.7720071207688148,2.0245335859294444,-0.2525264651606296
ex_housing,2018-01-01,1.7413584013026062,2.003440369224374,-0.26208196792176786
ex_housing,2018-02-01,1.9755078776093615,2.2290452709292197,-0.25353739331985814
ex_housing,2018-03-01,1.8919964616622043,2.1571594372879366,-0.2651629756257323
ex_housing,2018-04-01,2.0308390708654978,2.306467652308686,-0.275628581443188
ex_housing,2018-05-01,2.6304562866311887,2.863376287406716,-0.23292000077552721
ex_housing,2018-06-01,2.890659195916445,3.1224727723888623,-0.23181357647241718
ex_housing,2018-07-01,2.9812606258643015,3.153876715780979,-0.17261608991667732
ex_housing,2018-08-01,2.575932182031271,2.722062922929025,-0.14613074089775413
ex_housing,2018-09-01,1.9476904927354433,2.0369845251553054,-0.08929403241986211
ex_housing,2018-10-01,2.535536435110042,2.4523755267430003,0.08316090836704149
ex_housing,2018-11-01,2.06410863255424,1.8387554391813943,0.22535319337284587
ex_housing,2018-12-01,1.6660647735246004,1.231911800935026,0.4341529725895743
ex_housing,2019-01-01,1.194229642743827,0.5611986900397437,0.6330309527040834
ex_housing,2019-02-01,1.2614829405429573,0.516743870063463,0.7447390704794943
ex_housing,2019-03-01,1.9097747097411633,1.1058463602541924,0.8039283494869709
ex_housing,2019-04-01,2.18905065281243,1.294812531426448,0.8942381213859818
ex_housing,2019-05-01,2.0374361248243655,1.0167342332038087,1.0207018916205568
ex_housing,2019-06-01,1.819769770414914,0.6188763049816526,1.2008934654332615
ex_housing,2019-07-01,2.203079306319844,0.8834816706563275,1.3195976356635164
ex_housing,2019-08-01,2.425225926771013,0.8998186673165876,1.5254072594544255
ex_housing,2019-09-01,2.274414658987345,0.6900728586501481,1.5843418003371967
ex_housing,2019-10-01,2.523434538018954,0.8732845109464593,1.6501500270724945
ex_housing,2019-11-01,3.013661492401165,1.3153421035492885,1.6983193888518766
ex_housing,2019-12-01,3.6630467044401316,1.9859238133055124,1.6771228911346192
ex_housing,2020-01-01,3.9608325499856267,2.310481253444241,1.6503512965413858
ex_housing,2020-02-01,3.7123638171870477,2.003823500802282,1.7085403163847657
ex_housing,2020-03-01,2.569523334871149,0.7543977000380675,1.8151256348330813
ex_housing,2020-04-01,0.5725796610039913,-1.3512075119288203,1.9237871729328115
ex_housing,2020-05-01,0.12762029646391504,-1.7275597397767961,1.8551800362407111
ex_housing,2020-06-01,1.1717560646790304,-0.6216875083477902,1.7934435730268206
ex_housing,2020-07-01,1.701367538760823,-0.12399095664041848,1.8253584954012414
ex_housing,2020-08-01,2.0879086983187856,0.3761619926134552,1.7117467057053304
ex_housing,2020-09-01,1.9676347264072414,0.61195564935006,1.3556790770571814
ex_housing,2020-10-01,1.3189100786424213,0.25378747231998844,1.0651226063224328
ex_housing,2020-11-01,0.9177035598058048,0.14635032168979212,0.7713532381160126
ex_housing,2020-12-01,1.007204374135462,0.4940386262568097,0.5131657478786522
ex_housing,2021-01-01,1.062080091880202,0.8048675348046208,0.2572125570755812
ex_housing,2021-02-01,1.3795771745847896,1.344179099684295,0.035398074900494514
ex_housing,2021-03-01,2.679345025017632,2.8637796240317037,-0.18443459901407167
ex_housing,2021-04-01,4.919292240967743,5.415332430049213,-0.4960401890814703
ex_housing,2021-05-01,6.104955895290787,6.7388321090588565,-0.6338762137680698
ex_housing,2021-06-01,6.4369459734768375,7.164971091509864,-0.7280251180330266
ex_housing,2021-07-01,6.1770459171426095,7.145872854710245,-0.968826937567635
ex_housing,2021-08-01,5.710809721801602,6.851876655520028,-1.1410669337184265
ex_housing,2021-09-01,5.698350559851351,6.722572887222045,-1.024222327370694
ex_housing,2021-10-01,7.092015594046686,7.825837592676432,-0.7338219986297467
ex_housing,2021-11-01,8.40092485630235,8.81225883239738,-0.41133397609502964
ex_housing,2021-12-01,8.901963078276376,9.003025748149396,-0.10106266987301993
ex_housing,2022-01-01,9.45116951765228,9.229390595737929,0.22177892191435156
ex_housing,2022-02-01,10.253007103652667,9.771497268918905,0.4815098347337621
ex_housing,2022-03-01,11.367769149163575,10.66360865841287,0.704160490750704
ex_housing,2022-04-01,10.931747476644805,10.05696634665767,0.8747811299871344
ex_housing,2022-05-01,11.511692802020113,10.491533473701997,1.0201593283181154
ex_housing,2022-06-01,12.208984640887488,10.968810499322146,1.2401741415653422
ex_housing,2022-07-01,11.534939806079226,9.98967948404157,1.545260322037656
ex_housing,2022-08-01,11.09944464978243,9.050067753473922,2.049376896308509
ex_housing,2022-09-01,11.088144675377375,8.684945196519656,2.4031994788577187
ex_housing,2022-10-01,9.66818558032434,7.960003587631936,1.7081819926924044
ex_housing,2022-11-01,7.810338135626926,6.756321638968554,1.054016496658372
ex_housing,2022-12-01,5.807991457631578,5.274720486256834,0.5332709713747441
ex_housing,2023-01-01,4.988542922697414,5.0615044233147,-0.07296150061728568
ex_housing,2023-02-01,3.7408501576605024,4.358304613035768,-0.6174544553752659
ex_housing,2023-03-01,1.657739795230162,2.7493063415608754,-1.0915665463307134
ex_housing,2023-04-01,1.4583347820033676,2.9648876420108827,-1.506552860007515
ex_housing,2023-05-01,-0.116225926268676,1.7674911219580203,-1.8837170482266963
ex_housing,2023-06-01,-2.0128763142959305,0.3287276875627354,-2.341604001858666
ex_housing,2023-07-01,-2.1591243260925763,0.710392387941372,-2.8695167140339484
ex_housing,2023-08-01,-1.509039668589307,2.062021264250613,-3.57106093283992
ex_housing,2023-09-01,-1.7330627624123185,2.33058853601269,-4.063651298425008
ex_housing,2023-10-01,-1.8279010671066187,1.7014703621929028,-3.5293714292995215
ex_housing,2023-11-01,-1.5522121134954103,1.4994864934247953,-3.0516986069202057
ex_housing,2023-12-01,-0.48093385118092025,2.242624797181625,-2.723558648362545
ex_housing,2024-01-01,-0.40832568200683816,1.8755585532843844,-2.2838842352912225
ex_housing,2024-02-01,0.1818169880859255,2.0559816265578235,-1.874164638471898
ex_housing,2024-03-01,1.1421249574795844,2.596574425099951,-1.4544494676203668
ex_housing,2024-04-01,1.3553757328448768,2.465813899584335,-1.110438166739458
ex_housing,2024-05-01,1.4520333177840072,2.261110489239515,-0.8090771714555078
ex_housing,2024-06-01,1.3125455981887635,1.8289680386221585,-0.516422440433395
ex_housing,2024-07-01,1.4755741562055613,1.6665752848363358,-0.19100112863077445
ex_housing,2024-08-01,1.0429967325374712,0.9476448686209116,0.09535186391655959
ex_housing,2024-09-01,1.395485868754176,1.0248276390996125,0.3706582296545635
ex_housing,2024-10-01,1.6154766442221247,1.29043335448622,0.3250432897359046
ex_housing,2024-11-01,2.004759014743329,1.7717821274495282,0.23297688729380095
ex_housing,2024-12-01,2.20416160449568,2.053021657918075,0.15113994657760532
ex_housing,2025-01-01,2.5290700259779753,2.496077793844398,0.03299223213357738
ex_housing,2025-02-01,2.1389442374769807,2.1469999946747365,-0.008055757197755753
ex_housing,2025-03-01,1.393692189206619,1.4346893997349675,-0.04099721052834848
ex_housing,2025-04-01,1.0444585660045913,1.094787199603653,-0.05032863359906159
ex_housing,2025-05-01,1.1008852156017879,1.1414312592350262,-0.04054604363323833
ex_housing,2025-06-01,1.6252783866271825,1.6446739306342328,-0.019395544007050347
ex_housing,2025-07-01,1.8655263429331326,1.8728589609622537,-0.007332618029121107
ex_housing,2025-08-01,2.2347483392829437,2.248313353637821,-0.013565014354877114
ex_housing,2025-09-01,2.495747772317758,2.522725153422134,-0.026977381104376086
ex_housing,2025-11-01,1.8971786159976078,2.1276043218945606,-0.23042570589695277
ex_housing,2025-12-01,1.7124383949340016,2.099503672485903,-0.38706527755190123
ex_housing,2026-01-01,1.0771184599458472,1.6316601760026028,-0.5545417160567556
ex_housing,2026-02-01,1.084798920656671,1.833102596736591,-0.74830367607992
ex_housing,2026-03-01,2.5070414216735504,3.4079652866595422,-0.9009238649859919
ex_housing,2026-04-01,3.3397339405474735,4.096908046578118,-0.7571741060306447
ex_housing,2026-05-01,4.1184014747190245,4.841016532359843,-0.7226150576408186
ex_housing,2026-06-01,3.0125597244966995,3.834864016222461,-0.8223042917257617
ex_housing,2026-07-01,2.6465311592461793,3.505841525012676,-0.8593103657664969
all_in_long,2013-03-01,1.2022340797155806,1.1238088490478582,0.07842523066772245
all_in_long,2013-04-01,0.6417099393017933,0.594139775470226,0.047570163831567314
all_in_long,2013-05-01,1.0560779380645924,1.0020657969167734,0.05401214114781894
all_in_long,2013-06-01,1.5336064050615272,1.5272625663028672,0.00634383875866007
all_in_long,2013-07-01,1.8469358112812806,1.8433935071606067,0.0035423041206739114
all_in_long,2013-08-01,1.2022655756343426,1.2110889078384757,-0.008823332204133116
all_in_long,2013-09-01,0.7793991684293955,0.7791722288401193,2.269395892762205e-4
all_in_long,2013-10-01,0.4685103358764042,0.45332076598953996,0.015189569886864263
all_in_long,2013-11-01,0.8198442349350632,0.7874459261909772,0.032398308744086
all_in_long,2013-12-01,1.1376115000877096,1.1522740717855084,-0.014662571697798832
all_in_long,2014-01-01,1.2328649696290883,1.2502520358659286,-0.017387066236840276
all_in_long,2014-02-01,0.6099998321543287,0.617673411880193,-0.0076735797258642435
all_in_long,2014-03-01,1.1300936877449486,1.1271915449426961,0.0029021428022524276
all_in_long,2014-04-01,1.7170975778059594,1.7046418012889752,0.012455776516984152
all_in_long,2014-05-01,1.939808898955575,1.9136068198749356,0.02620207908063943
all_in_long,2014-06-01,1.852436499362775,1.8363098470594696,0.016126652303305455
all_in_long,2014-07-01,1.7323519128271458,1.7004331365716219,0.03191877625552397
all_in_long,2014-08-01,1.4293833726472638,1.326190707836017,0.10319266481124689
all_in_long,2014-09-01,1.3667791166243282,1.248349989171138,0.11842912745319012
all_in_long,2014-10-01,1.3659929882466226,1.2484030025245563,0.11758998572206636
all_in_long,2014-11-01,0.8420111536409314,0.7437904829976416,0.09822067064328976
all_in_long,2014-12-01,0.08068823015339177,-0.10205010107516843,0.1827383312285602
all_in_long,2015-01-01,-1.0277914976025038,-1.3618617500164687,0.33407025241396493
all_in_long,2015-02-01,-0.9392909937565141,-1.2356201897057328,0.2963291959492187
all_in_long,2015-03-01,-1.0371815576523002,-1.32956542190531,0.29238386425300966
all_in_long,2015-04-01,-1.238120098218043,-1.5194806853167209,0.28136058709867795
all_in_long,2015-05-01,-1.0850818633545312,-1.3064431795662412,0.22136131621171007
all_in_long,2015-06-01,-0.8914825960662731,-1.127720655553377,0.23623805948710386
all_in_long,2015-07-01,-0.8400127406355762,-1.0797119102541552,0.23969916961857907
all_in_long,2015-08-01,-0.8492879833613354,-1.0603059756705169,0.2110179923091815
all_in_long,2015-09-01,-1.1944954710096045,-1.4180888059246333,0.22359333491502875
all_in_long,2015-10-01,-0.9791494854936134,-1.1657424772234748,0.18659299172986143
all_in_long,2015-11-01,-0.5096130419204425,-0.691165644555658,0.18155260263521544
all_in_long,2015-12-01,-0.20138311006949738,-0.34084303643110436,0.13945992636160698
all_in_long,2016-01-01,0.6095045524302733,0.5902382333945022,0.01926631903577114
all_in_long,2016-02-01,0.09785617315518635,0.018233400496270313,0.07962277265891604
all_in_long,2016-03-01,-0.10943896048418722,-0.13815124689068314,0.028712286406495924
all_in_long,2016-04-01,0.23057226601319591,0.19556835673568695,0.03500390927750896
all_in_long,2016-05-01,0.07523533931901305,0.002327550197467332,0.07290778912154572
all_in_long,2016-06-01,0.036701214444767594,-0.04829142305333711,0.0849926374981047
all_in_long,2016-07-01,-0.27930830830728004,-0.2962877128487751,0.016979404541495047
all_in_long,2016-08-01,-0.05014519744074297,-0.04401013559497402,-0.006135061845768952
all_in_long,2016-09-01,0.47779719580085533,0.5080118950512746,-0.030214699250419308
all_in_long,2016-10-01,0.7637078459239,0.7598417530936707,0.0038660928302292064
all_in_long,2016-11-01,0.8029177536011067,0.8449423826467184,-0.04202462904561166
all_in_long,2016-12-01,1.2875893541169692,1.3680786076961216,-0.08048925357915238
all_in_long,2017-01-01,1.9124088509632209,2.0012770644913136,-0.08886821352809271
all_in_long,2017-02-01,2.2369446962971162,2.3820451714278157,-0.14510047513069946
all_in_long,2017-03-01,1.7846532162153705,1.8786048611154627,-0.09395164490009211
all_in_long,2017-04-01,1.6870515418190957,1.728027620283723,-0.040976078464627363
all_in_long,2017-05-01,1.2800802239567366,1.3431376650449467,-0.0630574410882101
all_in_long,2017-06-01,0.9284638544221346,1.0334498420977445,-0.10498598767560985
all_in_long,2017-07-01,1.0020894036941508,1.1495166091691322,-0.14742720547498145
all_in_long,2017-08-01,1.3658079198333617,1.481355757276992,-0.11554783744363029
all_in_long,2017-09-01,1.8674257246810155,1.9330583775942989,-0.06563265291328335
all_in_long,2017-10-01,1.5591956562575282,1.6914352192083815,-0.13223956295085326
all_in_long,2017-11-01,1.8002985363696489,1.9223440053842245,-0.12204546901457558
all_in_long,2017-12-01,1.6278401372426199,1.7616634885704308,-0.13382335132781087
all_in_long,2018-01-01,1.5289898759418108,1.700955838405105,-0.1719659624632941
all_in_long,2018-02-01,1.7692049238299479,1.917266857142308,-0.14806193331236006
all_in_long,2018-03-01,1.9372056335100751,2.0843732779863178,-0.14716764447624264
all_in_long,2018-04-01,2.011772275701529,2.178389466430164,-0.16661719072863512
all_in_long,2018-05-01,2.487181575631814,2.583970014484671,-0.09678843885285726
all_in_long,2018-06-01,2.6026986748248326,2.7080777072613804,-0.10537903243654778
all_in_long,2018-07-01,2.8633964159896497,2.8677335084284605,-0.004337092438810863
all_in_long,2018-08-01,2.5748139936320413,2.550748243651735,0.024065749980306528
all_in_long,2018-09-01,1.9365613106605117,1.9787312498074527,-0.042169939146941005
all_in_long,2018-10-01,2.2880383928145953,2.2825516129744816,0.005486779840113698
all_in_long,2018-11-01,1.7772724156882358,1.7659633017912402,0.011309113896995626
all_in_long,2018-12-01,1.4509157497992309,1.4015435567091172,0.04937219309011365
all_in_long,2019-01-01,0.9962171863368452,0.8717933289888347,0.12442385734801054
all_in_long,2019-02-01,0.9452306355975271,0.7973917208577985,0.14783891473972854
all_in_long,2019-03-01,1.3247513033444847,1.2266450690088249,0.09810623433565979
all_in_long,2019-04-01,1.3695712256735604,1.3161125012806307,0.053458724392929646
all_in_long,2019-05-01,1.0475874692974063,1.0416355124154064,0.005951956881999898
all_in_long,2019-06-01,0.8858133301712812,0.834582986385346,0.05123034378593516
all_in_long,2019-07-01,1.0152465447418324,1.0141151056032527,0.0011314391385797151
all_in_long,2019-08-01,0.8477567428862187,0.891865952563986,-0.044109209677767325
all_in_long,2019-09-01,0.8183897361263348,0.8192601133145461,-8.703771882112576e-4
all_in_long,2019-10-01,0.8280902697436421,0.8725031467715416,-0.04441287702789953
all_in_long,2019-11-01,1.235080850641812,1.2770726987099357,-0.041991848068123616
all_in_long,2019-12-01,1.5013703564864977,1.5770845041257475,-0.07571414763924977
all_in_long,2020-01-01,1.738043589135474,1.873321365720071,-0.13527777658459694
all_in_long,2020-02-01,1.5526176756984755,1.6732356050197517,-0.12061792932127613
all_in_long,2020-03-01,0.46423088757570063,0.6141814706224435,-0.1499505830467429
all_in_long,2020-04-01,-1.10036944658084,-1.0008218722168505,-0.09954757436398953
all_in_long,2020-05-01,-1.4559836833427764,-1.2893414510163015,-0.1666422323264749
all_in_long,2020-06-01,-0.6691405388536964,-0.5013645451290571,-0.16777599372463925
all_in_long,2020-07-01,-0.12889158565976278,-0.04128297582024487,-0.0876086098395179
all_in_long,2020-08-01,0.39472024125508653,0.45147685939073146,-0.05675661813564492
all_in_long,2020-09-01,0.5685718640489057,0.6586240308200209,-0.09005216677111516
all_in_long,2020-10-01,0.4397405635647278,0.4785639031929634,-0.03882333962823559
all_in_long,2020-11-01,0.5411531233098898,0.5365237789908495,0.004629344319040385
all_in_long,2020-12-01,0.9484854481723426,0.9240668761286708,0.024418572043671816
all_in_long,2021-01-01,1.0736097417771262,1.0882918520141782,-0.014682110237052015
all_in_long,2021-02-01,1.399077400132831,1.5063706547654654,-0.1072932546326344
all_in_long,2021-03-01,2.837579768204379,2.8261981923638713,0.011381575840507807
all_in_long,2021-04-01,5.088935063733535,4.996108169177416,0.09282689455611948
all_in_long,2021-05-01,6.370828202286161,6.147217462899746,0.22361073938641507
all_in_long,2021-06-01,6.932251275605483,6.575844123496499,0.356407152108984
all_in_long,2021-07-01,6.935696128376567,6.591851266095516,0.3438448622810508
all_in_long,2021-08-01,6.717089542127175,6.452723142728023,0.26436639939915185
all_in_long,2021-09-01,6.769640154915946,6.475101244506853,0.2945389104090923
all_in_long,2021-10-01,7.778431522076268,7.4729088900736595,0.3055226320026083
all_in_long,2021-11-01,8.457800564712459,8.134803352892028,0.3229972118204305
all_in_long,2021-12-01,8.65909891451524,8.292932730263702,0.36616618425153824
all_in_long,2022-01-01,9.058779670548777,8.646183352564684,0.412596317984093
all_in_long,2022-02-01,9.593340166118924,9.076416186175562,0.5169239799433623
all_in_long,2022-03-01,10.290505527074401,9.825575146977283,0.46493038009711896
all_in_long,2022-04-01,9.617702333532275,9.306211777585528,0.31149055594674735
all_in_long,2022-05-01,9.847856169633129,9.673413333551473,0.17444283608165634
all_in_long,2022-06-01,10.149655181316986,10.07571949677426,0.07393568454272526
all_in_long,2022-07-01,9.211938926625507,9.192882143607095,0.01905678301841185
all_in_long,2022-08-01,8.766960829696902,8.56166935676146,0.2052914729354427
all_in_long,2022-09-01,8.426803157640306,8.23680749685607,0.1899956607842359
all_in_long,2022-10-01,7.8281085603476575,7.647013787244483,0.18109477310317423
all_in_long,2022-11-01,6.97404378013895,6.819715612520705,0.15432816761824508
all_in_long,2022-12-01,5.946022322951716,5.827497497313194,0.11852482563852185
all_in_long,2023-01-01,5.941117466767065,5.810089147126263,0.13102831964080242
all_in_long,2023-02-01,5.390541332331056,5.265620858498243,0.12492047383281246
all_in_long,2023-03-01,4.130490522693542,3.9507284627919415,0.17976205990160032
all_in_long,2023-04-01,4.136193937247001,3.9002980449664104,0.23589589228059094
all_in_long,2023-05-01,3.023046064378554,2.733644512345701,0.289401552032853
all_in_long,2023-06-01,1.7424288633757001,1.5273032282314247,0.2151256351442754
all_in_long,2023-07-01,2.055473322341017,1.862249600669208,0.19322372167180912
all_in_long,2023-08-01,2.7793321048911634,2.716840450718494,0.06249165417266944
all_in_long,2023-09-01,3.046196075074703,2.9540801446036546,0.09211593047104838
all_in_long,2023-10-01,2.4129996921215424,2.3283638415942054,0.08463585052733702
all_in_long,2023-11-01,2.1159959257354366,2.0368839747067824,0.0791119510286542
all_in_long,2023-12-01,2.4782576213587593,2.4298103716095643,0.04844724974919501
all_in_long,2024-01-01,2.1223744906815334,2.0674850474173168,0.05488944326421663
all_in_long,2024-02-01,2.232339392285798,2.208011237084029,0.02432815520176934
all_in_long,2024-03-01,2.632753778182506,2.640764033663512,-0.008010255481005757
all_in_long,2024-04-01,2.5139084591143224,2.5379878235766595,-0.02407936446233716
all_in_long,2024-05-01,2.396233255599678,2.428048612631173,-0.03181535703149496
all_in_long,2024-06-01,1.9651941423497465,2.03677805224598,-0.07158390989623342
all_in_long,2024-07-01,1.8800514926513578,1.9217006640280587,-0.04164917137670088
all_in_long,2024-08-01,1.3993022255853527,1.388355223610649,0.010947001974703774
all_in_long,2024-09-01,1.2373891765547151,1.284628886526673,-0.04723970997195792
all_in_long,2024-10-01,1.4865499929315407,1.506159876931945,-0.01960988400040442
all_in_long,2024-11-01,1.8599399045462262,1.8744010576057235,-0.014461153059497356
all_in_long,2024-12-01,2.0539167656699497,2.075679647134887,-0.021762881464937323
all_in_long,2025-01-01,2.272910459024091,2.331296723896892,-0.05838626487280063
all_in_long,2025-02-01,2.102857298261629,2.121729825744789,-0.018872527483160262
all_in_long,2025-03-01,1.5219366113450317,1.5891326047323462,-0.06719599338731452
all_in_long,2025-04-01,1.4049873434768934,1.470561705280038,-0.06557436180314458
all_in_long,2025-05-01,1.529054023491816,1.559500508704903,-0.030446485213087016
all_in_long,2025-06-01,2.0233869606783417,1.9893324525006362,0.0340545081777055
all_in_long,2025-07-01,2.1390504717487824,2.096218006914774,0.04283246483400838
all_in_long,2025-08-01,2.4499042419895867,2.4240797196668495,0.02582452232273713
all_in_long,2025-09-01,2.739094071947279,2.636828311779693,0.10226576016758582
all_in_long,2025-11-01,2.4818638195043263,2.398472972610355,0.08339084689397147
all_in_long,2025-12-01,2.509134139557445,2.4231653557731825,0.08596878378426265
all_in_long,2026-01-01,2.0595267363902936,2.063655618810678,-0.00412888242038445
all_in_long,2026-02-01,2.0578036653219556,2.1587422257206335,-0.10093856039867788
all_in_long,2026-03-01,3.3537523329717045,3.377058697344526,-0.02330636437282152
all_in_long,2026-04-01,4.0927634090948795,3.971082837808093,0.12168057128678633
all_in_long,2026-05-01,4.753671986798258,4.602698057548915,0.15097392924934283
all_in_long,2026-06-01,3.7431922578660126,3.658303346806946,0.08488891105906671
all_in_long,2026-07-01,3.470416076120153,3.4267741417470576,0.04364193437309538
ex_shelter_long,2013-03-01,0.9311062321856634,0.9476622082885466,-0.016555976102883285
ex_shelter_long,2013-04-01,0.35156475657946995,0.37157963585099374,-0.02001487927152379
ex_shelter_long,2013-05-01,0.8030260373659504,0.8088463179874772,-0.005820280621526841
ex_shelter_long,2013-06-01,1.3756531251871706,1.4048629476363983,-0.02920982244922765
ex_shelter_long,2013-07-01,1.6832276145504643,1.7349408467050464,-0.05171323215458212
ex_shelter_long,2013-08-01,0.9511946936146876,1.021997586347556,-0.07080289273286855
ex_shelter_long,2013-09-01,0.4679466229008167,0.5539435217518651,-0.08599689885104844
ex_shelter_long,2013-10-01,0.1883618868899095,0.24805661632938403,-0.059694729439474514
ex_shelter_long,2013-11-01,0.5272225205777525,0.5815288818321385,-0.054306361254385926
ex_shelter_long,2013-12-01,0.901490468039845,0.9800047272400914,-0.07851425920024635
ex_shelter_long,2014-01-01,0.986013898265492,1.0817552183044032,-0.09574132003891123
ex_shelter_long,2014-02-01,0.29412714344925206,0.38243708394163356,-0.0883099404923815
ex_shelter_long,2014-03-01,0.8218321850465671,0.9203694917561789,-0.0985373067096118
ex_shelter_long,2014-04-01,1.449943138117149,1.5444567421528,-0.0945136040356509
ex_shelter_long,2014-05-01,1.6391789873684726,1.7463768033482152,-0.10719781597974265
ex_shelter_long,2014-06-01,1.5879316028155177,1.6758416118199948,-0.0879100090044771
ex_shelter_long,2014-07-01,1.4260441111233924,1.504238242370004,-0.07819413124661168
ex_shelter_long,2014-08-01,1.023964267950217,1.0744975228228926,-0.05053325487267557
ex_shelter_long,2014-09-01,0.9226293347629477,0.9689179103063106,-0.04628857554336285
ex_shelter_long,2014-10-01,0.8626111980003071,0.9220429647010864,-0.05943176670077932
ex_shelter_long,2014-11-01,0.30275101242449587,0.37346392781016924,-0.07071291538567337
ex_shelter_long,2014-12-01,-0.5979946294895622,-0.5744463281573964,-0.02354830133216579
ex_shelter_long,2015-01-01,-1.9089671742552161,-2.0005201893080526,0.09155301505283653
ex_shelter_long,2015-02-01,-1.7885857301154107,-1.8619324597152542,0.07334672959984356
ex_shelter_long,2015-03-01,-1.8423772922087078,-1.9520143524036415,0.10963706019493369
ex_shelter_long,2015-04-01,-2.0871071368764316,-2.1609073912191468,0.0738002543427152
ex_shelter_long,2015-05-01,-1.7751503233603416,-1.8599948220871854,0.08484449872684374
ex_shelter_long,2015-06-01,-1.5461348440239497,-1.662135626431438,0.11600078240748823
ex_shelter_long,2015-07-01,-1.5236613654045827,-1.643208315569733,0.11954695016515027
ex_shelter_long,2015-08-01,-1.5030349302468382,-1.6107650416042119,0.10773011135737365
ex_shelter_long,2015-09-01,-1.918755137682726,-2.0264416701185506,0.10768653243582449
ex_shelter_long,2015-10-01,-1.6859880676934558,-1.7521057186420053,0.06611765094854949
ex_shelter_long,2015-11-01,-1.1579572434386565,-1.2221422228005263,0.06418497936186984
ex_shelter_long,2015-12-01,-0.776828683688835,-0.8223077836876813,0.04547909999884636
ex_shelter_long,2016-01-01,0.1709277557463862,0.2116903142395321,-0.04076255849314592
ex_shelter_long,2016-02-01,-0.47552165314607153,-0.4541676625965274,-0.021353990549544122
ex_shelter_long,2016-03-01,-0.6693045049214308,-0.5993540838167721,-0.06995042110465866
ex_shelter_long,2016-04-01,-0.22430070992055517,-0.21075435001215448,-0.013546359908400696
ex_shelter_long,2016-05-01,-0.47620369973606635,-0.4716475955725996,-0.004556104163466745
ex_shelter_long,2016-06-01,-0.6017439537617464,-0.5732305355936496,-0.028513418168096827
ex_shelter_long,2016-07-01,-0.8470525791971939,-0.7791333671025802,-0.06791921209461371
ex_shelter_long,2016-08-01,-0.6276840505226366,-0.5270626923597366,-0.10062135816290008
ex_shelter_long,2016-09-01,0.010577131463573863,0.1023899170159881,-0.09181278555241423
ex_shelter_long,2016-10-01,0.32523571478739743,0.3640530698147515,-0.03881735502735406
ex_shelter_long,2016-11-01,0.4143135309338186,0.4751235702933121,-0.06081003935949347
ex_shelter_long,2016-12-01,0.9709200451890165,1.0432897006318553,-0.0723696554428388
ex_shelter_long,2017-01-01,1.7529936286374337,1.78686152498726,-0.03386789634982623
ex_shelter_long,2017-02-01,2.1646350459354924,2.2295863625027,-0.06495131656720776
ex_shelter_long,2017-03-01,1.6431028236591594,1.6731081958526683,-0.03000537219350896
ex_shelter_long,2017-04-01,1.4291682703922337,1.4644817468256743,-0.03531347643344063
ex_shelter_long,2017-05-01,0.9679236829006843,1.0348324621849647,-0.0669087792842804
ex_shelter_long,2017-06-01,0.6044007651613725,0.7140372620150215,-0.10963649685364896
ex_shelter_long,2017-07-01,0.7498841774625342,0.8848570152082402,-0.134972837745706
ex_shelter_long,2017-08-01,1.1115516421665195,1.2135832827679938,-0.1020316406014743
ex_shelter_long,2017-09-01,1.69610060594243,1.7304854314310614,-0.03438482548863142
ex_shelter_long,2017-10-01,1.3393640219909964,1.4567676113462102,-0.11740358935521389
ex_shelter_long,2017-11-01,1.6508734401187386,1.7327836539854147,-0.08191021386667607
ex_shelter_long,2017-12-01,1.445638924260484,1.5463629213682717,-0.10072399710778779
ex_shelter_long,2018-01-01,1.352012082980636,1.4981604878154142,-0.1461484048347783
ex_shelter_long,2018-02-01,1.6484594515567386,1.7570761403872703,-0.10861668883053177
ex_shelter_long,2018-03-01,1.7630506397899648,1.8926150088652394,-0.12956436907527458
ex_shelter_long,2018-04-01,1.8895211193592276,2.00579423652274,-0.1162731171635123
ex_shelter_long,2018-05-01,2.356141107638443,2.4262344899902866,-0.07009338235184348
ex_shelter_long,2018-06-01,2.5607673244258056,2.6153456301978073,-0.054578305772001734
ex_shelter_long,2018-07-01,2.7633350753027086,2.7402535802227623,0.02308149507994628
ex_shelter_long,2018-08-01,2.476278920549313,2.421357539132374,0.05492138141693914
ex_shelter_long,2018-09-01,1.7646615527299403,1.7961523000976642,-0.03149074736772395
ex_shelter_long,2018-10-01,2.2548007446447693,2.2000734471266936,0.0547272975180757
ex_shelter_long,2018-11-01,1.6075109701040313,1.5945034317614848,0.013007538342546532
ex_shelter_long,2018-12-01,1.1934741578516928,1.1653596868938632,0.028114470957829596
ex_shelter_long,2019-01-01,0.632145505204873,0.5402011862730483,0.09194431893182475
ex_shelter_long,2019-02-01,0.5394450045216548,0.4279071210087748,0.11153788351287997
ex_shelter_long,2019-03-01,1.0074264866705152,0.9132986811897226,0.09412780548079258
ex_shelter_long,2019-04-01,1.0296717328739158,0.9886927764001463,0.04097895647376948
ex_shelter_long,2019-05-01,0.746195087168533,0.7227988402195296,0.02339624694900344
ex_shelter_long,2019-06-01,0.4718398300788351,0.43182358436626433,0.040016245712570786
ex_shelter_long,2019-07-01,0.6387071315611559,0.6329475606565715,0.0057595709045843435
ex_shelter_long,2019-08-01,0.5270513394700416,0.5461130686434723,-0.01906172917343074
ex_shelter_long,2019-09-01,0.4089333678986451,0.4072083737755472,0.0017249941230979005
ex_shelter_long,2019-10-01,0.47907791108703357,0.5201679093247868,-0.04108999823775328
ex_shelter_long,2019-11-01,0.9482697819852781,0.9757022395223247,-0.027432457537046595
ex_shelter_long,2019-12-01,1.3337609392971572,1.3635890159596098,-0.029828076662452574
ex_shelter_long,2020-01-01,1.62171076222144,1.6943959769319283,-0.07268521471048839
ex_shelter_long,2020-02-01,1.365158466845262,1.4455741536208544,-0.0804156867755923
ex_shelter_long,2020-03-01,0.2703373461860892,0.3606422521631458,-0.09030490597705665
ex_shelter_long,2020-04-01,-1.4007646400875262,-1.3338300640404976,-0.06693457604702857
ex_shelter_long,2020-05-01,-1.7614259246896857,-1.6372005656207667,-0.12422535906891907
ex_shelter_long,2020-06-01,-0.8036956201924239,-0.7221080292239224,-0.08158759096850154
ex_shelter_long,2020-07-01,-0.17638590314333902,-0.19656863878003694,0.020182735636697924
ex_shelter_long,2020-08-01,0.40174684818361506,0.34921356695358785,0.05253328123002721
ex_shelter_long,2020-09-01,0.6728795898659268,0.640923040143182,0.031956549722744754
ex_shelter_long,2020-10-01,0.5198935341843791,0.4456671084124286,0.07422642577195049
ex_shelter_long,2020-11-01,0.5774268309279407,0.4844934426838643,0.09293338824407638
ex_shelter_long,2020-12-01,1.0416834341193448,0.9257877745117105,0.11589565960763437
ex_shelter_long,2021-01-01,1.2281344590153065,1.1684112162966276,0.059723242718678904
ex_shelter_long,2021-02-01,1.7966772237095752,1.7321217458587501,0.06455547785082505
ex_shelter_long,2021-03-01,3.295960061777281,3.120385009243809,0.17557505253347205
ex_shelter_long,2021-04-01,5.687402522577423,5.405452399259114,0.2819501233183086
ex_shelter_long,2021-05-01,7.1599702869505455,6.700555946510867,0.4594143404396789
ex_shelter_long,2021-06-01,7.660792588761245,7.085938834407801,0.5748537543534438
ex_shelter_long,2021-07-01,7.518291842983049,7.012984484465168,0.5053073585178813
ex_shelter_long,2021-08-01,7.3410647273860485,6.885144973055146,0.45591975433090237
ex_shelter_long,2021-09-01,7.359935996367883,6.8738789601824335,0.48605703618544993
ex_shelter_long,2021-10-01,8.488802927313866,7.931528839419233,0.5572740878946334
ex_shelter_long,2021-11-01,9.297904123967161,8.65450158206691,0.6434025419002509
ex_shelter_long,2021-12-01,9.47191319240046,8.779845219358794,0.6920679730416666
ex_shelter_long,2022-01-01,10.007293680108177,9.173506404641474,0.8337872754667028
ex_shelter_long,2022-02-01,10.449366951349015,9.542218990966166,0.907147960382849
ex_shelter_long,2022-03-01,11.251856466825917,10.349720846190525,0.9021356206353914
ex_shelter_long,2022-04-01,10.516294255209502,9.770728974030018,0.7455652811794842
ex_shelter_long,2022-05-01,10.757666557326683,10.137366240019684,0.6203003173069987
ex_shelter_long,2022-06-01,11.22980015571191,10.654971207269192,0.5748289484427183
ex_shelter_long,2022-07-01,10.275613335604316,9.731072824102416,0.5445405115019
ex_shelter_long,2022-08-01,9.594016399275729,8.913658637702838,0.6803577615728909
ex_shelter_long,2022-09-01,9.186661715439914,8.509324066048741,0.6773376493911734
ex_shelter_long,2022-10-01,8.332096514043608,7.748135907328968,0.5839606067146397
ex_shelter_long,2022-11-01,7.298485816137079,6.797648610324369,0.5008372058127097
ex_shelter_long,2022-12-01,6.023646484845857,5.624116495718967,0.39952998912689
ex_shelter_long,2023-01-01,5.863308713825965,5.512699717184444,0.35060899664152156
ex_shelter_long,2023-02-01,5.1935147842073315,4.875769035771849,0.31774574843548287
ex_shelter_long,2023-03-01,3.639986515688265,3.3494415202282246,0.2905449954600403
ex_shelter_long,2023-04-01,3.7158285356734044,3.3529175106584264,0.3629110250149781
ex_shelter_long,2023-05-01,2.3867566162380838,2.0380252325452375,0.3487313836928463
ex_shelter_long,2023-06-01,0.9113302834535819,0.6994783392404447,0.21185194421313724
ex_shelter_long,2023-07-01,1.2813024327295253,1.0852389013594754,0.19606353137004984
ex_shelter_long,2023-08-01,2.2364344583549967,2.1396466191645924,0.09678783919040423
ex_shelter_long,2023-09-01,2.4251618563439825,2.366340759590746,0.058821096753236546
ex_shelter_long,2023-10-01,1.8406701705137918,1.787876713539971,0.052793456973820874
ex_shelter_long,2023-11-01,1.5156576852934256,1.5045737062248765,0.011083979068549077
ex_shelter_long,2023-12-01,1.9930566252253312,1.9978820690289334,-0.00482544380360217
ex_shelter_long,2024-01-01,1.5489799334891696,1.6051516793440745,-0.05617174585490492
ex_shelter_long,2024-02-01,1.752873109182418,1.819177424407603,-0.0663043152251852
ex_shelter_long,2024-03-01,2.242598553642172,2.327508902089348,-0.08491034844717582
ex_shelter_long,2024-04-01,2.1144227912680336,2.208367867762906,-0.09394507649487238
ex_shelter_long,2024-05-01,1.9948103630609504,2.112938863581637,-0.11812850052068669
ex_shelter_long,2024-06-01,1.59134183840679,1.7194723886706509,-0.12813055026386078
ex_shelter_long,2024-07-01,1.489807386699482,1.586229374882575,-0.096421988183093
ex_shelter_long,2024-08-01,0.7889612695976433,0.9104988926009083,-0.12153762300326498
ex_shelter_long,2024-09-01,0.8330779845058034,0.9303401180131399,-0.09726213350733648
ex_shelter_long,2024-10-01,1.0720270928154862,1.168800264652603,-0.09677317183711676
ex_shelter_long,2024-11-01,1.486393225399918,1.5533438998700966,-0.06695067447017866
ex_shelter_long,2024-12-01,1.7759638134611455,1.821695773196863,-0.04573195973571753
ex_shelter_long,2025-01-01,2.027610430115323,2.105978870811631,-0.0783684406963081
ex_shelter_long,2025-02-01,1.7878692625876713,1.8826798904448605,-0.09481062785718919
ex_shelter_long,2025-03-01,1.2833382129360027,1.3947176532575822,-0.11137944032157954
ex_shelter_long,2025-04-01,1.0849749354665983,1.2308978548672522,-0.14592291940065394
ex_shelter_long,2025-05-01,1.2188059028962916,1.3414953788487116,-0.12268947595241997
ex_shelter_long,2025-06-01,1.7671778761558787,1.867457734501654,-0.10027985834577535
ex_shelter_long,2025-07-01,1.9104835752001614,2.0351767362323248,-0.12469316103216332
ex_shelter_long,2025-08-01,2.2703448465711595,2.3956175666687063,-0.12527272009754675
ex_shelter_long,2025-09-01,2.451425317376321,2.5782028753017494,-0.12677755792542822
ex_shelter_long,2025-11-01,2.3428442437492647,2.4438618705974413,-0.10101762684817661
ex_shelter_long,2025-12-01,2.2195454145926607,2.3941043224851244,-0.17455890789246364
ex_shelter_long,2026-01-01,1.8001878770866009,2.028088653400495,-0.22790077631389405
ex_shelter_long,2026-02-01,1.8464534514706088,2.1442041344288842,-0.29775068295827545
ex_shelter_long,2026-03-01,3.2633001958829455,3.477944876815431,-0.21464468093248534
ex_shelter_long,2026-04-01,4.094203232479665,4.09136538512449,0.002837847355174894
ex_shelter_long,2026-05-01,4.882459109448778,4.7906845180080815,0.09177459144069644
ex_shelter_long,2026-06-01,3.7224865433735044,3.7256966104547873,-0.003210067081282908
ex_shelter_long,2026-07-01,3.5070725048313767,3.5088467216019215,-0.0017742167705447898
pm_all_in,2013-03-01,1.6375102876103442,1.1563332803303794,0.4811770072799648
pm_all_in,2013-04-01,1.1097312028548467,0.6347214794082623,0.47500972344658443
pm_all_in,2013-05-01,1.404319293991052,1.0060729775386967,0.3982463164523553
pm_all_in,2013-06-01,1.7227458339931223,1.5137948349701835,0.2089509990229388
pm_all_in,2013-07-01,1.9457148863269769,1.8072602995262477,0.1384545868007292
pm_all_in,2013-08-01,1.4766297294628083,1.1979219980576161,0.2787077314051922
pm_all_in,2013-09-01,1.1498626899771436,0.7812970061789715,0.3685656837981721
pm_all_in,2013-10-01,0.7870625108509222,0.4673419463804285,0.3197205644704937
pm_all_in,2013-11-01,0.9441098487889432,0.7923397702801926,0.15177007850875057
pm_all_in,2013-12-01,1.153431379787273,1.1313504811655495,0.022080898621723577
pm_all_in,2014-01-01,1.2453297734032587,1.2341150388874622,0.011214734515796465
pm_all_in,2014-02-01,0.6299182144384519,0.6378464086592928,-0.0079281942208409
pm_all_in,2014-03-01,1.0917215916254497,1.118112700322138,-0.02639110869668837
pm_all_in,2014-04-01,1.6678926857767173,1.682845214420725,-0.014952528644007756
pm_all_in,2014-05-01,1.8924897234424698,1.9065185324703693,-0.014028809027899491
pm_all_in,2014-06-01,1.7848046459307376,1.8326169584599983,-0.04781231252926066
pm_all_in,2014-07-01,1.679254836145394,1.7027670986557553,-0.023512262510361204
pm_all_in,2014-08-01,1.3788611254128336,1.3241796742723855,0.05468145114044809
pm_all_in,2014-09-01,1.3336920106871375,1.2539019445011235,0.07979006618601403
pm_all_in,2014-10-01,1.3828856919300136,1.2516764186188745,0.13120927331113919
pm_all_in,2014-11-01,0.9544627920032633,0.7811410022146692,0.17332178978859414
pm_all_in,2014-12-01,0.2937748086719649,0.0029885802343310175,0.2907862284376339
pm_all_in,2015-01-01,-0.7580069917912713,-1.2351524175241324,0.4771454257328611
pm_all_in,2015-02-01,-0.6952839061234228,-1.114329419237281,0.4190455131138582
pm_all_in,2015-03-01,-0.77424009306164,-1.1956704183731626,0.4214303253115226
pm_all_in,2015-04-01,-0.9300426468127343,-1.3747806453565659,0.44473799854383156
pm_all_in,2015-05-01,-0.7932292017891474,-1.170701806266139,0.3774726044769916
pm_all_in,2015-06-01,-0.6388053365221635,-1.0117137255806763,0.37290838905851276
pm_all_in,2015-07-01,-0.5930713739916493,-0.9675286253357784,0.3744572513441291
pm_all_in,2015-08-01,-0.6006061188495004,-0.9404831726582685,0.3398770538087681
pm_all_in,2015-09-01,-0.9232993711980275,-1.2939515164687942,0.37065214527076673
pm_all_in,2015-10-01,-0.6855091153031401,-1.0360631315815216,0.35055401627838156
pm_all_in,2015-11-01,-0.250699719567371,-0.5760134442872933,0.32531372471992226
pm_all_in,2015-12-01,0.004729331732655773,-0.25652351090827974,0.2612528426409355
pm_all_in,2016-01-01,0.7957178146657418,0.6680318514674433,0.1276859631982985
pm_all_in,2016-02-01,0.3716637516069321,0.1338549280409218,0.2378088235660103
pm_all_in,2016-03-01,0.16087085132365786,-0.012977428602267693,0.17384827992592555
pm_all_in,2016-04-01,0.45436726070609,0.31267305419875324,0.14169420650733677
pm_all_in,2016-05-01,0.3149256879001472,0.11503777118879732,0.19988791671134987
pm_all_in,2016-06-01,0.31029665234607595,0.09138211061889834,0.21891454172717761
pm_all_in,2016-07-01,0.056343469233710586,-0.1281145215196955,0.18445799075340608
pm_all_in,2016-08-01,0.3587609712342621,0.16074918511594927,0.19801178611831283
pm_all_in,2016-09-01,0.8511112940125631,0.70494526504985,0.14616602896271313
pm_all_in,2016-10-01,1.0704331840841963,0.9311981815868009,0.1392350024973954
pm_all_in,2016-11-01,1.086937459651316,0.9883435506888416,0.09859390896247433
pm_all_in,2016-12-01,1.5437699291012574,1.4982143216592192,0.04555560744203824
pm_all_in,2017-01-01,2.0970207525219386,2.101986617539464,-0.004965865017525495
pm_all_in,2017-02-01,2.3600197654871646,2.4434182014295036,-0.08339843594233898
pm_all_in,2017-03-01,1.9394634646026754,1.9461504512251038,-0.0066869866224283925
pm_all_in,2017-04-01,1.801712731092664,1.7614566279192,0.04025610317346384
pm_all_in,2017-05-01,1.4100261634157674,1.3971708809357608,0.012855282480006558
pm_all_in,2017-06-01,1.0867452380659337,1.0943446088587327,-0.007599370792799043
pm_all_in,2017-07-01,1.145794569585834,1.2118505270695579,-0.06605595748372384
pm_all_in,2017-08-01,1.4041428282147717,1.4865692480892312,-0.08242641987445953
pm_all_in,2017-09-01,1.8342961860160933,1.8842818362316605,-0.04998565021556711
pm_all_in,2017-10-01,1.5613074811381855,1.6500211369558482,-0.08871365581766266
pm_all_in,2017-11-01,1.784774188601168,1.8934493675360597,-0.10867517893489165
pm_all_in,2017-12-01,1.6376453995219142,1.7504764928341965,-0.11283109331228225
pm_all_in,2018-01-01,1.561087618133672,1.6834442655688564,-0.12235664743518448
pm_all_in,2018-02-01,1.7607570365628655,1.8814953199180806,-0.12073828335521508
pm_all_in,2018-03-01,1.9313366434635437,2.041264009061039,-0.10992736559749527
pm_all_in,2018-04-01,2.0194913694333794,2.147602367290724,-0.1281109978573447
pm_all_in,2018-05-01,2.473135340441024,2.5586780607042225,-0.08554272026319865
pm_all_in,2018-06-01,2.581789932780554,2.670245816797956,-0.08845588401740212
pm_all_in,2018-07-01,2.763948084176193,2.770424614868383,-0.006476530692189897
pm_all_in,2018-08-01,2.469092583218324,2.4562174541232995,0.01287512909502464
pm_all_in,2018-09-01,1.9089350987637088,1.9376231278434464,-0.028688029079737554
pm_all_in,2018-10-01,2.2329181190187786,2.246237364156145,-0.013319245137366487
pm_all_in,2018-11-01,1.7973420237976656,1.7695716372743142,0.027770386523351398
pm_all_in,2018-12-01,1.4969312449911731,1.4115216930092878,0.08540955198188538
pm_all_in,2019-01-01,1.078592375406684,0.9223002607376962,0.15629211466898774
pm_all_in,2019-02-01,1.0175195517847957,0.8492932228666872,0.16822632891810851
pm_all_in,2019-03-01,1.3704356740804169,1.2928360471237355,0.07759962695668143
pm_all_in,2019-04-01,1.4366494274605124,1.4198064932960497,0.016842934164462697
pm_all_in,2019-05-01,1.154804115052399,1.1566071450013204,-0.001803029948921342
pm_all_in,2019-06-01,0.998270277071378,0.9571095451130773,0.04116073195830072
pm_all_in,2019-07-01,1.1773318209852945,1.1835791446495714,-0.006247323664276827
pm_all_in,2019-08-01,1.1047566252439411,1.1131289551270296,-0.008372329883088447
pm_all_in,2019-09-01,1.0773049831230175,1.040628999536497,0.036675983586520466
pm_all_in,2019-10-01,1.163880422851804,1.1414146874697995,0.02246573538200458
pm_all_in,2019-11-01,1.533451391477958,1.5291522767308718,0.004299114747086108
pm_all_in,2019-12-01,1.8162829516930712,1.8673626907040664,-0.05107973901099516
pm_all_in,2020-01-01,2.0267408060309133,2.141295219386774,-0.1145544133558607
pm_all_in,2020-02-01,1.869661908593745,1.9532062284470797,-0.08354431985333477
pm_all_in,2020-03-01,0.8817144359494655,0.9211105274212539,-0.03939609147178835
pm_all_in,2020-04-01,-0.5463829175195944,-0.6561380194736066,0.10975510195401217
pm_all_in,2020-05-01,-0.8636589893828317,-0.9365326786789363,0.0728736892961046
pm_all_in,2020-06-01,-0.12901124532804786,-0.16931437366226598,0.04030312833421812
pm_all_in,2020-07-01,0.35784810925070243,0.26271208571202465,0.09513602353867778
pm_all_in,2020-08-01,0.7881420465079891,0.7151087172310611,0.07303332927692807
pm_all_in,2020-09-01,0.9153246595708042,0.8714345687973468,0.0438900907734574
pm_all_in,2020-10-01,0.670896379422814,0.6019497831398768,0.0689465962829372
pm_all_in,2020-11-01,0.7145753792653808,0.609910496392807,0.1046648828725738
pm_all_in,2020-12-01,1.0151144569511716,0.9086390524511989,0.10647540449997273
pm_all_in,2021-01-01,1.1314451163418893,1.0408950884023715,0.09055002793951772
pm_all_in,2021-02-01,1.42351939786165,1.4093422064369587,0.014177191424691316
pm_all_in,2021-03-01,2.707208586662757,2.6485330766988335,0.05867550996392357
pm_all_in,2021-04-01,4.722497776353718,4.71603107875449,0.0064666975992278
pm_all_in,2021-05-01,5.831914592164678,5.784098421910255,0.0478161702544222
pm_all_in,2021-06-01,6.297085731223828,6.155954062534308,0.14113166868952032
pm_all_in,2021-07-01,6.28469767755182,6.146731253140736,0.13796642441108453
pm_all_in,2021-08-01,6.085236675467942,5.979533461733322,0.10570321373462033
pm_all_in,2021-09-01,6.148267650666273,6.0344631792785375,0.11380447138773508
pm_all_in,2021-10-01,7.159389833349161,7.07508072940517,0.08430910394399138
pm_all_in,2021-11-01,7.825957363824454,7.767741952582852,0.05821541124160223
pm_all_in,2021-12-01,8.058811965389356,7.971452067025209,0.0873598983641477
pm_all_in,2022-01-01,8.468177856774052,8.379499818135772,0.08867803863827994
pm_all_in,2022-02-01,8.963802749739337,8.852820450628073,0.11098229911126367
pm_all_in,2022-03-01,9.645357683151602,9.624754035055405,0.020603648096196636
pm_all_in,2022-04-01,9.07261426996666,9.157380716116359,-0.08476644614969864
pm_all_in,2022-05-01,9.336060373609879,9.56536025157073,-0.22929987796085172
pm_all_in,2022-06-01,9.691084822918604,10.019581632559094,-0.3284968096404892
pm_all_in,2022-07-01,8.870400771955245,9.212990885825123,-0.34259011386987837
pm_all_in,2022-08-01,8.518753158390858,8.65004421839699,-0.13129106000613255
pm_all_in,2022-09-01,8.266630581109258,8.368949982117279,-0.10231940100802106
pm_all_in,2022-10-01,7.619398610213257,7.705327028403075,-0.08592841818981789
pm_all_in,2022-11-01,6.75071498234916,6.825046747130514,-0.07433176478135461
pm_all_in,2022-12-01,5.7803649788440215,5.798625913543587,-0.018260934699565468
pm_all_in,2023-01-01,5.683695693893287,5.705554789402245,-0.02185909550895815
pm_all_in,2023-02-01,5.111269107235605,5.108580424088194,0.0026886831474115525
pm_all_in,2023-03-01,3.883337455348168,3.777138171822658,0.10619928352550989
pm_all_in,2023-04-01,3.8436072093618323,3.6770068022882185,0.1666004070736138
pm_all_in,2023-05-01,2.7901740677698017,2.5005481795651985,0.2896258882046032
pm_all_in,2023-06-01,1.5601312114472465,1.2755046984269214,0.28462651302032516
pm_all_in,2023-07-01,1.7810334400245376,1.5384710023642612,0.2425624376602764
pm_all_in,2023-08-01,2.394064101797899,2.314565118340073,0.07949898345782636
pm_all_in,2023-09-01,2.5866233008669193,2.487020869219103,0.09960243164781613
pm_all_in,2023-10-01,2.0734144857919024,1.948063449389581,0.12535103640232137
pm_all_in,2023-11-01,1.8883266612411465,1.7300666063672976,0.15826005487384887
pm_all_in,2023-12-01,2.2490893187562033,2.1526451961785042,0.09644412257769908
pm_all_in,2024-01-01,1.973374314539189,1.8212877296620356,0.15208658487715354
pm_all_in,2024-02-01,2.1133696242090716,2.0039265663582384,0.10944305785083319
pm_all_in,2024-03-01,2.5520586974887793,2.4672035614742516,0.08485513601452777
pm_all_in,2024-04-01,2.483772455687383,2.4072088590214147,0.07656359666596835
pm_all_in,2024-05-01,2.4222569251267867,2.3521738014362192,0.07008312369056746
pm_all_in,2024-06-01,2.0485844893001204,2.005145140728515,0.043439348571605585
pm_all_in,2024-07-01,1.9699305320710625,1.9171128700798734,0.05281766199118909
pm_all_in,2024-08-01,1.517732262577387,1.4131640066931128,0.10456825588427421
pm_all_in,2024-09-01,1.3946147710418577,1.3344921273319876,0.06012264370987008
pm_all_in,2024-10-01,1.6238584984822335,1.5334936005952038,0.09036489788702973
pm_all_in,2024-11-01,1.949149408710027,1.8739907956523583,0.07515861305766869
pm_all_in,2024-12-01,2.1090451198051197,2.0641933248073396,0.044851794997780026
pm_all_in,2025-01-01,2.304193894388251,2.3456670692700854,-0.04147317488183422
pm_all_in,2025-02-01,2.165452149887348,2.1403700399676318,0.025082109919716267
pm_all_in,2025-03-01,1.6046859415750792,1.5890598390791766,0.015626102495902572
pm_all_in,2025-04-01,1.5043846405955685,1.4748932486332356,0.02949139196233297
pm_all_in,2025-05-01,1.5956320002989965,1.545436398637312,0.050195601661684464
pm_all_in,2025-06-01,2.0723134659375475,1.9657349126844137,0.10657855325313381
pm_all_in,2025-07-01,2.2349590488083493,2.075699343898263,0.15925970491008634
pm_all_in,2025-08-01,2.515088324136494,2.392489077295923,0.12259924684057122
pm_all_in,2025-09-01,2.7716105766431687,2.6108200620152067,0.160790514627962
pm_all_in,2025-11-01,2.5001596628451805,2.352954548132713,0.14720511471246756
pm_all_in,2025-12-01,2.5435789353455585,2.3722385963155457,0.17134033903001278
pm_all_in,2026-01-01,2.122993787142047,1.9782899308325108,0.14470385630953597
pm_all_in,2026-02-01,2.128251726314434,2.049355761928884,0.07889596438555024
pm_all_in,2026-03-01,3.2895319878825324,3.208904953975167,0.08062703390736559
pm_all_in,2026-04-01,3.9227316755188646,3.7563437319789728,0.16638794353989184
pm_all_in,2026-05-01,4.524495165742404,4.335491944223313,0.18900322151909066
pm_all_in,2026-06-01,3.550864291267919,3.4053528743540395,0.14551141691387937
pm_all_in,2026-07-01,3.2702783851328077,3.1609238595824873,0.10935452555032033
pm_ex_shelter,2013-03-01,1.4263869145311414,0.9897999355118037,0.43658697901933774
pm_ex_shelter,2013-04-01,0.8845323679956163,0.42424729839112274,0.46028506960449356
pm_ex_shelter,2013-05-01,1.1928351091454292,0.8199161368928953,0.3729189722525339
pm_ex_shelter,2013-06-01,1.5724526789355764,1.3941149561879973,0.17833772274757909
pm_ex_shelter,2013-07-01,1.7768893602311708,1.698548923324994,0.07834043690617687
pm_ex_shelter,2013-08-01,1.2576761409614612,1.0139318899904826,0.24374425097097863
pm_ex_shelter,2013-09-01,0.8943420278286762,0.5641290653535691,0.3302129624751071
pm_ex_shelter,2013-10-01,0.5644186644054638,0.2707818891828362,0.29363677522262766
pm_ex_shelter,2013-11-01,0.6904622189586096,0.5941652662244667,0.09629695273414285
pm_ex_shelter,2013-12-01,0.9441697539759986,0.9627702423996132,-0.018600488423614614
pm_ex_shelter,2014-01-01,1.0322655250586177,1.0697250403400194,-0.03745951528140168
pm_ex_shelter,2014-02-01,0.3600047560952335,0.4131548316157474,-0.05315007552051387
pm_ex_shelter,2014-03-01,0.8268103914680358,0.917362423241519,-0.09055203177348314
pm_ex_shelter,2014-04-01,1.4404049964739984,1.525592752896343,-0.08518775642234466
pm_ex_shelter,2014-05-01,1.639551483769619,1.7441007939652087,-0.10454931019558966
pm_ex_shelter,2014-06-01,1.5664041901336079,1.6771516382226626,-0.11074744808905468
pm_ex_shelter,2014-07-01,1.4262833134782493,1.5137241609038954,-0.08744084742564606
pm_ex_shelter,2014-08-01,1.029117840765248,1.0812157883091311,-0.052097947543883194
pm_ex_shelter,2014-09-01,0.9441362360976369,0.9850737683775757,-0.04093753227993879
pm_ex_shelter,2014-10-01,0.9363100239288658,0.9375573723035435,-0.0012473483746777703
pm_ex_shelter,2014-11-01,0.482590359385382,0.4288635683393105,0.053726791046071476
pm_ex_shelter,2014-12-01,-0.2969374004992864,-0.4397668161310042,0.1428294156317178
pm_ex_shelter,2015-01-01,-1.5251046181198658,-1.835444875497494,0.31034025737762816
pm_ex_shelter,2015-02-01,-1.4370812614195927,-1.7032953696641595,0.2662141082445668
pm_ex_shelter,2015-03-01,-1.473759703537325,-1.77959456450818,0.305834860970855
pm_ex_shelter,2015-04-01,-1.6630802690962843,-1.9757668142290408,0.3126865451327565
pm_ex_shelter,2015-05-01,-1.3834751091706288,-1.6880648230875983,0.30458971391696954
pm_ex_shelter,2015-06-01,-1.2028390661942057,-1.5129925055876847,0.31015343939347906
pm_ex_shelter,2015-07-01,-1.1838029957318197,-1.4970963137876048,0.3132933180557851
pm_ex_shelter,2015-08-01,-1.1628965171555983,-1.4564590239659614,0.2935625068103631
pm_ex_shelter,2015-09-01,-1.5460541620952672,-1.8651336750521663,0.31907951295689907
pm_ex_shelter,2015-10-01,-1.287628919323891,-1.5852039555302788,0.2975750362063878
pm_ex_shelter,2015-11-01,-0.8026934762121907,-1.0732402519510909,0.2705467757389002
pm_ex_shelter,2015-12-01,-0.4870420254100227,-0.7094870060882164,0.22244498067819363
pm_ex_shelter,2016-01-01,0.4285117529852389,0.3136964194210723,0.11481533356416662
pm_ex_shelter,2016-02-01,-0.10202694846845883,-0.3054922201084831,0.20346527164002426
pm_ex_shelter,2016-03-01,-0.30163474061150053,-0.44049726317823,0.13886252256672948
pm_ex_shelter,2016-04-01,0.0787136578703107,-0.06327117034371499,0.1419848282140257
pm_ex_shelter,2016-05-01,-0.14619714012730212,-0.3267472498000745,0.1805501096727724
pm_ex_shelter,2016-06-01,-0.2242776443258654,-0.39593462480215225,0.17165698047628686
pm_ex_shelter,2016-07-01,-0.40175072459655015,-0.5707370220889851,0.168986297492435
pm_ex_shelter,2016-08-01,-0.09542259462810287,-0.27696134841810327,0.1815387537900004
pm_ex_shelter,2016-09-01,0.49146054047479737,0.3409058246773844,0.15055471579741297
pm_ex_shelter,2016-10-01,0.7267383373005698,0.5736039393743786,0.1531343979261912
pm_ex_shelter,2016-11-01,0.7849133273333475,0.6522619927106454,0.13265133462270207
pm_ex_shelter,2016-12-01,1.3032380317751002,1.2039718785447961,0.09926615323030408
pm_ex_shelter,2017-01-01,1.9859050882768514,1.9101378727803375,0.07576721549651388
pm_ex_shelter,2017-02-01,2.316182327931249,2.3057921012579863,0.010390226673262504
pm_ex_shelter,2017-03-01,1.8387671353707447,1.7585498143922518,0.08021732097849288
pm_ex_shelter,2017-04-01,1.5901036917921996,1.5136225382459845,0.0764811535462151
pm_ex_shelter,2017-05-01,1.1518976491265764,1.1092593336613943,0.04263831546518215
pm_ex_shelter,2017-06-01,0.8223063623031823,0.7967769280675219,0.025529434235660453
pm_ex_shelter,2017-07-01,0.9431383149275385,0.9670588961988136,-0.023920581271275054
pm_ex_shelter,2017-08-01,1.1816920758854987,1.2311660023506033,-0.04947392646510451
pm_ex_shelter,2017-09-01,1.674916031611473,1.6838630970153146,-0.008947065403841492
pm_ex_shelter,2017-10-01,1.3639834546030238,1.4199285872697587,-0.05594513266673484
pm_ex_shelter,2017-11-01,1.6479223451090874,1.7082052146438986,-0.06028286953481121
pm_ex_shelter,2017-12-01,1.4753753013750037,1.543046627777711,-0.06767132640270734
pm_ex_shelter,2018-01-01,1.4071190145050316,1.487105467663663,-0.0799864531586314
pm_ex_shelter,2018-02-01,1.6506416122530565,1.7234525459663752,-0.0728109337133187
pm_ex_shelter,2018-03-01,1.7737890497588449,1.8519475765096827,-0.07815852675083779
pm_ex_shelter,2018-04-01,1.9106436425852191,1.9783712465021086,-0.06772760391688948
pm_ex_shelter,2018-05-01,2.3528364109123068,2.4043185709541337,-0.05148216004182693
pm_ex_shelter,2018-06-01,2.5405345038807425,2.576348760200764,-0.03581425632002144
pm_ex_shelter,2018-07-01,2.657290849190619,2.635056843397643,0.022234005792975964
pm_ex_shelter,2018-08-01,2.362724126555915,2.319353313727679,0.04337081282823618
pm_ex_shelter,2018-09-01,1.7495839251515877,1.757318212532799,-0.007734287381211402
pm_ex_shelter,2018-10-01,2.193617953546201,2.162342454372168,0.03127549917403272
pm_ex_shelter,2018-11-01,1.6481800317913908,1.6059113449514495,0.04226868683994134
pm_ex_shelter,2018-12-01,1.27376591367947,1.1865593104096295,0.08720660326984042
pm_ex_shelter,2019-01-01,0.7657899329204243,0.6114249675799766,0.15436496534044775
pm_ex_shelter,2019-02-01,0.66562350669154835,0.5022553258418716,0.16336818084967675
pm_ex_shelter,2019-03-01,1.0936061681841913,1.001547454463525,0.09205871372066632
pm_ex_shelter,2019-04-01,1.143128048247366,1.12002702968641,0.02310101856095592
pm_ex_shelter,2019-05-01,0.9027375912070923,0.8666529442284299,0.03608464697866243
pm_ex_shelter,2019-06-01,0.6459692493846703,0.5877428929426332,0.05822635644203711
pm_ex_shelter,2019-07-01,0.8671152593040299,0.8413285589836228,0.025786700320407085
pm_ex_shelter,2019-08-01,0.8607592529815244,0.8120076991006142,0.04875155388091024
pm_ex_shelter,2019-09-01,0.7537318931509995,0.6758866482747816,0.07784524487621791
pm_ex_shelter,2019-10-01,0.9072104763461208,0.8403611030221247,0.0668493733239961
pm_ex_shelter,2019-11-01,1.3263766617560346,1.27492803816045,0.051448623595584664
pm_ex_shelter,2019-12-01,1.7192499885759327,1.7030632849179606,0.016186703657972146
pm_ex_shelter,2020-01-01,1.9714549489954436,2.0072865737560397,-0.03583162476059609
pm_ex_shelter,2020-02-01,1.7553535510756113,1.7740319525235249,-0.01867840144791355
pm_ex_shelter,2020-03-01,0.7787279099007893,0.7207105243718814,0.058017385528907894
pm_ex_shelter,2020-04-01,-0.721859223869914,-0.9277909933762207,0.20593176950630676
pm_ex_shelter,2020-05-01,-1.0368605717873014,-1.221357590989225,0.18449701920192352
pm_ex_shelter,2020-06-01,-0.15725873023283432,-0.334845676500084,0.1775869462672497
pm_ex_shelter,2020-07-01,0.39868275788108587,0.1561313879881343,0.24255136989295156
pm_ex_shelter,2020-08-01,0.8617580850158957,0.6537313103336384,0.20802677468225728
pm_ex_shelter,2020-09-01,1.0682086600986462,0.8841263191273985,0.18408234097124776
pm_ex_shelter,2020-10-01,0.782108652960134,0.587663347645595,0.19444530531453896
pm_ex_shelter,2020-11-01,0.7766046711910723,0.5703119215407781,0.2062927496502942
pm_ex_shelter,2020-12-01,1.1098573594642058,0.9080901773277139,0.20176718213649192
pm_ex_shelter,2021-01-01,1.2796246130026168,1.1108935957349075,0.16873101726770923
pm_ex_shelter,2021-02-01,1.7836027254138243,1.611838976375246,0.17176374903857816
pm_ex_shelter,2021-03-01,3.0945452995860823,2.9052106819144052,0.18933461767167703
pm_ex_shelter,2021-04-01,5.193128312347817,5.068278329010556,0.12484998333726072
pm_ex_shelter,2021-05-01,6.442071803729088,6.2621358174624,0.17993598626668827
pm_ex_shelter,2021-06-01,6.837050704645575,6.584944705385376,0.2521059992601993
pm_ex_shelter,2021-07-01,6.69201693543271,6.487387293555136,0.20462964187757393
pm_ex_shelter,2021-08-01,6.533673851030897,6.327333805261159,0.2063400457697373
pm_ex_shelter,2021-09-01,6.569070345944805,6.355018131168211,0.21405221477659442
pm_ex_shelter,2021-10-01,7.689115779007771,7.459323559271813,0.2297922197359581
pm_ex_shelter,2021-11-01,8.469480696213317,8.214743068985886,0.2547376272274313
pm_ex_shelter,2021-12-01,8.683820531434904,8.393551374582287,0.29026915685261656
pm_ex_shelter,2022-01-01,9.2160208047394,8.848117568458957,0.3679032362804442
pm_ex_shelter,2022-02-01,9.622353729934563,9.2688744671517,0.35347926278286224
pm_ex_shelter,2022-03-01,10.394965309079641,10.100521648349048,0.29444366073059314
pm_ex_shelter,2022-04-01,9.783954070488154,9.583147606682353,0.20080646380580092
pm_ex_shelter,2022-05-01,10.063284689610953,9.996854661859246,0.06643002775170714
pm_ex_shelter,2022-06-01,10.58023128077199,10.56974335807599,0.010487922696000851
pm_ex_shelter,2022-07-01,9.76577659672946,9.73373531919275,0.0320412775367096
pm_ex_shelter,2022-08-01,9.218572169643702,9.000425796813506,0.218146372830196
pm_ex_shelter,2022-09-01,8.921757115841867,8.648505692810836,0.2732514230310308
pm_ex_shelter,2022-10-01,8.035632822190287,7.8101490343070346,0.22548378788325252
pm_ex_shelter,2022-11-01,7.0028672034216255,6.804214478968529,0.19865272445309667
pm_ex_shelter,2022-12-01,5.820975830928399,5.59835897444767,0.2226168564807285
pm_ex_shelter,2023-01-01,5.568716813481522,5.405224479606918,0.16349233387460416
pm_ex_shelter,2023-02-01,4.884712266093327,4.711908441819768,0.17280382427355967
pm_ex_shelter,2023-03-01,3.3975217687534975,3.174129589094332,0.22339217965916536
pm_ex_shelter,2023-04-01,3.412785669158125,3.119420764609493,0.29336490454863196
pm_ex_shelter,2023-05-01,2.1746756086500785,1.798530365974682,0.3761452426753964
pm_ex_shelter,2023-06-01,0.7771561090530454,0.44349387848796606,0.3336622305650794
pm_ex_shelter,2023-07-01,1.0339270323957095,0.7463192032940213,0.28760782910168814
pm_ex_shelter,2023-08-01,1.8369746304129686,1.705016084714961,0.1319585456980077
pm_ex_shelter,2023-09-01,1.9463210160797884,1.858684346103301,0.08763666997648745
pm_ex_shelter,2023-10-01,1.4972224376732512,1.376081413656971,0.12114102401628024
pm_ex_shelter,2023-11-01,1.3058518795483476,1.1751145403889218,0.13073733915942576
pm_ex_shelter,2023-12-01,1.7696937686555447,1.697789651525361,0.07190411713018374
pm_ex_shelter,2024-01-01,1.4285464737003872,1.340713809989258,0.0878326637111293
pm_ex_shelter,2024-02-01,1.6576528509899546,1.5996578777727422,0.057994973217212475
pm_ex_shelter,2024-03-01,2.183649014314981,2.1397910475283277,0.043857966786653435
pm_ex_shelter,2024-04-01,2.115721261278436,2.069804540457665,0.04591672082077114
pm_ex_shelter,2024-05-01,2.063330180801315,2.0365833321252413,0.026746848676073576
pm_ex_shelter,2024-06-01,1.725367294575042,1.6935729732448612,0.031794321330180786
pm_ex_shelter,2024-07-01,1.632902575254791,1.5917130343784613,0.041189540876329644
pm_ex_shelter,2024-08-01,0.9863274161507452,0.9538869643356263,0.0324404518151189
pm_ex_shelter,2024-09-01,1.0572146574905128,0.9982646331130773,0.05895002437743546
pm_ex_shelter,2024-10-01,1.2738816055882785,1.210547589386346,0.06333401620193246
pm_ex_shelter,2024-11-01,1.6284214777308126,1.5631477972738672,0.06527368045694537
pm_ex_shelter,2024-12-01,1.8690201404489404,1.8168560422040736,0.052164098244866786
pm_ex_shelter,2025-01-01,2.0892184438721095,2.1298608364221927,-0.04064239255008317
pm_ex_shelter,2025-02-01,1.8937862030868446,1.9120157167036078,-0.01822951361676317
pm_ex_shelter,2025-03-01,1.4059997153909487,1.4013080650230547,0.004691650367893985
pm_ex_shelter,2025-04-01,1.2354345099808262,1.2441576294444756,-0.008723119463649454
pm_ex_shelter,2025-05-01,1.3293789773795917,1.3331134657007304,-0.0037344883211387625
pm_ex_shelter,2025-06-01,1.8512746660488855,1.8447146714567264,0.0065599945921590574
pm_ex_shelter,2025-07-01,2.0480458299393156,2.013887972194861,0.03415785774445457
pm_ex_shelter,2025-08-01,2.3665816045514543,2.360621550318398,0.005960054233056233
pm_ex_shelter,2025-09-01,2.519084338931199,2.5505201759667306,-0.031435837035531655
pm_ex_shelter,2025-11-01,2.378649416323486,2.3900169562445894,-0.011367539921103287
pm_ex_shelter,2025-12-01,2.2896696086213586,2.3368414056929465,-0.04717179707158792
pm_ex_shelter,2026-01-01,1.9019528492356885,1.9315734904103987,-0.029620641174710194
pm_ex_shelter,2026-02-01,1.951627346815421,2.0192478590361995,-0.06762051222077847
pm_ex_shelter,2026-03-01,3.1947903805622513,3.2808896161591994,-0.0860992355969481
pm_ex_shelter,2026-04-01,3.88949320795422,3.8399490833149086,0.04954412463931135
pm_ex_shelter,2026-05-01,4.593810517907992,4.4762865010866015,0.11752401682139091
pm_ex_shelter,2026-06-01,3.4931922049223685,3.4324084206107663,0.06078378431160214
pm_ex_shelter,2026-07-01,3.2628423184793975,3.200210751739596,0.06263156673980141
oer_all_in,2014-12-01,0.5299434202646669,0.6049667475767295,-0.07502332731206263
oer_all_in,2015-01-01,-0.30559687829401216,-0.3360913471347482,0.030494468840736033
oer_all_in,2015-02-01,-0.2275741869929626,-0.2308510561437771,0.0032768691508144876
oer_all_in,2015-03-01,-0.25662270743271876,-0.2909038009558329,0.03428109352311415
oer_all_in,2015-04-01,-0.3642293987569434,-0.41220202302040265,0.047972624263459274
oer_all_in,2015-05-01,-0.21083974961767504,-0.24824120539439498,0.03740145577671994
oer_all_in,2015-06-01,-0.04051214399704017,-0.0881962703122352,0.04768412631519503
oer_all_in,2015-07-01,0.03197332108917372,-0.03825552745192473,0.07022884854109845
oer_all_in,2015-08-01,0.05109520253228084,-0.008223091896342183,0.05931829442862302
oer_all_in,2015-09-01,-0.16010047429051433,-0.25940115304500244,0.09930067875448811
oer_all_in,2015-10-01,0.06070368439459184,-0.05764768864024994,0.11835137303484178
oer_all_in,2015-11-01,0.4374992096067398,0.2969559330238347,0.1405432765829051
oer_all_in,2015-12-01,0.7009245669072905,0.5650384765315764,0.1358860903757142
oer_all_in,2016-01-01,1.3874063466162045,1.2778920899268131,0.10951425668939141
oer_all_in,2016-02-01,1.0719403215659673,0.8693232615989643,0.20261705996700297
oer_all_in,2016-03-01,0.9198606890624017,0.74899011509999,0.17087057396241168
oer_all_in,2016-04-01,1.1804139635627653,1.0067896944223387,0.1736242691404266
oer_all_in,2016-05-01,1.1038649222306018,0.883626253481129,0.22023866874947284
oer_all_in,2016-06-01,1.1064352413136191,0.8602447313609929,0.24619050995262626
oer_all_in,2016-07-01,0.9273999533544686,0.6959974471675734,0.23140250618689517
oer_all_in,2016-08-01,1.197153525794703,0.927405128872949,0.269748396921754
oer_all_in,2016-09-01,1.58500435617408,1.3593899457536862,0.22561441042039387
oer_all_in,2016-10-01,1.748752011102317,1.5481988667380042,0.2005531443643127
oer_all_in,2016-11-01,1.7599143540089512,1.614767047867094,0.14514730614185734
oer_all_in,2016-12-01,2.118588719826109,2.0095145539605674,0.10907416586554142
oer_all_in,2017-01-01,2.5324678146545487,2.460086903012315,0.07238091164223359
oer_all_in,2017-02-01,2.7183898955891905,2.716954023711282,0.00143587187790839
oer_all_in,2017-03-01,2.329950479170795,2.3270017672993415,0.002948711871453291
oer_all_in,2017-04-01,2.164188648534604,2.1581745683240783,0.006014080210525741
oer_all_in,2017-05-01,1.7997605839368713,1.849134987164902,-0.04937440322803077
oer_all_in,2017-06-01,1.5113586193146844,1.6128612636516992,-0.10150264433701484
oer_all_in,2017-07-01,1.5284109560305348,1.699013497429247,-0.17060254139871223
oer_all_in,2017-08-01,1.7299815136710972,1.9225672274747696,-0.1925857138036724
oer_all_in,2017-09-01,2.063408659693411,2.204198842108207,-0.14079018241479613
oer_all_in,2017-10-01,1.8471906721776454,2.032128668039479,-0.18493799586183357
oer_all_in,2017-11-01,2.010696077083085,2.201350216770237,-0.19065413968715195
oer_all_in,2017-12-01,1.896585442264298,2.106813348732528,-0.21022790646822997
oer_all_in,2018-01-01,1.8336534485554612,2.0609670541555714,-0.22731360560011016
oer_all_in,2018-02-01,1.9721228328140716,2.2005703829001133,-0.22844755008604167
oer_all_in,2018-03-01,2.129522006709017,2.3493627233743375,-0.21984071666532046
oer_all_in,2018-04-01,2.235717211261412,2.458493482917068,-0.22277627165565583
oer_all_in,2018-05-01,2.604451104485239,2.7822748491780347,-0.1778237446927955
oer_all_in,2018-06-01,2.6801450065986554,2.855489339798045,-0.1753443331993898
oer_all_in,2018-07-01,2.8218186016549573,2.9315453515493584,-0.10972674989440101
oer_all_in,2018-08-01,2.564857385123709,2.673900327431089,-0.10904294230738021
oer_all_in,2018-09-01,2.168375375486953,2.2647888664407256,-0.09641349095377283
oer_all_in,2018-10-01,2.4914308142783614,2.491670607556462,-2.3979327810064177e-4
oer_all_in,2018-11-01,2.2216215626945424,2.1362462147314965,0.08537534796304591
oer_all_in,2018-12-01,2.043544868217939,1.8371126541800509,0.20643221403788825
oer_all_in,2019-01-01,1.7776926996659004,1.4614034357613548,0.3162892639045456
oer_all_in,2019-02-01,1.8286607517690623,1.4328205774856606,0.3958401742834017
oer_all_in,2019-03-01,2.203769851320092,1.7733546863169858,0.4304151650031063
oer_all_in,2019-04-01,2.3557201857545174,1.8769197948181437,0.4788003909363736
oer_all_in,2019-05-01,2.2185459047973977,1.675060842710363,0.5434850620870346
oer_all_in,2019-06-01,2.1783414118031086,1.5371453352531095,0.6411960765499991
oer_all_in,2019-07-01,2.4137065496124155,1.7055164093068953,0.7081901403055202
oer_all_in,2019-08-01,2.45376469054166,1.6478098458781343,0.8059548446635256
oer_all_in,2019-09-01,2.4609216449871463,1.6062164239481147,0.8547052210390316
oer_all_in,2019-10-01,2.5435108823656183,1.6625238369665674,0.8809870453990509
oer_all_in,2019-11-01,2.8634543395298806,1.9492985939413066,0.914155745588574
oer_all_in,2019-12-01,3.1080710579715065,2.214425707720191,0.8936453502513153
oer_all_in,2020-01-01,3.315251489361093,2.4413060529470565,0.8739454364140364
oer_all_in,2020-02-01,3.175230735223722,2.280845042706914,0.8943856925168081
oer_all_in,2020-03-01,2.3805537042510316,1.4793564922909619,0.9011972119600697
oer_all_in,2020-04-01,1.1592126108649792,0.23491494752436726,0.9242976633406119
oer_all_in,2020-05-01,0.8954293112086287,0.018825092225172035,0.8766042189834566
oer_all_in,2020-06-01,1.4332634734308014,0.5568353483182298,0.8764281251125716
oer_all_in,2020-07-01,1.7874096741460122,0.8758615966548255,0.9115480774911866
oer_all_in,2020-08-01,2.0726511178155382,1.1946240033610556,0.8780271144544827
oer_all_in,2020-09-01,1.9403330218726866,1.2666855250805353,0.6736474967921513
oer_all_in,2020-10-01,1.571475739754069,1.062167607920217,0.5093081318338522
oer_all_in,2020-11-01,1.3887854664392352,1.0142678236664038,0.3745176427728314
oer_all_in,2020-12-01,1.4598962239525282,1.2157075928080685,0.24418863114445966
oer_all_in,2021-01-01,1.3795430021836586,1.2747547549707638,0.1047882472128947
oer_all_in,2021-02-01,1.5445954437909304,1.5655226134613898,-0.020927169670459378
oer_all_in,2021-03-01,2.4328810051686744,2.501714379769293,-0.06883337460061867
oer_all_in,2021-04-01,3.9335584627096853,4.075559759188474,-0.14200129647878867
oer_all_in,2021-05-01,4.712685351585266,4.8979676841774955,-0.18528233259222926
oer_all_in,2021-06-01,5.039573602085046,5.23993869864916,-0.2003650965641146
oer_all_in,2021-07-01,4.956462715656906,5.258066574367648,-0.3016038587107417
oer_all_in,2021-08-01,4.72900404769887,5.161918643883956,-0.43291459618508554
oer_all_in,2021-09-01,4.914382706927212,5.286738455997986,-0.37235574907077407
oer_all_in,2021-10-01,5.952308598107203,6.135300004803179,-0.1829914066959759
oer_all_in,2021-11-01,6.753876692237304,6.758665957378973,-0.004789265141669219
oer_all_in,2021-12-01,7.15494113175934,6.977270557533943,0.177670574225397
oer_all_in,2022-01-01,7.72039035675669,7.364953317468137,0.3554370392885531
oer_all_in,2022-02-01,8.275120957478844,7.77168087395137,0.5034400835274742
oer_all_in,2022-03-01,9.025882409026153,8.411741840191844,0.6141405688343085
oer_all_in,2022-04-01,8.79050663674601,8.122643432132183,0.6678632046138269
oer_all_in,2022-05-01,9.228910878104845,8.509183387289898,0.7197274908149467
oer_all_in,2022-06-01,9.720001587188465,8.946459309122412,0.7735422780660528
oer_all_in,2022-07-01,9.302496441302388,8.420909241163699,0.8815872001386893
oer_all_in,2022-08-01,9.289823156366328,8.103909146490484,1.1859140098758445
oer_all_in,2022-09-01,9.364738800983986,7.987664109707082,1.3770746912769036
oer_all_in,2022-10-01,8.534965674620064,7.528539315570848,1.0064263590492164
oer_all_in,2022-11-01,7.569785557827569,6.916437375750539,0.6533481820770293
oer_all_in,2022-12-01,6.600512926296687,6.232366268834588,0.3681466574620984
oer_all_in,2023-01-01,6.247600174494283,6.212330021242329,0.03527015325195393
oer_all_in,2023-02-01,5.551488277681571,5.818840916713364,-0.2673526390317926
oer_all_in,2023-03-01,4.273893316967614,4.804121333468259,-0.53022801650064455
oer_all_in,2023-04-01,3.9633187248190094,4.7436593291065865,-0.7803406042875771
oer_all_in,2023-05-01,2.83105976711,3.8242837700009025,-0.9932240028909023
oer_all_in,2023-06-01,1.564503684076013,2.8266159722134088,-1.2621122881373958
oer_all_in,2023-07-01,1.4426537923794003,3.0029266111272435,-1.5602728187478432
oer_all_in,2023-08-01,1.583933797682735,3.5270798955077565,-1.9431460978250215
oer_all_in,2023-09-01,1.4009460554234465,3.6076757225739,-2.2067296671504533
oer_all_in,2023-10-01,1.1984528851352483,3.1505031981312603,-1.952050312996012
oer_all_in,2023-11-01,1.2441562504540205,2.962393862453183,-1.7182376119991627
oer_all_in,2023-12-01,1.6737518009098284,3.221284556599824,-1.5475327556899954
oer_all_in,2024-01-01,1.6269686623994195,2.9373267278246296,-1.31035806542521
oer_all_in,2024-02-01,1.9029687621320956,3.00784106794445,-1.1048723058123544
oer_all_in,2024-03-01,2.4319678179186788,3.3339486559049947,-0.9019808379863159
oer_all_in,2024-04-01,2.5390793135280587,3.2518877865136853,-0.7128084729856266
oer_all_in,2024-05-01,2.6307112531534838,3.1869045176229793,-0.5561932644694956
oer_all_in,2024-06-01,2.4871161348840154,2.883504864381159,-0.39638872949714354
oer_all_in,2024-07-01,2.566805710937259,2.785831270061534,-0.21902555912427513
oer_all_in,2024-08-01,2.3728016948291852,2.4300063259228066,-0.057204631093621394
oer_all_in,2024-09-01,2.4246404302398883,2.3367307119969816,0.08790971824290672
oer_all_in,2024-10-01,2.576055406206934,2.4870973731964785,0.08895803301045557
oer_all_in,2024-11-01,2.770249062293839,2.6829357454070557,0.08731331688678345
oer_all_in,2024-12-01,2.8510215861121235,2.80253329324327,0.04848829286885348
oer_all_in,2025-01-01,2.9400388369296593,2.9509799755427,-0.010941138613040913
oer_all_in,2025-02-01,2.7305926110918977,2.7508680671581853,-0.020275456066287667
oer_all_in,2025-03-01,2.280471902914627,2.334560855524037,-0.05408895260941016
oer_all_in,2025-04-01,2.172206340456384,2.2296886711355546,-0.057482330679170524
oer_all_in,2025-05-01,2.1940210686900663,2.2394710594769274,-0.04544999078686107
oer_all_in,2025-06-01,2.5088399620913693,2.5418967822483873,-0.03305682015701805
oer_all_in,2025-07-01,2.5778006294851386,2.596818440848958,-0.019017811363819526
oer_all_in,2025-08-01,2.7854519248675658,2.805941520226307,-0.020489595358741397
oer_all_in,2025-09-01,2.8790308150496324,2.9024083838908865,-0.02337756884125408
oer_all_in,2025-11-01,2.433835421984498,2.601804768749405,-0.16796934676490682
oer_all_in,2025-12-01,2.3601014083898253,2.607020785845071,-0.24691937745524584
oer_all_in,2026-01-01,1.9593146615929813,2.3012211641815883,-0.341906502588607
oer_all_in,2026-02-01,1.894350402033429,2.3358499084450646,-0.4414995064116356
oer_all_in,2026-03-01,2.6726295948617196,3.1645678233758856,-0.491938228514166
oer_all_in,2026-04-01,3.2130771125082447,3.6226163305257852,-0.40953921801754056
oer_all_in,2026-05-01,3.673282740226602,4.056247947288605,-0.38296520706200265
oer_all_in,2026-06-01,2.8995466849595974,3.3555948679426573,-0.4560481829830598
oer_all_in,2026-07-01,2.6924786585015736,3.173560377317086,-0.48108171881551254
pm_oer_all_in,2014-12-01,0.6747401934317443,0.6049667475767073,0.06977344585503698
pm_oer_all_in,2015-01-01,-0.16671794220813885,-0.3360913471348148,0.16937340492667596
pm_oer_all_in,2015-02-01,-0.09585502712785576,-0.23085105614391033,0.13499602901605456
pm_oer_all_in,2015-03-01,-0.13295140917382042,-0.29090380095596613,0.1579523917821457
pm_oer_all_in,2015-04-01,-0.2544348083290404,-0.4122020230205248,0.15776721469148436
pm_oer_all_in,2015-05-01,-0.1122155736506425,-0.2482412053945282,0.1360256317438857
pm_oer_all_in,2015-06-01,0.05026055084360603,-0.08819627031234623,0.13845682115595226
pm_oer_all_in,2015-07-01,0.11461300191439872,-0.03825552745206906,0.15286852936646778
pm_oer_all_in,2015-08-01,0.1255789838105814,-0.008223091896464307,0.13380207570704572
pm_oer_all_in,2015-09-01,-0.11215785319090843,-0.25940115304506906,0.14724329985416063
pm_oer_all_in,2015-10-01,0.08156024256296135,-0.05764768864030545,0.1392079312032668
pm_oer_all_in,2015-11-01,0.42992543955988616,0.2969559330237903,0.13296950653609585
pm_oer_all_in,2015-12-01,0.6663470525141602,0.5650384765315764,0.1013085759825838
pm_oer_all_in,2016-01-01,1.3190064853680905,1.2778920899268575,0.041114395441232965
pm_oer_all_in,2016-02-01,0.9727913081415407,0.8693232615991198,0.10346804654242092
pm_oer_all_in,2016-03-01,0.7983725419437926,0.7489901151001233,0.049382426843669336
pm_oer_all_in,2016-04-01,1.058707764279787,1.006789694422472,0.051918069857315174
pm_oer_all_in,2016-05-01,0.9700993841962324,0.8836262534812178,0.08647313071501461
pm_oer_all_in,2016-06-01,0.9565131947252281,0.8602447313610817,0.0962684633641464
pm_oer_all_in,2016-07-01,0.758818775096981,0.6959974471677288,0.06282132792925221
pm_oer_all_in,2016-08-01,1.0119265737828398,0.92740512887306,0.08452144490977975
pm_oer_all_in,2016-09-01,1.4280329160236915,1.3593899457537306,0.06864297026996091
pm_oer_all_in,2016-10-01,1.6213499739483606,1.5481988667380486,0.07315110721031193
pm_oer_all_in,2016-11-01,1.6585812240260012,1.6147670478671161,0.043814176158885054
pm_oer_all_in,2016-12-01,2.0401605902538478,2.0095145539605896,0.030646036293258128
pm_oer_all_in,2017-01-01,2.485725373902481,2.460086903012315,0.0256384708901658
pm_oer_all_in,2017-02-01,2.700430799835196,2.71695402371126,-0.016523223876063753
pm_oer_all_in,2017-03-01,2.341367554611784,2.3270017672993193,0.01436578731246474
pm_oer_all_in,2017-04-01,2.182698918144199,2.158174568324056,0.024524349820143065
pm_oer_all_in,2017-05-01,1.839674657190793,1.8491349871649687,-0.009460329974175785
pm_oer_all_in,2017-06-01,1.5686996943690357,1.6128612636517436,-0.04416156928270798
pm_oer_all_in,2017-07-01,1.6080632254232397,1.6990134974292914,-0.09095027200605177
pm_oer_all_in,2017-08-01,1.8283441435143155,1.922567227474814,-0.0942230839604985
pm_oer_all_in,2017-09-01,2.155991997487905,2.2041988421082515,-0.04820684462034652
pm_oer_all_in,2017-10-01,1.9420137369355217,2.0321286680395456,-0.09011493110402391
pm_oer_all_in,2017-11-01,2.1104345376734335,2.201350216770259,-0.09091567909682574
pm_oer_all_in,2017-12-01,2.0016258230377337,2.1068133487325724,-0.10518752569483869
pm_oer_all_in,2018-01-01,1.9364646854689305,2.06096705415566,-0.1245023686867297
pm_oer_all_in,2018-02-01,2.082117750548096,2.20057038290018,-0.11845263235208403
pm_oer_all_in,2018-03-01,2.24919629405107,2.349362723374404,-0.10016642932333397
pm_oer_all_in,2018-04-01,2.358929732587045,2.4584934829171345,-0.09956375033008946
pm_oer_all_in,2018-05-01,2.716412784347888,2.7822748491780347,-0.06586206483014667
pm_oer_all_in,2018-06-01,2.7934914149425394,2.8554893397980674,-0.06199792485552802
pm_oer_all_in,2018-07-01,2.9339605668811997,2.9315453515493806,0.0024152153318190983
pm_oer_all_in,2018-08-01,2.677559255955231,2.6739003274311113,0.0036589285241195313
pm_oer_all_in,2018-09-01,2.2127176979202634,2.2647888664407256,-0.05207116852046223
pm_oer_all_in,2018-10-01,2.4690041535727625,2.49167060755644,-0.022666453983677393
pm_oer_all_in,2018-11-01,2.1247099944346592,2.1362462147314965,-0.011536220296837207
pm_oer_all_in,2018-12-01,1.870067364896455,1.8371126541800509,0.0329547107164041
pm_oer_all_in,2019-01-01,1.5324269432433146,1.4614034357613104,0.07102350748200426
pm_oer_all_in,2019-02-01,1.5115254687678714,1.4328205774856162,0.07870489128225522
pm_oer_all_in,2019-03-01,1.804084130423389,1.7733546863169414,0.030729444106447623
pm_oer_all_in,2019-04-01,1.867781387084011,1.8769197948180993,-0.00913840773408836
pm_oer_all_in,2019-05-01,1.6566683778252544,1.6750608427103186,-0.018392464885064186
pm_oer_all_in,2019-06-01,1.5378074770064032,1.537145335253065,6.621417533381191e-4
pm_oer_all_in,2019-07-01,1.6897896400708268,1.7055164093068065,-0.01572676923597971
pm_oer_all_in,2019-08-01,1.6357385243407574,1.6478098458780233,-0.012071321537265867
pm_oer_all_in,2019-09-01,1.6232212128836077,1.6062164239480703,0.017004788935537363
pm_oer_all_in,2019-10-01,1.6670375629378453,1.662523836966523,0.00451372597132238
pm_oer_all_in,2019-11-01,1.956815339813045,1.9492985939412621,0.0075167458717828595
pm_oer_all_in,2019-12-01,2.187749664305927,2.2144257077201246,-0.026676043414197714
pm_oer_all_in,2020-01-01,2.3830440717633516,2.4413060529469677,-0.05826198118361603
pm_oer_all_in,2020-02-01,2.233358702976518,2.280845042706847,-0.04748633973032934
pm_oer_all_in,2020-03-01,1.435743444975457,1.479356492290873,-0.043613047315416154
pm_oer_all_in,2020-04-01,0.24140872514726297,0.23491494752425623,0.006493777623006736
pm_oer_all_in,2020-05-01,-5.586711950056333e-4,0.018825092225083218,-0.01938376342008885
pm_oer_all_in,2020-06-01,0.556916758282533,0.556835348318141,8.140996439198744e-5
pm_oer_all_in,2020-07-01,0.9331204422884376,0.8758615966547589,0.05725884563367867
pm_oer_all_in,2020-08-01,1.2507929954581831,1.194624003360989,0.05616899209719417
pm_oer_all_in,2020-09-01,1.310145017706854,1.2666855250804243,0.043459492626429785
pm_oer_all_in,2020-10-01,1.1111841204529904,1.0621676079201503,0.04901651253284012
pm_oer_all_in,2020-11-01,1.0899823036259804,1.0142678236664038,0.07571447995957659
pm_oer_all_in,2020-12-01,1.3031654185771568,1.2157075928080463,0.08745782576911054
pm_oer_all_in,2021-01-01,1.341219808898253,1.2747547549707416,0.06646505392751134
pm_oer_all_in,2021-02-01,1.6300106337702402,1.5655226134613676,0.06448802030887268
pm_oer_all_in,2021-03-01,2.647249592242118,2.5017143797693153,0.14553521247280266
pm_oer_all_in,2021-04-01,4.278057816885883,4.075559759188496,0.2024980576973867
pm_oer_all_in,2021-05-01,5.173112458029205,4.897967684177473,0.2751447738517321
pm_oer_all_in,2021-06-01,5.60557918233715,5.239938698649094,0.3656404836880567
pm_oer_all_in,2021-07-01,5.627306524898912,5.258066574367581,0.3692399505313304
pm_oer_all_in,2021-08-01,5.4991876255247485,5.161918643883889,0.33726898164085917
pm_oer_all_in,2021-09-01,5.617566015984798,5.286738455997897,0.3308275599869015
pm_oer_all_in,2021-10-01,6.498540955105625,6.135300004803068,0.3632409503025569
pm_oer_all_in,2021-11-01,7.139864891493719,6.758665957378862,0.38119893411485695
pm_oer_all_in,2021-12-01,7.3833579828204154,6.9772705575338545,0.40608742528656094
pm_oer_all_in,2022-01-01,7.803238411938174,7.364953317468093,0.4382850944700811
pm_oer_all_in,2022-02-01,8.20580278331704,7.771680873951281,0.4341219093657589
pm_oer_all_in,2022-03-01,8.797091580569628,8.411741840191734,0.3853497403778938
pm_oer_all_in,2022-04-01,8.39531931305617,8.122643432132048,0.27267588092412254
pm_oer_all_in,2022-05-01,8.67277852751771,8.509183387289854,0.16359514022785682
pm_oer_all_in,2022-06-01,9.014501917966555,8.946459309122368,0.06804260884418767
pm_oer_all_in,2022-07-01,8.436736530169364,8.420909241163677,0.01582728900568675
pm_oer_all_in,2022-08-01,8.264927566326353,8.103909146490462,0.16101841983589082
pm_oer_all_in,2022-09-01,8.18454042523693,7.98766410970706,0.19687631552987028
pm_oer_all_in,2022-10-01,7.693946317429923,7.528539315570804,0.16540700185911916
pm_oer_all_in,2022-11-01,7.04703068481507,6.916437375750473,0.1305933090645972
pm_oer_all_in,2022-12-01,6.372093870054774,6.232366268834522,0.13972760122025196
pm_oer_all_in,2023-01-01,6.331278978924226,6.2123300212422405,0.11894895768198577
pm_oer_all_in,2023-02-01,5.932459875366303,5.818840916713275,0.11361895865302785
pm_oer_all_in,2023-03-01,4.940980182609067,4.80412133346817,0.1368588491408973
pm_oer_all_in,2023-04-01,4.909610990167401,4.7436593291064755,0.16595166106092574
pm_oer_all_in,2023-05-01,4.035134626652281,3.8242837700007692,0.21085085665151215
pm_oer_all_in,2023-06-01,3.0023184087269783,2.8266159722132977,0.17570243651368056
pm_oer_all_in,2023-07-01,3.1521757142876305,3.0029266111270214,0.14924910316060913
pm_oer_all_in,2023-08-01,3.5629528539673494,3.527079895507512,0.03587295845983718
pm_oer_all_in,2023-09-01,3.6233028950307,3.6076757225736555,0.01562717245704448
pm_oer_all_in,2023-10-01,3.156597931283489,3.1505031981310605,0.006094733152428589
pm_oer_all_in,2023-11-01,2.9637333076793393,2.9623938624530055,0.0013394452263337797
pm_oer_all_in,2023-12-01,3.176292904268996,3.221284556599624,-0.044991652330628185
pm_oer_all_in,2024-01-01,2.9089616333730417,2.9373267278244297,-0.028365094451388018
pm_oer_all_in,2024-02-01,2.962237187424699,3.007841067944228,-0.04560388051952913
pm_oer_all_in,2024-03-01,3.277477246858762,3.333948655904795,-0.05647140904603276
pm_oer_all_in,2024-04-01,3.2066335621340647,3.2518877865135076,-0.04525422437944293
pm_oer_all_in,2024-05-01,3.126607097850065,3.186904517622846,-0.06029741977278125
pm_oer_all_in,2024-06-01,2.8230306757462964,2.88350486438107,-0.06047418863477372
pm_oer_all_in,2024-07-01,2.7353656788828173,2.785831270061445,-0.05046559117862781
pm_oer_all_in,2024-08-01,2.380713661290268,2.4300063259227622,-0.049292664632494265
pm_oer_all_in,2024-09-01,2.2957123897694887,2.3367307119969816,-0.04101832222749291
pm_oer_all_in,2024-10-01,2.47040605022939,2.4870973731964785,-0.016691322967088418
pm_oer_all_in,2024-11-01,2.6912917694785765,2.6829357454070335,0.008356024071543011
pm_oer_all_in,2024-12-01,2.8048657215203,2.802533293243248,0.0023324282770520455
pm_oer_all_in,2025-01-01,2.8937813724125405,2.950979975542678,-0.05719860313013747
pm_oer_all_in,2025-02-01,2.71007053301906,2.750868067158163,-0.04079753413910314
pm_oer_all_in,2025-03-01,2.285432682832078,2.3345608555239705,-0.0491281726918924
pm_oer_all_in,2025-04-01,2.1760774668893035,2.2296886711354436,-0.053611204246140076
pm_oer_all_in,2025-05-01,2.1971055498779535,2.2394710594768164,-0.04236550959886287
pm_oer_all_in,2025-06-01,2.504755463233077,2.541896782248232,-0.03714131901515483
pm_oer_all_in,2025-07-01,2.577151447896009,2.596818440848847,-0.019666992952838136
pm_oer_all_in,2025-08-01,2.7773782764603405,2.805941520226174,-0.028563243765833413
pm_oer_all_in,2025-09-01,2.8620493488614285,2.9024083838907533,-0.04035903502932481
pm_oer_all_in,2025-11-01,2.558417542416347,2.601804768749316,-0.04338722633296932
pm_oer_all_in,2025-12-01,2.550782977302357,2.6070207858450045,-0.05623780854264737
pm_oer_all_in,2026-01-01,2.242768083792379,2.301221164181544,-0.05845308038916475
pm_oer_all_in,2026-02-01,2.2547465725384797,2.3358499084449758,-0.0811033359064961
pm_oer_all_in,2026-03-01,3.1053254676108644,3.164567823375797,-0.05924235576493242
pm_oer_all_in,2026-04-01,3.663557425248598,3.6226163305257186,0.040941094722879434
pm_oer_all_in,2026-05-01,4.151647122046054,4.056247947288538,0.09539917475751558
pm_oer_all_in,2026-06-01,3.4010174603956056,3.3555948679425462,0.04542259245305935
pm_oer_all_in,2026-07-01,3.214477073108668,3.1735603773170196,0.04091669579164847
