basket,source,date,index,chg_12m
all_in,CEX weights,2010-01-01,100,NA
all_in,CEX weights,2010-02-01,100.00347778303205,NA
all_in,CEX weights,2010-03-01,100.59929728574429,NA
all_in,CEX weights,2010-04-01,100.83580175478227,NA
all_in,CEX weights,2010-05-01,100.91824437939292,NA
all_in,CEX weights,2010-06-01,100.71176168269413,NA
all_in,CEX weights,2010-07-01,100.72805714703713,NA
all_in,CEX weights,2010-08-01,100.85672115152755,NA
all_in,CEX weights,2010-09-01,100.8486395111743,NA
all_in,CEX weights,2010-10-01,101.00537729782116,NA
all_in,CEX weights,2010-11-01,100.9724421162656,NA
all_in,CEX weights,2010-12-01,101.1539928840714,NA
all_in,CEX weights,2011-01-01,101.68172291652125,1.6817229165212444
all_in,CEX weights,2011-02-01,102.26480099255265,2.2612445683406923
all_in,CEX weights,2011-03-01,103.36712687007427,2.7513408731555833
all_in,CEX weights,2011-04-01,104.11130740350254,3.2483558336609653
all_in,CEX weights,2011-05-01,104.69466558205369,3.742059947519172
all_in,CEX weights,2011-06-01,104.64525830394935,3.9056973639764347
all_in,CEX weights,2011-07-01,104.75784175595892,4.000657535803898
all_in,CEX weights,2011-08-01,105.03195021245782,4.139762837081906
all_in,CEX weights,2011-09-01,105.22409671098379,4.338637805148249
all_in,CEX weights,2011-10-01,104.96774362437655,3.922926117955172
all_in,CEX weights,2011-11-01,104.8302803818178,3.8206843220747855
all_in,CEX weights,2011-12-01,104.5394414849892,3.346826461707475
all_in,CEX weights,2012-01-01,105.13641137099876,3.3975510597059166
all_in,CEX weights,2012-02-01,105.74088914343844,3.399105182964113
all_in,CEX weights,2012-03-01,106.7692127498423,3.2912648177251036
all_in,CEX weights,2012-04-01,107.17889141024983,2.946446532323632
all_in,CEX weights,2012-05-01,107.05515418544277,2.2546407596469864
all_in,CEX weights,2012-06-01,106.90307872060721,2.1575945754750414
all_in,CEX weights,2012-07-01,106.67051711554487,1.825806381198336
all_in,CEX weights,2012-08-01,107.31918374360168,2.177655014990454
all_in,CEX weights,2012-09-01,107.81608347983926,2.4633015154074567
all_in,CEX weights,2012-10-01,107.68267712929145,2.586445522378944
all_in,CEX weights,2012-11-01,106.96820782209134,2.039417840424229
all_in,CEX weights,2012-12-01,106.56984284401356,1.9422347490883674
all_in,CEX weights,2013-01-01,106.92790391968593,1.70396965744386
all_in,CEX weights,2013-02-01,108.0059069339599,2.14204534203315
all_in,CEX weights,2013-03-01,108.33983590853413,1.4710449934399739
all_in,CEX weights,2013-04-01,108.13058875308823,0.8879522173779408
all_in,CEX weights,2013-05-01,108.34578741386109,1.2055778521253169
all_in,CEX weights,2013-06-01,108.63680342292274,1.621772471910421
all_in,CEX weights,2013-07-01,108.66021040593245,1.8652701272952044
all_in,CEX weights,2013-08-01,108.68622711344507,1.2738108156966854
all_in,CEX weights,2013-09-01,108.74474150787451,0.8613353389050671
all_in,CEX weights,2013-10-01,108.27389070912432,0.5490331366139856
all_in,CEX weights,2013-11-01,107.86640976012848,0.8396905550956069
all_in,CEX weights,2013-12-01,107.74579067519132,1.1034527215161516
all_in,CEX weights,2014-01-01,108.19020806642999,1.1805189295510443
all_in,CEX weights,2014-02-01,108.64647266541503,0.593083979977882
all_in,CEX weights,2014-03-01,109.47857951772515,1.0510848568687114
all_in,CEX weights,2014-04-01,109.86307962234196,1.6022208786912184
all_in,CEX weights,2014-05-01,110.3296382491917,1.8310364276117763
all_in,CEX weights,2014-06-01,110.505486049084,1.7201193032958528
all_in,CEX weights,2014-07-01,110.39982139287328,1.6009641251770068
all_in,CEX weights,2014-08-01,110.06175915604472,1.26559922000411
all_in,CEX weights,2014-09-01,110.04881762862685,1.1992084423299687
all_in,CEX weights,2014-10-01,109.59129090736845,1.2167293422412406
all_in,CEX weights,2014-11-01,108.69832426104054,0.7712451937188503
all_in,CEX weights,2014-12-01,107.86871387580463,0.11408631357476828
all_in,CEX weights,2015-01-01,107.18350168737054,-0.9304967584879087
all_in,CEX weights,2015-02-01,107.71335902992816,-0.8588531340179562
all_in,CEX weights,2015-03-01,108.4630167050161,-0.9276360884319157
all_in,CEX weights,2015-04-01,108.691672909556,-1.0662423780697816
all_in,CEX weights,2015-05-01,109.31954047770182,-0.9155271308045609
all_in,CEX weights,2015-06-01,109.67502745997676,-0.7515089239446104
all_in,CEX weights,2015-07-01,109.63148192163581,-0.6959607919139854
all_in,CEX weights,2015-08-01,109.29816313600645,-0.6937886745528421
all_in,CEX weights,2015-09-01,108.9660928046059,-0.9838586614121847
all_in,CEX weights,2015-10-01,108.81039972468454,-0.7125485759118866
all_in,CEX weights,2015-11-01,108.43470039761698,-0.2425279922351531
all_in,CEX weights,2015-12-01,107.91873182205862,0.046369280263758306
all_in,CEX weights,2016-01-01,108.12656242405183,0.8798562482423611
all_in,CEX weights,2016-02-01,108.24522934173174,0.4937830521614339
all_in,CEX weights,2016-03-01,108.79969701991315,0.31041024408597906
all_in,CEX weights,2016-04-01,109.34838370600595,0.6041960518874401
all_in,CEX weights,2016-05-01,109.84362804580935,0.4794088648903738
all_in,CEX weights,2016-06-01,110.21778598110902,0.4948788559276496
all_in,CEX weights,2016-07-01,109.92117261527144,0.264240424883333
all_in,CEX weights,2016-08-01,109.94069587798424,0.5878714916537575
all_in,CEX weights,2016-09-01,110.10549078555172,1.045644522639666
all_in,CEX weights,2016-10-01,110.14706740836853,1.228437435269103
all_in,CEX weights,2016-11-01,109.74980508710092,1.2128079707525385
all_in,CEX weights,2016-12-01,109.69015541267783,1.6414421859033856
all_in,CEX weights,2017-01-01,110.4571103144151,2.1553888684847866
all_in,CEX weights,2017-02-01,110.82434400900158,2.3826589707039547
all_in,CEX weights,2017-03-01,110.89492377377611,1.9257652468273712
all_in,CEX weights,2017-04-01,111.29388976342874,1.7791813573152293
all_in,CEX weights,2017-05-01,111.33871635640986,1.361106089810682
all_in,CEX weights,2017-06-01,111.3379927463741,1.0163575282278625
all_in,CEX weights,2017-07-01,111.0728920466643,1.0477685090059197
all_in,CEX weights,2017-08-01,111.35107564814416,1.2828550509860426
all_in,CEX weights,2017-09-01,111.99936583242349,1.7200550429954387
all_in,CEX weights,2017-10-01,111.7381555886581,1.4445125210557297
all_in,CEX weights,2017-11-01,111.57373926817704,1.6619019775284238
all_in,CEX weights,2017-12-01,111.3446903155183,1.508371372632089
all_in,CEX weights,2018-01-01,112.0419131455599,1.4347676004140109
all_in,CEX weights,2018-02-01,112.62588747500628,1.6255845970614358
all_in,CEX weights,2018-03-01,112.8733658215029,1.7840690812527926
all_in,CEX weights,2018-04-01,113.37284558805935,1.8679873882112785
all_in,CEX weights,2018-05-01,113.93897189509522,2.335445947087811
all_in,CEX weights,2018-06-01,114.05706950074652,2.442182302106377
all_in,CEX weights,2018-07-01,113.98911919201586,2.6255075307901388
all_in,CEX weights,2018-08-01,113.94531788934853,2.3297864220026554
all_in,CEX weights,2018-09-01,114.07627678764997,1.8543952814286557
all_in,CEX weights,2018-10-01,114.26449724848433,2.260948058894452
all_in,CEX weights,2018-11-01,113.71326056613249,1.9175850087921997
all_in,CEX weights,2018-12-01,113.25112799198621,1.7121945115349702
all_in,CEX weights,2019-01-01,113.59049176775862,1.3821422525933436
all_in,CEX weights,2019-02-01,114.21320139053032,1.409368619515905
all_in,CEX weights,2019-03-01,114.97758254591538,1.8642278531324052
all_in,CEX weights,2019-04-01,115.68455468910183,2.0390324411915017
all_in,CEX weights,2019-05-01,116.0441907944365,1.8476723673438
all_in,CEX weights,2019-06-01,116.09666294899071,1.7882218587343512
all_in,CEX weights,2019-07-01,116.34939015695082,2.070610757996172
all_in,CEX weights,2019-08-01,116.35504327192265,2.114808600485185
all_in,CEX weights,2019-09-01,116.48531962229792,2.11178248667101
all_in,CEX weights,2019-10-01,116.83153492078543,2.2465750378428684
all_in,CEX weights,2019-11-01,116.732511702656,2.6551442826385108
all_in,CEX weights,2019-12-01,116.5989926996287,2.9561424835250927
all_in,CEX weights,2020-01-01,117.20464522344516,3.1817394215317263
all_in,CEX weights,2020-02-01,117.68135558003878,3.0365615771943633
all_in,CEX weights,2020-03-01,117.33782643954603,2.052786153064323
all_in,CEX weights,2020-04-01,116.3701731818483,0.5926620840517982
all_in,CEX weights,2020-05-01,116.33390186007428,0.2496558109926994
all_in,CEX weights,2020-06-01,117.21155786794898,0.9603160768265395
all_in,CEX weights,2020-07-01,118.00157136165775,1.420017073126223
all_in,CEX weights,2020-08-01,118.46194225249207,1.8107500296704604
all_in,CEX weights,2020-09-01,118.46617771457635,1.7005216611855722
all_in,CEX weights,2020-10-01,118.287797589635,1.2464636964985232
all_in,CEX weights,2020-11-01,118.00492621139053,1.0900258121538942
all_in,CEX weights,2020-12-01,118.01418309524357,1.2137243751843885
all_in,CEX weights,2021-01-01,118.5914096731168,1.1831992213515496
all_in,CEX weights,2021-02-01,119.23764489525053,1.322460391062763
all_in,CEX weights,2021-03-01,120.20474553432156,2.443303393090046
all_in,CEX weights,2021-04-01,121.36439133724163,4.291665139647938
all_in,CEX weights,2021-05-01,122.44599546347965,5.253922980041503
all_in,CEX weights,2021-06-01,123.76278598309345,5.58923388982262
all_in,CEX weights,2021-07-01,124.43051087002266,5.448181269265584
all_in,CEX weights,2021-08-01,124.5347764876591,5.126401036227546
all_in,CEX weights,2021-09-01,124.7145621777664,5.27440370216421
all_in,CEX weights,2021-10-01,125.95088028816988,6.478337457190397
all_in,CEX weights,2021-11-01,126.67052686787035,7.343422799957122
all_in,CEX weights,2021-12-01,127.18654452198568,7.772253458162348
all_in,CEX weights,2022-01-01,128.51151456073296,8.364943898516565
all_in,CEX weights,2022-02-01,130.03053731881076,9.051581346681004
all_in,CEX weights,2022-03-01,132.14560128075644,9.933764006867317
all_in,CEX weights,2022-04-01,132.97801498885974,9.5692183874154
all_in,CEX weights,2022-05-01,134.73207645791297,10.033877341540109
all_in,CEX weights,2022-06-01,136.85105668875192,10.575287718108072
all_in,CEX weights,2022-07-01,136.81524306237793,9.953131354810619
all_in,CEX weights,2022-08-01,136.73804672046083,9.79908630904478
all_in,CEX weights,2022-09-01,136.86157380723023,9.739850276786166
all_in,CEX weights,2022-10-01,136.86875471347156,8.668358966862378
all_in,CEX weights,2022-11-01,136.0467978967069,7.402093652469688
all_in,CEX weights,2022-12-01,134.89951252519674,6.064295584253232
all_in,CEX weights,2023-01-01,135.68018821497498,5.578234509759961
all_in,CEX weights,2023-02-01,136.05886619675135,4.636087031741054
all_in,CEX weights,2023-03-01,136.18183127836897,3.0543808938726436
all_in,CEX weights,2023-04-01,136.527140814537,2.6689568391997653
all_in,CEX weights,2023-05-01,136.48197243747387,1.2987968608258793
all_in,CEX weights,2023-06-01,136.55500120154974,-0.21633408931253095
all_in,CEX weights,2023-07-01,136.35892067975504,-0.33353182906296075
all_in,CEX weights,2023-08-01,136.6572581175629,-0.059082753363515206
all_in,CEX weights,2023-09-01,136.62420069251334,-0.17344029307395648
all_in,CEX weights,2023-10-01,136.37246013055878,-0.3626061944903003
all_in,CEX weights,2023-11-01,135.69658418956666,-0.2574214994800039
all_in,CEX weights,2023-12-01,135.3946329471706,0.36702906682586356
all_in,CEX weights,2024-01-01,136.175972141154,0.3654062783237766
all_in,CEX weights,2024-02-01,137.12265452946838,0.7818588839177298
all_in,CEX weights,2024-03-01,138.207351831286,1.4873647489558772
all_in,CEX weights,2024-04-01,138.7673685181342,1.6408661971764271
all_in,CEX weights,2024-05-01,138.9290089030142,1.7929375007101234
all_in,CEX weights,2024-06-01,138.7639772545636,1.6176456618776536
all_in,CEX weights,2024-07-01,138.74213464431483,1.7477506808350807
all_in,CEX weights,2024-08-01,138.70026419561248,1.494985415477923
all_in,CEX weights,2024-09-01,138.7311395532185,1.5421417655332004
all_in,CEX weights,2024-10-01,138.74931759766469,1.7429160292557366
all_in,CEX weights,2024-11-01,138.45922503267818,2.035895641449703
all_in,CEX weights,2024-12-01,138.31190885006018,2.1546466350906623
all_in,CEX weights,2025-01-01,139.37654688999686,2.350322673316607
all_in,CEX weights,2025-02-01,140.1099732718526,2.178574176991477
all_in,CEX weights,2025-03-01,140.39583179517626,1.5834757955291767
all_in,CEX weights,2025-04-01,140.8275419054716,1.4846238055369554
all_in,CEX weights,2025-05-01,141.12138423922107,1.5780543988026086
all_in,CEX weights,2025-06-01,141.63138499196148,2.0663920090281174
all_in,CEX weights,2025-07-01,141.83108469906378,2.2263965180209455
all_in,CEX weights,2025-08-01,142.1924845957272,2.517818131326366
all_in,CEX weights,2025-09-01,142.59931767516932,2.7882551346498197
all_in,CEX weights,2025-11-01,141.69810765754283,2.3392320909641384
all_in,CEX weights,2025-12-01,141.49290509522737,2.2998715523589564
all_in,CEX weights,2026-01-01,141.83142510401456,1.761328048940114
all_in,CEX weights,2026-02-01,142.4484990535398,1.669064469200765
all_in,CEX weights,2026-03-01,144.24098599694585,2.738795128461713
all_in,CEX weights,2026-04-01,145.54447212701828,3.3494373030474645
all_in,CEX weights,2026-05-01,146.64745423727302,3.9158275181629953
all_in,CEX weights,2026-06-01,145.7571054839503,2.912998762402119
all_in,CEX weights,2026-07-01,145.52791072715388,2.60649915773683
all_in,CPI relative importance,2012-03-01,100,NA
all_in,CPI relative importance,2012-04-01,100.33303863360423,NA
all_in,CPI relative importance,2012-05-01,100.14961020401589,NA
all_in,CPI relative importance,2012-06-01,99.90005751567563,NA
all_in,CPI relative importance,2012-07-01,99.61338026719504,NA
all_in,CPI relative importance,2012-08-01,100.27524312776157,NA
all_in,CPI relative importance,2012-09-01,100.77201069411272,NA
all_in,CPI relative importance,2012-10-01,100.6508057642481,NA
all_in,CPI relative importance,2012-11-01,99.94393613920712,NA
all_in,CPI relative importance,2012-12-01,99.51599019791931,NA
all_in,CPI relative importance,2013-01-01,99.84000631860347,NA
all_in,CPI relative importance,2013-02-01,100.86034828738113,NA
all_in,CPI relative importance,2013-03-01,101.1563332803305,1.1563332803304904
all_in,CPI relative importance,2013-04-01,100.96987398075478,0.6347214794083289
all_in,CPI relative importance,2013-05-01,101.15718836938883,1.0060729775386967
all_in,CPI relative importance,2013-06-01,101.41233942648012,1.5137948349701391
all_in,CPI relative importance,2013-07-01,101.41365334178006,1.8072602995261366
all_in,CPI relative importance,2013-08-01,101.47646232379465,1.197921998057483
all_in,CPI relative importance,2013-09-01,101.559339396732,0.7812970061787938
all_in,CPI relative importance,2013-10-01,101.1211891989542,0.46734194638029525
all_in,CPI relative importance,2013-11-01,100.73583169322136,0.7923397702800594
all_in,CPI relative importance,2013-12-01,100.64186483185998,1.131350481165394
all_in,CPI relative importance,2014-01-01,101.07214685140735,1.2341150388872624
all_in,CPI relative importance,2014-02-01,101.50368239669326,0.6378464086591151
all_in,CPI relative importance,2014-03-01,102.28737508991789,1.1181127003219604
all_in,CPI relative importance,2014-04-01,102.66904067304638,1.6828452144205475
all_in,CPI relative importance,2014-05-01,103.08576891257705,1.906518532470236
all_in,CPI relative importance,2014-06-01,103.27083915678067,1.832616958459865
all_in,CPI relative importance,2014-07-01,103.14049166442861,1.7027670986556664
all_in,CPI relative importance,2014-08-01,102.82019301205696,1.324179674272341
all_in,CPI relative importance,2014-09-01,102.8327939282501,1.2539019445011013
all_in,CPI relative importance,2014-10-01,102.3868992783845,1.2516764186188967
all_in,CPI relative importance,2014-11-01,101.52272057849913,0.7811410022147358
all_in,CPI relative importance,2014-12-01,100.64487259473988,0.002988580234397631
all_in,CPI relative importance,2015-01-01,99.82375178612877,-1.2351524175240214
all_in,CPI relative importance,2015-02-01,100.37259700213788,-1.1143294192371367
all_in,CPI relative importance,2015-03-01,101.06435520423747,-1.1956704183730293
all_in,CPI relative importance,2015-04-01,101.25756657310022,-1.3747806453564326
all_in,CPI relative importance,2015-05-01,101.87894195391435,-1.1707018062659724
all_in,CPI relative importance,2015-06-01,102.22603390250936,-1.0117137255804987
all_in,CPI relative importance,2015-07-01,102.14257788326341,-0.9675286253355675
all_in,CPI relative importance,2015-08-01,101.853186398684,-0.9404831726580798
all_in,CPI relative importance,2015-09-01,101.50218743178837,-1.2939515164687054
all_in,CPI relative importance,2015-10-01,101.32610636339176,-1.0360631315814217
all_in,CPI relative importance,2015-11-01,100.93793605896083,-0.5760134442872156
all_in,CPI relative importance,2015-12-01,100.38669483401073,-0.25652351090824643
all_in,CPI relative importance,2016-01-01,100.4906062433899,0.6680318514674433
all_in,CPI relative importance,2016-02-01,100.50695066962784,0.1338549280408774
all_in,CPI relative importance,2016-03-01,101.05123964969843,-0.012977428602334307
all_in,CPI relative importance,2016-04-01,101.57417169911159,0.3126730541986644
all_in,CPI relative importance,2016-05-01,101.99614121804879,0.11503777118873071
all_in,CPI relative importance,2016-06-01,102.31945020989137,0.09138211061880952
all_in,CPI relative importance,2016-07-01,102.01171840834026,-0.12811452151982872
all_in,CPI relative importance,2016-08-01,102.0169145658344,0.16074918511583824
all_in,CPI relative importance,2016-09-01,102.2177222960107,0.7049452650497612
all_in,CPI relative importance,2016-10-01,102.26965322332023,0.9311981815866677
all_in,CPI relative importance,2016-11-01,101.93554964019793,0.988343550688775
all_in,CPI relative importance,2016-12-01,101.89070267305414,1.4982143216591526
all_in,CPI relative importance,2017-01-01,102.60290533851021,2.101986617539442
all_in,CPI relative importance,2017-02-01,102.96275579599124,2.443418201429437
all_in,CPI relative importance,2017-03-01,103.01784880610957,1.9461504512250816
all_in,CPI relative importance,2017-04-01,103.36335667875959,1.761456627919178
all_in,CPI relative importance,2017-05-01,103.4212016028254,1.397170880935672
all_in,CPI relative importance,2017-06-01,103.43917759707716,1.0943446088586883
all_in,CPI relative importance,2017-07-01,103.24794795554445,1.2118505270695579
all_in,CPI relative importance,2017-08-01,103.5334666456196,1.4865692480892756
all_in,CPI relative importance,2017-09-01,104.14379227064421,1.8842818362317049
all_in,CPI relative importance,2017-10-01,103.9571241181965,1.6500211369558926
all_in,CPI relative importance,2017-11-01,103.8656476601547,1.8934493675361042
all_in,CPI relative importance,2017-12-01,103.67427547172954,1.7504764928341965
all_in,CPI relative importance,2018-01-01,104.33016806473837,1.6834442655688342
all_in,CPI relative importance,2018-02-01,104.89999522755151,1.8814953199181028
all_in,CPI relative importance,2018-03-01,105.1207150766976,2.041264009061039
all_in,CPI relative importance,2018-04-01,105.58319057370382,2.1476023672907685
all_in,CPI relative importance,2018-05-01,106.06741719835364,2.558678060704267
all_in,CPI relative importance,2018-06-01,106.20125790979338,2.6702458167980225
all_in,CPI relative importance,2018-07-01,106.10835452005136,2.7704246148684053
all_in,CPI relative importance,2018-08-01,106.07647372422822,2.4562174541232995
all_in,CPI relative importance,2018-09-01,106.16170647589344,1.9376231278434464
all_in,CPI relative importance,2018-10-01,106.29224788284168,2.2462373641562117
all_in,CPI relative importance,2018-11-01,105.70362470202011,1.7695716372743364
all_in,CPI relative importance,2018-12-01,105.1376603600833,1.4115216930093766
all_in,CPI relative importance,2019-01-01,105.29240547682767,0.9223002607378294
all_in,CPI relative importance,2019-02-01,105.79090377780673,0.8492932228668204
all_in,CPI relative importance,2019-03-01,106.47975357420353,1.2928360471238687
all_in,CPI relative importance,2019-04-01,107.08226756929855,1.419806493296183
all_in,CPI relative importance,2019-05-01,107.29420052418838,1.1566071450015425
all_in,CPI relative importance,2019-06-01,107.21772028627834,0.9571095451132328
all_in,CPI relative importance,2019-07-01,107.36423087488167,1.1835791446497046
all_in,CPI relative importance,2019-08-01,107.25724166783048,1.113128955127185
all_in,CPI relative importance,2019-09-01,107.26645597988448,1.0406289995365636
all_in,CPI relative importance,2019-10-01,107.50548321181832,1.141414687469866
all_in,CPI relative importance,2019-11-01,107.31999408573823,1.5291522767309829
all_in,CPI relative importance,2019-12-01,107.10096180352676,1.8673626907041552
all_in,CPI relative importance,2020-01-01,107.54702672168042,2.141295219386885
all_in,CPI relative importance,2020-02-01,107.85721829952541,1.9532062284471685
all_in,CPI relative importance,2020-03-01,107.46054979394785,0.9211105274213649
all_in,CPI relative importance,2020-04-01,106.37966009966205,-0.6561380194734956
all_in,CPI relative importance,2020-05-01,106.28935527395211,-0.9365326786788808
all_in,CPI relative importance,2020-06-01,107.03618527472072,-0.16931437366221047
all_in,CPI relative importance,2020-07-01,107.6462896851218,0.26271208571206905
all_in,CPI relative importance,2020-08-01,108.02424755285875,0.7151087172310833
all_in,CPI relative importance,2020-09-01,108.20121295801707,0.8714345687974134
all_in,CPI relative importance,2020-10-01,108.15261223487535,0.601949783139899
all_in,CPI relative importance,2020-11-01,107.97454999439525,0.6099104963927626
all_in,CPI relative importance,2020-12-01,108.07412296802438,0.9086390524511323
all_in,CPI relative importance,2021-01-01,108.66647844054914,1.0408950884023271
all_in,CPI relative importance,2021-02-01,109.3772955997094,1.4093422064368921
all_in,CPI relative importance,2021-03-01,110.30667799964291,2.648533076698767
all_in,CPI relative importance,2021-04-01,111.39655793143542,4.7160310787544235
all_in,CPI relative importance,2021-05-01,112.43723619501135,5.784098421910255
all_in,CPI relative importance,2021-06-01,113.62528367052168,6.155954062534352
all_in,CPI relative importance,2021-07-01,114.26301781604363,6.146731253140758
all_in,CPI relative importance,2021-08-01,114.48359358206763,5.979533461733366
all_in,CPI relative importance,2021-09-01,114.7305753135014,6.034463179278582
all_in,CPI relative importance,2021-10-01,115.80449686145337,7.0750807294052365
all_in,CPI relative importance,2021-11-01,116.36173441242252,7.7677419525829405
all_in,CPI relative importance,2021-12-01,116.68919987727844,7.97145206702532
all_in,CPI relative importance,2022-01-01,117.77218580384962,8.379499818135884
all_in,CPI relative importance,2022-02-01,119.06027119290451,8.852820450628185
all_in,CPI relative importance,2022-03-01,120.92342444134923,9.624754035055494
all_in,CPI relative importance,2022-04-01,121.59756484586622,9.157380716116492
all_in,CPI relative importance,2022-05-01,123.19226289397372,9.565360251570777
all_in,CPI relative importance,2022-06-01,125.01006172311648,10.019581632559138
all_in,CPI relative importance,2022-07-01,124.79005923330449,9.212990885825146
all_in,CPI relative importance,2022-08-01,124.38647504972647,8.65004421839708
all_in,CPI relative importance,2022-09-01,124.33231977568384,8.368949982117368
all_in,CPI relative importance,2022-10-01,124.72761205822523,7.705327028403164
all_in,CPI relative importance,2022-11-01,124.30347718184227,6.825046747130559
all_in,CPI relative importance,2022-12-01,123.45557005966903,5.798625913543631
all_in,CPI relative importance,2023-01-01,124.49174239156501,5.705554789402356
all_in,CPI relative importance,2023-02-01,125.14256089993167,5.108580424088305
all_in,CPI relative importance,2023-03-01,125.49086926459866,3.777138171822747
all_in,CPI relative importance,2023-04-01,126.06871557666567,3.6770068022883295
all_in,CPI relative importance,2023-05-01,126.27274478113428,2.5005481795653095
all_in,CPI relative importance,2023-06-01,126.60457093390139,1.2755046984270546
all_in,CPI relative importance,2023-07-01,126.70991810844228,1.5384710023644388
all_in,CPI relative importance,2023-08-01,127.26548101316038,2.314565118340206
all_in,CPI relative importance,2023-09-01,127.4244905156895,2.4870208692192364
all_in,CPI relative importance,2023-10-01,127.15738508002812,1.9480634493897142
all_in,CPI relative importance,2023-11-01,126.4540101311189,1.730066606367453
all_in,CPI relative importance,2023-12-01,126.11313045797347,2.1526451961786597
all_in,CPI relative importance,2024-01-01,126.75909522018513,1.8212877296621022
all_in,CPI relative importance,2024-02-01,127.65032592362658,2.0039265663583494
all_in,CPI relative importance,2024-03-01,128.58698446042,2.467203561474385
all_in,CPI relative importance,2024-04-01,129.10345286648183,2.407208859021548
all_in,CPI relative importance,2024-05-01,129.24289920223066,2.352173801436308
all_in,CPI relative importance,2024-06-01,129.14317633592276,2.005145140728559
all_in,CPI relative importance,2024-07-01,129.13909025616695,1.9171128700799178
all_in,CPI relative importance,2024-08-01,129.06395098378317,1.4131640066930684
all_in,CPI relative importance,2024-09-01,129.12496030991423,1.3344921273319654
all_in,CPI relative importance,2024-10-01,129.10733544291452,1.5334936005951816
all_in,CPI relative importance,2024-11-01,128.82374664170936,1.8739907956523583
all_in,CPI relative importance,2024-12-01,128.71634927859256,2.064193324807362
all_in,CPI relative importance,2025-01-01,129.73244157406975,2.3456670692701076
all_in,CPI relative importance,2025-02-01,130.38251525561685,2.1403700399675873
all_in,CPI relative importance,2025-03-01,130.63030858876348,1.5890598390791322
all_in,CPI relative importance,2025-04-01,131.00759097656191,1.4748932486331912
all_in,CPI relative importance,2025-05-01,131.24026600915602,1.5454363986372677
all_in,CPI relative importance,2025-06-01,131.68178884050758,1.9657349126844137
all_in,CPI relative importance,2025-07-01,131.8196295053304,2.075699343898263
all_in,CPI relative importance,2025-08-01,132.15179191379684,2.3924890772959895
all_in,CPI relative importance,2025-09-01,132.49618067875468,2.610820062015229
all_in,CPI relative importance,2025-11-01,131.8549108473904,2.352954548132713
all_in,CPI relative importance,2025-12-01,131.76980819594758,2.372238596315479
all_in,CPI relative importance,2026-01-01,132.29892540275264,1.978289930832422
all_in,CPI relative importance,2026-02-01,133.05451684455556,2.049355761928817
all_in,CPI relative importance,2026-03-01,134.82211103246127,3.2089049539751002
all_in,CPI relative importance,2026-04-01,135.92868640862645,3.7563437319788173
all_in,CPI relative importance,2026-05-01,136.93017716956012,4.3354919442232465
all_in,CPI relative importance,2026-06-01,136.16601842178858,3.4053528743540173
all_in,CPI relative importance,2026-07-01,135.98634762597754,3.1609238595824207
ex_shelter,CEX weights,2010-01-01,100,NA
ex_shelter,CEX weights,2010-02-01,99.95181207435846,NA
ex_shelter,CEX weights,2010-03-01,100.56025923371797,NA
ex_shelter,CEX weights,2010-04-01,100.79787992575494,NA
ex_shelter,CEX weights,2010-05-01,100.86006687587093,NA
ex_shelter,CEX weights,2010-06-01,100.54174097187448,NA
ex_shelter,CEX weights,2010-07-01,100.49104699076419,NA
ex_shelter,CEX weights,2010-08-01,100.68044182294149,NA
ex_shelter,CEX weights,2010-09-01,100.72581477910173,NA
ex_shelter,CEX weights,2010-10-01,100.91961670472422,NA
ex_shelter,CEX weights,2010-11-01,100.96348144433149,NA
ex_shelter,CEX weights,2010-12-01,101.20315921910792,NA
ex_shelter,CEX weights,2011-01-01,101.73764670121076,1.737646701210771
ex_shelter,CEX weights,2011-02-01,102.33700228579336,2.3863401392467676
ex_shelter,CEX weights,2011-03-01,103.52585553677059,2.949073844529493
ex_shelter,CEX weights,2011-04-01,104.35469275865609,3.528658376070015
ex_shelter,CEX weights,2011-05-01,104.96940252325467,4.07429399431305
ex_shelter,CEX weights,2011-06-01,104.78386587355958,4.21926740145846
ex_shelter,CEX weights,2011-07-01,104.81526985997927,4.303092662187602
ex_shelter,CEX weights,2011-08-01,105.17281135135046,4.46200815875375
ex_shelter,CEX weights,2011-09-01,105.44322244039779,4.683414744910874
ex_shelter,CEX weights,2011-10-01,105.16090652931804,4.202641630123516
ex_shelter,CEX weights,2011-11-01,105.06665287625218,4.064015397669363
ex_shelter,CEX weights,2011-12-01,104.72645174763082,3.4814056751873323
ex_shelter,CEX weights,2012-01-01,105.32620495368592,3.5272668169868737
ex_shelter,CEX weights,2012-02-01,105.9444438687445,3.5250608307606512
ex_shelter,CEX weights,2012-03-01,107.01852106373713,3.373713270812817
ex_shelter,CEX weights,2012-04-01,107.44949598386218,2.9656579339115474
ex_shelter,CEX weights,2012-05-01,107.23621576835188,2.15949904506223
ex_shelter,CEX weights,2012-06-01,106.96254135150922,2.079208912351649
ex_shelter,CEX weights,2012-07-01,106.67040036525276,1.769904812296641
ex_shelter,CEX weights,2012-08-01,107.44921014249142,2.1644365705279167
ex_shelter,CEX weights,2012-09-01,108.0541404955315,2.4761364407366537
ex_shelter,CEX weights,2012-10-01,107.87956119979546,2.585233201388837
ex_shelter,CEX weights,2012-11-01,107.13289463282845,1.966600914763994
ex_shelter,CEX weights,2012-12-01,106.66045939566328,1.8467231685582286
ex_shelter,CEX weights,2013-01-01,106.97025081385439,1.5609086655038906
ex_shelter,CEX weights,2013-02-01,108.0800831850732,2.015810587457101
ex_shelter,CEX weights,2013-03-01,108.36743143750708,1.260445725059678
ex_shelter,CEX weights,2013-04-01,108.15500472506028,0.6565956729141398
ex_shelter,CEX weights,2013-05-01,108.30303529362612,0.9948313800803632
ex_shelter,CEX weights,2013-06-01,108.55626053303807,1.4899787920066743
ex_shelter,CEX weights,2013-07-01,108.50332763159523,1.7183091654913607
ex_shelter,CEX weights,2013-08-01,108.58189814833045,1.0541613142962536
ex_shelter,CEX weights,2013-09-01,108.68888180143942,0.5874289527425969
ex_shelter,CEX weights,2013-10-01,108.20734195024339,0.30383952882500065
ex_shelter,CEX weights,2013-11-01,107.74842947289898,0.5745526079362628
ex_shelter,CEX weights,2013-12-01,107.60163413245328,0.8824026655451123
ex_shelter,CEX weights,2014-01-01,107.98299872035915,0.9467565970908032
ex_shelter,CEX weights,2014-02-01,108.40563428485838,0.30121285087068017
ex_shelter,CEX weights,2014-03-01,109.18758125312246,0.7568231568617856
ex_shelter,CEX weights,2014-04-01,109.60472484346103,1.3404096482507288
ex_shelter,CEX weights,2014-05-01,109.96978937439094,1.538972639359537
ex_shelter,CEX weights,2014-06-01,110.1385528512323,1.457578135452331
ex_shelter,CEX weights,2014-07-01,109.91364361564166,1.2997905362266193
ex_shelter,CEX weights,2014-08-01,109.52536246004884,0.8688964991471648
ex_shelter,CEX weights,2014-09-01,109.52212865668706,0.766634858540427
ex_shelter,CEX weights,2014-10-01,108.9999571158097,0.7324966599131288
ex_shelter,CEX weights,2014-11-01,108.0345559330952,0.26555046936269644
ex_shelter,CEX weights,2014-12-01,107.05898488436314,-0.5043132034799447
ex_shelter,CEX weights,2015-01-01,106.12107243052682,-1.7242772583618504
ex_shelter,CEX weights,2015-02-01,106.64309568931142,-1.6258736062698675
ex_shelter,CEX weights,2015-03-01,107.38544935379599,-1.6504916389243007
ex_shelter,CEX weights,2015-04-01,107.6098164479968,-1.8200934296522142
ex_shelter,CEX weights,2015-05-01,108.29386266453069,-1.5239882875055621
ex_shelter,CEX weights,2015-06-01,108.6711680787984,-1.3323080197139903
ex_shelter,CEX weights,2015-07-01,108.48245232967413,-1.302105215410998
ex_shelter,CEX weights,2015-08-01,108.13396446365581,-1.2703888534498664
ex_shelter,CEX weights,2015-09-01,107.75180639230355,-1.616406004975346
ex_shelter,CEX weights,2015-10-01,107.56177496079759,-1.3194336888445624
ex_shelter,CEX weights,2015-11-01,107.17637606000368,-0.7943568293306003
ex_shelter,CEX weights,2015-12-01,106.58783839028541,-0.4400812267990606
ex_shelter,CEX weights,2016-01-01,106.67888131710448,0.5256344228360854
ex_shelter,CEX weights,2016-02-01,106.68490175290519,0.03920184736156962
ex_shelter,CEX weights,2016-03-01,107.24748906343079,-0.1284720520288274
ex_shelter,CEX weights,2016-04-01,107.88136544965677,0.25234593889600365
ex_shelter,CEX weights,2016-05-01,108.341715261212,0.04418772726719755
ex_shelter,CEX weights,2016-06-01,108.6595494899955,-0.010691510000593318
ex_shelter,CEX weights,2016-07-01,108.30850412631078,-0.1603468576048872
ex_shelter,CEX weights,2016-08-01,108.31862026880646,0.17076577749326471
ex_shelter,CEX weights,2016-09-01,108.52520271084188,0.7177571721837639
ex_shelter,CEX weights,2016-10-01,108.5413368809011,0.9106970580027296
ex_shelter,CEX weights,2016-11-01,108.1747575852343,0.9315313336137443
ex_shelter,CEX weights,2016-12-01,108.09848684810129,1.4172803207477047
ex_shelter,CEX weights,2017-01-01,108.87029607071214,2.0542160983987534
ex_shelter,CEX weights,2017-02-01,109.18435423412444,2.3428361840818646
ex_shelter,CEX weights,2017-03-01,109.20266465963611,1.8230502301540552
ex_shelter,CEX weights,2017-04-01,109.56884192176781,1.5641964347387738
ex_shelter,CEX weights,2017-05-01,109.52842286038653,1.0953376511654511
ex_shelter,CEX weights,2017-06-01,109.46443810177654,0.7407435568791421
ex_shelter,CEX weights,2017-07-01,109.2065805362189,0.8291836519695339
ex_shelter,CEX weights,2017-08-01,109.4458123398264,1.0406263191154785
ex_shelter,CEX weights,2017-09-01,110.19861683037341,1.541958989922576
ex_shelter,CEX weights,2017-10-01,109.87440529920866,1.2281665737821967
ex_shelter,CEX weights,2017-11-01,109.80271248696135,1.5049304829218846
ex_shelter,CEX weights,2017-12-01,109.53079671856533,1.3250045511522313
ex_shelter,CEX weights,2018-01-01,110.24228033188166,1.2602007257134673
ex_shelter,CEX weights,2018-02-01,110.81469548638525,1.4932004348946037
ex_shelter,CEX weights,2018-03-01,110.95204760583727,1.6019599445248334
ex_shelter,CEX weights,2018-04-01,111.46851469229243,1.7337709673713508
ex_shelter,CEX weights,2018-05-01,111.92905029731095,2.1917849031611203
ex_shelter,CEX weights,2018-06-01,112.06646245128975,2.377049930219277
ex_shelter,CEX weights,2018-07-01,111.9314058396209,2.4951109081730705
ex_shelter,CEX weights,2018-08-01,111.85294377807531,2.1993819469079634
ex_shelter,CEX weights,2018-09-01,112.05630635686333,1.6857648307414097
ex_shelter,CEX weights,2018-10-01,112.32066146983495,2.226411295664965
ex_shelter,CEX weights,2018-11-01,111.76689409929956,1.7888279513782024
ex_shelter,CEX weights,2018-12-01,111.20162673113992,1.5254431289016601
ex_shelter,CEX weights,2019-01-01,111.47730693451119,1.120283977174208
ex_shelter,CEX weights,2019-02-01,112.05921970908787,1.12306785416878
ex_shelter,CEX weights,2019-03-01,112.80568580936725,1.6706660611754742
ex_shelter,CEX weights,2019-04-01,113.52706129504256,1.8467516216868152
ex_shelter,CEX weights,2019-05-01,113.84614443121416,1.712776199575483
ex_shelter,CEX weights,2019-06-01,113.82486841456604,1.5690742125821888
ex_shelter,CEX weights,2019-07-01,114.07113101743711,1.911639688401734
ex_shelter,CEX weights,2019-08-01,114.13725908819698,2.0422487177931714
ex_shelter,CEX weights,2019-09-01,114.2556897682286,1.9627484457331201
ex_shelter,CEX weights,2019-10-01,114.75978147571145,2.1715684131112134
ex_shelter,CEX weights,2019-11-01,114.71337721486033,2.63627538306912
ex_shelter,CEX weights,2019-12-01,114.59486962643706,3.0514327847929845
ex_shelter,CEX weights,2020-01-01,115.1806280806287,3.322040375709001
ex_shelter,CEX weights,2020-02-01,115.55607127930911,3.120538925131955
ex_shelter,CEX weights,2020-03-01,115.22977676837971,2.148908489514434
ex_shelter,CEX weights,2020-04-01,114.22083992712928,0.6111130017570687
ex_shelter,CEX weights,2020-05-01,114.14969113435612,0.2666288829178187
ex_shelter,CEX weights,2020-06-01,115.09747876059647,1.1180424486812557
ex_shelter,CEX weights,2020-07-01,115.94376051147296,1.6416331435773923
ex_shelter,CEX weights,2020-08-01,116.48549321149238,2.057377356048873
ex_shelter,CEX weights,2020-09-01,116.52386093091074,1.9851713006881377
ex_shelter,CEX weights,2020-10-01,116.42738377199592,1.4531243218142809
ex_shelter,CEX weights,2020-11-01,116.10620698849165,1.2141825194654787
ex_shelter,CEX weights,2020-12-01,116.13083516519501,1.3403440692981938
ex_shelter,CEX weights,2021-01-01,116.72140784215608,1.3377073794464955
ex_shelter,CEX weights,2021-02-01,117.47452199479207,1.6601903251330707
ex_shelter,CEX weights,2021-03-01,118.43296617523131,2.779827833295423
ex_shelter,CEX weights,2021-04-01,119.56731424010054,4.680822095496939
ex_shelter,CEX weights,2021-05-01,120.71889053343078,5.754898969759448
ex_shelter,CEX weights,2021-06-01,122.00258700265944,5.999356646574028
ex_shelter,CEX weights,2021-07-01,122.55940992999157,5.705912409028668
ex_shelter,CEX weights,2021-08-01,122.78184404782185,5.4052660659621665
ex_shelter,CEX weights,2021-09-01,122.98096144929829,5.541440582900092
ex_shelter,CEX weights,2021-10-01,124.44669561869306,6.887822767195084
ex_shelter,CEX weights,2021-11-01,125.27779300022922,7.89930723742156
ex_shelter,CEX weights,2021-12-01,125.82060576359719,8.343839588011726
ex_shelter,CEX weights,2022-01-01,127.33489117662276,9.093004900026092
ex_shelter,CEX weights,2022-02-01,128.8995999269023,9.72557941765173
ex_shelter,CEX weights,2022-03-01,131.14700028304915,10.735215471177483
ex_shelter,CEX weights,2022-04-01,131.96616218689087,10.369763698039147
ex_shelter,CEX weights,2022-05-01,133.86117873797923,10.886687366389403
ex_shelter,CEX weights,2022-06-01,136.18459746857053,11.624352248860049
ex_shelter,CEX weights,2022-07-01,136.0955978176878,11.044592900233763
ex_shelter,CEX weights,2022-08-01,135.95494838216314,10.728869920874097
ex_shelter,CEX weights,2022-09-01,136.08959443607753,10.65907505706367
ex_shelter,CEX weights,2022-10-01,135.98345108728518,9.270439372645889
ex_shelter,CEX weights,2022-11-01,135.01099126665696,7.769292572395425
ex_shelter,CEX weights,2022-12-01,133.56502528540187,6.155128148369893
ex_shelter,CEX weights,2023-01-01,134.2664727028911,5.443583814473696
ex_shelter,CEX weights,2023-02-01,134.47459419119707,4.325067158824614
ex_shelter,CEX weights,2023-03-01,134.32584317842432,2.4238777009877532
ex_shelter,CEX weights,2023-04-01,134.6495199289843,2.0333680222459183
ex_shelter,CEX weights,2023-05-01,134.43229176543213,0.42664574810804545
ex_shelter,CEX weights,2023-06-01,134.4133461471246,-1.3006252941744845
ex_shelter,CEX weights,2023-07-01,134.13596632181563,-1.439893374433221
ex_shelter,CEX weights,2023-08-01,134.54670229989807,-1.035818187585602
ex_shelter,CEX weights,2023-09-01,134.34201806591082,-1.2841366582127312
ex_shelter,CEX weights,2023-10-01,134.13567208260827,-1.358826379167899
ex_shelter,CEX weights,2023-11-01,133.37137338700782,-1.214432887475636
ex_shelter,CEX weights,2023-12-01,132.96726522658528,-0.4475423543995105
ex_shelter,CEX weights,2024-01-01,133.63802670088415,-0.4680587710065076
ex_shelter,CEX weights,2024-02-01,134.58794059821884,0.08428834286766662
ex_shelter,CEX weights,2024-03-01,135.56446025560155,0.9220988663603435
ex_shelter,CEX weights,2024-04-01,136.15186348821308,1.1157437174830864
ex_shelter,CEX weights,2024-05-01,136.1987411005172,1.3140067106549802
ex_shelter,CEX weights,2024-06-01,136.04019428942385,1.2103322987871756
ex_shelter,CEX weights,2024-07-01,135.96564148306268,1.3640451635897222
ex_shelter,CEX weights,2024-08-01,135.824444965189,0.9496647955316684
ex_shelter,CEX weights,2024-09-01,135.98854586221594,1.2256238368380856
ex_shelter,CEX weights,2024-10-01,136.02484026736724,1.408401028173567
ex_shelter,CEX weights,2024-11-01,135.67195493720885,1.7249440354230705
ex_shelter,CEX weights,2024-12-01,135.51776531715467,1.9181413457087793
ex_shelter,CEX weights,2025-01-01,136.49828578981794,2.1403032950612078
ex_shelter,CEX weights,2025-02-01,137.1515506564737,1.9047843713634993
ex_shelter,CEX weights,2025-03-01,137.43182181976923,1.3774713229756763
ex_shelter,CEX weights,2025-04-01,137.79625565259508,1.2077632448448616
ex_shelter,CEX weights,2025-05-01,137.97699138698636,1.3056290183745434
ex_shelter,CEX weights,2025-06-01,138.54563454677483,1.8416911784326695
ex_shelter,CEX weights,2025-07-01,138.73412004202615,2.0361604069718764
ex_shelter,CEX weights,2025-08-01,139.04298923526497,2.369635503315215
ex_shelter,CEX weights,2025-09-01,139.43792469315562,2.536521593836727
ex_shelter,CEX weights,2025-11-01,138.6370015087822,2.1854528247533533
ex_shelter,CEX weights,2025-12-01,138.22386872852292,1.9968624814872715
ex_shelter,CEX weights,2026-01-01,138.50199685389092,1.467938628297727
ex_shelter,CEX weights,2026-02-01,139.07257765399933,1.4006600642360034
ex_shelter,CEX weights,2026-03-01,140.91424332873908,2.5339266138353134
ex_shelter,CEX weights,2026-04-01,142.20787516432375,3.2015525319142313
ex_shelter,CEX weights,2026-05-01,143.30754051472462,3.863360893837431
ex_shelter,CEX weights,2026-06-01,142.3248065265042,2.727745260319603
ex_shelter,CEX weights,2026-07-01,142.1555968310978,2.466211475616231
ex_shelter,CPI relative importance,2012-03-01,100,NA
ex_shelter,CPI relative importance,2012-04-01,100.35351434276572,NA
ex_shelter,CPI relative importance,2012-05-01,100.10840206548394,NA
ex_shelter,CPI relative importance,2012-06-01,99.77639314091445,NA
ex_shelter,CPI relative importance,2012-07-01,99.43713479625089,NA
ex_shelter,CPI relative importance,2012-08-01,100.18426884965086,NA
ex_shelter,CPI relative importance,2012-09-01,100.7420818281983,NA
ex_shelter,CPI relative importance,2012-10-01,100.57932969178216,NA
ex_shelter,CPI relative importance,2012-11-01,99.83337859552684,NA
ex_shelter,CPI relative importance,2012-12-01,99.35639434995554,NA
ex_shelter,CPI relative importance,2013-01-01,99.6506744188024,NA
ex_shelter,CPI relative importance,2013-02-01,100.7227173926207,NA
ex_shelter,CPI relative importance,2013-03-01,100.98979993551181,0.9897999355118037
ex_shelter,CPI relative importance,2013-04-01,100.77926141620542,0.42424729839107833
ex_shelter,CPI relative importance,2013-05-01,100.92920700840442,0.8199161368928509
ex_shelter,CPI relative importance,2013-06-01,101.16739076043679,1.3941149561879085
ex_shelter,CPI relative importance,2013-07-01,101.12612317871775,1.6985489233249051
ex_shelter,CPI relative importance,2013-08-01,101.20006910027118,1.0139318899903937
ex_shelter,CPI relative importance,2013-09-01,101.31039719283334,0.5641290653534581
ex_shelter,CPI relative importance,2013-10-01,100.85168030084893,0.27078188918274737
ex_shelter,CPI relative importance,2013-11-01,100.42655385523976,0.5941652662244001
ex_shelter,CPI relative importance,2013-12-01,100.3129681486781,0.962770242399591
ex_shelter,CPI relative importance,2014-01-01,100.71666263592807,1.0697250403400638
ex_shelter,CPI relative importance,2014-02-01,101.13885816606297,0.4131548316157474
ex_shelter,CPI relative importance,2014-03-01,101.91624241142692,0.9173624232414523
ex_shelter,CPI relative importance,2014-04-01,102.31674252479347,1.5255927528962987
ex_shelter,CPI relative importance,2014-05-01,102.68951410918076,1.7441007939651865
ex_shelter,CPI relative importance,2014-06-01,102.86412131192259,1.6771516382226848
ex_shelter,CPI relative importance,2014-07-01,102.65689373825946,1.5137241609039176
ex_shelter,CPI relative importance,2014-08-01,102.29426022516307,1.0812157883091311
ex_shelter,CPI relative importance,2014-09-01,102.30837934021908,0.9850737683775757
ex_shelter,CPI relative importance,2014-10-01,101.79722266460156,0.9375573723035657
ex_shelter,CPI relative importance,2014-11-01,100.85724675766357,0.4288635683393549
ex_shelter,CPI relative importance,2014-12-01,99.87182500248414,-0.4397668161310042
ex_shelter,CPI relative importance,2015-01-01,98.8680638128048,-1.8354448754975161
ex_shelter,CPI relative importance,2015-02-01,99.41616467798922,-1.7032953696641706
ex_shelter,CPI relative importance,2015-03-01,100.10254650112218,-1.7795945645081912
ex_shelter,CPI relative importance,2015-04-01,100.29520228058841,-1.9757668142290519
ex_shelter,CPI relative importance,2015-05-01,100.95604854450411,-1.6880648230875872
ex_shelter,CPI relative importance,2015-06-01,101.30779486553458,-1.5129925055876847
ex_shelter,CPI relative importance,2015-07-01,101.12002116625513,-1.4970963137875937
ex_shelter,CPI relative importance,2015-08-01,100.8043862411145,-1.456459023965928
ex_shelter,CPI relative importance,2015-09-01,100.40019130474455,-1.8651336750521552
ex_shelter,CPI relative importance,2015-10-01,100.18352906430236,-1.5852039555302455
ex_shelter,CPI relative importance,2015-11-01,99.7748061884508,-1.073240251950991
ex_shelter,CPI relative importance,2015-12-01,99.16324738134846,-0.7094870060881164
ex_shelter,CPI relative importance,2016-01-01,99.17820938893661,0.3136964194211611
ex_shelter,CPI relative importance,2016-02-01,99.11245602936782,-0.3054922201083832
ex_shelter,CPI relative importance,2016-03-01,99.6615975234131,-0.4404972631781412
ex_shelter,CPI relative importance,2016-04-01,100.23174433230697,-0.06327117034362617
ex_shelter,CPI relative importance,2016-05-01,100.62617743237819,-0.3267472498000079
ex_shelter,CPI relative importance,2016-06-01,100.9066822280384,-0.39593462480213004
ex_shelter,CPI relative importance,2016-07-01,100.5428917687151,-0.5707370220889851
ex_shelter,CPI relative importance,2016-08-01,100.52519705371648,-0.2769613484181366
ex_shelter,CPI relative importance,2016-09-01,100.74246140488965,0.3409058246773844
ex_shelter,CPI relative importance,2016-10-01,100.75818573361946,0.5736039393743564
ex_shelter,CPI relative importance,2016-11-01,100.42559932751865,0.6522619927105344
ex_shelter,CPI relative importance,2016-12-01,100.35714499367161,1.2039718785447073
ex_shelter,CPI relative importance,2017-01-01,101.07264992801998,1.9101378727802487
ex_shelter,CPI relative importance,2017-02-01,101.39778321185565,2.305792101257853
ex_shelter,CPI relative importance,2017-03-01,101.41419636168132,1.7585498143921408
ex_shelter,CPI relative importance,2017-04-01,101.74887460499771,1.513622538245829
ex_shelter,CPI relative importance,2017-05-01,101.74238269765338,1.109259333661261
ex_shelter,CPI relative importance,2017-06-01,101.71068339090976,0.7967769280674553
ex_shelter,CPI relative importance,2017-07-01,101.51520074805993,0.967058896198747
ex_shelter,CPI relative importance,2017-08-01,101.76282910363774,1.2311660023505588
ex_shelter,CPI relative importance,2017-09-01,102.43882653551144,1.6838630970152701
ex_shelter,CPI relative importance,2017-10-01,102.18888001686543,1.4199285872697143
ex_shelter,CPI relative importance,2017-11-01,102.14107465206868,1.7082052146438542
ex_shelter,CPI relative importance,2017-12-01,101.9057025352304,1.5430466277776667
ex_shelter,CPI relative importance,2018-01-01,102.57570683141209,1.4871054676636408
ex_shelter,CPI relative importance,2018-02-01,103.14532588817384,1.7234525459663752
ex_shelter,CPI relative importance,2018-03-01,103.29233411343827,1.8519475765097049
ex_shelter,CPI relative importance,2018-04-01,103.76184508382252,1.978371246502153
ex_shelter,CPI relative importance,2018-05-01,104.18859369938428,2.4043185709541337
ex_shelter,CPI relative importance,2018-06-01,104.33110532144315,2.5763487602007196
ex_shelter,CPI relative importance,2018-07-01,104.19018399246049,2.6350568433975985
ex_shelter,CPI relative importance,2018-08-01,104.12306865259595,2.3193533137276345
ex_shelter,CPI relative importance,2018-09-01,104.23900269092478,1.7573182125327103
ex_shelter,CPI relative importance,2018-10-01,104.39855355311744,2.162342454372057
ex_shelter,CPI relative importance,2018-11-01,103.78136975776147,1.6059113449513385
ex_shelter,CPI relative importance,2018-12-01,103.11487413650038,1.1865593104094962
ex_shelter,CPI relative importance,2019-01-01,103.20288031365077,0.6114249675797545
ex_shelter,CPI relative importance,2019-02-01,103.66337878080392,0.5022553258416496
ex_shelter,CPI relative importance,2019-03-01,104.32685585640712,1.0015474544632808
ex_shelter,CPI relative importance,2019-04-01,104.92400579526242,1.1200270296861659
ex_shelter,CPI relative importance,2019-05-01,105.09154721422998,0.86665294422823
ex_shelter,CPI relative importance,2019-06-01,104.9443039780982,0.5877428929424333
ex_shelter,CPI relative importance,2019-07-01,105.06676576604643,0.841328558983423
ex_shelter,CPI relative importance,2019-08-01,104.96855598659461,0.8120076991003922
ex_shelter,CPI relative importance,2019-09-01,104.94354019240734,0.675886648274604
ex_shelter,CPI relative importance,2019-10-01,105.27587838929541,0.8403611030219915
ex_shelter,CPI relative importance,2019-11-01,105.10450753919,1.2749280381603167
ex_shelter,CPI relative importance,2019-12-01,104.87098569920836,1.7030632849178495
ex_shelter,CPI relative importance,2020-01-01,105.27445787391613,2.007286573755973
ex_shelter,CPI relative importance,2020-02-01,105.50240024344083,1.7740319525234804
ex_shelter,CPI relative importance,2020-03-01,105.07875048631051,0.7207105243718592
ex_shelter,CPI relative importance,2020-04-01,103.95053031960447,-0.9277909933761874
ex_shelter,CPI relative importance,2020-05-01,103.80800362484104,-1.2213575909891472
ex_shelter,CPI relative importance,2020-06-01,104.59290251349452,-0.3348456765000063
ex_shelter,CPI relative importance,2020-07-01,105.2308079657513,0.15613138798822312
ex_shelter,CPI relative importance,2020-08-01,105.6547683030842,0.6537313103337494
ex_shelter,CPI relative importance,2020-09-01,105.8713736514726,0.8841263191275317
ex_shelter,CPI relative importance,2020-10-01,105.89454614050135,0.5876633476456838
ex_shelter,CPI relative importance,2020-11-01,105.70393107576282,0.570311921540867
ex_shelter,CPI relative importance,2020-12-01,105.8233088192097,0.9080901773277805
ex_shelter,CPI relative importance,2021-01-01,106.44394508438222,1.1108935957350186
ex_shelter,CPI relative importance,2021-02-01,107.2029290515761,1.611838976375335
ex_shelter,CPI relative importance,2021-03-01,108.1315095698611,2.9052106819145163
ex_shelter,CPI relative importance,2021-04-01,109.2190325206846,5.068278329010623
ex_shelter,CPI relative importance,2021-05-01,110.30860180122495,6.262135817462466
ex_shelter,CPI relative importance,2021-06-01,111.4802873097659,6.584944705385509
ex_shelter,CPI relative importance,2021-07-01,112.05753803062697,6.487387293555247
ex_shelter,CPI relative importance,2021-08-01,112.33989817479569,6.327333805261248
ex_shelter,CPI relative importance,2021-09-01,112.59951864274059,6.355018131168277
ex_shelter,CPI relative importance,2021-10-01,113.79356296874384,7.459323559271924
ex_shelter,CPI relative importance,2021-11-01,114.38723742745475,8.214743068985953
ex_shelter,CPI relative importance,2021-12-01,114.70564261123306,8.393551374582398
ex_shelter,CPI relative importance,2022-01-01,115.86223048995434,8.848117568459045
ex_shelter,CPI relative importance,2022-02-01,117.13943397047655,9.268874467151832
ex_shelter,CPI relative importance,2022-03-01,119.05335610265166,10.100521648349158
ex_shelter,CPI relative importance,2022-04-01,119.68565362173229,9.583147606682418
ex_shelter,CPI relative importance,2022-05-01,121.33599240282244,9.996854661859222
ex_shelter,CPI relative importance,2022-06-01,123.26346757325389,10.569743358075968
ex_shelter,CPI relative importance,2022-07-01,122.96492218773197,9.733735319192771
ex_shelter,CPI relative importance,2022-08-01,122.45096735023407,9.000425796813548
ex_shelter,CPI relative importance,2022-09-01,122.33769442263566,8.648505692810883
ex_shelter,CPI relative importance,2022-10-01,122.6810098280508,7.810149034307079
ex_shelter,CPI relative importance,2022-11-01,122.17039039858578,6.804214478968573
ex_shelter,CPI relative importance,2022-12-01,121.12727624855692,5.5983589744476925
ex_shelter,CPI relative importance,2023-01-01,122.12484413501599,5.405224479606963
ex_shelter,CPI relative importance,2023-02-01,122.65893684843131,4.711908441819768
ex_shelter,CPI relative importance,2023-03-01,122.83226390551575,3.17412958909431
ex_shelter,CPI relative importance,2023-04-01,123.41915275306718,3.1194207646094707
ex_shelter,CPI relative importance,2023-05-01,123.51825707104395,1.798530365974682
ex_shelter,CPI relative importance,2023-06-01,123.8101335063533,0.44349387848798827
ex_shelter,CPI relative importance,2023-07-01,123.88263301533453,0.7463192032939991
ex_shelter,CPI relative importance,2023-08-01,124.53877603944463,1.705016084714961
ex_shelter,CPI relative importance,2023-09-01,124.61156599825287,1.858684346103301
ex_shelter,CPI relative importance,2023-10-01,124.36920040238128,1.376081413656971
ex_shelter,CPI relative importance,2023-11-01,123.60603242020946,1.1751145403888996
ex_shelter,CPI relative importance,2023-12-01,123.18376260987944,1.6977896515253388
ex_shelter,CPI relative importance,2024-01-01,123.76218878576196,1.3407138099892135
ex_shelter,CPI relative importance,2024-02-01,124.62106019451956,1.5996578777727644
ex_shelter,CPI relative importance,2024-03-01,125.46061769204236,2.13979104752835
ex_shelter,CPI relative importance,2024-04-01,125.97368798054454,2.069804540457665
ex_shelter,CPI relative importance,2024-05-01,126.03380930668443,2.0365833321252413
ex_shelter,CPI relative importance,2024-06-01,125.90694846555522,1.6935729732448168
ex_shelter,CPI relative importance,2024-07-01,125.85448903237081,1.591713034378417
ex_shelter,CPI relative importance,2024-08-01,125.72673518962795,0.9538869643355596
ex_shelter,CPI relative importance,2024-09-01,125.85551919038167,0.9982646331129885
ex_shelter,CPI relative importance,2024-10-01,125.87474875979129,1.2105475893862794
ex_shelter,CPI relative importance,2024-11-01,125.5381773932835,1.5631477972738006
ex_shelter,CPI relative importance,2024-12-01,125.42183424387127,1.816856042204007
ex_shelter,CPI relative importance,2025-01-01,126.39815117500872,2.129860836422126
ex_shelter,CPI relative importance,2025-02-01,127.00383445176135,1.9120157167035412
ex_shelter,CPI relative importance,2025-03-01,127.2187074461886,1.401308065022988
ex_shelter,CPI relative importance,2025-04-01,127.54099923064699,1.244157629444409
ex_shelter,CPI relative importance,2025-05-01,127.71398298988737,1.333113465700686
ex_shelter,CPI relative importance,2025-06-01,128.22957241628276,1.8447146714567264
ex_shelter,CPI relative importance,2025-07-01,128.38905744946098,2.0138879721948166
ex_shelter,CPI relative importance,2025-08-01,128.69466759502598,2.3606215503183314
ex_shelter,CPI relative importance,2025-09-01,129.06548959989996,2.550520175966664
ex_shelter,CPI relative importance,2025-11-01,128.5385611195433,2.3900169562445006
ex_shelter,CPI relative importance,2025-12-01,128.35274359826155,2.33684140569288
ex_shelter,CPI relative importance,2026-01-01,128.839624355474,1.9315734904103543
ex_shelter,CPI relative importance,2026-02-01,129.56835665982237,2.019247859036155
ex_shelter,CPI relative importance,2026-03-01,131.39261280860248,3.2808896161591328
ex_shelter,CPI relative importance,2026-04-01,132.43850866145482,3.839949083314842
ex_shelter,CPI relative importance,2026-05-01,133.43082677046365,4.476286501086535
ex_shelter,CPI relative importance,2026-06-01,132.63093505761233,3.4324084206106775
ex_shelter,CPI relative importance,2026-07-01,132.49777787001568,3.2002107517395295
ex_housing,CEX weights,2010-01-01,100,NA
ex_housing,CEX weights,2010-02-01,99.98206386229226,NA
ex_housing,CEX weights,2010-03-01,100.70683653322274,NA
ex_housing,CEX weights,2010-04-01,101.10129165481452,NA
ex_housing,CEX weights,2010-05-01,101.1515947088087,NA
ex_housing,CEX weights,2010-06-01,100.56455402344355,NA
ex_housing,CEX weights,2010-07-01,100.43782831537764,NA
ex_housing,CEX weights,2010-08-01,100.68690716725412,NA
ex_housing,CEX weights,2010-09-01,100.86350462684828,NA
ex_housing,CEX weights,2010-10-01,101.31845953635029,NA
ex_housing,CEX weights,2010-11-01,101.50384467466844,NA
ex_housing,CEX weights,2010-12-01,101.77520647271297,NA
ex_housing,CEX weights,2011-01-01,102.37567709109892,2.3756770910989156
ex_housing,CEX weights,2011-02-01,103.05295902231211,3.0714460588145753
ex_housing,CEX weights,2011-03-01,104.51846395375422,3.7848745445142162
ex_housing,CEX weights,2011-04-01,105.54941176712853,4.399666947382852
ex_housing,CEX weights,2011-05-01,106.20363101018633,4.994519677046361
ex_housing,CEX weights,2011-06-01,105.73423530056327,5.140659477209608
ex_housing,CEX weights,2011-07-01,105.70884471500018,5.248038998883375
ex_housing,CEX weights,2011-08-01,106.1579227620403,5.433691180620048
ex_housing,CEX weights,2011-09-01,106.5113902433821,5.5995333866581065
ex_housing,CEX weights,2011-10-01,106.40408148057328,5.019442624271653
ex_housing,CEX weights,2011-11-01,106.416278639909,4.839653099826391
ex_housing,CEX weights,2011-12-01,106.00166167106707,4.152735567760568
ex_housing,CEX weights,2012-01-01,106.68038907861668,4.204819064285381
ex_housing,CEX weights,2012-02-01,107.46343864993709,4.279818521921386
ex_housing,CEX weights,2012-03-01,108.86425476151322,4.157916834370878
ex_housing,CEX weights,2012-04-01,109.44040056541813,3.686414479385447
ex_housing,CEX weights,2012-05-01,109.15139289019066,2.775575422389842
ex_housing,CEX weights,2012-06-01,108.53579642936592,2.649625375204967
ex_housing,CEX weights,2012-07-01,108.2103140449725,2.3663765664230674
ex_housing,CEX weights,2012-08-01,109.21513276401586,2.8798698414893575
ex_housing,CEX weights,2012-09-01,110.00248217116378,3.277670040550995
ex_housing,CEX weights,2012-10-01,109.9886587875806,3.3688344066592713
ex_housing,CEX weights,2012-11-01,109.04525740329984,2.470466734029264
ex_housing,CEX weights,2012-12-01,108.44354073685471,2.3036233840984632
ex_housing,CEX weights,2013-01-01,108.71397345190324,1.9062401167171839
ex_housing,CEX weights,2013-02-01,110.0714171240787,2.426851873442404
ex_housing,CEX weights,2013-03-01,110.49225424338562,1.495439881014038
ex_housing,CEX weights,2013-04-01,110.2198866021027,0.7122470611012011
ex_housing,CEX weights,2013-05-01,110.23662576834184,0.9942455606067657
ex_housing,CEX weights,2013-06-01,110.30147414798377,1.6268160152737687
ex_housing,CEX weights,2013-07-01,110.27104278024702,1.9043736758938445
ex_housing,CEX weights,2013-08-01,110.44932614491493,1.130057117236527
ex_housing,CEX weights,2013-09-01,110.55540585723904,0.5026465541158487
ex_housing,CEX weights,2013-10-01,110.18958551187549,0.18267949305841302
ex_housing,CEX weights,2013-11-01,109.73078327227512,0.6286617917181658
ex_housing,CEX weights,2013-12-01,109.52494426941857,0.9972041905086382
ex_housing,CEX weights,2014-01-01,109.71662172751472,0.9222809577970725
ex_housing,CEX weights,2014-02-01,110.20373940744246,0.12021493573992625
ex_housing,CEX weights,2014-03-01,111.07111924332148,0.5238964521990574
ex_housing,CEX weights,2014-04-01,111.81178697360544,1.444295054711442
ex_housing,CEX weights,2014-05-01,112.11863947009735,1.707249009698919
ex_housing,CEX weights,2014-06-01,112.0619844607749,1.5960895594461233
ex_housing,CEX weights,2014-07-01,111.76690545969612,1.3565326324428861
ex_housing,CEX weights,2014-08-01,111.37698984999314,0.8398998323095874
ex_housing,CEX weights,2014-09-01,111.45188371854807,0.810885595650257
ex_housing,CEX weights,2014-10-01,111.07115020928099,0.8000435733651834
ex_housing,CEX weights,2014-11-01,110.02241336992347,0.2657687195440239
ex_housing,CEX weights,2014-12-01,108.77797446964975,-0.6820088380336098
ex_housing,CEX weights,2015-01-01,107.50456414146828,-2.016155393063568
ex_housing,CEX weights,2015-02-01,108.17690918596097,-1.8391664678345854
ex_housing,CEX weights,2015-03-01,109.21306002576974,-1.672855401304929
ex_housing,CEX weights,2015-04-01,109.51537103193998,-2.0538227711248025
ex_housing,CEX weights,2015-05-01,110.43081502939036,-1.5053914752124142
ex_housing,CEX weights,2015-06-01,110.63883507600814,-1.2699662527080324
ex_housing,CEX weights,2015-07-01,110.48513556909323,-1.146824174232064
ex_housing,CEX weights,2015-08-01,110.08796742306934,-1.157350749611652
ex_housing,CEX weights,2015-09-01,109.60665830458781,-1.6556251472788497
ex_housing,CEX weights,2015-10-01,109.60629632209086,-1.3188428178064648
ex_housing,CEX weights,2015-11-01,109.22954554484063,-0.7206420953674297
ex_housing,CEX weights,2015-12-01,108.53238740007615,-0.22576911435515656
ex_housing,CEX weights,2016-01-01,108.56936242411463,0.9904679779410674
ex_housing,CEX weights,2016-02-01,108.6192995623515,0.408950837770794
ex_housing,CEX weights,2016-03-01,109.34986359761419,0.12526301507547188
ex_housing,CEX weights,2016-04-01,110.20788761971836,0.6323464745203733
ex_housing,CEX weights,2016-05-01,110.73330753453764,0.27392037726678975
ex_housing,CEX weights,2016-06-01,110.91361765875551,0.24835997464958126
ex_housing,CEX weights,2016-07-01,110.42779902794688,-0.051895253466471836
ex_housing,CEX weights,2016-08-01,110.44651638347219,0.3256931423076814
ex_housing,CEX weights,2016-09-01,110.7293277013017,1.0242711657115544
ex_housing,CEX weights,2016-10-01,110.95278821838959,1.2284804262903792
ex_housing,CEX weights,2016-11-01,110.61595591847527,1.2692631528577358
ex_housing,CEX weights,2016-12-01,110.49818073431554,1.8112504307060018
ex_housing,CEX weights,2017-01-01,111.28105246416789,2.4976567785857773
ex_housing,CEX weights,2017-02-01,111.66155731852875,2.8008445722216058
ex_housing,CEX weights,2017-03-01,111.97083210646176,2.396864909216734
ex_housing,CEX weights,2017-04-01,112.46146534618575,2.0448425018756877
ex_housing,CEX weights,2017-05-01,112.32807546599422,1.440188112288765
ex_housing,CEX weights,2017-06-01,112.07125190221794,1.043725980541077
ex_housing,CEX weights,2017-07-01,111.81041892668125,1.2520578250268866
ex_housing,CEX weights,2017-08-01,112.15797474508925,1.5495811164155215
ex_housing,CEX weights,2017-09-01,113.14863338964166,2.1848824864774574
ex_housing,CEX weights,2017-10-01,112.88772630298111,1.7439292113894167
ex_housing,CEX weights,2017-11-01,112.85422608919474,2.0234604963944802
ex_housing,CEX weights,2017-12-01,112.4562163652476,1.7720071207688148
ex_housing,CEX weights,2018-01-01,113.21885442031063,1.7413584013026062
ex_housing,CEX weights,2018-02-01,113.86744017961757,1.9755078776093615
ex_housing,CEX weights,2018-03-01,114.08931628800974,1.8919964616622043
ex_housing,CEX weights,2018-04-01,114.74537672410395,2.0308390708654978
ex_housing,CEX weights,2018-05-01,115.28281638874128,2.6304562866311887
ex_housing,CEX weights,2018-06-01,115.31084985130809,2.890659195916445
ex_housing,CEX weights,2018-07-01,115.14377892175632,2.9812606258643015
ex_housing,CEX weights,2018-08-01,115.0470881112625,2.575932182031271
ex_housing,CEX weights,2018-09-01,115.3524185648318,1.9476904927354433
ex_housing,CEX weights,2018-10-01,115.7500357341605,2.535536435110042
ex_housing,CEX weights,2018-11-01,115.18365991210408,2.06410863255424
ex_housing,CEX weights,2018-12-01,114.3298097717476,1.6660647735246004
ex_housing,CEX weights,2019-01-01,114.57094754097297,1.194229642743827
ex_housing,CEX weights,2019-02-01,115.30385851231641,1.2614829405429573
ex_housing,CEX weights,2019-03-01,116.26816519699474,1.9097747097411633
ex_housing,CEX weights,2019-04-01,117.25721114235502,2.18905065281243
ex_housing,CEX weights,2019-05-01,117.63163013556044,2.0374361248243655
ex_housing,CEX weights,2019-06-01,117.40924183891073,1.819769770414914
ex_housing,CEX weights,2019-07-01,117.68048768769621,2.203079306319844
ex_housing,CEX weights,2019-08-01,117.83723992013192,2.425225926771013
ex_housing,CEX weights,2019-09-01,117.97601088216678,2.274414658987345
ex_housing,CEX weights,2019-10-01,118.67091211364558,2.523434538018954
ex_housing,CEX weights,2019-11-01,118.65490551641348,3.013661492401165
ex_housing,CEX weights,2019-12-01,118.51776410078428,3.6630467044401316
ex_housing,CEX weights,2020-01-01,119.10891092400279,3.9608325499856267
ex_housing,CEX weights,2020-02-01,119.5843572355482,3.7123638171870477
ex_housing,CEX weights,2020-03-01,119.25570283275805,2.569523334871149
ex_housing,CEX weights,2020-04-01,117.92860208441664,0.5725796610039913
ex_housing,CEX weights,2020-05-01,117.78175197067479,0.12762029646391504
ex_housing,CEX weights,2020-06-01,118.78499175065183,1.1717560646790304
ex_housing,CEX weights,2020-07-01,119.68266530467011,1.701367538760823
ex_housing,CEX weights,2020-08-01,120.29757390228313,2.0879086983187856
ex_housing,CEX weights,2020-09-01,120.29734784111427,1.9676347264072414
ex_housing,CEX weights,2020-10-01,120.23607473392936,1.3189100786424213
ex_housing,CEX weights,2020-11-01,119.74380580822181,0.9177035598058048
ex_housing,CEX weights,2020-12-01,119.71148020493492,1.007204374135462
ex_housing,CEX weights,2021-01-01,120.37394295458193,1.062080091880202
ex_housing,CEX weights,2021-02-01,121.23411573234375,1.3795771745847896
ex_housing,CEX weights,2021-03-01,122.45097457365735,2.679345025017632
ex_housing,CEX weights,2021-04-01,123.72985465663706,4.919292240967743
ex_housing,CEX weights,2021-05-01,124.97227598118528,6.104955895290787
ex_housing,CEX weights,2021-06-01,126.43111749424021,6.4369459734768375
ex_housing,CEX weights,2021-07-01,127.07551849539968,6.1770459171426095
ex_housing,CEX weights,2021-08-01,127.1675394477862,5.710809721801602
ex_housing,CEX weights,2021-09-01,127.15231243530472,5.698350559851351
ex_housing,CEX weights,2021-10-01,128.76323590372925,7.092015594046686
ex_housing,CEX weights,2021-11-01,129.80339295424713,8.40092485630235
ex_housing,CEX weights,2021-12-01,130.36815197323637,8.901963078276376
ex_housing,CEX weights,2022-01-01,131.75068835830152,9.45116951765228
ex_housing,CEX weights,2022-02-01,133.66425823043144,10.253007103652667
ex_housing,CEX weights,2022-03-01,136.3709186840917,11.367769149163575
ex_housing,CEX weights,2022-04-01,137.25568992092028,10.931747476644805
ex_housing,CEX weights,2022-05-01,139.3587004798321,11.511692802020113
ex_housing,CEX weights,2022-06-01,141.86707321041442,12.208984640887488
ex_housing,CEX weights,2022-07-01,141.7336030621071,11.534939806079226
ex_housing,CEX weights,2022-08-01,141.28243010128347,11.09944464978243
ex_housing,CEX weights,2022-09-01,141.25114479621917,11.088144675377375
ex_housing,CEX weights,2022-10-01,141.2123045101326,9.66818558032434
ex_housing,CEX weights,2022-11-01,139.94147685549038,7.810338135626926
ex_housing,CEX weights,2022-12-01,137.9399231033141,5.807991457631578
ex_housing,CEX weights,2023-01-01,138.3231279980047,4.988542922697414
ex_housing,CEX weights,2023-02-01,138.6644378451803,3.7408501576605024
ex_housing,CEX weights,2023-03-01,138.63159367223884,1.657739795230162
ex_housing,CEX weights,2023-04-01,139.25733738731574,1.4583347820033676
ex_housing,CEX weights,2023-05-01,139.19672953936342,-0.116225926268676
ex_housing,CEX weights,2023-06-01,139.01146449597712,-2.0128763142959305
ex_housing,CEX weights,2023-07-01,138.67339836014565,-2.1591243260925763
ex_housing,CEX weights,2023-08-01,139.15042218630813,-1.509039668589307
ex_housing,CEX weights,2023-09-01,138.8031738042748,-1.7330627624123185
ex_housing,CEX weights,2023-10-01,138.63108328910604,-1.8279010671066187
ex_housing,CEX weights,2023-11-01,137.76928829993508,-1.5522121134954103
ex_housing,CEX weights,2023-12-01,137.27652331881734,-0.48093385118092025
ex_housing,CEX weights,2024-01-01,137.75831914223366,-0.40832568200683816
ex_housing,CEX weights,2024-02-01,138.91655334961666,0.1818169880859255
ex_housing,CEX weights,2024-03-01,140.21493970252115,1.1421249574795844
ex_housing,CEX weights,2024-04-01,141.14479754446933,1.3553757328448768
ex_housing,CEX weights,2024-05-01,141.21791242954066,1.4520333177840072
ex_housing,CEX weights,2024-06-01,140.8360533541968,1.3125455981887635
ex_housing,CEX weights,2024-07-01,140.71962718787995,1.4755741562055613
ex_housing,CEX weights,2024-08-01,140.6017565430234,1.0429967325374712
ex_housing,CEX weights,2024-09-01,140.74015248009576,1.395485868754176
ex_housing,CEX weights,2024-10-01,140.87063606127367,1.6154766442221247
ex_housing,CEX weights,2024-11-01,140.53123052667576,2.004759014743329
ex_housing,CEX weights,2024-12-01,140.30231973779726,2.20416160449568
ex_housing,CEX weights,2025-01-01,141.24232349995097,2.5290700259779753
ex_housing,CEX weights,2025-02-01,141.88790096238992,2.1389442374769807
ex_housing,CEX weights,2025-03-01,142.16910436525595,1.393692189206619
ex_housing,CEX weights,2025-04-01,142.61899647289238,1.0444585660045913
ex_housing,CEX weights,2025-05-01,142.77255954925894,1.1008852156017879
ex_housing,CEX weights,2025-06-01,143.1250312899413,1.6252783866271825
ex_housing,CEX weights,2025-07-01,143.34478890274715,1.8655263429331326
ex_housing,CEX weights,2025-08-01,143.74385196237128,2.2347483392829437
ex_housing,CEX weights,2025-09-01,144.25267170037435,2.495747772317758
ex_housing,CEX weights,2025-11-01,143.19735898102616,1.8971786159976078
ex_housing,CEX weights,2025-12-01,142.70491052997036,1.7124383949340016
ex_housing,CEX weights,2026-01-01,142.76367063962536,1.0771184599458472
ex_housing,CEX weights,2026-02-01,143.42709938057234,1.084798920656671
ex_housing,CEX weights,2026-03-01,145.7333427005152,2.5070414216735504
ex_housing,CEX weights,2026-04-01,147.38209150376576,3.3397339405474735
ex_housing,CEX weights,2026-05-01,148.65250674722972,4.1184014747190245
ex_housing,CEX weights,2026-06-01,147.43675833825537,3.0125597244966995
ex_housing,CEX weights,2026-07-01,147.138453406214,2.6465311592461793
ex_housing,CPI relative importance,2012-03-01,100,NA
ex_housing,CPI relative importance,2012-04-01,100.46538899045605,NA
ex_housing,CPI relative importance,2012-05-01,100.14853240256808,NA
ex_housing,CPI relative importance,2012-06-01,99.4966306668205,NA
ex_housing,CPI relative importance,2012-07-01,99.11626610585238,NA
ex_housing,CPI relative importance,2012-08-01,100.05220729607676,NA
ex_housing,CPI relative importance,2012-09-01,100.7637622891088,NA
ex_housing,CPI relative importance,2012-10-01,100.75117847905351,NA
ex_housing,CPI relative importance,2012-11-01,99.82939501636278,NA
ex_housing,CPI relative importance,2012-12-01,99.23207806720771,NA
ex_housing,CPI relative importance,2013-01-01,99.48449271637925,NA
ex_housing,CPI relative importance,2013-02-01,100.75786411780665,NA
ex_housing,CPI relative importance,2013-03-01,101.13323161302674,1.1332316130267417
ex_housing,CPI relative importance,2013-04-01,100.86480193028919,0.3975627266730397
ex_housing,CPI relative importance,2013-05-01,100.8964327883547,0.7467911589360776
ex_housing,CPI relative importance,2013-06-01,100.96005422187253,1.470827248364337
ex_housing,CPI relative importance,2013-07-01,100.93565889795,1.8356147417363244
ex_housing,CPI relative importance,2013-08-01,101.09516979355139,1.0424182790773173
ex_housing,CPI relative importance,2013-09-01,101.20107507909013,0.43399807633879295
ex_housing,CPI relative importance,2013-10-01,100.85841218498058,0.1064341951586778
ex_housing,CPI relative importance,2013-11-01,100.44126660798369,0.6129172590103593
ex_housing,CPI relative importance,2013-12-01,100.27878406661739,1.054806086697857
ex_housing,CPI relative importance,2014-01-01,100.49321248969039,1.0139467426213855
ex_housing,CPI relative importance,2014-02-01,100.97312342005365,0.21364019983127758
ex_housing,CPI relative importance,2014-03-01,101.81092201522893,0.670096655069119
ex_housing,CPI relative importance,2014-04-01,102.50531593666257,1.6264484487930497
ex_housing,CPI relative importance,2014-05-01,102.81788718853302,1.9043828875584312
ex_housing,CPI relative importance,2014-06-01,102.78949290369093,1.8120420951815097
ex_housing,CPI relative importance,2014-07-01,102.51332950096864,1.563045825671705
ex_housing,CPI relative importance,2014-08-01,102.15598774204274,1.049326046593202
ex_housing,CPI relative importance,2014-09-01,102.2508558604441,1.0373217681072688
ex_housing,CPI relative importance,2014-10-01,101.89140781933416,1.0242037446108077
ex_housing,CPI relative importance,2014-11-01,100.88429300573162,0.4410800587342667
ex_housing,CPI relative importance,2014-12-01,99.64260435508044,-0.6344110745442721
ex_housing,CPI relative importance,2015-01-01,98.32215320657137,-2.1604039012502962
ex_housing,CPI relative importance,2015-02-01,99.0137539356357,-1.9404861591404532
ex_housing,CPI relative importance,2015-03-01,99.95916814277557,-1.8188165236106668
ex_housing,CPI relative importance,2015-04-01,100.21647388426452,-2.232900832003981
ex_housing,CPI relative importance,2015-05-01,101.07855820139068,-1.6916599190109793
ex_housing,CPI relative importance,2015-06-01,101.25936561787012,-1.4886028159069475
ex_housing,CPI relative importance,2015-07-01,101.10179176922503,-1.3769309207055547
ex_housing,CPI relative importance,2015-08-01,100.74525226296535,-1.3809621053634924
ex_housing,CPI relative importance,2015-09-01,100.2519076602109,-1.9549452015946378
ex_housing,CPI relative importance,2015-10-01,100.20437527099261,-1.6557162026192285
ex_housing,CPI relative importance,2015-11-01,99.80044063697866,-1.0743519496056564
ex_housing,CPI relative importance,2015-12-01,99.08724706148855,-0.557349235486504
ex_housing,CPI relative importance,2016-01-01,99.03153394587315,0.7214861719020638
ex_housing,CPI relative importance,2016-02-01,98.98828683203537,-0.0257207737188625
ex_housing,CPI relative importance,2016-03-01,99.68506489683317,-0.27421521310669883
ex_housing,CPI relative importance,2016-04-01,100.44205967994418,0.22509851617826815
ex_housing,CPI relative importance,2016-05-01,100.87728595145502,-0.1991245754956683
ex_housing,CPI relative importance,2016-06-01,101.01567017513432,-0.24066459556486564
ex_housing,CPI relative importance,2016-07-01,100.52008099413997,-0.5753713805714433
ex_housing,CPI relative importance,2016-08-01,100.49554635642079,-0.24785873372253908
ex_housing,CPI relative importance,2016-09-01,100.78854068300174,0.535284599879815
ex_housing,CPI relative importance,2016-10-01,101.00743508660771,0.801421907420008
ex_housing,CPI relative importance,2016-11-01,100.70036775852417,0.9017266014074599
ex_housing,CPI relative importance,2016-12-01,100.5944845710202,1.5211215915569065
ex_housing,CPI relative importance,2017-01-01,101.31039741435315,2.3011493184842857
ex_housing,CPI relative importance,2017-02-01,101.70003434967154,2.7394630257997044
ex_housing,CPI relative importance,2017-03-01,101.99954876187019,2.321796015714428
ex_housing,CPI relative importance,2017-04-01,102.43318930141626,1.9823663790017543
ex_housing,CPI relative importance,2017-05-01,102.33564781156495,1.4456791202845487
ex_housing,CPI relative importance,2017-06-01,102.1153706692419,1.0886434670987155
ex_housing,CPI relative importance,2017-07-01,101.918949881065,1.3916312771441008
ex_housing,CPI relative importance,2017-08-01,102.26271496766816,1.758454653283703
ex_housing,CPI relative importance,2017-09-01,103.13808675513094,2.3311638964184977
ex_housing,CPI relative importance,2017-10-01,102.98423569410535,1.9570842540478806
ex_housing,CPI relative importance,2017-11-01,102.97124504260384,2.255083406969427
ex_housing,CPI relative importance,2017-12-01,102.63105369675311,2.0245335859294444
ex_housing,CPI relative importance,2018-01-01,103.34009081437394,2.003440369224374
ex_housing,CPI relative importance,2018-02-01,103.96697415587629,2.2290452709292197
ex_housing,CPI relative importance,2018-03-01,104.19984165397797,2.1571594372879366
ex_housing,CPI relative importance,2018-04-01,104.79577767788156,2.306467652308686
ex_housing,CPI relative importance,2018-05-01,105.26590248456536,2.863376287406716
ex_housing,CPI relative importance,2018-06-01,105.30389531481295,3.1224727723888623
ex_housing,CPI relative importance,2018-07-01,105.1333479103324,3.153876715780979
ex_housing,CPI relative importance,2018-08-01,105.04637041578366,2.722062922929025
ex_housing,CPI relative importance,2018-09-01,105.23899362187422,2.0369845251553054
ex_housing,CPI relative importance,2018-10-01,105.50979588667091,2.4523755267430003
ex_housing,CPI relative importance,2018-11-01,104.86463441161753,1.8387554391813943
ex_housing,CPI relative importance,2018-12-01,103.89537775866738,1.231911800935026
ex_housing,CPI relative importance,2019-01-01,103.9200340503101,0.5611986900397437
ex_housing,CPI relative importance,2019-02-01,104.50421712171723,0.516743870063463
ex_housing,CPI relative importance,2019-03-01,105.35213181029911,1.1058463602541924
ex_housing,CPI relative importance,2019-04-01,106.15268653966056,1.294812531426448
ex_housing,CPI relative importance,2019-05-01,106.33617695101687,1.0167342332038087
ex_housing,CPI relative importance,2019-06-01,105.955596171139,0.6188763049816526
ex_housing,CPI relative importance,2019-07-01,106.06218176886755,0.8834816706563275
ex_housing,CPI relative importance,2019-08-01,105.9915972661234,0.8998186673165876
ex_housing,CPI relative importance,2019-09-01,105.96521935357532,0.6900728586501481
ex_housing,CPI relative importance,2019-10-01,106.43119659168043,0.8732845109464593
ex_housing,CPI relative importance,2019-11-01,106.24396309976656,1.3153421035492885
ex_housing,CPI relative importance,2019-12-01,105.95866080650048,1.9859238133055124
ex_housing,CPI relative importance,2020-01-01,106.32108695561539,2.310481253444241
ex_housing,CPI relative importance,2020-02-01,106.59829718373165,2.003823500802282
ex_housing,CPI relative importance,2020-03-01,106.14690586961707,0.7543977000380675
ex_housing,CPI relative importance,2020-04-01,104.71834346502241,-1.3512075119288203
ex_housing,CPI relative importance,2020-05-01,104.49915596919328,-1.7275597397767961
ex_housing,CPI relative importance,2020-06-01,105.2968834653476,-0.6216875083477902
ex_housing,CPI relative importance,2020-07-01,105.93067425505863,-0.12399095664041848
ex_housing,CPI relative importance,2020-08-01,106.3902973704025,0.3761619926134552
ex_housing,CPI relative importance,2020-09-01,106.61367949975572,0.61195564935006
ex_housing,CPI relative importance,2020-10-01,106.70130563527039,0.25378747231998844
ex_housing,CPI relative importance,2020-11-01,106.39945148153905,0.14635032168979212
ex_housing,CPI relative importance,2020-12-01,106.48213751874901,0.4940386262568097
ex_housing,CPI relative importance,2021-01-01,107.17683086717251,0.8048675348046208
ex_housing,CPI relative importance,2021-02-01,108.03116921509472,1.344179099684295
ex_housing,CPI relative importance,2021-03-01,109.18671933145127,2.8637796240317037
ex_housing,CPI relative importance,2021-04-01,110.3891898788941,5.415332430049213
ex_housing,CPI relative importance,2021-05-01,111.54117864534076,6.7388321090588565
ex_housing,CPI relative importance,2021-06-01,112.8413747259006,7.164971091509864
ex_housing,CPI relative importance,2021-07-01,113.5003455514624,7.145872854710245
ex_housing,CPI relative importance,2021-08-01,113.68002931966345,6.851876655520028
ex_housing,CPI relative importance,2021-09-01,113.7808618118761,6.722572887222045
ex_housing,CPI relative importance,2021-10-01,115.05157652355194,7.825837592676432
ex_housing,CPI relative importance,2021-11-01,115.77564654234332,8.81225883239738
ex_housing,CPI relative importance,2021-12-01,116.06875177674183,9.003025748149396
ex_housing,CPI relative importance,2022-01-01,117.06859921603728,9.229390595737929
ex_housing,CPI relative importance,2022-02-01,118.58743196452886,9.771497268918905
ex_housing,CPI relative importance,2022-03-01,120.82996378791688,10.66360865841287
ex_housing,CPI relative importance,2022-04-01,121.49099355536251,10.05696634665767
ex_housing,CPI relative importance,2022-05-01,123.24355873987842,10.491533473701997
ex_housing,CPI relative importance,2022-06-01,125.21873128441462,10.968810499322146
ex_housing,CPI relative importance,2022-07-01,124.83866628533312,9.98967948404157
ex_housing,CPI relative importance,2022-08-01,123.96814899526201,9.050067753473922
ex_housing,CPI relative importance,2022-09-01,123.66266730436529,8.684945196519656
ex_housing,CPI relative importance,2022-10-01,124.20968614245378,7.960003587631936
ex_housing,CPI relative importance,2022-11-01,123.59782160233942,6.756321638968554
ex_housing,CPI relative importance,2022-12-01,122.19105400485223,5.274720486256834
ex_housing,CPI relative importance,2023-01-01,122.99403154366958,5.0615044233147
ex_housing,CPI relative importance,2023-02-01,123.75583348231957,4.358304613035768
ex_housing,CPI relative importance,2023-03-01,124.1519496448438,2.7493063415608754
ex_housing,CPI relative importance,2023-04-01,125.09306500944169,2.9648876420108827
ex_housing,CPI relative importance,2023-05-01,125.4218776989909,1.7674911219580203
ex_housing,CPI relative importance,2023-06-01,125.63035992416127,0.3287276875627354
ex_housing,CPI relative importance,2023-07-01,125.72551066783166,0.710392387941372
ex_housing,CPI relative importance,2023-08-01,126.52439858844221,2.062021264250613
ex_housing,CPI relative importance,2023-09-01,126.54473525188834,2.33058853601269
ex_housing,CPI relative importance,2023-10-01,126.32307713914047,1.7014703621929028
ex_housing,CPI relative importance,2023-11-01,125.45115424343376,1.4994864934247953
ex_housing,CPI relative importance,2023-12-01,124.93134088190264,2.242624797181625
ex_housing,CPI relative importance,2024-01-01,125.30085662231616,1.8755585532843844
ex_housing,CPI relative importance,2024-02-01,126.30023068050957,2.0559816265578235
ex_housing,CPI relative importance,2024-03-01,127.37564741758479,2.596574425099951
ex_housing,CPI relative importance,2024-04-01,128.17762719386056,2.465813899584335
ex_housing,CPI relative importance,2024-05-01,128.25780493144393,2.261110489239515
ex_housing,CPI relative importance,2024-06-01,127.92809905398015,1.8289680386221585
ex_housing,CPI relative importance,2024-07-01,127.82082095535601,1.6665752848363358
ex_housing,CPI relative importance,2024-08-01,127.72340055921906,0.9476448686209116
ex_housing,CPI relative importance,2024-09-01,127.84160067457512,1.0248276390996125
ex_housing,CPI relative importance,2024-10-01,127.95319226095728,1.29043335448622
ex_housing,CPI relative importance,2024-11-01,127.67387537299805,1.7717821274495282
ex_housing,CPI relative importance,2024-12-01,127.49620836773555,2.053021657918075
ex_housing,CPI relative importance,2025-01-01,128.4284634799626,2.496077793844398
ex_housing,CPI relative importance,2025-02-01,129.0118966264943,2.1469999946747365
ex_housing,CPI relative importance,2025-03-01,129.20309232892868,1.4346893997349675
ex_housing,CPI relative importance,2025-04-01,129.58089944913465,1.094787199603653
ex_housing,CPI relative importance,2025-05-01,129.7217796093401,1.1414312592350262
ex_housing,CPI relative importance,2025-06-01,130.03209914907688,1.6446739306342328
ex_housing,CPI relative importance,2025-07-01,130.2147246545939,1.8728589609622537
ex_housing,CPI relative importance,2025-08-01,130.5950228297123,2.248313353637821
ex_housing,CPI relative importance,2025-09-01,131.0666928913301,2.522725153422134
ex_housing,CPI relative importance,2025-11-01,130.39027026336424,2.1276043218945606
ex_housing,CPI relative importance,2025-12-01,130.17299594469642,2.099503672485903
ex_housing,CPI relative importance,2026-01-01,130.5239795732172,1.6316601760026028
ex_housing,CPI relative importance,2026-02-01,131.3768170536537,1.833102596736591
ex_housing,CPI relative importance,2026-03-01,133.60628886478924,3.4079652866595422
ex_housing,CPI relative importance,2026-04-01,134.88970974549454,4.096908046578118
ex_housing,CPI relative importance,2026-05-01,136.00163240629965,4.841016532359843
ex_housing,CPI relative importance,2026-06-01,135.01865332888354,3.834864016222461
ex_housing,CPI relative importance,2026-07-01,134.77984654321557,3.505841525012676
all_in_long,CEX weights,1998-01-01,100,NA
all_in_long,CEX weights,1998-02-01,100.05665643979158,NA
all_in_long,CEX weights,1998-03-01,100.16917400445557,NA
all_in_long,CEX weights,1998-04-01,100.36639425652456,NA
all_in_long,CEX weights,1998-05-01,100.54117054211115,NA
all_in_long,CEX weights,1998-06-01,100.57160582822672,NA
all_in_long,CEX weights,1998-07-01,100.55574001973558,NA
all_in_long,CEX weights,1998-08-01,100.62434842593953,NA
all_in_long,CEX weights,1998-09-01,100.68583929128943,NA
all_in_long,CEX weights,1998-10-01,100.91587647020233,NA
all_in_long,CEX weights,1998-11-01,100.87167068585988,NA
all_in_long,CEX weights,1998-12-01,100.6842512901037,NA
all_in_long,CEX weights,1999-01-01,100.79283638537952,0.792836385379525
all_in_long,CEX weights,1999-02-01,100.81384089076059,0.756755700131384
all_in_long,CEX weights,1999-03-01,101.14291165627083,0.9720931229521224
all_in_long,CEX weights,1999-04-01,102.12659617898312,1.7537761872362445
all_in_long,CEX weights,1999-05-01,102.0938929543834,1.5443647651007808
all_in_long,CEX weights,1999-06-01,102.0685382651957,1.4884245156885356
all_in_long,CEX weights,1999-07-01,102.32743090101403,1.7618993017511686
all_in_long,CEX weights,1999-08-01,102.70204998401238,2.0648099496535455
all_in_long,CEX weights,1999-09-01,103.26621697041948,2.5628009830308773
all_in_long,CEX weights,1999-10-01,103.46697946361019,2.527950093324627
all_in_long,CEX weights,1999-11-01,103.42785912763352,2.5340994398063144
all_in_long,CEX weights,1999-12-01,103.4208095932042,2.7179606224766895
all_in_long,CEX weights,2000-01-01,103.60165507699949,2.7867245256205653
all_in_long,CEX weights,2000-02-01,104.23911327119819,3.397621150204122
all_in_long,CEX weights,2000-03-01,105.23297648054061,4.043847222996377
all_in_long,CEX weights,2000-04-01,105.28445855952187,3.0921057772300475
all_in_long,CEX weights,2000-05-01,105.35613102280082,3.195331252453082
all_in_long,CEX weights,2000-06-01,105.99477576051886,3.846667701972928
all_in_long,CEX weights,2000-07-01,106.10936261400659,3.6959119169629018
all_in_long,CEX weights,2000-08-01,105.93692297980151,3.1497647771322024
all_in_long,CEX weights,2000-09-01,106.64528513062692,3.272191292894333
all_in_long,CEX weights,2000-10-01,106.74067147304619,3.1639968871299384
all_in_long,CEX weights,2000-11-01,106.82126668513152,3.2809415046582524
all_in_long,CEX weights,2000-12-01,106.64638942698245,3.1188885935681254
all_in_long,CEX weights,2001-01-01,107.18797636909184,3.461644786878071
all_in_long,CEX weights,2001-02-01,107.57815670238183,3.2032538712186476
all_in_long,CEX weights,2001-03-01,107.71296307347696,2.3566629737921785
all_in_long,CEX weights,2001-04-01,108.15187587206192,2.7234953304328124
all_in_long,CEX weights,2001-05-01,108.71151530269384,3.1848021062645726
all_in_long,CEX weights,2001-06-01,108.8272170192035,2.6722460973776396
all_in_long,CEX weights,2001-07-01,108.199938820759,1.9702089949944268
all_in_long,CEX weights,2001-08-01,108.06249745245604,2.0064529088312355
all_in_long,CEX weights,2001-09-01,108.62346005507929,1.8549108120714086
all_in_long,CEX weights,2001-10-01,108.08422489025104,1.2587080432074238
all_in_long,CEX weights,2001-11-01,107.67892387087107,0.8028899229098219
all_in_long,CEX weights,2001-12-01,107.06227399238459,0.3899659122420518
all_in_long,CEX weights,2002-01-01,107.18082507054777,-0.006671735754626429
all_in_long,CEX weights,2002-02-01,107.4854564398238,-0.08617015330955047
all_in_long,CEX weights,2002-03-01,108.07417050961662,0.33534258628951097
all_in_long,CEX weights,2002-04-01,108.79445250690955,0.5941428474229626
all_in_long,CEX weights,2002-05-01,108.74052444376339,0.026684515424868493
all_in_long,CEX weights,2002-06-01,108.75449250399011,-0.06682566843601023
all_in_long,CEX weights,2002-07-01,108.76197840805409,0.5194453836301571
all_in_long,CEX weights,2002-08-01,109.0845961950349,0.9458403855866493
all_in_long,CEX weights,2002-09-01,109.34682513609027,0.6659381690145016
all_in_long,CEX weights,2002-10-01,109.51484205237566,1.3236132873018835
all_in_long,CEX weights,2002-11-01,109.52213841487543,1.7117690981150124
all_in_long,CEX weights,2002-12-01,109.19038424702596,1.9877312290160543
all_in_long,CEX weights,2003-01-01,109.65081107789425,2.304503632735333
all_in_long,CEX weights,2003-02-01,110.7143131917649,3.003994083375172
all_in_long,CEX weights,2003-03-01,111.51691838451815,3.18554179844035
all_in_long,CEX weights,2003-04-01,111.14764719996259,2.1629730549943105
all_in_long,CEX weights,2003-05-01,110.79577909894162,1.8900540214344286
all_in_long,CEX weights,2003-06-01,110.96374755705482,2.0314149808419613
all_in_long,CEX weights,2003-07-01,110.93734367174852,2.000115569370098
all_in_long,CEX weights,2003-08-01,111.36644214169543,2.091813167260348
all_in_long,CEX weights,2003-09-01,111.7654413904891,2.211876066258611
all_in_long,CEX weights,2003-10-01,111.42126713519572,1.7407915192977352
all_in_long,CEX weights,2003-11-01,110.95193279578639,1.305484353761277
all_in_long,CEX weights,2003-12-01,110.73436746112775,1.4140285564054444
all_in_long,CEX weights,2004-01-01,111.35168240147662,1.5511707636837402
all_in_long,CEX weights,2004-02-01,112.04296151373208,1.200069154261807
all_in_long,CEX weights,2004-03-01,112.7329549942847,1.090450334695925
all_in_long,CEX weights,2004-04-01,113.09586663947555,1.7528211245065428
all_in_long,CEX weights,2004-05-01,113.91045537565692,2.811186763652662
all_in_long,CEX weights,2004-06-01,114.26999206521968,2.979571779931889
all_in_long,CEX weights,2004-07-01,113.92864962995576,2.6963922690074416
all_in_long,CEX weights,2004-08-01,113.91409549488971,2.2876310890427964
all_in_long,CEX weights,2004-09-01,114.23632298325266,2.210774244724467
all_in_long,CEX weights,2004-10-01,115.0409039158475,3.2486049330778144
all_in_long,CEX weights,2004-11-01,115.23206370671339,3.8576442997210636
all_in_long,CEX weights,2004-12-01,114.69647154654537,3.578025662907658
all_in_long,CEX weights,2005-01-01,114.79641560568962,3.093561884222873
all_in_long,CEX weights,2005-02-01,115.39417827990613,2.9910105203380555
all_in_long,CEX weights,2005-03-01,116.26048778669802,3.12910523155554
all_in_long,CEX weights,2005-04-01,117.24893259885732,3.672164229149799
all_in_long,CEX weights,2005-05-01,117.17513822556742,2.8660080755047
all_in_long,CEX weights,2005-06-01,117.13788792257347,2.509754140629439
all_in_long,CEX weights,2005-07-01,117.63003097519488,3.248859138821847
all_in_long,CEX weights,2005-08-01,118.40108921923748,3.938927579466278
all_in_long,CEX weights,2005-09-01,120.38422649858758,5.381741424079456
all_in_long,CEX weights,2005-10-01,120.42737048242836,4.682218570293117
all_in_long,CEX weights,2005-11-01,119.158889008881,3.407754036378363
all_in_long,CEX weights,2005-12-01,118.46464190729539,3.2853411355560747
all_in_long,CEX weights,2006-01-01,119.4562981963126,4.059257918495529
all_in_long,CEX weights,2006-02-01,119.55954573588285,3.609685963422682
all_in_long,CEX weights,2006-03-01,120.2201401173052,3.4058452755435953
all_in_long,CEX weights,2006-04-01,121.41300060428236,3.5514762592095517
all_in_long,CEX weights,2006-05-01,122.10208284763193,4.204769626624993
all_in_long,CEX weights,2006-06-01,122.27652710438772,4.386829294046035
all_in_long,CEX weights,2006-07-01,122.51944895446022,4.156606895985937
all_in_long,CEX weights,2006-08-01,122.75459121857692,3.676910430509883
all_in_long,CEX weights,2006-09-01,121.87642284053078,1.2395281220340726
all_in_long,CEX weights,2006-10-01,120.78964139368613,0.3008210756462848
all_in_long,CEX weights,2006-11-01,120.49444916525178,1.1208229343857345
all_in_long,CEX weights,2006-12-01,120.65342985074825,1.847629730030076
all_in_long,CEX weights,2007-01-01,120.82589700919826,1.1465270844362552
all_in_long,CEX weights,2007-02-01,121.41613731232076,1.5528593430250037
all_in_long,CEX weights,2007-03-01,122.7837282891695,2.13241156545223
all_in_long,CEX weights,2007-04-01,123.75682477062242,1.9304556799310202
all_in_long,CEX weights,2007-05-01,124.72338999200676,2.1468160765495625
all_in_long,CEX weights,2007-06-01,124.88889916444944,2.1364460718053646
all_in_long,CEX weights,2007-07-01,124.59601382576027,1.6948859050712084
all_in_long,CEX weights,2007-08-01,124.20369620709616,1.1804894416852951
all_in_long,CEX weights,2007-09-01,124.67880359074688,2.299362489398682
all_in_long,CEX weights,2007-10-01,124.92381282517127,3.422620833860046
all_in_long,CEX weights,2007-11-01,125.91364541866437,4.497465477418339
all_in_long,CEX weights,2007-12-01,125.73131925214699,4.208657315154851
all_in_long,CEX weights,2008-01-01,126.33235440859063,4.557348660919258
all_in_long,CEX weights,2008-02-01,126.67917386482772,4.334709264361436
all_in_long,CEX weights,2008-03-01,127.9816781233145,4.2334191236669705
all_in_long,CEX weights,2008-04-01,129.04107989289722,4.269869667445758
all_in_long,CEX weights,2008-05-01,130.49362637283835,4.626426832369934
all_in_long,CEX weights,2008-06-01,132.11968727118983,5.789776477426667
all_in_long,CEX weights,2008-07-01,132.89240740455213,6.658634834332533
all_in_long,CEX weights,2008-08-01,132.1387982679048,6.388780932555926
all_in_long,CEX weights,2008-09-01,131.92643828153578,5.813044785526622
all_in_long,CEX weights,2008-10-01,130.08083098211114,4.128130610420144
all_in_long,CEX weights,2008-11-01,126.67390671213666,0.6037957926993576
all_in_long,CEX weights,2008-12-01,124.91596144253577,-0.6484922089905587
all_in_long,CEX weights,2009-01-01,125.41984486613264,-0.7223086648941224
all_in_long,CEX weights,2009-02-01,126.11501234696303,-0.4453466980031573
all_in_long,CEX weights,2009-03-01,126.37529325725883,-1.2551678409059908
all_in_long,CEX weights,2009-04-01,126.74248341250603,-1.781290486951126
all_in_long,CEX weights,2009-05-01,127.23140257598132,-2.499910445845377
all_in_long,CEX weights,2009-06-01,128.67562868922482,-2.6067716727906753
all_in_long,CEX weights,2009-07-01,128.39610630419853,-3.3834145894173884
all_in_long,CEX weights,2009-08-01,128.78877342858277,-2.5352318041594546
all_in_long,CEX weights,2009-09-01,129.01016370201268,-2.210530821198753
all_in_long,CEX weights,2009-10-01,129.209174055613,-0.6700886824885122
all_in_long,CEX weights,2009-11-01,129.47642335378976,2.21238668198791
all_in_long,CEX weights,2009-12-01,129.31137926199966,3.5186999072859715
all_in_long,CEX weights,2010-01-01,129.92317180572283,3.5906015865326824
all_in_long,CEX weights,2010-02-01,129.93382989185565,3.028043588011897
all_in_long,CEX weights,2010-03-01,130.69529209158554,3.418388771239167
all_in_long,CEX weights,2010-04-01,131.01737621951068,3.3728965157572732
all_in_long,CEX weights,2010-05-01,131.1683523600449,3.094322395536331
all_in_long,CEX weights,2010-06-01,131.00035635671608,1.8066573221148907
all_in_long,CEX weights,2010-07-01,131.0816677923154,2.091622219254985
all_in_long,CEX weights,2010-08-01,131.30004312146707,1.9499135103393739
all_in_long,CEX weights,2010-09-01,131.32398151869847,1.793515914009891
all_in_long,CEX weights,2010-10-01,131.50767255990212,1.7788972966422678
all_in_long,CEX weights,2010-11-01,131.48067073467232,1.5479631958986273
all_in_long,CEX weights,2010-12-01,131.68184325200832,1.833144154472155
all_in_long,CEX weights,2011-01-01,132.4786049630548,1.9668802122174034
all_in_long,CEX weights,2011-02-01,133.28776117120722,2.5812610019600335
all_in_long,CEX weights,2011-03-01,135.05890322063192,3.338766882274946
all_in_long,CEX weights,2011-04-01,136.24120777569297,3.987128812158569
all_in_long,CEX weights,2011-05-01,137.10579716893372,4.526583357997116
all_in_long,CEX weights,2011-06-01,136.8748401155565,4.484326548581374
all_in_long,CEX weights,2011-07-01,136.98033735680423,4.499995814696711
all_in_long,CEX weights,2011-08-01,137.34216155077874,4.60176423835752
all_in_long,CEX weights,2011-09-01,137.52585673903212,4.7225762946051075
all_in_long,CEX weights,2011-10-01,136.96971168355535,4.1533995829522885
all_in_long,CEX weights,2011-11-01,136.66753404042683,3.9449626144831607
all_in_long,CEX weights,2011-12-01,136.1082910210637,3.361471604391353
all_in_long,CEX weights,2012-01-01,136.79899297740678,3.261196791404042
all_in_long,CEX weights,2012-02-01,137.5027525112543,3.162324359723434
all_in_long,CEX weights,2012-03-01,138.83292431826175,2.79435195135902
all_in_long,CEX weights,2012-04-01,139.32947903625308,2.2667673833636437
all_in_long,CEX weights,2012-05-01,139.09317819579027,1.4495237020560214
all_in_long,CEX weights,2012-06-01,138.8028233553415,1.4085738753428334
all_in_long,CEX weights,2012-07-01,138.4002625670198,1.0365905338055814
all_in_long,CEX weights,2012-08-01,139.26316902154355,1.3987019346965557
all_in_long,CEX weights,2012-09-01,139.91495489415288,1.7371992523953494
all_in_long,CEX weights,2012-10-01,139.7195621527686,2.007633976456269
all_in_long,CEX weights,2012-11-01,138.71238515796023,1.4962230290396006
all_in_long,CEX weights,2012-12-01,138.1640783546439,1.5104056616668915
all_in_long,CEX weights,2013-01-01,138.6134551718854,1.3263710170573262
all_in_long,CEX weights,2013-02-01,140.05560177100335,1.8565804779363315
all_in_long,CEX weights,2013-03-01,140.50202104828162,1.2022340797155806
all_in_long,CEX weights,2013-04-01,140.2235701516061,0.6417099393017933
all_in_long,CEX weights,2013-05-01,140.5621105640689,1.0560779380645924
all_in_long,CEX weights,2013-06-01,140.93151234472526,1.5336064050615272
all_in_long,CEX weights,2013-07-01,140.95642657927743,1.8469358112812806
all_in_long,CEX weights,2013-08-01,140.93748216222704,1.2022655756343426
all_in_long,CEX weights,2013-09-01,141.00545088910627,0.7793991684293955
all_in_long,CEX weights,2013-10-01,140.37416274269557,0.4685103358764042
all_in_long,CEX weights,2013-11-01,139.84961065081868,0.8198442349350632
all_in_long,CEX weights,2013-12-01,139.7358487989965,1.1376115000877096
all_in_long,CEX weights,2014-01-01,140.32237190389208,1.2328649696290883
all_in_long,CEX weights,2014-02-01,140.9099407067292,0.6099998321543287
all_in_long,CEX weights,2014-03-01,142.08982551930234,1.1300936877449486
all_in_long,CEX weights,2014-04-01,142.6313456781924,1.7170975778059594
all_in_long,CEX weights,2014-05-01,143.28874689335046,1.939808898955575
all_in_long,CEX weights,2014-06-01,143.5421791185029,1.852436499362775
all_in_long,CEX weights,2014-07-01,143.39828793137633,1.7323519128271458
all_in_long,CEX weights,2014-08-01,142.95201909808162,1.4293833726472638
all_in_long,CEX weights,2014-09-01,142.93268394516053,1.3667791166243282
all_in_long,CEX weights,2014-10-01,142.2916639630707,1.3659929882466226
all_in_long,CEX weights,2014-11-01,141.027159970822,0.8420111536409314
all_in_long,CEX weights,2014-12-01,139.84859918228224,0.08068823015339177
all_in_long,CEX weights,2015-01-01,138.8801504962297,-1.0277914976025038
all_in_long,CEX weights,2015-02-01,139.58638632436325,-0.9392909937565141
all_in_long,CEX weights,2015-03-01,140.6160960537158,-1.0371815576523002
all_in_long,CEX weights,2015-04-01,140.86539832099183,-1.238120098218043
all_in_long,CEX weights,2015-05-01,141.73394668858273,-1.0850818633545312
all_in_long,CEX weights,2015-06-01,142.26252557364717,-0.8914825960662731
all_in_long,CEX weights,2015-07-01,142.19372404289948,-0.8400127406355762
all_in_long,CEX weights,2015-08-01,141.7379447779092,-0.8492879833613354
all_in_long,CEX weights,2015-09-01,141.22535950884313,-1.1944954710096045
all_in_long,CEX weights,2015-10-01,140.898415867476,-0.9791494854936134
all_in_long,CEX weights,2015-11-01,140.30846717096068,-0.5096130419204425
all_in_long,CEX weights,2015-12-01,139.56696772386033,-0.20138311006949738
all_in_long,CEX weights,2016-01-01,139.72663133592624,0.6095045524302733
all_in_long,CEX weights,2016-02-01,139.72298022026587,0.09785617315518635
all_in_long,CEX weights,2016-03-01,140.46220725992117,-0.10943896048418722
all_in_long,CEX weights,2016-04-01,141.19019486192906,0.23057226601319591
all_in_long,CEX weights,2016-05-01,141.8405807043041,0.07523533931901305
all_in_long,CEX weights,2016-06-01,142.3147376482325,0.036701214444767594
all_in_long,CEX weights,2016-07-01,141.79656515775613,-0.27930830830728004
all_in_long,CEX weights,2016-08-01,141.66687000565187,-0.05014519744074297
all_in_long,CEX weights,2016-09-01,141.90013031633606,0.47779719580085533
all_in_long,CEX weights,2016-10-01,141.9744681242384,0.7637078459239
all_in_long,CEX weights,2016-11-01,141.4350287636819,0.8029177536011067
all_in_long,CEX weights,2016-12-01,141.36401714213662,1.2875893541169692
all_in_long,CEX weights,2017-01-01,142.39877580074725,1.9124088509632209
all_in_long,CEX weights,2017-02-01,142.84850601581138,2.2369446962971162
all_in_long,CEX weights,2017-03-01,142.96897055935244,1.7846532162153705
all_in_long,CEX weights,2017-04-01,143.57214622124462,1.6870515418190957
all_in_long,CEX weights,2017-05-01,143.6562539274453,1.2800802239567366
all_in_long,CEX weights,2017-06-01,143.63607854681203,0.9284638544221346
all_in_long,CEX weights,2017-07-01,143.2174935120043,1.0020894036941508
all_in_long,CEX weights,2017-08-01,143.6017673359691,1.3658079198333617
all_in_long,CEX weights,2017-09-01,144.5500098532192,1.8674257246810155
all_in_long,CEX weights,2017-10-01,144.18812786422626,1.5591956562575282
all_in_long,CEX weights,2017-11-01,143.98128151642848,1.8002985363696489
all_in_long,CEX weights,2017-12-01,143.66519735279485,1.6278401372426199
all_in_long,CEX weights,2018-01-01,144.57603866620573,1.5289898759418108
all_in_long,CEX weights,2018-02-01,145.37578881786064,1.7692049238299479
all_in_long,CEX weights,2018-03-01,145.73857351119958,1.9372056335100751
all_in_long,CEX weights,2018-04-01,146.46049085455329,2.011772275701529
all_in_long,CEX weights,2018-05-01,147.22924580737157,2.487181575631814
all_in_long,CEX weights,2018-06-01,147.37449285972025,2.6026986748248326
all_in_long,CEX weights,2018-07-01,147.31837808829724,2.8633964159896497
all_in_long,CEX weights,2018-08-01,147.29924573643856,2.5748139936320413
all_in_long,CEX weights,2018-09-01,147.34930941859258,1.9365613106605117
all_in_long,CEX weights,2018-10-01,147.48720758764034,2.2880383928145953
all_in_long,CEX weights,2018-11-01,146.5402211165744,1.7772724156882358
all_in_long,CEX weights,2018-12-01,145.7496583281667,1.4509157497992309
all_in_long,CEX weights,2019-01-01,146.01633001072346,0.9962171863368452
all_in_long,CEX weights,2019-02-01,146.74992531050862,0.9452306355975271
all_in_long,CEX weights,2019-03-01,147.66924716326486,1.3247513033444847
all_in_long,CEX weights,2019-04-01,148.46637159427752,1.3695712256735604
all_in_long,CEX weights,2019-05-01,148.77160093759068,1.0475874692974063
all_in_long,CEX weights,2019-06-01,148.679955762744,0.8858133301712812
all_in_long,CEX weights,2019-07-01,148.81402283160838,1.0152465447418324
all_in_long,CEX weights,2019-08-01,148.54798502438976,0.8477567428862187
all_in_long,CEX weights,2019-09-01,148.55520104312737,0.8183897361263348
all_in_long,CEX weights,2019-10-01,148.70853480279018,0.8280902697436421
all_in_long,CEX weights,2019-11-01,148.35011132607337,1.235080850641812
all_in_long,CEX weights,2019-12-01,147.93790049298616,1.5013703564864977
all_in_long,CEX weights,2020-01-01,148.55415747356574,1.738043589135474
all_in_long,CEX weights,2020-02-01,149.0283905899539,1.5526176756984755
all_in_long,CEX weights,2020-03-01,148.35477342004725,0.46423088757570063
all_in_long,CEX weights,2020-04-01,146.8326930028069,-1.10036944658084
all_in_long,CEX weights,2020-05-01,146.60551070249153,-1.4559836833427764
all_in_long,CEX weights,2020-06-01,147.68507790558573,-0.6691405388536964
all_in_long,CEX weights,2020-07-01,148.62221407789664,-0.12889158565976278
all_in_long,CEX weights,2020-08-01,149.1343339892576,0.39472024125508653
all_in_long,CEX weights,2020-09-01,149.39984411883987,0.5685718640489057
all_in_long,CEX weights,2020-10-01,149.36246655180082,0.4397405635647278
all_in_long,CEX weights,2020-11-01,149.1529125869481,0.5411531233098898
all_in_long,CEX weights,2020-12-01,149.3410699514938,0.9484854481723426
all_in_long,CEX weights,2021-01-01,150.14904938001686,1.0736097417771262
all_in_long,CEX weights,2021-02-01,151.1134131224796,1.399077400132831
all_in_long,CEX weights,2021-03-01,152.56445845577997,2.837579768204379
all_in_long,CEX weights,2021-04-01,154.30491340205097,5.088935063733535
all_in_long,CEX weights,2021-05-01,155.94549592443153,6.370828202286161
all_in_long,CEX weights,2021-06-01,157.92297860257466,6.932251275605483
all_in_long,CEX weights,2021-07-01,158.93019922560484,6.935696128376567
all_in_long,CEX weights,2021-08-01,159.15182074137104,6.717089542127175
all_in_long,CEX weights,2021-09-01,159.51367595769068,6.769640154915946
all_in_long,CEX weights,2021-10-01,160.9805237322167,7.778431522076268
all_in_long,CEX weights,2021-11-01,161.76796847001208,8.457800564712459
all_in_long,CEX weights,2021-12-01,162.27266091858905,8.65909891451524
all_in_long,CEX weights,2022-01-01,163.7507209407761,9.058779670548777
all_in_long,CEX weights,2022-02-01,165.61023687995169,9.593340166118924
all_in_long,CEX weights,2022-03-01,168.26411248552313,10.290505527074401
all_in_long,CEX weights,2022-04-01,169.145500659075,9.617702333532275
all_in_long,CEX weights,2022-05-01,171.30278406609065,9.847856169633129
all_in_long,CEX weights,2022-06-01,173.951616382801,10.149655181316986
all_in_long,CEX weights,2022-07-01,173.5707521142318,9.211938926625507
all_in_long,CEX weights,2022-08-01,173.10459852551645,8.766960829696902
all_in_long,CEX weights,2022-09-01,172.9555794401615,8.426803157640306
all_in_long,CEX weights,2022-10-01,173.58225389099087,7.8281085603476575
all_in_long,CEX weights,2022-11-01,173.0497374133521,6.97404378013895
all_in_long,CEX weights,2022-12-01,171.9214295608561,5.946022322951716
all_in_long,CEX weights,2023-01-01,173.47934362454555,5.941117466767065
all_in_long,CEX weights,2023-02-01,174.53752514953686,5.390541332331056
all_in_long,CEX weights,2023-03-01,175.21424570483205,4.130490522693542
all_in_long,CEX weights,2023-04-01,176.14168660246173,4.136193937247001
all_in_long,CEX weights,2023-05-01,176.48134613797149,3.023046064378554
all_in_long,CEX weights,2023-06-01,176.98259955496349,1.7424288633757001
all_in_long,CEX weights,2023-07-01,177.13845261932647,2.055473322341017
all_in_long,CEX weights,2023-08-01,177.9157502073791,2.7793321048911634
all_in_long,CEX weights,2023-09-01,178.2241455126904,3.046196075074703
all_in_long,CEX weights,2023-10-01,177.77079314295813,2.4129996921215424
all_in_long,CEX weights,2023-11-01,176.7114628065145,2.1159959257354366
all_in_long,CEX weights,2023-12-01,176.18208549169694,2.4782576213587593
all_in_long,CEX weights,2024-01-01,177.16122496023468,2.1223744906815334
all_in_long,CEX weights,2024-02-01,178.4337950777707,2.232339392285798
all_in_long,CEX weights,2024-03-01,179.82720537854001,2.632753778182506
all_in_long,CEX weights,2024-04-01,180.56972736198765,2.5139084591143224
all_in_long,CEX weights,2024-05-01,180.71025084405954,2.396233255599678
all_in_long,CEX weights,2024-06-01,180.46065123439593,1.9651941423497465
all_in_long,CEX weights,2024-07-01,180.46874674185563,1.8800514926513578
all_in_long,CEX weights,2024-08-01,180.40532925969782,1.3993022255853527
all_in_long,CEX weights,2024-09-01,180.42947179927157,1.2373891765547151
all_in_long,CEX weights,2024-10-01,180.41344485585913,1.4865499929315407
all_in_long,CEX weights,2024-11-01,179.99818981916025,1.8599399045462262
all_in_long,CEX weights,2024-12-01,179.80071888371788,2.0539167656699497
all_in_long,CEX weights,2025-01-01,181.18794097169106,2.272910459024091
all_in_long,CEX weights,2025-02-01,182.1860031601288,2.102857298261629
all_in_long,CEX weights,2025-03-01,182.56406145435463,1.5219366113450317
all_in_long,CEX weights,2025-04-01,183.1067091775743,1.4049873434768934
all_in_long,CEX weights,2025-05-01,183.47340820545278,1.529054023491816
all_in_long,CEX weights,2025-06-01,184.11206852062793,2.0233869606783417
all_in_long,CEX weights,2025-07-01,184.3290643203964,2.1390504717487824
all_in_long,CEX weights,2025-08-01,184.82508707400643,2.4499042419895867
all_in_long,CEX weights,2025-09-01,185.37160476537122,2.739094071947279
all_in_long,CEX weights,2025-11-01,184.4654997680447,2.4818638195043263
all_in_long,CEX weights,2025-12-01,184.31216010439897,2.509134139557445
all_in_long,CEX weights,2026-01-01,184.9195550591181,2.0595267363902936
all_in_long,CEX weights,2026-02-01,185.9350334108615,2.0578036653219556
all_in_long,CEX weights,2026-03-01,188.68680792454796,3.3537523329717045
all_in_long,CEX weights,2026-04-01,190.6008335703918,4.0927634090948795
all_in_long,CEX weights,2026-05-01,192.1951322145394,4.753671986798258
all_in_long,CEX weights,2026-06-01,191.00373721528905,3.7431922578660126
all_in_long,CEX weights,2026-07-01,190.72604980153332,3.470416076120153
all_in_long,CPI relative importance,2012-03-01,100,NA
all_in_long,CPI relative importance,2012-04-01,100.33627803733944,NA
all_in_long,CPI relative importance,2012-05-01,100.14002429280397,NA
all_in_long,CPI relative importance,2012-06-01,99.87259041772255,NA
all_in_long,CPI relative importance,2012-07-01,99.55750488864922,NA
all_in_long,CPI relative importance,2012-08-01,100.22946266472948,NA
all_in_long,CPI relative importance,2012-09-01,100.73930675369941,NA
all_in_long,CPI relative importance,2012-10-01,100.61315615609885,NA
all_in_long,CPI relative importance,2012-11-01,99.89237581645898,NA
all_in_long,CPI relative importance,2012-12-01,99.4618382822456,NA
all_in_long,CPI relative importance,2013-01-01,99.78209308367107,NA
all_in_long,CPI relative importance,2013-02-01,100.8256501207585,NA
all_in_long,CPI relative importance,2013-03-01,101.12380884904786,1.1238088490478582
all_in_long,CPI relative importance,2013-04-01,100.93241577438566,0.594139775470226
all_in_long,CPI relative importance,2013-05-01,101.14349322526631,1.0020657969167734
all_in_long,CPI relative importance,2013-06-01,101.39790710516941,1.5272625663028672
all_in_long,CPI relative importance,2013-07-01,101.39274146965768,1.8433935071606067
all_in_long,CPI relative importance,2013-08-01,101.44333056944814,1.2110889078384757
all_in_long,CPI relative importance,2013-09-01,101.5242394554503,0.7791722288401193
all_in_long,CPI relative importance,2013-10-01,101.06925648627193,0.45332076598953996
all_in_long,CPI relative importance,2013-11-01,100.67897426040108,0.7874459261909772
all_in_long,CPI relative importance,2013-12-01,100.60791125609315,1.1522740717855084
all_in_long,CPI relative importance,2014-01-01,101.0296207338793,1.2502520358659286
all_in_long,CPI relative importance,2014-02-01,101.44842335390976,0.617673411880193
all_in_long,CPI relative importance,2014-03-01,102.26366787231834,1.1271915449426961
all_in_long,CPI relative importance,2014-04-01,102.65295192472662,1.7046418012889752
all_in_long,CPI relative importance,2014-05-01,103.07898200948476,1.9136068198749356
all_in_long,CPI relative importance,2014-06-01,103.25988685805385,1.8363098470594696
all_in_long,CPI relative importance,2014-07-01,103.11685724368614,1.7004331365716219
all_in_long,CPI relative importance,2014-08-01,102.78866259317954,1.326190707836017
all_in_long,CPI relative importance,2014-09-01,102.79161728769849,1.248349989171138
all_in_long,CPI relative importance,2014-10-01,102.33100811887579,1.2484030025245563
all_in_long,CPI relative importance,2014-11-01,101.42781488932958,0.7437904829976416
all_in_long,CPI relative importance,2014-12-01,100.50524078096669,-0.10205010107516843
all_in_long,CPI relative importance,2015-01-01,99.65373697291788,-1.3618617500164687
all_in_long,CPI relative importance,2015-02-01,100.1949061528107,-1.2356201897057328
all_in_long,CPI relative importance,2015-03-01,100.9040055051159,-1.32956542190531
all_in_long,CPI relative importance,2015-04-01,101.09316014732295,-1.5194806853167209
all_in_long,CPI relative importance,2015-05-01,101.73231367945553,-1.3064431795662412
all_in_long,CPI relative importance,2015-06-01,102.09540378505453,-1.127720655553377
all_in_long,CPI relative importance,2015-07-01,102.00349225454629,-1.0797119102541552
all_in_long,CPI relative importance,2015-08-01,101.69878826139225,-1.0603059756705169
all_in_long,CPI relative importance,2015-09-01,101.33394086951274,-1.4180888059246333
all_in_long,CPI relative importance,2015-10-01,101.13809208986305,-1.1657424772234748
all_in_long,CPI relative importance,2015-11-01,100.72678067879103,-0.691165644555658
all_in_long,CPI relative importance,2015-12-01,100.16267566651645,-0.34084303643110436
all_in_long,CPI relative importance,2016-01-01,100.24193142953844,0.5902382333945022
all_in_long,CPI relative importance,2016-02-01,100.2131750913264,0.018233400496270313
all_in_long,CPI relative importance,2016-03-01,100.76460536334794,-0.13815124689068314
all_in_long,CPI relative importance,2016-04-01,101.29086637939524,0.19556835673568695
all_in_long,CPI relative importance,2016-05-01,101.73468155012347,0.002327550197467332
all_in_long,CPI relative importance,2016-06-01,102.04610046169468,-0.04829142305333711
all_in_long,CPI relative importance,2016-07-01,101.70126844031941,-0.2962877128487751
all_in_long,CPI relative importance,2016-08-01,101.65403048677997,-0.04401013559497402
all_in_long,CPI relative importance,2016-09-01,101.8487293428541,0.5080118950512746
all_in_long,CPI relative importance,2016-10-01,101.90658154184415,0.7598417530936707
all_in_long,CPI relative importance,2016-11-01,101.57786393942173,0.8449423826467184
all_in_long,CPI relative importance,2016-12-01,101.53297980520611,1.3680786076961216
all_in_long,CPI relative importance,2017-01-01,102.2480502122409,2.0012770644913136
all_in_long,CPI relative importance,2017-02-01,102.60029818972386,2.3820451714278157
all_in_long,CPI relative importance,2017-03-01,102.65757413798761,1.8786048611154627
all_in_long,CPI relative importance,2017-04-01,103.04120052725587,1.728027620283723
all_in_long,CPI relative importance,2017-05-01,103.10111837643672,1.3431376650449467
all_in_long,CPI relative importance,2017-06-01,103.10069572578297,1.0334498420977445
all_in_long,CPI relative importance,2017-07-01,102.87034141277657,1.1495166091691322
all_in_long,CPI relative importance,2017-08-01,103.1598883199,1.481355757276992
all_in_long,CPI relative importance,2017-09-01,103.81752473788949,1.9330583775942989
all_in_long,CPI relative importance,2017-10-01,103.6302653527342,1.6914352192083815
all_in_long,CPI relative importance,2017-11-01,103.53053991765854,1.9223440053842245
all_in_long,CPI relative importance,2017-12-01,103.32164923929201,1.7616634885704308
all_in_long,CPI relative importance,2018-01-01,103.98724439198139,1.700955838405105
all_in_long,CPI relative importance,2018-02-01,104.5674197022446,1.917266857142308
all_in_long,CPI relative importance,2018-03-01,104.79734118114882,2.0843732779863178
all_in_long,CPI relative importance,2018-04-01,105.2858391856248,2.178389466430164
all_in_long,CPI relative importance,2018-05-01,105.76522035988219,2.583970014484671
all_in_long,CPI relative importance,2018-06-01,105.8927426827643,2.7080777072613804
all_in_long,CPI relative importance,2018-07-01,105.82038866370551,2.8677335084284605
all_in_long,CPI relative importance,2018-08-01,105.79123735937296,2.550748243651735
all_in_long,CPI relative importance,2018-09-01,105.87179454265468,1.9787312498074527
all_in_long,CPI relative importance,2018-10-01,105.99567964607277,2.2825516129744816
all_in_long,CPI relative importance,2018-11-01,105.35885125875072,1.7659633017912402
all_in_long,CPI relative importance,2018-12-01,104.7697471568909,1.4015435567091172
all_in_long,CPI relative importance,2019-01-01,104.89379825159001,0.8717933289888347
all_in_long,CPI relative importance,2019-02-01,105.40123164966492,0.7973917208577985
all_in_long,CPI relative importance,2019-03-01,106.08283259919975,1.2266450690088249
all_in_long,CPI relative importance,2019-04-01,106.67151927722502,1.3161125012806307
all_in_long,CPI relative importance,2019-05-01,106.86690845493514,1.0416355124154064
all_in_long,CPI relative importance,2019-06-01,106.77650549701146,0.834582986385346
all_in_long,CPI relative importance,2019-07-01,106.89352920995223,1.0141151056032527
all_in_long,CPI relative importance,2019-08-01,106.73475338617736,0.891865952563986
all_in_long,CPI relative importance,2019-09-01,106.73915992659298,0.8192601133145461
all_in_long,CPI relative importance,2019-10-01,106.92049528642663,0.8725031467715416
all_in_long,CPI relative importance,2019-11-01,106.70436038385063,1.2770726987099357
all_in_long,CPI relative importance,2019-12-01,106.42205460431396,1.5770845041257475
all_in_long,CPI relative importance,2020-01-01,106.85879618555235,1.873321365720071
all_in_long,CPI relative importance,2020-02-01,107.16484258575646,1.6732356050197517
all_in_long,CPI relative importance,2020-03-01,106.73437370053546,0.6141814706224435
all_in_long,CPI relative importance,2020-04-01,105.60392738087253,-1.0008218722168505
all_in_long,CPI relative importance,2020-05-01,105.48902910680602,-1.2893414510163015
all_in_long,CPI relative importance,2020-06-01,106.24116595592166,-0.5013645451290571
all_in_long,CPI relative importance,2020-07-01,106.84940038013508,-0.04128297582024487
all_in_long,CPI relative importance,2020-08-01,107.2166360986437,0.45147685939073146
all_in_long,CPI relative importance,2020-09-01,107.44216968416492,0.6586240308200209
all_in_long,CPI relative importance,2020-10-01,107.43217818198261,0.4785639031929634
all_in_long,CPI relative importance,2020-11-01,107.27685465053008,0.5365237789908495
all_in_long,CPI relative importance,2020-12-01,107.40546555980798,0.9240668761286708
all_in_long,CPI relative importance,2021-01-01,108.02173175760016,1.0882918520141782
all_in_long,CPI relative importance,2021-02-01,108.7791423266939,1.5063706547654654
all_in_long,CPI relative importance,2021-03-01,109.75089864069088,2.8261981923638713
all_in_long,CPI relative importance,2021-04-01,110.8800138237205,4.996108169177416
all_in_long,CPI relative importance,2021-05-01,111.973669125503,6.147217462899746
all_in_long,CPI relative importance,2021-06-01,113.22741942416829,6.575844123496499
all_in_long,CPI relative importance,2021-07-01,113.89275393190849,6.591851266095516
all_in_long,CPI relative importance,2021-08-01,114.13502878903537,6.452723142728023
all_in_long,CPI relative importance,2021-09-01,114.39915895050946,6.475101244506853
all_in_long,CPI relative importance,2021-10-01,115.46048697614376,7.4729088900736595
all_in_long,CPI relative importance,2021-11-01,116.00361581951852,8.134803352892028
all_in_long,CPI relative importance,2021-12-01,116.31252856730941,8.292932730263702
all_in_long,CPI relative importance,2022-01-01,117.36148874597787,8.646183352564684
all_in_long,CPI relative importance,2022-02-01,118.6523900080169,9.076416186175562
all_in_long,CPI relative importance,2022-03-01,120.53455566111482,9.825575146977283
all_in_long,CPI relative importance,2022-04-01,121.19874272917204,9.306211777585528
all_in_long,CPI relative importance,2022-05-01,122.80534496475622,9.673413333551473
all_in_long,CPI relative importance,2022-06-01,124.63589659878359,10.07571949677426
all_in_long,CPI relative importance,2022-07-01,124.36278057097728,9.192882143607095
all_in_long,CPI relative importance,2022-08-01,123.90689257419709,8.56166935676146
all_in_long,CPI relative importance,2022-09-01,123.82199745128531,8.23680749685607
all_in_long,CPI relative importance,2022-10-01,124.28976633402908,7.647013787244483
all_in_long,CPI relative importance,2022-11-01,123.91473251865075,6.819715612520705
all_in_long,CPI relative importance,2022-12-01,123.09063825863106,5.827497497313194
all_in_long,CPI relative importance,2023-01-01,124.18029586651375,5.810089147126263
all_in_long,CPI relative importance,2023-02-01,124.9001750053857,5.265620858498243
all_in_long,CPI relative importance,2023-03-01,125.29654865911829,3.9507284627919415
all_in_long,CPI relative importance,2023-04-01,125.92585492236181,3.9002980449664104
all_in_long,CPI relative importance,2023-05-01,126.16240653825247,2.733644512345701
all_in_long,CPI relative importance,2023-06-01,126.53946467107198,1.5273032282314247
all_in_long,CPI relative importance,2023-07-01,126.67872595554142,1.862249600669208
all_in_long,CPI relative importance,2023-08-01,127.27324515288119,2.716840450718494
all_in_long,CPI relative importance,2023-09-01,127.47979849264539,2.9540801446036546
all_in_long,CPI relative importance,2023-10-01,127.18368431215254,2.3283638415942054
all_in_long,CPI relative importance,2023-11-01,126.43873184762391,2.0368839747067824
all_in_long,CPI relative importance,2023-12-01,126.08150735351968,2.4298103716095643
all_in_long,CPI relative importance,2024-01-01,126.74770491539249,2.0674850474173168
all_in_long,CPI relative importance,2024-02-01,127.65798490464225,2.208011237084029
all_in_long,CPI relative importance,2024-03-01,128.60533485153,2.640764033663512
all_in_long,CPI relative importance,2024-04-01,129.12183778702615,2.5379878235766595
all_in_long,CPI relative importance,2024-05-01,129.2256910998666,2.428048612631173
all_in_long,CPI relative importance,2024-06-01,129.11679271492193,2.03677805224598
all_in_long,CPI relative importance,2024-07-01,129.11311187341136,1.9217006640280587
all_in_long,CPI relative importance,2024-08-01,129.04024990022,1.388355223610649
all_in_long,CPI relative importance,2024-09-01,129.1174408085679,1.284628886526673
all_in_long,CPI relative importance,2024-10-01,129.09927393526596,1.506159876931945
all_in_long,CPI relative importance,2024-11-01,128.80870077459903,1.8744010576057235
all_in_long,CPI relative importance,2024-12-01,128.69855554045756,2.075679647134887
all_in_long,CPI relative importance,2025-01-01,129.70257000769953,2.331296723896892
all_in_long,CPI relative importance,2025-02-01,130.36654244530882,2.121729825744789
all_in_long,CPI relative importance,2025-03-01,130.64904415908086,1.5891326047323462
all_in_long,CPI relative importance,2025-04-01,131.02065408667596,1.470561705280038
all_in_long,CPI relative importance,2025-05-01,131.24096640994645,1.559500508704903
all_in_long,CPI relative importance,2025-06-01,131.68535497402786,1.9893324525006362
all_in_long,CPI relative importance,2025-07-01,131.81960417378983,2.096218006914774
all_in_long,CPI relative importance,2025-08-01,132.16828842825865,2.4240797196668495
all_in_long,CPI relative importance,2025-09-01,132.5220460432536,2.636828311779693
all_in_long,CPI relative importance,2025-11-01,131.89814264904834,2.398472972610355
all_in_long,CPI relative importance,2025-12-01,131.81713435169445,2.4231653557731825
all_in_long,CPI relative importance,2026-01-01,132.37918438140528,2.063655618810678
all_in_long,CPI relative importance,2026-02-01,133.1808200452877,2.1587422257206335
all_in_long,CPI relative importance,2026-03-01,135.0611390678526,3.377058697344526
all_in_long,CPI relative importance,2026-04-01,136.22359279509587,3.971082837808093
all_in_long,CPI relative importance,2026-05-01,137.28159182160547,4.602698057548915
all_in_long,CPI relative importance,2026-06-01,136.50280472229733,3.658303346806946
all_in_long,CPI relative importance,2026-07-01,136.33676428337057,3.4267741417470576
ex_shelter_long,CEX weights,1998-01-01,100,NA
ex_shelter_long,CEX weights,1998-02-01,99.97387508779453,NA
ex_shelter_long,CEX weights,1998-03-01,100.04517077547985,NA
ex_shelter_long,CEX weights,1998-04-01,100.2636224318152,NA
ex_shelter_long,CEX weights,1998-05-01,100.49450809825169,NA
ex_shelter_long,CEX weights,1998-06-01,100.49997708586423,NA
ex_shelter_long,CEX weights,1998-07-01,100.41407755439981,NA
ex_shelter_long,CEX weights,1998-08-01,100.44461843483673,NA
ex_shelter_long,CEX weights,1998-09-01,100.53966639392208,NA
ex_shelter_long,CEX weights,1998-10-01,100.76517940710957,NA
ex_shelter_long,CEX weights,1998-11-01,100.73569865726166,NA
ex_shelter_long,CEX weights,1998-12-01,100.54774154166161,NA
ex_shelter_long,CEX weights,1999-01-01,100.5982993253648,0.598299325364815
ex_shelter_long,CEX weights,1999-02-01,100.5331435667199,0.5594146255051502
ex_shelter_long,CEX weights,1999-03-01,100.811787454138,0.7662705483092003
ex_shelter_long,CEX weights,1999-04-01,101.903971946919,1.6360365557501533
ex_shelter_long,CEX weights,1999-05-01,101.89581257812083,1.3944090143703347
ex_shelter_long,CEX weights,1999-06-01,101.75613393040106,1.2499075929774728
ex_shelter_long,CEX weights,1999-07-01,101.97414707476459,1.553636261329605
ex_shelter_long,CEX weights,1999-08-01,102.37646069718802,1.9232909562044709
ex_shelter_long,CEX weights,1999-09-01,103.04841443966407,2.495281848173758
ex_shelter_long,CEX weights,1999-10-01,103.27235754786601,2.4881394103681176
ex_shelter_long,CEX weights,1999-11-01,103.26421622612014,2.5100511562056838
ex_shelter_long,CEX weights,1999-12-01,103.27669105412092,2.7140833504734507
ex_shelter_long,CEX weights,2000-01-01,103.33459078821218,2.7200176158022282
ex_shelter_long,CEX weights,2000-02-01,103.97048132721179,3.4191090008149017
ex_shelter_long,CEX weights,2000-03-01,104.96360947105492,4.118389448064996
ex_shelter_long,CEX weights,2000-04-01,105.0177194761884,3.055570327417012
ex_shelter_long,CEX weights,2000-05-01,105.09034704495733,3.1350988681574377
ex_shelter_long,CEX weights,2000-06-01,105.73386056391642,3.909077988591858
ex_shelter_long,CEX weights,2000-07-01,105.77672107160562,3.728958864498355
ex_shelter_long,CEX weights,2000-08-01,105.5483347512201,3.0982454681784066
ex_shelter_long,CEX weights,2000-09-01,106.40287051251654,3.2552233734916225
ex_shelter_long,CEX weights,2000-10-01,106.46392849574308,3.0904406790537298
ex_shelter_long,CEX weights,2000-11-01,106.59481251286127,3.2253150301824185
ex_shelter_long,CEX weights,2000-12-01,106.44238167149628,3.065251786307144
ex_shelter_long,CEX weights,2001-01-01,106.92450683052955,3.4740700233429456
ex_shelter_long,CEX weights,2001-02-01,107.24206394111542,3.1466456364739104
ex_shelter_long,CEX weights,2001-03-01,107.26021332590007,2.1880000758534024
ex_shelter_long,CEX weights,2001-04-01,107.7689690955917,2.6197956241347464
ex_shelter_long,CEX weights,2001-05-01,108.35145452126035,3.1031465477109332
ex_shelter_long,CEX weights,2001-06-01,108.38111947181079,2.503700227888772
ex_shelter_long,CEX weights,2001-07-01,107.64265139976175,1.7640273864161227
ex_shelter_long,CEX weights,2001-08-01,107.42607845365717,1.779036786191801
ex_shelter_long,CEX weights,2001-09-01,108.17001552962732,1.6608057739409432
ex_shelter_long,CEX weights,2001-10-01,107.55118957681483,1.021248319908863
ex_shelter_long,CEX weights,2001-11-01,107.10250132897043,0.4762791022761226
ex_shelter_long,CEX weights,2001-12-01,106.4319352478645,-0.009814158108578663
ex_shelter_long,CEX weights,2002-01-01,106.4568846770444,-0.43733861146192377
ex_shelter_long,CEX weights,2002-02-01,106.6481745952137,-0.5537839575969095
ex_shelter_long,CEX weights,2002-03-01,107.24579037339159,-0.013446693849716862
ex_shelter_long,CEX weights,2002-04-01,108.02951559178129,0.2417639310982711
ex_shelter_long,CEX weights,2002-05-01,107.97545417193409,-0.34701919876164444
ex_shelter_long,CEX weights,2002-06-01,107.94725547247477,-0.4003132662316444
ex_shelter_long,CEX weights,2002-07-01,107.89147685945102,0.2311587985371899
ex_shelter_long,CEX weights,2002-08-01,108.16766922009862,0.6903265735064279
ex_shelter_long,CEX weights,2002-09-01,108.53430989234884,0.3367794309151684
ex_shelter_long,CEX weights,2002-10-01,108.70657636626474,1.0742668621295914
ex_shelter_long,CEX weights,2002-11-01,108.70031989628531,1.491859244638083
ex_shelter_long,CEX weights,2002-12-01,108.34025099315254,1.7929916813443691
ex_shelter_long,CEX weights,2003-01-01,108.67852314739531,2.0868903660769655
ex_shelter_long,CEX weights,2003-02-01,109.80040305984375,2.955726599723274
ex_shelter_long,CEX weights,2003-03-01,110.65814688002942,3.1818092763895134
ex_shelter_long,CEX weights,2003-04-01,110.23108203706491,2.0379304981823942
ex_shelter_long,CEX weights,2003-05-01,109.76246559056176,1.6550163482360825
ex_shelter_long,CEX weights,2003-06-01,109.8940955129135,1.8035104569519511
ex_shelter_long,CEX weights,2003-07-01,109.78436876098579,1.7544406255561862
ex_shelter_long,CEX weights,2003-08-01,110.23488651735022,1.9111230852587369
ex_shelter_long,CEX weights,2003-09-01,110.77569406469662,2.0651388252902914
ex_shelter_long,CEX weights,2003-10-01,110.3257760574969,1.4895140159474796
ex_shelter_long,CEX weights,2003-11-01,109.92886563645665,1.130213546145531
ex_shelter_long,CEX weights,2003-12-01,109.70012620557844,1.2551892763400074
ex_shelter_long,CEX weights,2004-01-01,110.28565171126301,1.4787913171105949
ex_shelter_long,CEX weights,2004-02-01,110.98808100991783,1.0816699365181481
ex_shelter_long,CEX weights,2004-03-01,111.60296311479307,0.8538153415744265
ex_shelter_long,CEX weights,2004-04-01,111.95115889270653,1.560428169491468
ex_shelter_long,CEX weights,2004-05-01,112.85156472078684,2.8143492528202696
ex_shelter_long,CEX weights,2004-06-01,113.21612510764793,3.022937291789307
ex_shelter_long,CEX weights,2004-07-01,112.75590308562103,2.706700742711954
ex_shelter_long,CEX weights,2004-08-01,112.7289731709182,2.262520271362023
ex_shelter_long,CEX weights,2004-09-01,113.12045179945542,2.1166716711243483
ex_shelter_long,CEX weights,2004-10-01,114.00956783952891,3.3390127979813
ex_shelter_long,CEX weights,2004-11-01,114.26480062641805,3.9443097723765197
ex_shelter_long,CEX weights,2004-12-01,113.64735930218725,3.5982028764594887
ex_shelter_long,CEX weights,2005-01-01,113.67775085675052,3.0757393122800014
ex_shelter_long,CEX weights,2005-02-01,114.22217138220655,2.913907820425976
ex_shelter_long,CEX weights,2005-03-01,115.01670912423972,3.0588309791876434
ex_shelter_long,CEX weights,2005-04-01,116.17294245544971,3.7710941132724773
ex_shelter_long,CEX weights,2005-05-01,116.15063110488202,2.9233678702263566
ex_shelter_long,CEX weights,2005-06-01,116.07275357741234,2.523163963656483
ex_shelter_long,CEX weights,2005-07-01,116.5355944855875,3.3521006852265334
ex_shelter_long,CEX weights,2005-08-01,117.42824406578562,4.168645169633933
ex_shelter_long,CEX weights,2005-09-01,119.83796888206506,5.9383754005144285
ex_shelter_long,CEX weights,2005-10-01,119.80368331503067,5.082130899449688
ex_shelter_long,CEX weights,2005-11-01,118.40742880868795,3.6254630993616033
ex_shelter_long,CEX weights,2005-12-01,117.6316889988273,3.50587089845682
ex_shelter_long,CEX weights,2006-01-01,118.66328386438371,4.385671751999776
ex_shelter_long,CEX weights,2006-02-01,118.64669745668525,3.873614046150009
ex_shelter_long,CEX weights,2006-03-01,119.25025556803013,3.6808099240758008
ex_shelter_long,CEX weights,2006-04-01,120.56543768181474,3.78099679109829
ex_shelter_long,CEX weights,2006-05-01,121.34526530456297,4.472325419386047
ex_shelter_long,CEX weights,2006-06-01,121.48462613715931,4.662483134888018
ex_shelter_long,CEX weights,2006-07-01,121.66563205388272,4.402120734819515
ex_shelter_long,CEX weights,2006-08-01,121.92036763433782,3.8254200293037055
ex_shelter_long,CEX weights,2006-09-01,120.9820147924529,0.9546606314011497
ex_shelter_long,CEX weights,2006-10-01,119.71754252682881,-0.07190161923097405
ex_shelter_long,CEX weights,2006-11-01,119.35002140983555,0.796058668473032
ex_shelter_long,CEX weights,2006-12-01,119.5705503921768,1.6482475171880173
ex_shelter_long,CEX weights,2007-01-01,119.62482006309544,0.810306412732209
ex_shelter_long,CEX weights,2007-02-01,120.1669314311754,1.2813116648654699
ex_shelter_long,CEX weights,2007-03-01,121.62776092426576,1.9937109106481499
ex_shelter_long,CEX weights,2007-04-01,122.65518945784243,1.7332925722401082
ex_shelter_long,CEX weights,2007-05-01,123.77655623854764,2.003614173064272
ex_shelter_long,CEX weights,2007-06-01,123.84236964442474,1.9407752093696828
ex_shelter_long,CEX weights,2007-07-01,123.43431826519816,1.4537270562422488
ex_shelter_long,CEX weights,2007-08-01,122.9965929581044,0.8827280828043182
ex_shelter_long,CEX weights,2007-09-01,123.59537692807726,2.1601244946264364
ex_shelter_long,CEX weights,2007-10-01,123.85047489508946,3.45223622288644
ex_shelter_long,CEX weights,2007-11-01,125.00947855965309,4.7418987302763504
ex_shelter_long,CEX weights,2007-12-01,124.81209923554034,4.383645325853158
ex_shelter_long,CEX weights,2008-01-01,125.33027487533059,4.769457382862385
ex_shelter_long,CEX weights,2008-02-01,125.62815135613879,4.544694501158375
ex_shelter_long,CEX weights,2008-03-01,126.98857156190631,4.407555147692466
ex_shelter_long,CEX weights,2008-04-01,128.18817195620738,4.511005627093079
ex_shelter_long,CEX weights,2008-05-01,129.83653040472873,4.895898181641156
ex_shelter_long,CEX weights,2008-06-01,131.56768568493305,6.238023434701057
ex_shelter_long,CEX weights,2008-07-01,132.3494295002022,7.22255476459146
ex_shelter_long,CEX weights,2008-08-01,131.5288058248207,6.936950578478673
ex_shelter_long,CEX weights,2008-09-01,131.2929330722897,6.228029183237038
ex_shelter_long,CEX weights,2008-10-01,129.19481131743296,4.315152143639778
ex_shelter_long,CEX weights,2008-11-01,125.40103369314197,0.3132203557684843
ex_shelter_long,CEX weights,2008-12-01,123.45838680722225,-1.084600320489293
ex_shelter_long,CEX weights,2009-01-01,123.89775223201416,-1.1429980862496358
ex_shelter_long,CEX weights,2009-02-01,124.61692550366327,-0.8049357103161014
ex_shelter_long,CEX weights,2009-03-01,124.85788482713397,-1.6778570768737566
ex_shelter_long,CEX weights,2009-04-01,125.26579100377404,-2.2797586609096143
ex_shelter_long,CEX weights,2009-05-01,125.85078071017941,-3.069821476378698
ex_shelter_long,CEX weights,2009-06-01,127.42369902783678,-3.1496994383711674
ex_shelter_long,CEX weights,2009-07-01,127.08063012786671,-3.980976262785818
ex_shelter_long,CEX weights,2009-08-01,127.54265513881482,-3.0306294206874362
ex_shelter_long,CEX weights,2009-09-01,127.85709847059627,-2.6169227248519777
ex_shelter_long,CEX weights,2009-10-01,128.09028640556977,-0.8549297766683228
ex_shelter_long,CEX weights,2009-11-01,128.54961944494036,2.5108132358007795
ex_shelter_long,CEX weights,2009-12-01,128.3503621104734,3.96244874873497
ex_shelter_long,CEX weights,2010-01-01,128.95553683916995,4.08222466997179
ex_shelter_long,CEX weights,2010-02-01,128.90514346583294,3.4411200122599794
ex_shelter_long,CEX weights,2010-03-01,129.68903061790482,3.8693157404192657
ex_shelter_long,CEX weights,2010-04-01,130.01565213634086,3.7918262396344993
ex_shelter_long,CEX weights,2010-05-01,130.14922975936983,3.415512422675615
ex_shelter_long,CEX weights,2010-06-01,129.8551114283037,1.9081320186253192
ex_shelter_long,CEX weights,2010-07-01,129.85965339893144,2.1868189261168514
ex_shelter_long,CEX weights,2010-08-01,130.15717786334537,2.0499202574111086
ex_shelter_long,CEX weights,2010-09-01,130.24688060098785,1.869103991078891
ex_shelter_long,CEX weights,2010-10-01,130.46992928261034,1.8577855853221692
ex_shelter_long,CEX weights,2010-11-01,130.5298784581344,1.5404627580731134
ex_shelter_long,CEX weights,2010-12-01,130.80335937152435,1.9111728402757544
ex_shelter_long,CEX weights,2011-01-01,131.6251585375165,2.07018772809735
ex_shelter_long,CEX weights,2011-02-01,132.46259542258568,2.7597439955494574
ex_shelter_long,CEX weights,2011-03-01,134.39916251682305,3.6318660695332294
ex_shelter_long,CEX weights,2011-04-01,135.7202704459417,4.387639654046183
ex_shelter_long,CEX weights,2011-05-01,136.6412008791715,4.988097994743823
ex_shelter_long,CEX weights,2011-06-01,136.21098098357407,4.89458557723359
ex_shelter_long,CEX weights,2011-07-01,136.2059209556882,4.887020248899709
ex_shelter_long,CEX weights,2011-08-01,136.67087806224652,5.004487885977382
ex_shelter_long,CEX weights,2011-09-01,136.9411946826947,5.139711639017985
ex_shelter_long,CEX weights,2011-10-01,136.31274121041443,4.478282436367387
ex_shelter_long,CEX weights,2011-11-01,136.04256806816625,4.223316282179779
ex_shelter_long,CEX weights,2011-12-01,135.38725437506113,3.5044168785581586
ex_shelter_long,CEX weights,2012-01-01,136.06310039937387,3.3716516744725755
ex_shelter_long,CEX weights,2012-02-01,136.76781420541334,3.250139232960847
ex_shelter_long,CEX weights,2012-03-01,138.15110761153406,2.7916432100098643
ex_shelter_long,CEX weights,2012-04-01,138.6680561317422,2.1719568315881066
ex_shelter_long,CEX weights,2012-05-01,138.29603008463042,1.2110763040806827
ex_shelter_long,CEX weights,2012-06-01,137.82269346557717,1.1832470997308553
ex_shelter_long,CEX weights,2012-07-01,137.32368480631766,0.8206426290330526
ex_shelter_long,CEX weights,2012-08-01,138.3656377519577,1.2400298540112598
ex_shelter_long,CEX weights,2012-09-01,139.16485920120357,1.623809784675334
ex_shelter_long,CEX weights,2012-10-01,138.9097332788482,1.9051719196410355
ex_shelter_long,CEX weights,2012-11-01,137.8524737356301,1.330396575987125
ex_shelter_long,CEX weights,2012-12-01,137.19962280801482,1.3386551350933695
ex_shelter_long,CEX weights,2013-01-01,137.5751838530427,1.1113104502473714
ex_shelter_long,CEX weights,2013-02-01,139.0578721869564,1.6744129419978604
ex_shelter_long,CEX weights,2013-03-01,139.43744118433858,0.9311062321856634
ex_shelter_long,CEX weights,2013-04-01,139.15556414573524,0.35156475657946995
ex_shelter_long,CEX weights,2013-05-01,139.40658321485344,0.8030260373659504
ex_shelter_long,CEX weights,2013-06-01,139.71865565545352,1.3756531251871706
ex_shelter_long,CEX weights,2013-07-01,139.63515499029583,1.6832276145504643
ex_shelter_long,CEX weights,2013-08-01,139.68176435604045,0.9511946936146876
ex_shelter_long,CEX weights,2013-09-01,139.81607646010028,0.4679466229008167
ex_shelter_long,CEX weights,2013-10-01,139.17138627352597,0.1883618868899095
ex_shelter_long,CEX weights,2013-11-01,138.57926302233787,0.5272225205777525
ex_shelter_long,CEX weights,2013-12-01,138.4364643298157,0.901490468039845
ex_shelter_long,CEX weights,2014-01-01,138.931694286398,0.986013898265492
ex_shelter_long,CEX weights,2014-02-01,139.4668791341612,0.29412714344925206
ex_shelter_long,CEX weights,2014-03-01,140.58338295399685,0.8218321850465671
ex_shelter_long,CEX weights,2014-04-01,141.17324069937453,1.449943138117149
ex_shelter_long,CEX weights,2014-05-01,141.69170663391967,1.6391789873684726
ex_shelter_long,CEX weights,2014-06-01,141.93729234363545,1.5879316028155177
ex_shelter_long,CEX weights,2014-07-01,141.62641389509298,1.4260441111233924
ex_shelter_long,CEX weights,2014-08-01,141.11205571188873,1.023964267950217
ex_shelter_long,CEX weights,2014-09-01,141.10606059623575,0.9226293347629477
ex_shelter_long,CEX weights,2014-10-01,140.37189423593367,0.8626111980003071
ex_shelter_long,CEX weights,2014-11-01,138.99881314414841,0.30275101242449587
ex_shelter_long,CEX weights,2014-12-01,137.60862170786817,-0.5979946294895622
ex_shelter_long,CEX weights,2015-01-01,136.27953384783405,-1.9089671742552161
ex_shelter_long,CEX weights,2015-02-01,136.97239443573028,-1.7885857301154107
ex_shelter_long,CEX weights,2015-03-01,137.9933066298336,-1.8423772922087078
ex_shelter_long,CEX weights,2015-04-01,138.22680391737813,-2.0871071368764316
ex_shelter_long,CEX weights,2015-05-01,139.17646584543286,-1.7751503233603416
ex_shelter_long,CEX weights,2015-06-01,139.74275041004637,-1.5461348440239497
ex_shelter_long,CEX weights,2015-07-01,139.46850694336547,-1.5236613654045827
ex_shelter_long,CEX weights,2015-08-01,138.99109222374966,-1.5030349302468382
ex_shelter_long,CEX weights,2015-09-01,138.39858080896377,-1.918755137682726
ex_shelter_long,CEX weights,2015-10-01,138.00524084872055,-1.6859880676934558
ex_shelter_long,CEX weights,2015-11-01,137.38926631905198,-1.1579572434386565
ex_shelter_long,CEX weights,2015-12-01,136.53963846321258,-0.776828683688835
ex_shelter_long,CEX weights,2016-01-01,136.51247339658178,0.1709277557463862
ex_shelter_long,CEX weights,2016-02-01,136.32106104135573,-0.47552165314607153
ex_shelter_long,CEX weights,2016-03-01,137.06971121207008,-0.6693045049214308
ex_shelter_long,CEX weights,2016-04-01,137.91676021489096,-0.22430070992055517
ex_shelter_long,CEX weights,2016-05-01,138.513702365915,-0.47620369973606635
ex_shelter_long,CEX weights,2016-06-01,138.90185685863355,-0.6017439537617464
ex_shelter_long,CEX weights,2016-07-01,138.28713535813387,-0.8470525791971939
ex_shelter_long,CEX weights,2016-08-01,138.11866730621398,-0.6276840505226366
ex_shelter_long,CEX weights,2016-09-01,138.41321940879965,0.010577131463573863
ex_shelter_long,CEX weights,2016-10-01,138.45408318023897,0.32523571478739743
ex_shelter_long,CEX weights,2016-11-01,137.95848863946253,0.4143135309338186
ex_shelter_long,CEX weights,2016-12-01,137.8653291826805,0.9709200451890165
ex_shelter_long,CEX weights,2017-01-01,138.90552835751924,1.7529936286374337
ex_shelter_long,CEX weights,2017-02-01,139.27191450364805,2.1646350459354924
ex_shelter_long,CEX weights,2017-03-01,139.32190750737706,1.6431028236591594
ex_shelter_long,CEX weights,2017-04-01,139.88782279143513,1.4291682703922337
ex_shelter_long,CEX weights,2017-05-01,139.85440929517728,0.9679236829006843
ex_shelter_long,CEX weights,2017-06-01,139.74138074431048,0.6044007651613725
ex_shelter_long,CEX weights,2017-07-01,139.3241287056507,0.7498841774625342
ex_shelter_long,CEX weights,2017-08-01,139.65392762079472,1.1115516421665195
ex_shelter_long,CEX weights,2017-09-01,140.7608468618967,1.69610060594243
ex_shelter_long,CEX weights,2017-10-01,140.30848735733258,1.3393640219909964
ex_shelter_long,CEX weights,2017-11-01,140.23600868680066,1.6508734401187386
ex_shelter_long,CEX weights,2017-12-01,139.8583640444052,1.445638924260484
ex_shelter_long,CEX weights,2018-01-01,140.783547884841,1.352012082980636
ex_shelter_long,CEX weights,2018-02-01,141.56775554164744,1.6484594515567386
ex_shelter_long,CEX weights,2018-03-01,141.77822328905344,1.7630506397899648
ex_shelter_long,CEX weights,2018-04-01,142.5310327464911,1.8895211193592276
ex_shelter_long,CEX weights,2018-05-01,143.14957652342588,2.356141107638443
ex_shelter_long,CEX weights,2018-06-01,143.31983236111222,2.5607673244258056
ex_shelter_long,CEX weights,2018-07-01,143.17412122253384,2.7633350753027086
ex_shelter_long,CEX weights,2018-08-01,143.11214839218766,2.476278920549313
ex_shelter_long,CEX weights,2018-09-01,143.24479940776567,1.7646615527299403
ex_shelter_long,CEX weights,2018-10-01,143.47216417506553,2.2548007446447693
ex_shelter_long,CEX weights,2018-11-01,142.49031791047702,1.6075109701040313
ex_shelter_long,CEX weights,2018-12-01,141.5275374768693,1.1934741578516928
ex_shelter_long,CEX weights,2019-01-01,141.67350475486296,0.632145505204873
ex_shelter_long,CEX weights,2019-02-01,142.3314357269303,0.5394450045216548
ex_shelter_long,CEX weights,2019-03-01,143.20653466279825,1.0074264866705152
ex_shelter_long,CEX weights,2019-04-01,143.99863450125497,1.0296717328739158
ex_shelter_long,CEX weights,2019-05-01,144.21775163074625,0.746195087168533
ex_shelter_long,CEX weights,2019-06-01,143.99607241459415,0.4718398300788351
ex_shelter_long,CEX weights,2019-07-01,144.08858454533217,0.6387071315611559
ex_shelter_long,CEX weights,2019-08-01,143.86642288723303,0.5270513394700416
ex_shelter_long,CEX weights,2019-09-01,143.83057519032351,0.4089333678986451
ex_shelter_long,CEX weights,2019-10-01,144.1595076221868,0.47907791108703357
ex_shelter_long,CEX weights,2019-11-01,143.84151053747684,0.9482697819852781
ex_shelter_long,CEX weights,2019-12-01,143.41517649008492,1.3337609392971572
ex_shelter_long,CEX weights,2020-01-01,143.97103922868888,1.62171076222144
ex_shelter_long,CEX weights,2020-02-01,144.2744853727389,1.365158466845262
ex_shelter_long,CEX weights,2020-03-01,143.59367540817072,0.2703373461860892
ex_shelter_long,CEX weights,2020-04-01,141.98155254695251,-1.4007646400875262
ex_shelter_long,CEX weights,2020-05-01,141.6774627655177,-1.7614259246896857
ex_shelter_long,CEX weights,2020-06-01,142.83878228734895,-0.8036956201924239
ex_shelter_long,CEX weights,2020-07-01,143.83443259415543,-0.17638590314333902
ex_shelter_long,CEX weights,2020-08-01,144.444401706777,0.40174684818361506
ex_shelter_long,CEX weights,2020-09-01,144.79838177476597,0.6728795898659268
ex_shelter_long,CEX weights,2020-10-01,144.90898358122658,0.5198935341843791
ex_shelter_long,CEX weights,2020-11-01,144.67209001333228,0.5774268309279407
ex_shelter_long,CEX weights,2020-12-01,144.90910862559514,1.0416834341193448
ex_shelter_long,CEX weights,2021-01-01,145.73919717245886,1.2281344590153065
ex_shelter_long,CEX weights,2021-02-01,146.8666321910551,1.7966772237095752
ex_shelter_long,CEX weights,2021-03-01,148.32646560086215,3.295960061777281
ex_shelter_long,CEX weights,2021-04-01,150.0566149481025,5.687402522577423
ex_shelter_long,CEX weights,2021-05-01,151.8215270028342,7.1599702869505455
ex_shelter_long,CEX weights,2021-06-01,153.781365134695,7.660792588761245
ex_shelter_long,CEX weights,2021-07-01,154.64832500728278,7.518291842983049
ex_shelter_long,CEX weights,2021-08-01,155.04815873115703,7.3410647273860485
ex_shelter_long,CEX weights,2021-09-01,155.45544999716518,7.359935996367883
ex_shelter_long,CEX weights,2021-10-01,157.2100216214105,8.488802927313866
ex_shelter_long,CEX weights,2021-11-01,158.12356223691137,9.297904123967161
ex_shelter_long,CEX weights,2021-12-01,158.6347736024928,9.47191319240046
ex_shelter_long,CEX weights,2022-01-01,160.32374664053873,10.007293680108177
ex_shelter_long,CEX weights,2022-02-01,162.2132655177865,10.449366951349015
ex_shelter_long,CEX weights,2022-03-01,165.01594661258707,11.251856466825917
ex_shelter_long,CEX weights,2022-04-01,165.83701012545163,10.516294255209502
ex_shelter_long,CEX weights,2022-05-01,168.15398064004077,10.757666557326683
ex_shelter_long,CEX weights,2022-06-01,171.05070511604688,11.22980015571191
ex_shelter_long,CEX weights,2022-07-01,170.53938891501983,10.275613335604316
ex_shelter_long,CEX weights,2022-08-01,169.9235045065993,9.594016399275729
ex_shelter_long,CEX weights,2022-09-01,169.7366163066196,9.186661715439914
ex_shelter_long,CEX weights,2022-10-01,170.30891235265526,8.332096514043608
ex_shelter_long,CEX weights,2022-11-01,169.66418799874302,7.298485816137079
ex_shelter_long,CEX weights,2022-12-01,168.19037156634255,6.023646484845857
ex_shelter_long,CEX weights,2023-01-01,169.7240228476457,5.863308713825965
ex_shelter_long,CEX weights,2023-02-01,170.63783544439826,5.1935147842073315
ex_shelter_long,CEX weights,2023-03-01,171.0225048180206,3.639986515688265
ex_shelter_long,CEX weights,2023-04-01,171.99922907040076,3.7158285356734044
ex_shelter_long,CEX weights,2023-05-01,172.16740689843465,2.3867566162380838
ex_shelter_long,CEX weights,2023-06-01,172.6095419918303,0.9113302834535819
ex_shelter_long,CEX weights,2023-07-01,172.72451425395005,1.2813024327295253
ex_shelter_long,CEX weights,2023-08-01,173.7237323142293,2.2364344583549967
ex_shelter_long,CEX weights,2023-09-01,173.8530039815367,2.4251618563439825
ex_shelter_long,CEX weights,2023-10-01,173.44373770005706,1.8406701705137918
ex_shelter_long,CEX weights,2023-11-01,172.23571630333666,1.5156576852934256
ex_shelter_long,CEX weights,2023-12-01,171.54250090983663,1.9930566252253312
ex_shelter_long,CEX weights,2024-01-01,172.3530139038663,1.5489799334891696
ex_shelter_long,CEX weights,2024-02-01,173.62890017599406,1.752873109182418
ex_shelter_long,CEX weights,2024-03-01,174.85785303747215,2.242598553642172
ex_shelter_long,CEX weights,2024-04-01,175.63601997067062,2.1144227912680336
ex_shelter_long,CEX weights,2024-05-01,175.60182017305794,1.9948103630609504
ex_shelter_long,CEX weights,2024-06-01,175.35634985062865,1.59134183840679
ex_shelter_long,CEX weights,2024-07-01,175.2977768259462,1.489807386699482
ex_shelter_long,CEX weights,2024-08-01,175.09434527828805,0.7889612695976433
ex_shelter_long,CEX weights,2024-09-01,175.30133508310888,0.8330779845058034
ex_shelter_long,CEX weights,2024-10-01,175.3031015589935,1.0720270928154862
ex_shelter_long,CEX weights,2024-11-01,174.79581632218847,1.486393225399918
ex_shelter_long,CEX weights,2024-12-01,174.5890336507016,1.7759638134611455
ex_shelter_long,CEX weights,2025-01-01,175.8476615903992,2.027610430115323
ex_shelter_long,CEX weights,2025-02-01,176.73315791320968,1.7878692625876713
ex_shelter_long,CEX weights,2025-03-01,177.10187068382152,1.2833382129360027
ex_shelter_long,CEX weights,2025-04-01,177.5416267650035,1.0849749354665983
ex_shelter_long,CEX weights,2025-05-01,177.7420655229205,1.2188059028962916
ex_shelter_long,CEX weights,2025-06-01,178.45520846962344,1.7671778761558787
ex_shelter_long,CEX weights,2025-07-01,178.64681205989692,1.9104835752001614
ex_shelter_long,CEX weights,2025-08-01,179.06959072295118,2.2703448465711595
ex_shelter_long,CEX weights,2025-09-01,179.59871639303492,2.451425317376321
ex_shelter_long,CEX weights,2025-11-01,178.8910100432074,2.3428442437492647
ex_shelter_long,CEX weights,2025-12-01,178.46411654147738,2.2195454145926607
ex_shelter_long,CEX weights,2026-01-01,179.01324987648985,1.8001878770866009
ex_shelter_long,CEX weights,2026-02-01,179.99645340739113,1.8464534514706088
ex_shelter_long,CEX weights,2026-03-01,182.88123637675903,3.2633001958829455
ex_shelter_long,CEX weights,2026-04-01,184.81054178701328,4.094203232479665
ex_shelter_long,CEX weights,2026-05-01,186.42024919236675,4.882459109448778
ex_shelter_long,CEX weights,2026-06-01,185.0981795908543,3.7224865433735044
ex_shelter_long,CEX weights,2026-07-01,184.91208528640735,3.5070725048313767
ex_shelter_long,CPI relative importance,2012-03-01,100,NA
ex_shelter_long,CPI relative importance,2012-04-01,100.35785912918551,NA
ex_shelter_long,CPI relative importance,2012-05-01,100.09624810186513,NA
ex_shelter_long,CPI relative importance,2012-06-01,99.74139785684432,NA
ex_shelter_long,CPI relative importance,2012-07-01,99.36863792676208,NA
ex_shelter_long,CPI relative importance,2012-08-01,100.1300228532867,NA
ex_shelter_long,CPI relative importance,2012-09-01,100.7046082453862,NA
ex_shelter_long,CPI relative importance,2012-10-01,100.53485359653266,NA
ex_shelter_long,CPI relative importance,2012-11-01,99.77201388276657,NA
ex_shelter_long,CPI relative importance,2012-12-01,99.290407038649107,NA
ex_shelter_long,CPI relative importance,2013-01-01,99.57944034047114,NA
ex_shelter_long,CPI relative importance,2013-02-01,100.67919041705191,NA
ex_shelter_long,CPI relative importance,2013-03-01,100.94766220828855,0.9476622082885466
ex_shelter_long,CPI relative importance,2013-04-01,100.7307684966856,0.37157963585099374
ex_shelter_long,CPI relative importance,2013-05-01,100.90587291908066,0.8088463179874772
ex_shelter_long,CPI relative importance,2013-06-01,101.14262779878972,1.4048629476363983
ex_shelter_long,CPI relative importance,2013-07-01,101.09262501496792,1.7349408467050464
ex_shelter_long,CPI relative importance,2013-08-01,101.15334927005655,1.021997586347556
ex_shelter_long,CPI relative importance,2013-09-01,101.26245489886712,0.5539435217518651
ex_shelter_long,CPI relative importance,2013-10-01,100.78423695259592,0.24805661632938403
ex_shelter_long,CPI relative importance,2013-11-01,100.35221695948043,0.5815288818321385
ex_shelter_long,CPI relative importance,2013-12-01,100.2634577213238,0.9800047272400914
ex_shelter_long,CPI relative importance,2014-01-01,100.65664613271251,1.0817552183044032
ex_shelter_long,CPI relative importance,2014-02-01,101.06422497701892,0.38243708394163356
ex_shelter_long,CPI relative importance,2014-03-01,101.87675369389473,0.9203694917561789
ex_shelter_long,CPI relative importance,2014-04-01,102.28651164215499,1.5444567421528
ex_shelter_long,CPI relative importance,2014-05-01,102.66806967695551,1.7463768033482152
ex_shelter_long,CPI relative importance,2014-06-01,102.83761804273006,1.6758416118199948
ex_shelter_long,CPI relative importance,2014-07-01,102.61329894065877,1.504238242370004
ex_shelter_long,CPI relative importance,2014-08-01,102.24023950221569,1.0744975228228926
ex_shelter_long,CPI relative importance,2014-09-01,102.2436049607981,0.9689179103063106
ex_shelter_long,CPI relative importance,2014-10-01,101.713510918945,0.9220429647010864
ex_shelter_long,CPI relative importance,2014-11-01,100.7269962905819,0.37346392781016924
ex_shelter_long,CPI relative importance,2014-12-01,99.68749796996002,-0.5744463281573964
ex_shelter_long,CPI relative importance,2015-01-01,98.64298960494723,-2.0005201893080526
ex_shelter_long,CPI relative importance,2015-02-01,99.18247736701215,-1.8619324597152542
ex_shelter_long,CPI relative importance,2015-03-01,99.888104840027,-1.9520143524036415
ex_shelter_long,CPI relative importance,2015-04-01,100.07619485185943,-2.1609073912191468
ex_shelter_long,CPI relative importance,2015-05-01,100.75844889702728,-1.8599948220871854
ex_shelter_long,CPI relative importance,2015-06-01,101.12831735586836,-1.662135626431438
ex_shelter_long,CPI relative importance,2015-07-01,100.92714867958543,-1.643208315569733
ex_shelter_long,CPI relative importance,2015-08-01,100.59338946586158,-1.6107650416042119
ex_shelter_long,CPI relative importance,2015-09-01,100.17169794484109,-2.0264416701185506
ex_shelter_long,CPI relative importance,2015-10-01,99.93138267750261,-1.7521057186420053
ex_shelter_long,CPI relative importance,2015-11-01,99.49596913915597,-1.2221422228005263
ex_shelter_long,CPI relative importance,2015-12-01,98.86775991478954,-0.8223077836876813
ex_shelter_long,CPI relative importance,2016-01-01,98.8518072596172,0.2116903142395321
ex_shelter_long,CPI relative importance,2016-02-01,98.73202262784906,-0.4541676625965274
ex_shelter_long,CPI relative importance,2016-03-01,99.28942140442112,-0.5993540838167721
ex_shelter_long,CPI relative importance,2016-04-01,99.86527991788249,-0.21075435001215448
ex_shelter_long,CPI relative importance,2016-05-01,100.2832240954682,-0.4716475955725996
ex_shelter_long,CPI relative importance,2016-06-01,100.54861896065248,-0.5732305355936496
ex_shelter_long,CPI relative importance,2016-07-01,100.14079158775755,-0.7791333671025802
ex_shelter_long,CPI relative importance,2016-08-01,100.06319923900689,-0.5270626923597366
ex_shelter_long,CPI relative importance,2016-09-01,100.2742636632403,0.1023899170159881
ex_shelter_long,CPI relative importance,2016-10-01,100.29518594384838,0.3640530698147515
ex_shelter_long,CPI relative importance,2016-11-01,99.96869794002787,0.4751235702933121
ex_shelter_long,CPI relative importance,2016-12-01,99.89923707122598,1.0432897006318553
ex_shelter_long,CPI relative importance,2017-01-01,100.61815217029387,1.78686152498726
ex_shelter_long,CPI relative importance,2017-02-01,100.93333833978267,2.2295863625027
ex_shelter_long,CPI relative importance,2017-03-01,100.95064085155317,1.6731081958526683
ex_shelter_long,CPI relative importance,2017-04-01,101.32778871369624,1.4644817468256743
ex_shelter_long,CPI relative importance,2017-05-01,101.3209874525338,1.0348324621849647
ex_shelter_long,CPI relative importance,2017-06-01,101.26657356647303,0.7140372620150215
ex_shelter_long,CPI relative importance,2017-07-01,101.02689440720688,0.8848570152082402
ex_shelter_long,CPI relative importance,2017-08-01,101.27754949717432,1.2135832827679938
ex_shelter_long,CPI relative importance,2017-09-01,102.00949518740745,1.7304854314310614
ex_shelter_long,CPI relative importance,2017-10-01,101.75625372841783,1.4567676113462102
ex_shelter_long,CPI relative importance,2017-11-01,101.70093919703473,1.7327836539854147
ex_shelter_long,CPI relative importance,2017-12-01,101.4440418320252,1.5463629213682717
ex_shelter_long,CPI relative importance,2018-01-01,102.12557356967919,1.4981604878154142
ex_shelter_long,CPI relative importance,2018-02-01,102.70681394544735,1.7570761403872703
ex_shelter_long,CPI relative importance,2018-03-01,102.86124783185532,1.8926150088652394
ex_shelter_long,CPI relative importance,2018-04-01,103.36021565971149,2.00579423652274
ex_shelter_long,CPI relative importance,2018-05-01,103.77927219570591,2.4262344899902866
ex_shelter_long,CPI relative importance,2018-06-01,103.91504447309482,2.6153456301978073
ex_shelter_long,CPI relative importance,2018-07-01,103.79528749818824,2.7402535802227623
ex_shelter_long,CPI relative importance,2018-08-01,103.72984107737268,2.421357539132374
ex_shelter_long,CPI relative importance,2018-09-01,103.84174108153408,1.7961523000976642
ex_shelter_long,CPI relative importance,2018-10-01,103.99496604748761,2.2000734471266936
ex_shelter_long,CPI relative importance,2018-11-01,103.32256416266512,1.5945034317614848
ex_shelter_long,CPI relative importance,2018-12-01,102.62622980029138,1.1653596868938632
ex_shelter_long,CPI relative importance,2019-01-01,102.67725712959076,0.5402011862730483
ex_shelter_long,CPI relative importance,2019-02-01,103.14630371608115,0.4279071210087748
ex_shelter_long,CPI relative importance,2019-03-01,103.80067825175894,0.9132986811897226
ex_shelter_long,CPI relative importance,2019-04-01,104.38213064561066,0.9886927764001463
ex_shelter_long,CPI relative importance,2019-05-01,104.52938757152475,0.7227988402195296
ex_shelter_long,CPI relative importance,2019-06-01,104.36377414283433,0.43182358436626433
ex_shelter_long,CPI relative importance,2019-07-01,104.45225723848449,0.6329475606565715
ex_shelter_long,CPI relative importance,2019-08-01,104.29632329557933,0.5461130686434723
ex_shelter_long,CPI relative importance,2019-09-01,104.26459334669242,0.4072083737755472
ex_shelter_long,CPI relative importance,2019-10-01,104.53591448817984,0.5201679093247868
ex_shelter_long,CPI relative importance,2019-11-01,104.33068473513214,0.9757022395223247
ex_shelter_long,CPI relative importance,2019-12-01,104.02562979734162,1.3635890159596098
ex_shelter_long,CPI relative importance,2020-01-01,104.41701644361859,1.6943959769319283
ex_shelter_long,CPI relative importance,2020-02-01,104.63736002301609,1.4455741536208544
ex_shelter_long,CPI relative importance,2020-03-01,104.1750273555667,0.3606422521631458
ex_shelter_long,CPI relative importance,2020-04-01,102.98985040557348,-1.3338300640404976
ex_shelter_long,CPI relative importance,2020-05-01,102.81803184696382,-1.6372005656207667
ex_shelter_long,CPI relative importance,2020-06-01,103.6101549501478,-0.7221080292239224
ex_shelter_long,CPI relative importance,2020-07-01,104.24693685825578,-0.19656863878003694
ex_shelter_long,CPI relative importance,2020-08-01,104.66054020636128,0.34921356695358785
ex_shelter_long,CPI relative importance,2020-09-01,104.93284914816297,0.640923040143182
ex_shelter_long,CPI relative importance,2020-10-01,105.00179667553179,0.4456671084124286
ex_shelter_long,CPI relative importance,2020-11-01,104.83616006138102,0.4844934426838643
ex_shelter_long,CPI relative importance,2020-12-01,104.98868636036423,0.9257877745117105
ex_shelter_long,CPI relative importance,2021-01-01,105.63703657546812,1.1684112162966276
ex_shelter_long,CPI relative importance,2021-02-01,106.44980649026726,1.7321217458587501
ex_shelter_long,CPI relative importance,2021-03-01,107.42568929254544,3.120385009243809
ex_shelter_long,CPI relative importance,2021-04-01,108.55691774531492,5.405452399259114
ex_shelter_long,CPI relative importance,2021-05-01,109.70741159397099,6.700555946510867
ex_shelter_long,CPI relative importance,2021-06-01,110.95190715615043,7.085938834407801
ex_shelter_long,CPI relative importance,2021-07-01,111.55775836565546,7.012984484465168
ex_shelter_long,CPI relative importance,2021-08-01,111.86657012915191,6.885144973055146
ex_shelter_long,CPI relative importance,2021-09-01,112.14580618807852,6.8738789601824335
ex_shelter_long,CPI relative importance,2021-10-01,113.33004446075994,7.931528839419233
ex_shelter_long,CPI relative importance,2021-11-01,113.90920719247144,8.65450158206691
ex_shelter_long,CPI relative importance,2021-12-01,114.20653052064227,8.779845219358794
ex_shelter_long,CPI relative importance,2022-01-01,115.32765689139214,9.173506404641474
ex_shelter_long,CPI relative importance,2022-02-01,116.60748014102828,9.542218990966166
ex_shelter_long,CPI relative importance,2022-03-01,118.54394825141989,10.349720846190525
ex_shelter_long,CPI relative importance,2022-04-01,119.16371996077035,9.770728974030018
ex_shelter_long,CPI relative importance,2022-05-01,120.82885369969765,10.137366240019684
ex_shelter_long,CPI relative importance,2022-06-01,122.7738009175543,10.654971207269192
ex_shelter_long,CPI relative importance,2022-07-01,122.4135250731536,9.731072824102416
ex_shelter_long,CPI relative importance,2022-08-01,121.83797432017097,8.913658637702838
ex_shelter_long,CPI relative importance,2022-09-01,121.68865626310506,8.509324066048741
ex_shelter_long,CPI relative importance,2022-10-01,122.11101032941596,7.748135907328968
ex_shelter_long,CPI relative importance,2022-11-01,121.65235483222199,6.797648610324369
ex_shelter_long,CPI relative importance,2022-12-01,120.62963884284204,5.624116495718967
ex_shelter_long,CPI relative importance,2023-01-01,121.68532430667936,5.512699717184444
ex_shelter_long,CPI relative importance,2023-02-01,122.29299155113834,4.875769035771849
ex_shelter_long,CPI relative importance,2023-03-01,122.51450847387082,3.3494415202282246
ex_shelter_long,CPI relative importance,2023-04-01,123.15918119368699,3.3529175106584264
ex_shelter_long,CPI relative importance,2023-05-01,123.29137622629264,2.0380252325452375
ex_shelter_long,CPI relative importance,2023-06-01,123.63257706123478,0.6994783392404447
ex_shelter_long,CPI relative importance,2023-07-01,123.7420042677729,1.0852389013594754
ex_shelter_long,CPI relative importance,2023-08-01,124.44487641857114,2.1396466191645924
ex_shelter_long,CPI relative importance,2023-09-01,124.56822453605719,2.366340759590746
ex_shelter_long,CPI relative importance,2023-10-01,124.29420464776398,1.787876713539971
ex_shelter_long,CPI relative importance,2023-11-01,123.48270417603098,1.5045737062248765
ex_shelter_long,CPI relative importance,2023-12-01,123.03967676721754,1.9978820690289334
ex_shelter_long,CPI relative importance,2024-01-01,123.63855833330332,1.6051516793440745
ex_shelter_long,CPI relative importance,2024-02-01,124.51771804506934,1.819177424407603
ex_shelter_long,CPI relative importance,2024-03-01,125.36604456495117,2.327508902089348
ex_shelter_long,CPI relative importance,2024-04-01,125.87898897736828,2.208367867762906
ex_shelter_long,CPI relative importance,2024-05-01,125.89644763002262,2.112938863581637
ex_shelter_long,CPI relative importance,2024-06-01,125.7584050872047,1.7194723886706509
ex_shelter_long,CPI relative importance,2024-07-01,125.70483628853675,1.586229374882575
ex_shelter_long,CPI relative importance,2024-08-01,125.5779456402608,0.9104988926009083
ex_shelter_long,CPI relative importance,2024-09-01,125.7271327032128,0.9303401180131399
ex_shelter_long,CPI relative importance,2024-10-01,125.74695564063488,1.168800264652603
ex_shelter_long,CPI relative importance,2024-11-01,125.40081522874398,1.5533438998700966
ex_shelter_long,CPI relative importance,2024-12-01,125.28108535824103,1.821695773196863
ex_shelter_long,CPI relative importance,2025-01-01,126.24236024797881,2.105978870811631
ex_shelter_long,CPI relative importance,2025-02-01,126.86198808274469,1.8826798904448605
ex_shelter_long,CPI relative importance,2025-03-01,127.1145469196893,1.3947176532575822
ex_shelter_long,CPI relative importance,2025-04-01,127.42843075241929,1.2308978548672522
ex_shelter_long,CPI relative importance,2025-05-01,127.58534265711407,1.3414953788487116
ex_shelter_long,CPI relative importance,2025-06-01,128.1068901497916,1.867457734501654
ex_shelter_long,CPI relative importance,2025-07-01,128.26315187299997,2.0351767362323248
ex_shelter_long,CPI relative importance,2025-08-01,128.58631296588055,2.3956175666687063
ex_shelter_long,CPI relative importance,2025-09-01,128.96863325360147,2.5782028753017494
ex_shelter_long,CPI relative importance,2025-11-01,128.46543793753762,2.4438618705974413
ex_shelter_long,CPI relative importance,2025-12-01,128.28044523805895,2.3941043224851244
ex_shelter_long,CPI relative importance,2026-01-01,128.80266723195305,2.028088653400495
ex_shelter_long,CPI relative importance,2026-02-01,129.5821680762336,2.1442041344288842
ex_shelter_long,CPI relative importance,2026-03-01,131.5355207919698,3.477944876815431
ex_shelter_long,CPI relative importance,2026-04-01,132.6419934590311,4.09136538512449
ex_shelter_long,CPI relative importance,2026-05-01,133.697553915036,4.7906845180080815
ex_shelter_long,CPI relative importance,2026-06-01,132.87976421386142,3.7256966104547873
ex_shelter_long,CPI relative importance,2026-07-01,132.763709272519,3.5088467216019215
pm_all_in,CEX weights,2012-03-01,100,NA
pm_all_in,CEX weights,2012-04-01,100.31558482887384,NA
pm_all_in,CEX weights,2012-05-01,100.24269123163768,NA
pm_all_in,CEX weights,2012-06-01,100.20843057202426,NA
pm_all_in,CEX weights,2012-07-01,100.01120335662004,NA
pm_all_in,CEX weights,2012-08-01,100.4783781923261,NA
pm_all_in,CEX weights,2012-09-01,100.84998364883151,NA
pm_all_in,CEX weights,2012-10-01,100.75090678170245,NA
pm_all_in,CEX weights,2012-11-01,100.21429467090263,NA
pm_all_in,CEX weights,2012-12-01,99.91283409994534,NA
pm_all_in,CEX weights,2013-01-01,100.25392143509777,NA
pm_all_in,CEX weights,2013-02-01,101.3119627472486,NA
pm_all_in,CEX weights,2013-03-01,101.63751028761034,1.6375102876103442
pm_all_in,CEX weights,2013-04-01,101.42881817504617,1.1097312028548467
pm_all_in,CEX weights,2013-05-01,101.65041868541944,1.404319293991052
pm_all_in,CEX weights,2013-06-01,101.93476713501369,1.7227458339931223
pm_all_in,CEX weights,2013-07-01,101.95713622832454,1.9457148863269769
pm_all_in,CEX weights,2013-08-01,101.96207179639606,1.4766297294628083
pm_all_in,CEX weights,2013-09-01,102.00961998365747,1.1498626899771436
pm_all_in,CEX weights,2013-10-01,101.5438793983236,0.7870625108509222
pm_all_in,CEX weights,2013-11-01,101.16042769678499,0.9441098487889432
pm_all_in,CEX weights,2013-12-01,101.0652600808889,1.153431379787273
pm_all_in,CEX weights,2014-01-01,101.50241336773334,1.2453297734032587
pm_all_in,CEX weights,2014-02-01,101.95014525399861,0.6299182144384519
pm_all_in,CEX weights,2014-03-01,102.74710893261073,1.0917215916254497
pm_all_in,CEX weights,2014-04-01,103.12054201465753,1.6678926857767173
pm_all_in,CEX weights,2014-05-01,103.57414241287724,1.8924897234424698
pm_all_in,CEX weights,2014-06-01,103.75410359465809,1.7848046459307376
pm_all_in,CEX weights,2014-07-01,103.66925636923403,1.679254836145394
pm_all_in,CEX weights,2014-08-01,103.3679871670621,1.3788611254128336
pm_all_in,CEX weights,2014-09-01,103.37011413551183,1.3336920106871375
pm_all_in,CEX weights,2014-10-01,102.94811517755369,1.3828856919300136
pm_all_in,CEX weights,2014-11-01,102.12596633938217,0.9544627920032633
pm_all_in,CEX weights,2014-12-01,101.36216435532536,0.2937748086719649
pm_all_in,CEX weights,2015-01-01,100.73301797756905,-0.7580069917912713
pm_all_in,CEX weights,2015-02-01,101.2413023017781,-0.6952839061234228
pm_all_in,CEX weights,2015-03-01,101.95159962079273,-0.77424009306164
pm_all_in,CEX weights,2015-04-01,102.16147699629677,-0.9300426468127343
pm_all_in,CEX weights,2015-05-01,102.75256206975561,-0.7932292017891474
pm_all_in,CEX weights,2015-06-01,103.09131684403468,-0.6388053365221635
pm_all_in,CEX weights,2015-07-01,103.0544236860781,-0.5930713739916493
pm_all_in,CEX weights,2015-08-01,102.74715271120516,-0.6006061188495004
pm_all_in,CEX weights,2015-09-01,102.41569852169197,-0.9232993711980275
pm_all_in,CEX weights,2015-10-01,102.24239646397878,-0.6855091153031401
pm_all_in,CEX weights,2015-11-01,101.86993682816387,-0.250699719567371
pm_all_in,CEX weights,2015-12-01,101.36695810832911,0.004729331732655773
pm_all_in,CEX weights,2016-01-01,101.534568546867,0.7957178146657418
pm_all_in,CEX weights,2016-02-01,101.61757952408861,0.3716637516069321
pm_all_in,CEX weights,2016-03-01,102.11561002704079,0.16087085132365786
pm_all_in,CEX weights,2016-04-01,102.62566530082172,0.45436726070609
pm_all_in,CEX weights,2016-05-01,103.07615628268881,0.3149256879001472
pm_all_in,CEX weights,2016-06-01,103.4112057490612,0.31029665234607595
pm_all_in,CEX weights,2016-07-01,103.11248812358164,0.056343469233710586
pm_all_in,CEX weights,2016-08-01,103.11576939418742,0.3587609712342621
pm_all_in,CEX weights,2016-09-01,103.28737009865193,0.8511112940125631
pm_all_in,CEX weights,2016-10-01,103.33683300393214,1.0704331840841963
pm_all_in,CEX weights,2016-11-01,102.97719933167232,1.086937459651316
pm_all_in,CEX weights,2016-12-01,102.93183072565016,1.5437699291012574
pm_all_in,CEX weights,2017-01-01,103.66376952027842,2.0970207525219386
pm_all_in,CEX weights,2017-02-01,104.01577448606673,2.3600197654871646
pm_all_in,CEX weights,2017-03-01,104.09610497517139,1.9394634646026754
pm_all_in,CEX weights,2017-04-01,104.47468497791517,1.801712731092664
pm_all_in,CEX weights,2017-05-01,104.52955705451805,1.4100261634157674
pm_all_in,CEX weights,2017-06-01,104.53502210316567,1.0867452380659337
pm_all_in,CEX weights,2017-07-01,104.29394541306648,1.145794569585834
pm_all_in,CEX weights,2017-08-01,104.5636620748944,1.4041428282147717
pm_all_in,CEX weights,2017-09-01,105.18196638900783,1.8342961860160933
pm_all_in,CEX weights,2017-10-01,104.95023870839381,1.5613074811381855
pm_all_in,CEX weights,2017-11-01,104.81510980548839,1.784774188601168
pm_all_in,CEX weights,2017-12-01,104.61748911617245,1.6376453995219142
pm_all_in,CEX weights,2018-01-01,105.28205179075012,1.561087618133672
pm_all_in,CEX weights,2018-02-01,105.84723955446552,1.7607570365628655
pm_all_in,CEX weights,2018-03-01,106.10655119497514,1.9313366434635437
pm_all_in,CEX weights,2018-04-01,106.58454222428688,2.0194913694333794
pm_all_in,CEX weights,2018-05-01,107.1147144712398,2.473135340441024
pm_all_in,CEX weights,2018-06-01,107.23389678005513,2.581789932780554
pm_all_in,CEX weights,2018-07-01,107.1765759192227,2.763948084176193
pm_all_in,CEX weights,2018-08-01,107.14543569992709,2.469092583218324
pm_all_in,CEX weights,2018-09-01,107.18982186297744,1.9089350987637088
pm_all_in,CEX weights,2018-10-01,107.29369160446699,2.2329181190187786
pm_all_in,CEX weights,2018-11-01,106.6989958213121,1.7973420237976656
pm_all_in,CEX weights,2018-12-01,106.18354099847768,1.4969312449911731
pm_all_in,CEX weights,2019-01-01,106.41761597403686,1.078592375406684
pm_all_in,CEX weights,2019-02-01,106.92425591195669,1.0175195517847957
pm_all_in,CEX weights,2019-03-01,107.56067322508748,1.3704356740804169
pm_all_in,CEX weights,2019-04-01,108.1157884399135,1.4366494274605124
pm_all_in,CEX weights,2019-05-01,108.35167960178029,1.154804115052399
pm_all_in,CEX weights,2019-06-01,108.30438089855582,0.998270277071378
pm_all_in,CEX weights,2019-07-01,108.43839985216216,1.1773318209852945
pm_all_in,CEX weights,2019-08-01,108.32913199946853,1.1047566252439411
pm_all_in,CEX weights,2019-09-01,108.34458315530799,1.0773049831230175
pm_all_in,CEX weights,2019-10-01,108.54246187600636,1.163880422851804
pm_all_in,CEX weights,2019-11-01,108.33517305742701,1.533451391477958
pm_all_in,CEX weights,2019-12-01,108.11213455113706,1.8162829516930712
pm_all_in,CEX weights,2020-01-01,108.57442522178795,2.0267408060309133
pm_all_in,CEX weights,2020-02-01,108.92337799578985,1.869661908593745
pm_all_in,CEX weights,2020-03-01,108.50905120831752,0.8817144359494655
pm_all_in,CEX weights,2020-04-01,107.52506224073619,-0.5463829175195944
pm_all_in,CEX weights,2020-05-01,107.41589058075223,-0.8636589893828317
pm_all_in,CEX weights,2020-06-01,108.16465606801376,-0.12901124532804786
pm_all_in,CEX weights,2020-07-01,108.82644461573484,0.35784810925070243
pm_all_in,CEX weights,2020-08-01,109.18291943737349,0.7881420465079891
pm_all_in,CEX weights,2020-09-01,109.33628784223772,0.9153246595708042
pm_all_in,CEX weights,2020-10-01,109.27066932286888,0.670896379422814
pm_all_in,CEX weights,2020-11-01,109.10930953117992,0.7145753792653808
pm_all_in,CEX weights,2020-12-01,109.20959645868416,1.0151144569511716
pm_all_in,CEX weights,2021-01-01,109.80288525355614,1.1314451163418893
pm_all_in,CEX weights,2021-02-01,110.4739234103661,1.42351939786165
pm_all_in,CEX weights,2021-03-01,111.44661755993538,2.707208586662757
pm_all_in,CEX weights,2021-04-01,112.60293091407792,4.722497776353718
pm_all_in,CEX weights,2021-05-01,113.68029357783477,5.831914592164678
pm_all_in,CEX weights,2021-06-01,114.97587719149998,6.297085731223828
pm_all_in,CEX weights,2021-07-01,115.66585765306215,6.28469767755182
pm_all_in,CEX weights,2021-08-01,115.82695849432316,6.085236675467942
pm_all_in,CEX weights,2021-09-01,116.05857545808138,6.148267650666273
pm_all_in,CEX weights,2021-10-01,117.09378251320294,7.159389833349161
pm_all_in,CEX weights,2021-11-01,117.6481575750533,7.825957363824454
pm_all_in,CEX weights,2021-12-01,118.01059248545003,8.058811965389356
pm_all_in,CEX weights,2022-01-01,119.10118886869681,8.468177856774052
pm_all_in,CEX weights,2022-02-01,120.37658799476942,8.963802749739337
pm_all_in,CEX weights,2022-03-01,122.19604244936518,9.645357683151602
pm_all_in,CEX weights,2022-04-01,122.81896049258926,9.07261426996666
pm_all_in,CEX weights,2022-05-01,124.29355441915838,9.336060373609879
pm_all_in,CEX weights,2022-06-01,126.11828697602296,9.691084822918604
pm_all_in,CEX weights,2022-07-01,125.92588278320804,8.870400771955245
pm_all_in,CEX weights,2022-08-01,125.69397117932638,8.518753158390858
pm_all_in,CEX weights,2022-09-01,125.65270914889891,8.266630581109258
pm_all_in,CEX weights,2022-10-01,126.01562455066005,7.619398610213257
pm_all_in,CEX weights,2022-11-01,125.59024937493018,6.75071498234916
pm_all_in,CEX weights,2022-12-01,124.83203544480533,5.7803649788440215
pm_all_in,CEX weights,2023-01-01,125.87053801180264,5.683695693893287
pm_all_in,CEX weights,2023-02-01,126.52935934929035,5.111269107235605
pm_all_in,CEX weights,2023-03-01,126.94132713475452,3.883337455348168
pm_all_in,CEX weights,2023-04-01,127.53963891254568,3.8436072093618323
pm_all_in,CEX weights,2023-05-01,127.76156094247109,2.7901740677698017
pm_all_in,CEX weights,2023-06-01,128.0858977344785,1.5601312114472465
pm_all_in,CEX weights,2023-07-01,128.16866486522306,1.7810334400245376
pm_all_in,CEX weights,2023-08-01,128.70316542145483,2.394064101797899
pm_all_in,CEX weights,2023-09-01,128.90287140191487,2.5866233008669193
pm_all_in,CEX weights,2023-10-01,128.62845076445458,2.0734144857919024
pm_all_in,CEX weights,2023-11-01,127.96180353779624,1.8883266612411465
pm_all_in,CEX weights,2023-12-01,127.6396194203804,2.2490893187562033
pm_all_in,CEX weights,2024-01-01,128.35443487849983,1.973374314539189
pm_all_in,CEX weights,2024-02-01,129.2033923954846,2.1133696242090716
pm_all_in,CEX weights,2024-03-01,130.18094431460472,2.5520586974887793
pm_all_in,CEX weights,2024-04-01,130.70743333393864,2.483772455687383
pm_all_in,CEX weights,2024-05-01,130.85627420005017,2.4222569251267867
pm_all_in,CEX weights,2024-06-01,130.70984556844783,2.0485844893001204
pm_all_in,CEX weights,2024-07-01,130.69349852695092,1.9699305320710625
pm_all_in,CEX weights,2024-08-01,130.65653488601458,1.517732262577387
pm_all_in,CEX weights,2024-09-01,130.70056988678306,1.3946147710418577
pm_all_in,CEX weights,2024-10-01,130.71719479365922,1.6238584984822335
pm_all_in,CEX weights,2024-11-01,130.45597027482788,1.949149408710027
pm_all_in,CEX weights,2024-12-01,130.33159658470376,2.1090451198051197
pm_all_in,CEX weights,2025-01-01,131.31196993014677,2.304193894388251
pm_all_in,CEX weights,2025-02-01,132.00123003384002,2.165452149887348
pm_all_in,CEX weights,2025-03-01,132.26993962663087,1.6046859415750792
pm_all_in,CEX weights,2025-04-01,132.6737758851311,1.5043846405955685
pm_all_in,CEX weights,2025-05-01,132.94425878558516,1.5956320002989965
pm_all_in,CEX weights,2025-06-01,133.41856329946896,2.0723134659375475
pm_all_in,CEX weights,2025-07-01,133.61444469848323,2.2349590488083493
pm_all_in,CEX weights,2025-08-01,133.94266213965406,2.515088324136494
pm_all_in,CEX weights,2025-09-01,134.32308070549803,2.7716105766431687
pm_all_in,CEX weights,2025-11-01,133.71757782141242,2.5001596628451805
pm_all_in,CEX weights,2025-12-01,133.64668362153185,2.5435789353455585
pm_all_in,CEX weights,2026-01-01,134.09971489353762,2.122993787142047
pm_all_in,CEX weights,2026-02-01,134.8105484907915,2.128251726314434
pm_all_in,CEX weights,2026-03-01,136.6210016010018,3.2895319878825324
pm_all_in,CEX weights,2026-04-01,137.87821211688404,3.9227316755188646
pm_all_in,CEX weights,2026-05-01,138.95931534747103,4.524495165742404
pm_all_in,CEX weights,2026-06-01,138.15607542159248,3.550864291267919
pm_all_in,CEX weights,2026-07-01,137.98400900287294,3.2702783851328077
pm_all_in,CPI relative importance,2012-03-01,100,NA
pm_all_in,CPI relative importance,2012-04-01,100.3330386336042,NA
pm_all_in,CPI relative importance,2012-05-01,100.14961020401584,NA
pm_all_in,CPI relative importance,2012-06-01,99.90005751567554,NA
pm_all_in,CPI relative importance,2012-07-01,99.61338026719494,NA
pm_all_in,CPI relative importance,2012-08-01,100.27524312776146,NA
pm_all_in,CPI relative importance,2012-09-01,100.77201069411258,NA
pm_all_in,CPI relative importance,2012-10-01,100.650805764248,NA
pm_all_in,CPI relative importance,2012-11-01,99.94393613920703,NA
pm_all_in,CPI relative importance,2012-12-01,99.51599019791921,NA
pm_all_in,CPI relative importance,2013-01-01,99.84000631860336,NA
pm_all_in,CPI relative importance,2013-02-01,100.86034828738102,NA
pm_all_in,CPI relative importance,2013-03-01,101.15633328033039,1.1563332803303794
pm_all_in,CPI relative importance,2013-04-01,100.96987398075468,0.6347214794082623
pm_all_in,CPI relative importance,2013-05-01,101.15718836938879,1.0060729775386967
pm_all_in,CPI relative importance,2013-06-01,101.41233942648009,1.5137948349701835
pm_all_in,CPI relative importance,2013-07-01,101.41365334178008,1.8072602995262477
pm_all_in,CPI relative importance,2013-08-01,101.47646232379466,1.1979219980576161
pm_all_in,CPI relative importance,2013-09-01,101.55933939673203,0.7812970061789715
pm_all_in,CPI relative importance,2013-10-01,101.12118919895423,0.4673419463804285
pm_all_in,CPI relative importance,2013-11-01,100.7358316932214,0.7923397702801926
pm_all_in,CPI relative importance,2013-12-01,100.64186483186002,1.1313504811655495
pm_all_in,CPI relative importance,2014-01-01,101.07214685140742,1.2341150388874622
pm_all_in,CPI relative importance,2014-02-01,101.50368239669332,0.6378464086592928
pm_all_in,CPI relative importance,2014-03-01,102.28737508991794,1.118112700322138
pm_all_in,CPI relative importance,2014-04-01,102.66904067304645,1.682845214420725
pm_all_in,CPI relative importance,2014-05-01,103.08576891257715,1.9065185324703693
pm_all_in,CPI relative importance,2014-06-01,103.27083915678077,1.8326169584599983
pm_all_in,CPI relative importance,2014-07-01,103.14049166442871,1.7027670986557553
pm_all_in,CPI relative importance,2014-08-01,102.82019301205703,1.3241796742723855
pm_all_in,CPI relative importance,2014-09-01,102.83279392825014,1.2539019445011235
pm_all_in,CPI relative importance,2014-10-01,102.3868992783845,1.2516764186188745
pm_all_in,CPI relative importance,2014-11-01,101.52272057849912,0.7811410022146692
pm_all_in,CPI relative importance,2014-12-01,100.64487259473985,0.0029885802343310175
pm_all_in,CPI relative importance,2015-01-01,99.82375178612872,-1.2351524175241324
pm_all_in,CPI relative importance,2015-02-01,100.3725970021378,-1.114329419237281
pm_all_in,CPI relative importance,2015-03-01,101.0643552042374,-1.1956704183731626
pm_all_in,CPI relative importance,2015-04-01,101.25756657310015,-1.3747806453565659
pm_all_in,CPI relative importance,2015-05-01,101.87894195391428,-1.170701806266139
pm_all_in,CPI relative importance,2015-06-01,102.22603390250927,-1.0117137255806763
pm_all_in,CPI relative importance,2015-07-01,102.1425778832633,-0.9675286253357784
pm_all_in,CPI relative importance,2015-08-01,101.85318639868389,-0.9404831726582685
pm_all_in,CPI relative importance,2015-09-01,101.50218743178831,-1.2939515164687942
pm_all_in,CPI relative importance,2015-10-01,101.32610636339166,-1.0360631315815216
pm_all_in,CPI relative importance,2015-11-01,100.93793605896074,-0.5760134442872933
pm_all_in,CPI relative importance,2015-12-01,100.38669483401065,-0.25652351090827974
pm_all_in,CPI relative importance,2016-01-01,100.49060624338986,0.6680318514674433
pm_all_in,CPI relative importance,2016-02-01,100.50695066962781,0.1338549280409218
pm_all_in,CPI relative importance,2016-03-01,101.05123964969843,-0.012977428602267693
pm_all_in,CPI relative importance,2016-04-01,101.57417169911159,0.31267305419875324
pm_all_in,CPI relative importance,2016-05-01,101.99614121804879,0.11503777118879732
pm_all_in,CPI relative importance,2016-06-01,102.31945020989137,0.09138211061889834
pm_all_in,CPI relative importance,2016-07-01,102.01171840834027,-0.1281145215196955
pm_all_in,CPI relative importance,2016-08-01,102.01691456583441,0.16074918511594927
pm_all_in,CPI relative importance,2016-09-01,102.21772229601072,0.70494526504985
pm_all_in,CPI relative importance,2016-10-01,102.26965322332026,0.9311981815868009
pm_all_in,CPI relative importance,2016-11-01,101.93554964019792,0.9883435506888416
pm_all_in,CPI relative importance,2016-12-01,101.89070267305414,1.4982143216592192
pm_all_in,CPI relative importance,2017-01-01,102.6029053385102,2.101986617539464
pm_all_in,CPI relative importance,2017-02-01,102.96275579599127,2.4434182014295036
pm_all_in,CPI relative importance,2017-03-01,103.0178488061096,1.9461504512251038
pm_all_in,CPI relative importance,2017-04-01,103.36335667875962,1.7614566279192
pm_all_in,CPI relative importance,2017-05-01,103.42120160282548,1.3971708809357608
pm_all_in,CPI relative importance,2017-06-01,103.4391775970772,1.0943446088587327
pm_all_in,CPI relative importance,2017-07-01,103.24794795554445,1.2118505270695579
pm_all_in,CPI relative importance,2017-08-01,103.53346664561957,1.4865692480892312
pm_all_in,CPI relative importance,2017-09-01,104.14379227064417,1.8842818362316605
pm_all_in,CPI relative importance,2017-10-01,103.95712411819649,1.6500211369558482
pm_all_in,CPI relative importance,2017-11-01,103.86564766015465,1.8934493675360597
pm_all_in,CPI relative importance,2017-12-01,103.67427547172953,1.7504764928341965
pm_all_in,CPI relative importance,2018-01-01,104.33016806473839,1.6834442655688564
pm_all_in,CPI relative importance,2018-02-01,104.89999522755153,1.8814953199180806
pm_all_in,CPI relative importance,2018-03-01,105.12071507669762,2.041264009061039
pm_all_in,CPI relative importance,2018-04-01,105.58319057370382,2.147602367290724
pm_all_in,CPI relative importance,2018-05-01,106.06741719835367,2.5586780607042225
pm_all_in,CPI relative importance,2018-06-01,106.20125790979337,2.670245816797956
pm_all_in,CPI relative importance,2018-07-01,106.10835452005135,2.770424614868383
pm_all_in,CPI relative importance,2018-08-01,106.07647372422821,2.4562174541232995
pm_all_in,CPI relative importance,2018-09-01,106.1617064758934,1.9376231278434464
pm_all_in,CPI relative importance,2018-10-01,106.29224788284161,2.246237364156145
pm_all_in,CPI relative importance,2018-11-01,105.70362470202002,1.7695716372743142
pm_all_in,CPI relative importance,2018-12-01,105.1376603600832,1.4115216930092878
pm_all_in,CPI relative importance,2019-01-01,105.29240547682754,0.9223002607376962
pm_all_in,CPI relative importance,2019-02-01,105.7909037778066,0.8492932228666872
pm_all_in,CPI relative importance,2019-03-01,106.4797535742034,1.2928360471237355
pm_all_in,CPI relative importance,2019-04-01,107.0822675692984,1.4198064932960497
pm_all_in,CPI relative importance,2019-05-01,107.29420052418818,1.1566071450013204
pm_all_in,CPI relative importance,2019-06-01,107.21772028627817,0.9571095451130773
pm_all_in,CPI relative importance,2019-07-01,107.3642308748815,1.1835791446495714
pm_all_in,CPI relative importance,2019-08-01,107.25724166783031,1.1131289551270296
pm_all_in,CPI relative importance,2019-09-01,107.26645597988436,1.040628999536497
pm_all_in,CPI relative importance,2019-10-01,107.50548321181816,1.1414146874697995
pm_all_in,CPI relative importance,2019-11-01,107.31999408573802,1.5291522767308718
pm_all_in,CPI relative importance,2019-12-01,107.10096180352654,1.8673626907040664
pm_all_in,CPI relative importance,2020-01-01,107.5470267216802,2.141295219386774
pm_all_in,CPI relative importance,2020-02-01,107.85721829952519,1.9532062284470797
pm_all_in,CPI relative importance,2020-03-01,107.4605497939476,0.9211105274212539
pm_all_in,CPI relative importance,2020-04-01,106.37966009966178,-0.6561380194736066
pm_all_in,CPI relative importance,2020-05-01,106.28935527395186,-0.9365326786789363
pm_all_in,CPI relative importance,2020-06-01,107.0361852747205,-0.16931437366226598
pm_all_in,CPI relative importance,2020-07-01,107.64628968512157,0.26271208571202465
pm_all_in,CPI relative importance,2020-08-01,108.02424755285855,0.7151087172310611
pm_all_in,CPI relative importance,2020-09-01,108.20121295801687,0.8714345687973468
pm_all_in,CPI relative importance,2020-10-01,108.15261223487516,0.6019497831398768
pm_all_in,CPI relative importance,2020-11-01,107.97454999439506,0.609910496392807
pm_all_in,CPI relative importance,2020-12-01,108.07412296802423,0.9086390524511989
pm_all_in,CPI relative importance,2021-01-01,108.66647844054896,1.0408950884023715
pm_all_in,CPI relative importance,2021-02-01,109.37729559970924,1.4093422064369587
pm_all_in,CPI relative importance,2021-03-01,110.30667799964273,2.6485330766988335
pm_all_in,CPI relative importance,2021-04-01,111.39655793143523,4.71603107875449
pm_all_in,CPI relative importance,2021-05-01,112.4372361950111,5.784098421910255
pm_all_in,CPI relative importance,2021-06-01,113.6252836705214,6.155954062534308
pm_all_in,CPI relative importance,2021-07-01,114.26301781604334,6.146731253140736
pm_all_in,CPI relative importance,2021-08-01,114.48359358206737,5.979533461733322
pm_all_in,CPI relative importance,2021-09-01,114.73057531350115,6.0344631792785375
pm_all_in,CPI relative importance,2021-10-01,115.80449686145312,7.07508072940517
pm_all_in,CPI relative importance,2021-11-01,116.36173441242224,7.767741952582852
pm_all_in,CPI relative importance,2021-12-01,116.68919987727816,7.971452067025209
pm_all_in,CPI relative importance,2022-01-01,117.77218580384931,8.379499818135772
pm_all_in,CPI relative importance,2022-02-01,119.06027119290422,8.852820450628073
pm_all_in,CPI relative importance,2022-03-01,120.92342444134891,9.624754035055405
pm_all_in,CPI relative importance,2022-04-01,121.59756484586588,9.157380716116359
pm_all_in,CPI relative importance,2022-05-01,123.19226289397338,9.56536025157073
pm_all_in,CPI relative importance,2022-06-01,125.01006172311614,10.019581632559094
pm_all_in,CPI relative importance,2022-07-01,124.79005923330416,9.212990885825123
pm_all_in,CPI relative importance,2022-08-01,124.3864750497261,8.65004421839699
pm_all_in,CPI relative importance,2022-09-01,124.33231977568346,8.368949982117279
pm_all_in,CPI relative importance,2022-10-01,124.72761205822485,7.705327028403075
pm_all_in,CPI relative importance,2022-11-01,124.3034771818419,6.825046747130514
pm_all_in,CPI relative importance,2022-12-01,123.45557005966869,5.798625913543587
pm_all_in,CPI relative importance,2023-01-01,124.49174239156456,5.705554789402245
pm_all_in,CPI relative importance,2023-02-01,125.14256089993124,5.108580424088194
pm_all_in,CPI relative importance,2023-03-01,125.49086926459823,3.777138171822658
pm_all_in,CPI relative importance,2023-04-01,126.06871557666518,3.6770068022882185
pm_all_in,CPI relative importance,2023-05-01,126.2727447811338,2.5005481795651985
pm_all_in,CPI relative importance,2023-06-01,126.60457093390087,1.2755046984269214
pm_all_in,CPI relative importance,2023-07-01,126.70991810844174,1.5384710023642612
pm_all_in,CPI relative importance,2023-08-01,127.26548101315984,2.314565118340073
pm_all_in,CPI relative importance,2023-09-01,127.42449051568893,2.487020869219103
pm_all_in,CPI relative importance,2023-10-01,127.15738508002755,1.948063449389581
pm_all_in,CPI relative importance,2023-11-01,126.45401013111834,1.7300666063672976
pm_all_in,CPI relative importance,2023-12-01,126.11313045797293,2.1526451961785042
pm_all_in,CPI relative importance,2024-01-01,126.75909522018459,1.8212877296620356
pm_all_in,CPI relative importance,2024-02-01,127.650325923626,2.0039265663582384
pm_all_in,CPI relative importance,2024-03-01,128.5869844604194,2.4672035614742516
pm_all_in,CPI relative importance,2024-04-01,129.10345286648118,2.4072088590214147
pm_all_in,CPI relative importance,2024-05-01,129.24289920223003,2.3521738014362192
pm_all_in,CPI relative importance,2024-06-01,129.14317633592216,2.005145140728515
pm_all_in,CPI relative importance,2024-07-01,129.13909025616636,1.9171128700798734
pm_all_in,CPI relative importance,2024-08-01,129.06395098378266,1.4131640066931128
pm_all_in,CPI relative importance,2024-09-01,129.1249603099137,1.3344921273319876
pm_all_in,CPI relative importance,2024-10-01,129.10733544291398,1.5334936005952038
pm_all_in,CPI relative importance,2024-11-01,128.8237466417088,1.8739907956523583
pm_all_in,CPI relative importance,2024-12-01,128.716349278592,2.0641933248073396
pm_all_in,CPI relative importance,2025-01-01,129.73244157406918,2.3456670692700854
pm_all_in,CPI relative importance,2025-02-01,130.3825152556163,2.1403700399676318
pm_all_in,CPI relative importance,2025-03-01,130.6303085887629,1.5890598390791766
pm_all_in,CPI relative importance,2025-04-01,131.0075909765613,1.4748932486332356
pm_all_in,CPI relative importance,2025-05-01,131.24026600915542,1.545436398637312
pm_all_in,CPI relative importance,2025-06-01,131.68178884050698,1.9657349126844137
pm_all_in,CPI relative importance,2025-07-01,131.81962950532977,2.075699343898263
pm_all_in,CPI relative importance,2025-08-01,132.15179191379622,2.392489077295923
pm_all_in,CPI relative importance,2025-09-01,132.4961806787541,2.6108200620152067
pm_all_in,CPI relative importance,2025-11-01,131.85491084738985,2.352954548132713
pm_all_in,CPI relative importance,2025-12-01,131.76980819594706,2.3722385963155457
pm_all_in,CPI relative importance,2026-01-01,132.29892540275216,1.9782899308325108
pm_all_in,CPI relative importance,2026-02-01,133.05451684455508,2.049355761928884
pm_all_in,CPI relative importance,2026-03-01,134.82211103246075,3.208904953975167
pm_all_in,CPI relative importance,2026-04-01,135.928686408626,3.7563437319789728
pm_all_in,CPI relative importance,2026-05-01,136.9301771695596,4.335491944223313
pm_all_in,CPI relative importance,2026-06-01,136.166018421788,3.4053528743540395
pm_all_in,CPI relative importance,2026-07-01,135.98634762597698,3.1609238595824873
pm_ex_shelter,CEX weights,2012-03-01,100,NA
pm_ex_shelter,CEX weights,2012-04-01,100.32477968772436,NA
pm_ex_shelter,CEX weights,2012-05-01,100.17375633393856,NA
pm_ex_shelter,CEX weights,2012-06-01,100.04110887702001,NA
pm_ex_shelter,CEX weights,2012-07-01,99.79022858871764,NA
pm_ex_shelter,CEX weights,2012-08-01,100.35845867284593,NA
pm_ex_shelter,CEX weights,2012-09-01,100.8173604066647,NA
pm_ex_shelter,CEX weights,2012-10-01,100.68234527102905,NA
pm_ex_shelter,CEX weights,2012-11-01,100.134166833854,NA
pm_ex_shelter,CEX weights,2012-12-01,99.77233736065648,NA
pm_ex_shelter,CEX weights,2013-01-01,100.06213065112571,NA
pm_ex_shelter,CEX weights,2013-02-01,101.1495114762979,NA
pm_ex_shelter,CEX weights,2013-03-01,101.42638691453115,1.4263869145311414
pm_ex_shelter,CEX weights,2013-04-01,101.21218483718256,0.8845323679956163
pm_ex_shelter,CEX weights,2013-05-01,101.36866406963956,1.1928351091454292
pm_ex_shelter,CEX weights,2013-06-01,101.61420797359357,1.5724526789355764
pm_ex_shelter,CEX weights,2013-07-01,101.56339054306093,1.7768893602311708
pm_ex_shelter,CEX weights,2013-08-01,101.62064306301099,1.2576761409614612
pm_ex_shelter,CEX weights,2013-09-01,101.719012432129,0.8943420278286762
pm_ex_shelter,CEX weights,2013-10-01,101.25061521949989,0.5644186644054638
pm_ex_shelter,CEX weights,2013-11-01,100.82555542411073,0.6904622189586096
pm_ex_shelter,CEX weights,2013-12-01,100.71435759285069,0.9441697539759986
pm_ex_shelter,CEX weights,2014-01-01,101.09503752947639,1.0322655250586177
pm_ex_shelter,CEX weights,2014-02-01,101.51365452837967,0.3600047560952335
pm_ex_shelter,CEX weights,2014-03-01,102.26499082123107,0.8268103914680358
pm_ex_shelter,CEX weights,2014-04-01,102.67005020461784,1.4404049964739984
pm_ex_shelter,CEX weights,2014-05-01,103.03065550547079,1.639551483769619
pm_ex_shelter,CEX weights,2014-06-01,103.20589718506301,1.5664041901336079
pm_ex_shelter,CEX weights,2014-07-01,103.01197223497935,1.4262833134782493
pm_ex_shelter,CEX weights,2014-08-01,102.66643923067281,1.029117840765248
pm_ex_shelter,CEX weights,2014-09-01,102.6793784875014,0.9441362360976369
pm_ex_shelter,CEX weights,2014-10-01,102.19863487908972,0.9363100239288658
pm_ex_shelter,CEX weights,2014-11-01,101.31212983438425,0.482590359385382
pm_ex_shelter,CEX weights,2014-12-01,100.41529899748492,-0.2969374004992864
pm_ex_shelter,CEX weights,2015-01-01,99.55323244342433,-1.5251046181198658
pm_ex_shelter,CEX weights,2015-02-01,100.05482082137011,-1.4370812614195927
pm_ex_shelter,CEX weights,2015-03-01,100.75785059568162,-1.473759703537325
pm_ex_shelter,CEX weights,2015-04-01,100.96256485739359,-1.6630802690962843
pm_ex_shelter,CEX weights,2015-05-01,101.60525203173727,-1.3834751091706288
pm_ex_shelter,CEX weights,2015-06-01,101.96449633510484,-1.2028390661942057
pm_ex_shelter,CEX weights,2015-07-01,101.79251342169924,-1.1838029957318197
pm_ex_shelter,CEX weights,2015-08-01,101.47253478457165,-1.1628965171555983
pm_ex_shelter,CEX weights,2015-09-01,101.09189968278183,-1.5460541620952672
pm_ex_shelter,CEX weights,2015-10-01,100.88269570123234,-1.287628919323891
pm_ex_shelter,CEX weights,2015-11-01,100.49890397759202,-0.8026934762121907
pm_ex_shelter,CEX weights,2015-12-01,99.92623429142604,-0.4870420254100227
pm_ex_shelter,CEX weights,2016-01-01,99.97982974492112,0.4285117529852389
pm_ex_shelter,CEX weights,2016-02-01,99.95273794089049,-0.10202694846845883
pm_ex_shelter,CEX weights,2016-03-01,100.45392991439161,-0.30163474061150053
pm_ex_shelter,CEX weights,2016-04-01,101.04203618527254,0.0787136578703107
pm_ex_shelter,CEX weights,2016-05-01,101.45670805904773,-0.14619714012730212
pm_ex_shelter,CEX weights,2016-06-01,101.73581276467573,-0.2242776443258654
pm_ex_shelter,CEX weights,2016-07-01,101.38356126144252,-0.40175072459655015
pm_ex_shelter,CEX weights,2016-08-01,101.37570705904531,-0.09542259462810287
pm_ex_shelter,CEX weights,2016-09-01,101.58872647933907,0.49146054047479737
pm_ex_shelter,CEX weights,2016-10-01,101.61584892659548,0.7267383373005698
pm_ex_shelter,CEX weights,2016-11-01,101.28773326873609,0.7849133273333475
pm_ex_shelter,CEX weights,2016-12-01,101.2285109804326,1.3032380317751002
pm_ex_shelter,CEX weights,2017-01-01,101.96533427107603,1.9859050882768514
pm_ex_shelter,CEX weights,2017-02-01,102.26782559336083,2.316182327931249
pm_ex_shelter,CEX weights,2017-03-01,102.30104376384581,1.8387671353707447
pm_ex_shelter,CEX weights,2017-04-01,102.64870933291657,1.5901036917921996
pm_ex_shelter,CEX weights,2017-05-01,102.6253854940611,1.1518976491265764
pm_ex_shelter,CEX weights,2017-06-01,102.57239282578051,0.8223063623031823
pm_ex_shelter,CEX weights,2017-07-01,102.33974847273721,0.9431383149275385
pm_ex_shelter,CEX weights,2017-08-01,102.57365575623496,1.1816920758854987
pm_ex_shelter,CEX weights,2017-09-01,103.29025234545146,1.674916031611473
pm_ex_shelter,CEX weights,2017-10-01,103.00187229320863,1.3639834546030238
pm_ex_shelter,CEX weights,2017-11-01,102.95687645812609,1.6479223451090874
pm_ex_shelter,CEX weights,2017-12-01,102.72201142938758,1.4753753013750037
pm_ex_shelter,CEX weights,2018-01-01,103.40010787780797,1.4071190145050316
pm_ex_shelter,CEX weights,2018-02-01,103.95590087855122,1.6506416122530565
pm_ex_shelter,CEX weights,2018-03-01,104.11564847591792,1.7737890497588449
pm_ex_shelter,CEX weights,2018-04-01,104.60996037198171,1.9106436425852191
pm_ex_shelter,CEX weights,2018-05-01,105.0399929308045,2.3528364109123068
pm_ex_shelter,CEX weights,2018-06-01,105.17827985697556,2.5405345038807425
pm_ex_shelter,CEX weights,2018-07-01,105.05921324398795,2.657290849190619
pm_ex_shelter,CEX weights,2018-08-01,104.99718826827794,2.362724126555915
pm_ex_shelter,CEX weights,2018-09-01,105.097401996736,1.7495839251515877
pm_ex_shelter,CEX weights,2018-10-01,105.2613398563212,2.193617953546201
pm_ex_shelter,CEX weights,2018-11-01,104.65379113726506,1.6481800317913908
pm_ex_shelter,CEX weights,2018-12-01,104.03044939682106,1.27376591367947
pm_ex_shelter,CEX weights,2019-01-01,104.19193549456507,0.7657899329204243
pm_ex_shelter,CEX weights,2019-02-01,104.64785579139182,0.66562350669154835
pm_ex_shelter,CEX weights,2019-03-01,105.25426362969553,1.0936061681841913
pm_ex_shelter,CEX weights,2019-04-01,105.8057861702543,1.143128048247366
pm_ex_shelter,CEX weights,2019-05-01,105.98822843279214,0.9027375912070923
pm_ex_shelter,CEX weights,2019-06-01,105.85769920188338,0.6459692493846703
pm_ex_shelter,CEX weights,2019-07-01,105.97019771333133,0.8671152593040299
pm_ex_shelter,CEX weights,2019-08-01,105.90096128166758,0.8607592529815244
pm_ex_shelter,CEX weights,2019-09-01,105.88955463445852,0.7537318931509995
pm_ex_shelter,CEX weights,2019-10-01,106.21628175904004,0.9072104763461208
pm_ex_shelter,CEX weights,2019-11-01,106.04189459855264,1.3263766617560346
pm_ex_shelter,CEX weights,2019-12-01,105.81899288619138,1.7192499885759327
pm_ex_shelter,CEX weights,2020-01-01,106.24603256332682,1.9714549489954436
pm_ex_shelter,CEX weights,2020-02-01,106.48479564415051,1.7553535510756113
pm_ex_shelter,CEX weights,2020-03-01,106.07390795694052,0.7787279099007893
pm_ex_shelter,CEX weights,2020-04-01,105.04201734339624,-0.721859223869914
pm_ex_shelter,CEX weights,2020-05-01,104.88927828143666,-1.0368605717873014
pm_ex_shelter,CEX weights,2020-06-01,105.6912287282648,-0.15725873023283432
pm_ex_shelter,CEX weights,2020-07-01,106.39268262010687,0.39868275788108587
pm_ex_shelter,CEX weights,2020-08-01,106.81357137762191,0.8617580850158957
pm_ex_shelter,CEX weights,2020-09-01,107.02067602720369,1.0682086600986462
pm_ex_shelter,CEX weights,2020-10-01,107.04700848953001,0.782108652960134
pm_ex_shelter,CEX weights,2020-11-01,106.86542090542453,0.7766046711910723
pm_ex_shelter,CEX weights,2020-12-01,106.99343276644967,1.1098573594642058
pm_ex_shelter,CEX weights,2021-01-01,107.60558294634593,1.2796246130026168
pm_ex_shelter,CEX weights,2021-02-01,108.38406136141091,1.7836027254138243
pm_ex_shelter,CEX weights,2021-03-01,109.35641308970929,3.0945452995860823
pm_ex_shelter,CEX weights,2021-04-01,110.49698408591746,5.193128312347817
pm_ex_shelter,CEX weights,2021-05-01,111.64632090274003,6.442071803729088
pm_ex_shelter,CEX weights,2021-06-01,112.91739162677919,6.837050704645575
pm_ex_shelter,CEX weights,2021-07-01,113.5124989591056,6.69201693543271
pm_ex_shelter,CEX weights,2021-08-01,113.79242176007382,6.533673851030897
pm_ex_shelter,CEX weights,2021-09-01,114.05093952013638,6.569070345944805
pm_ex_shelter,CEX weights,2021-10-01,115.27797691025427,7.689115779007771
pm_ex_shelter,CEX weights,2021-11-01,115.91636709993658,8.469480696213317
pm_ex_shelter,CEX weights,2021-12-01,116.28455044830963,8.683820531434904
pm_ex_shelter,CEX weights,2022-01-01,117.52253585774228,9.2160208047394
pm_ex_shelter,CEX weights,2022-02-01,118.8131591324752,9.622353729934563
pm_ex_shelter,CEX weights,2022-03-01,120.72397429363839,10.394965309079641
pm_ex_shelter,CEX weights,2022-04-01,121.30795825815822,9.783954070488154
pm_ex_shelter,CEX weights,2022-05-01,122.88160802065939,10.063284689610953
pm_ex_shelter,CEX weights,2022-06-01,124.8643128171075,10.58023128077199
pm_ex_shelter,CEX weights,2022-07-01,124.5978760168167,9.76577659672946
pm_ex_shelter,CEX weights,2022-08-01,124.28245828361158,9.218572169643702
pm_ex_shelter,CEX weights,2022-09-01,124.22628733245865,8.921757115841867
pm_ex_shelter,CEX weights,2022-10-01,124.5412918596116,8.035632822190287
pm_ex_shelter,CEX weights,2022-11-01,124.03383635497586,7.0028672034216255
pm_ex_shelter,CEX weights,2022-12-01,123.05344602500948,5.820975830928399
pm_ex_shelter,CEX weights,2023-01-01,124.06703307168223,5.568716813481522
pm_ex_shelter,CEX weights,2023-02-01,124.6168400903522,4.884712266093327
pm_ex_shelter,CEX weights,2023-03-01,124.82559760036912,3.3975217687534975
pm_ex_shelter,CEX weights,2023-04-01,125.44793887314097,3.412785669158125
pm_ex_shelter,CEX weights,2023-05-01,125.55388437780165,2.1746756086500785
pm_ex_shelter,CEX weights,2023-06-01,125.83470345219277,0.7771561090530454
pm_ex_shelter,CEX weights,2023-07-01,125.88612713874547,1.0339270323957095
pm_ex_shelter,CEX weights,2023-08-01,126.5654955123351,1.8369746304129686
pm_ex_shelter,CEX weights,2023-09-01,126.64412967030597,1.9463210160797884
pm_ex_shelter,CEX weights,2023-10-01,126.40595202550185,1.4972224376732512
pm_ex_shelter,CEX weights,2023-11-01,125.65353453829324,1.3058518795483476
pm_ex_shelter,CEX weights,2023-12-01,125.23111519142999,1.7696937686555447
pm_ex_shelter,CEX weights,2024-01-01,125.83938829765243,1.4285464737003872
pm_ex_shelter,CEX weights,2024-02-01,126.6825546929235,1.6576528509899546
pm_ex_shelter,CEX weights,2024-03-01,127.55135053198237,2.183649014314981
pm_ex_shelter,CEX weights,2024-04-01,128.1020675877156,2.115721261278436
pm_ex_shelter,CEX weights,2024-05-01,128.14447556733722,2.063330180801315
pm_ex_shelter,CEX weights,2024-06-01,128.0058142707824,1.725367294575042
pm_ex_shelter,CEX weights,2024-07-01,127.94172495068256,1.632902575254791
pm_ex_shelter,CEX weights,2024-08-01,127.8138456939603,0.9863274161507452
pm_ex_shelter,CEX weights,2024-09-01,127.98302997203174,1.0572146574905128
pm_ex_shelter,CEX weights,2024-10-01,128.01621419672347,1.2738816055882785
pm_ex_shelter,CEX weights,2024-11-01,127.69970368224273,1.6284214777308126
pm_ex_shelter,CEX weights,2024-12-01,127.57170995646662,1.8690201404489404
pm_ex_shelter,CEX weights,2025-01-01,128.46844800762284,2.0892184438721095
pm_ex_shelter,CEX weights,2025-02-01,129.08165143541603,1.8937862030868446
pm_ex_shelter,CEX weights,2025-03-01,129.34472215743935,1.4059997153909487
pm_ex_shelter,CEX weights,2025-04-01,129.6846847386932,1.2354345099808262
pm_ex_shelter,CEX weights,2025-05-01,129.84800128620273,1.3293789773795917
pm_ex_shelter,CEX weights,2025-06-01,130.37555348144699,1.8512746660488855
pm_ex_shelter,CEX weights,2025-07-01,130.56203011328745,2.0480458299393156
pm_ex_shelter,CEX weights,2025-08-01,130.83866465422335,2.3665816045514543
pm_ex_shelter,CEX weights,2025-09-01,131.20703043654683,2.519084338931199
pm_ex_shelter,CEX weights,2025-11-01,130.7372319385272,2.378649416323486
pm_ex_shelter,CEX weights,2025-12-01,130.49268062853844,2.2896696086213586
pm_ex_shelter,CEX weights,2026-01-01,130.9118573148727,1.9019528492356885
pm_ex_shelter,CEX weights,2026-02-01,131.6008442445506,1.951627346815421
pm_ex_shelter,CEX weights,2026-03-01,133.4770148986902,3.1947903805622513
pm_ex_shelter,CEX weights,2026-04-01,134.7287617433615,3.88949320795422
pm_ex_shelter,CEX weights,2026-05-01,135.8129724265816,4.593810517907992
pm_ex_shelter,CEX weights,2026-06-01,134.92982215278528,3.4931922049223685
pm_ex_shelter,CEX weights,2026-07-01,134.8220632836896,3.2628423184793975
pm_ex_shelter,CPI relative importance,2012-03-01,100,NA
pm_ex_shelter,CPI relative importance,2012-04-01,100.35351434276572,NA
pm_ex_shelter,CPI relative importance,2012-05-01,100.10840206548396,NA
pm_ex_shelter,CPI relative importance,2012-06-01,99.77639314091444,NA
pm_ex_shelter,CPI relative importance,2012-07-01,99.43713479625087,NA
pm_ex_shelter,CPI relative importance,2012-08-01,100.18426884965083,NA
pm_ex_shelter,CPI relative importance,2012-09-01,100.74208182819827,NA
pm_ex_shelter,CPI relative importance,2012-10-01,100.57932969178215,NA
pm_ex_shelter,CPI relative importance,2012-11-01,99.83337859552684,NA
pm_ex_shelter,CPI relative importance,2012-12-01,99.35639434995556,NA
pm_ex_shelter,CPI relative importance,2013-01-01,99.65067441880247,NA
pm_ex_shelter,CPI relative importance,2013-02-01,100.72271739262074,NA
pm_ex_shelter,CPI relative importance,2013-03-01,100.98979993551181,0.9897999355118037
pm_ex_shelter,CPI relative importance,2013-04-01,100.77926141620544,0.42424729839112274
pm_ex_shelter,CPI relative importance,2013-05-01,100.92920700840449,0.8199161368928953
pm_ex_shelter,CPI relative importance,2013-06-01,101.16739076043686,1.3941149561879973
pm_ex_shelter,CPI relative importance,2013-07-01,101.12612317871782,1.698548923324994
pm_ex_shelter,CPI relative importance,2013-08-01,101.20006910027125,1.0139318899904826
pm_ex_shelter,CPI relative importance,2013-09-01,101.3103971928334,0.5641290653535691
pm_ex_shelter,CPI relative importance,2013-10-01,100.851680300849,0.2707818891828362
pm_ex_shelter,CPI relative importance,2013-11-01,100.42655385523983,0.5941652662244667
pm_ex_shelter,CPI relative importance,2013-12-01,100.31296814867815,0.9627702423996132
pm_ex_shelter,CPI relative importance,2014-01-01,100.7166626359281,1.0697250403400194
pm_ex_shelter,CPI relative importance,2014-02-01,101.13885816606303,0.4131548316157474
pm_ex_shelter,CPI relative importance,2014-03-01,101.91624241142698,0.917362423241519
pm_ex_shelter,CPI relative importance,2014-04-01,102.31674252479353,1.525592752896343
pm_ex_shelter,CPI relative importance,2014-05-01,102.68951410918086,1.7441007939652087
pm_ex_shelter,CPI relative importance,2014-06-01,102.86412131192264,1.6771516382226626
pm_ex_shelter,CPI relative importance,2014-07-01,102.65689373825951,1.5137241609038954
pm_ex_shelter,CPI relative importance,2014-08-01,102.29426022516313,1.0812157883091311
pm_ex_shelter,CPI relative importance,2014-09-01,102.30837934021913,0.9850737683775757
pm_ex_shelter,CPI relative importance,2014-10-01,101.7972226646016,0.9375573723035435
pm_ex_shelter,CPI relative importance,2014-11-01,100.85724675766362,0.4288635683393105
pm_ex_shelter,CPI relative importance,2014-12-01,99.8718250024842,-0.4397668161310042
pm_ex_shelter,CPI relative importance,2015-01-01,98.86806381280486,-1.835444875497494
pm_ex_shelter,CPI relative importance,2015-02-01,99.41616467798927,-1.7032953696641595
pm_ex_shelter,CPI relative importance,2015-03-01,100.10254650112225,-1.77959456450818
pm_ex_shelter,CPI relative importance,2015-04-01,100.29520228058848,-1.9757668142290408
pm_ex_shelter,CPI relative importance,2015-05-01,100.9560485445042,-1.6880648230875983
pm_ex_shelter,CPI relative importance,2015-06-01,101.30779486553463,-1.5129925055876847
pm_ex_shelter,CPI relative importance,2015-07-01,101.12002116625517,-1.4970963137876048
pm_ex_shelter,CPI relative importance,2015-08-01,100.80438624111451,-1.4564590239659614
pm_ex_shelter,CPI relative importance,2015-09-01,100.4001913047446,-1.8651336750521663
pm_ex_shelter,CPI relative importance,2015-10-01,100.18352906430238,-1.5852039555302788
pm_ex_shelter,CPI relative importance,2015-11-01,99.77480618845074,-1.0732402519510909
pm_ex_shelter,CPI relative importance,2015-12-01,99.16324738134841,-0.7094870060882164
pm_ex_shelter,CPI relative importance,2016-01-01,99.17820938893657,0.3136964194210723
pm_ex_shelter,CPI relative importance,2016-02-01,99.11245602936778,-0.3054922201084831
pm_ex_shelter,CPI relative importance,2016-03-01,99.66159752341309,-0.44049726317823
pm_ex_shelter,CPI relative importance,2016-04-01,100.23174433230696,-0.06327117034371499
pm_ex_shelter,CPI relative importance,2016-05-01,100.6261774323782,-0.3267472498000745
pm_ex_shelter,CPI relative importance,2016-06-01,100.90668222803845,-0.39593462480215225
pm_ex_shelter,CPI relative importance,2016-07-01,100.54289176871514,-0.5707370220889851
pm_ex_shelter,CPI relative importance,2016-08-01,100.52519705371652,-0.27696134841810327
pm_ex_shelter,CPI relative importance,2016-09-01,100.7424614048897,0.3409058246773844
pm_ex_shelter,CPI relative importance,2016-10-01,100.7581857336195,0.5736039393743786
pm_ex_shelter,CPI relative importance,2016-11-01,100.42559932751871,0.6522619927106454
pm_ex_shelter,CPI relative importance,2016-12-01,100.35714499367165,1.2039718785447961
pm_ex_shelter,CPI relative importance,2017-01-01,101.07264992802003,1.9101378727803375
pm_ex_shelter,CPI relative importance,2017-02-01,101.39778321185572,2.3057921012579863
pm_ex_shelter,CPI relative importance,2017-03-01,101.41419636168142,1.7585498143922518
pm_ex_shelter,CPI relative importance,2017-04-01,101.74887460499785,1.5136225382459845
pm_ex_shelter,CPI relative importance,2017-05-01,101.74238269765353,1.1092593336613943
pm_ex_shelter,CPI relative importance,2017-06-01,101.71068339090988,0.7967769280675219
pm_ex_shelter,CPI relative importance,2017-07-01,101.51520074806004,0.9670588961988136
pm_ex_shelter,CPI relative importance,2017-08-01,101.76282910363784,1.2311660023506033
pm_ex_shelter,CPI relative importance,2017-09-01,102.43882653551154,1.6838630970153146
pm_ex_shelter,CPI relative importance,2017-10-01,102.18888001686553,1.4199285872697587
pm_ex_shelter,CPI relative importance,2017-11-01,102.14107465206878,1.7082052146438986
pm_ex_shelter,CPI relative importance,2017-12-01,101.90570253523049,1.543046627777711
pm_ex_shelter,CPI relative importance,2018-01-01,102.57570683141216,1.487105467663663
pm_ex_shelter,CPI relative importance,2018-02-01,103.14532588817391,1.7234525459663752
pm_ex_shelter,CPI relative importance,2018-03-01,103.29233411343834,1.8519475765096827
pm_ex_shelter,CPI relative importance,2018-04-01,103.76184508382262,1.9783712465021086
pm_ex_shelter,CPI relative importance,2018-05-01,104.18859369938444,2.4043185709541337
pm_ex_shelter,CPI relative importance,2018-06-01,104.3311053214433,2.576348760200764
pm_ex_shelter,CPI relative importance,2018-07-01,104.19018399246066,2.635056843397643
pm_ex_shelter,CPI relative importance,2018-08-01,104.1230686525961,2.319353313727679
pm_ex_shelter,CPI relative importance,2018-09-01,104.23900269092496,1.757318212532799
pm_ex_shelter,CPI relative importance,2018-10-01,104.39855355311765,2.162342454372168
pm_ex_shelter,CPI relative importance,2018-11-01,103.78136975776168,1.6059113449514495
pm_ex_shelter,CPI relative importance,2018-12-01,103.11487413650062,1.1865593104096295
pm_ex_shelter,CPI relative importance,2019-01-01,103.20288031365105,0.6114249675799766
pm_ex_shelter,CPI relative importance,2019-02-01,103.66337878080422,0.5022553258418716
pm_ex_shelter,CPI relative importance,2019-03-01,104.32685585640745,1.001547454463525
pm_ex_shelter,CPI relative importance,2019-04-01,104.92400579526277,1.12002702968641
pm_ex_shelter,CPI relative importance,2019-05-01,105.09154721423035,0.8666529442284299
pm_ex_shelter,CPI relative importance,2019-06-01,104.94430397809857,0.5877428929426332
pm_ex_shelter,CPI relative importance,2019-07-01,105.06676576604681,0.8413285589836228
pm_ex_shelter,CPI relative importance,2019-08-01,104.96855598659499,0.8120076991006142
pm_ex_shelter,CPI relative importance,2019-09-01,104.94354019240772,0.6758866482747816
pm_ex_shelter,CPI relative importance,2019-10-01,105.27587838929577,0.8403611030221247
pm_ex_shelter,CPI relative importance,2019-11-01,105.10450753919035,1.27492803816045
pm_ex_shelter,CPI relative importance,2019-12-01,104.87098569920872,1.7030632849179606
pm_ex_shelter,CPI relative importance,2020-01-01,105.27445787391649,2.0072865737560397
pm_ex_shelter,CPI relative importance,2020-02-01,105.50240024344119,1.7740319525235249
pm_ex_shelter,CPI relative importance,2020-03-01,105.07875048631085,0.7207105243718814
pm_ex_shelter,CPI relative importance,2020-04-01,103.95053031960478,-0.9277909933762207
pm_ex_shelter,CPI relative importance,2020-05-01,103.80800362484132,-1.221357590989225
pm_ex_shelter,CPI relative importance,2020-06-01,104.5929025134948,-0.334845676500084
pm_ex_shelter,CPI relative importance,2020-07-01,105.23080796575158,0.1561313879881343
pm_ex_shelter,CPI relative importance,2020-08-01,105.65476830308445,0.6537313103336384
pm_ex_shelter,CPI relative importance,2020-09-01,105.87137365147284,0.8841263191273985
pm_ex_shelter,CPI relative importance,2020-10-01,105.89454614050162,0.587663347645595
pm_ex_shelter,CPI relative importance,2020-11-01,105.70393107576308,0.5703119215407781
pm_ex_shelter,CPI relative importance,2020-12-01,105.82330881920998,0.9080901773277139
pm_ex_shelter,CPI relative importance,2021-01-01,106.44394508438248,1.1108935957349075
pm_ex_shelter,CPI relative importance,2021-02-01,107.20292905157639,1.611838976375246
pm_ex_shelter,CPI relative importance,2021-03-01,108.13150956986135,2.9052106819144052
pm_ex_shelter,CPI relative importance,2021-04-01,109.21903252068485,5.068278329010556
pm_ex_shelter,CPI relative importance,2021-05-01,110.30860180122517,6.2621358174624
pm_ex_shelter,CPI relative importance,2021-06-01,111.48028730976607,6.584944705385376
pm_ex_shelter,CPI relative importance,2021-07-01,112.05753803062714,6.487387293555136
pm_ex_shelter,CPI relative importance,2021-08-01,112.33989817479588,6.327333805261159
pm_ex_shelter,CPI relative importance,2021-09-01,112.59951864274078,6.355018131168211
pm_ex_shelter,CPI relative importance,2021-10-01,113.79356296874403,7.459323559271813
pm_ex_shelter,CPI relative importance,2021-11-01,114.38723742745493,8.214743068985886
pm_ex_shelter,CPI relative importance,2021-12-01,114.70564261123324,8.393551374582287
pm_ex_shelter,CPI relative importance,2022-01-01,115.86223048995453,8.848117568458957
pm_ex_shelter,CPI relative importance,2022-02-01,117.13943397047672,9.2688744671517
pm_ex_shelter,CPI relative importance,2022-03-01,119.05335610265182,10.100521648349048
pm_ex_shelter,CPI relative importance,2022-04-01,119.68565362173247,9.583147606682353
pm_ex_shelter,CPI relative importance,2022-05-01,121.33599240282268,9.996854661859246
pm_ex_shelter,CPI relative importance,2022-06-01,123.2634675732541,10.56974335807599
pm_ex_shelter,CPI relative importance,2022-07-01,122.96492218773214,9.73373531919275
pm_ex_shelter,CPI relative importance,2022-08-01,122.45096735023424,9.000425796813506
pm_ex_shelter,CPI relative importance,2022-09-01,122.33769442263582,8.648505692810836
pm_ex_shelter,CPI relative importance,2022-10-01,122.68100982805096,7.8101490343070346
pm_ex_shelter,CPI relative importance,2022-11-01,122.17039039858594,6.804214478968529
pm_ex_shelter,CPI relative importance,2022-12-01,121.1272762485571,5.59835897444767
pm_ex_shelter,CPI relative importance,2023-01-01,122.12484413501613,5.405224479606918
pm_ex_shelter,CPI relative importance,2023-02-01,122.65893684843151,4.711908441819768
pm_ex_shelter,CPI relative importance,2023-03-01,122.83226390551594,3.174129589094332
pm_ex_shelter,CPI relative importance,2023-04-01,123.41915275306738,3.119420764609493
pm_ex_shelter,CPI relative importance,2023-05-01,123.51825707104418,1.798530365974682
pm_ex_shelter,CPI relative importance,2023-06-01,123.8101335063535,0.44349387848796606
pm_ex_shelter,CPI relative importance,2023-07-01,123.88263301533473,0.7463192032940213
pm_ex_shelter,CPI relative importance,2023-08-01,124.5387760394448,1.705016084714961
pm_ex_shelter,CPI relative importance,2023-09-01,124.61156599825304,1.858684346103301
pm_ex_shelter,CPI relative importance,2023-10-01,124.36920040238145,1.376081413656971
pm_ex_shelter,CPI relative importance,2023-11-01,123.60603242020964,1.1751145403889218
pm_ex_shelter,CPI relative importance,2023-12-01,123.18376260987962,1.697789651525361
pm_ex_shelter,CPI relative importance,2024-01-01,123.76218878576215,1.340713809989258
pm_ex_shelter,CPI relative importance,2024-02-01,124.62106019451974,1.5996578777727422
pm_ex_shelter,CPI relative importance,2024-03-01,125.46061769204255,2.1397910475283277
pm_ex_shelter,CPI relative importance,2024-04-01,125.97368798054475,2.069804540457665
pm_ex_shelter,CPI relative importance,2024-05-01,126.03380930668467,2.0365833321252413
pm_ex_shelter,CPI relative importance,2024-06-01,125.90694846555549,1.6935729732448612
pm_ex_shelter,CPI relative importance,2024-07-01,125.85448903237106,1.5917130343784613
pm_ex_shelter,CPI relative importance,2024-08-01,125.7267351896282,0.9538869643356263
pm_ex_shelter,CPI relative importance,2024-09-01,125.85551919038195,0.9982646331130773
pm_ex_shelter,CPI relative importance,2024-10-01,125.87474875979154,1.210547589386346
pm_ex_shelter,CPI relative importance,2024-11-01,125.53817739328376,1.5631477972738672
pm_ex_shelter,CPI relative importance,2024-12-01,125.42183424387153,1.8168560422040736
pm_ex_shelter,CPI relative importance,2025-01-01,126.398151175009,2.1298608364221927
pm_ex_shelter,CPI relative importance,2025-02-01,127.00383445176163,1.9120157167036078
pm_ex_shelter,CPI relative importance,2025-03-01,127.21870744618889,1.4013080650230547
pm_ex_shelter,CPI relative importance,2025-04-01,127.54099923064727,1.2441576294444756
pm_ex_shelter,CPI relative importance,2025-05-01,127.71398298988765,1.3331134657007304
pm_ex_shelter,CPI relative importance,2025-06-01,128.22957241628305,1.8447146714567264
pm_ex_shelter,CPI relative importance,2025-07-01,128.3890574494613,2.013887972194861
pm_ex_shelter,CPI relative importance,2025-08-01,128.69466759502632,2.360621550318398
pm_ex_shelter,CPI relative importance,2025-09-01,129.06548959990033,2.5505201759667306
pm_ex_shelter,CPI relative importance,2025-11-01,128.53856111954366,2.3900169562445894
pm_ex_shelter,CPI relative importance,2025-12-01,128.3527435982619,2.3368414056929465
pm_ex_shelter,CPI relative importance,2026-01-01,128.83962435547434,1.9315734904103987
pm_ex_shelter,CPI relative importance,2026-02-01,129.5683566598227,2.0192478590361995
pm_ex_shelter,CPI relative importance,2026-03-01,131.39261280860285,3.2808896161591994
pm_ex_shelter,CPI relative importance,2026-04-01,132.4385086614552,3.8399490833149086
pm_ex_shelter,CPI relative importance,2026-05-01,133.43082677046402,4.4762865010866015
pm_ex_shelter,CPI relative importance,2026-06-01,132.63093505761273,3.4324084206107663
pm_ex_shelter,CPI relative importance,2026-07-01,132.49777787001608,3.200210751739596
oer_all_in,CEX weights,2013-12-01,100,NA
oer_all_in,CEX weights,2014-01-01,100.36496077552248,NA
oer_all_in,CEX weights,2014-02-01,100.73066873782493,NA
oer_all_in,CEX weights,2014-03-01,101.37655822176932,NA
oer_all_in,CEX weights,2014-04-01,101.70198620907703,NA
oer_all_in,CEX weights,2014-05-01,102.05875429340767,NA
oer_all_in,CEX weights,2014-06-01,102.23490826933774,NA
oer_all_in,CEX weights,2014-07-01,102.18528803821452,NA
oer_all_in,CEX weights,2014-08-01,101.98334021898931,NA
oer_all_in,CEX weights,2014-09-01,102.02030477246363,NA
oer_all_in,CEX weights,2014-10-01,101.7420577022987,NA
oer_all_in,CEX weights,2014-11-01,101.13666492728267,NA
oer_all_in,CEX weights,2014-12-01,100.52994342026467,0.5299434202646669
oer_all_in,CEX weights,2015-01-01,100.05824858849147,-0.30559687829401216
oer_all_in,CEX weights,2015-02-01,100.50143173739225,-0.2275741869929626
oer_all_in,CEX weights,2015-03-01,101.1164029533585,-0.25662270743271876
oer_all_in,CEX weights,2015-04-01,101.33155767618385,-0.3642293987569434
oer_all_in,CEX weights,2015-05-01,101.84357387139254,-0.21083974961767504
oer_all_in,CEX weights,2015-06-01,102.19349071608443,-0.04051214399704017
oer_all_in,CEX weights,2015-07-01,102.21796006846488,0.03197332108917372
oer_all_in,CEX weights,2015-08-01,102.0354488132234,0.05109520253228084
oer_all_in,CEX weights,2015-09-01,101.85696978065029,-0.16010047429051433
oer_all_in,CEX weights,2015-10-01,101.80381887990286,0.06070368439459184
oer_all_in,CEX weights,2015-11-01,101.57913703696215,0.4374992096067398
oer_all_in,CEX weights,2015-12-01,101.2345824907953,0.7009245669072905
oer_all_in,CEX weights,2016-01-01,101.44646307972121,1.3874063466162045
oer_all_in,CEX weights,2016-02-01,101.57874710793646,1.0719403215659673
oer_all_in,CEX weights,2016-03-01,102.04653299432039,0.9198606890624017
oer_all_in,CEX weights,2016-04-01,102.52768953248918,1.1804139635627653
oer_all_in,CEX weights,2016-05-01,102.96778935890485,1.1038649222306018
oer_all_in,CEX weights,2016-06-01,103.32419551169575,1.1064352413136191
oer_all_in,CEX weights,2016-07-01,103.16592938245971,0.9273999533544686
oer_all_in,CEX weights,2016-08-01,103.25696978625136,1.197153525794703
oer_all_in,CEX weights,2016-09-01,103.47140718874051,1.58500435617408
oer_all_in,CEX weights,2016-10-01,103.58411520994413,1.748752011102317
oer_all_in,CEX weights,2016-11-01,103.36684285035406,1.7599143540089512
oer_all_in,CEX weights,2016-12-01,103.37932693600835,2.118588719826109
oer_all_in,CEX weights,2017-01-01,104.01556210632056,2.5324678146545487
oer_all_in,CEX weights,2017-02-01,104.3400535053847,2.7183898955891905
oer_all_in,CEX weights,2017-03-01,104.42416667879874,2.329950479170795
oer_all_in,CEX weights,2017-04-01,104.74658215095612,2.164188648534604
oer_all_in,CEX weights,2017-05-01,104.82096304593757,1.7997605839368713
oer_all_in,CEX weights,2017-06-01,104.88579464639932,1.5113586193146844
oer_all_in,CEX weights,2017-07-01,104.74272875003196,1.5284109560305348
oer_all_in,CEX weights,2017-08-01,105.04329627513046,1.7299815136710972
oer_all_in,CEX weights,2017-09-01,105.60644516497962,2.063408659693411
oer_all_in,CEX weights,2017-10-01,105.49751132395996,1.8471906721776454
oer_all_in,CEX weights,2017-11-01,105.44523590455076,2.010696077083085
oer_all_in,CEX weights,2017-12-01,105.3400042009875,1.896585442264298
oer_all_in,CEX weights,2018-01-01,105.92284704791746,1.8336534485554612
oer_all_in,CEX weights,2018-02-01,106.39776752433482,1.9721228328140716
oer_all_in,CEX weights,2018-03-01,106.64790228854626,2.129522006709017
oer_all_in,CEX weights,2018-04-01,107.08841951631311,2.235717211261412
oer_all_in,CEX weights,2018-05-01,107.55097377571957,2.604451104485239
oer_all_in,CEX weights,2018-06-01,107.69688603424612,2.6801450065986554
oer_all_in,CEX weights,2018-07-01,107.69837855378135,2.8218186016549573
oer_all_in,CEX weights,2018-08-01,107.73750701722052,2.564857385123709
oer_all_in,CEX weights,2018-09-01,107.89638931686416,2.168375375486953
oer_all_in,CEX weights,2018-10-01,108.1259088293819,2.4914308142783614
oer_all_in,CEX weights,2018-11-01,107.78783000224038,2.2216215626945424
oer_all_in,CEX weights,2018-12-01,107.49267445101734,2.043544868217939
oer_all_in,CEX weights,2019-01-01,107.80582976716657,1.7776926996659004
oer_all_in,CEX weights,2019-02-01,108.34342173981082,1.8286607517690623
oer_all_in,CEX weights,2019-03-01,108.99817660624655,2.203769851320092
oer_all_in,CEX weights,2019-04-01,109.61112303146439,2.3557201857545174
oer_all_in,CEX weights,2019-05-01,109.93704149999053,2.2185459047973977
oer_all_in,CEX weights,2019-06-01,110.0428919019525,2.1783414118031086
oer_all_in,CEX weights,2019-07-01,110.29790137076036,2.4137065496124155
oer_all_in,CEX weights,2019-08-01,110.38113192287892,2.45376469054166
oer_all_in,CEX weights,2019-09-01,110.55163491572247,2.4609216449871463
oer_all_in,CEX weights,2019-10-01,110.87610308711396,2.5435108823656183
oer_all_in,CEX weights,2019-11-01,110.87428529792463,2.8634543395298806
oer_all_in,CEX weights,2019-12-01,110.83362315506895,3.1080710579715065
oer_all_in,CEX weights,2020-01-01,111.37986414414065,3.315251489361093
oer_all_in,CEX weights,2020-02-01,111.78357536648636,3.175230735223722
oer_all_in,CEX weights,2020-03-01,111.59293673701264,2.3805537042510316
oer_all_in,CEX weights,2020-04-01,110.88174899255586,1.1592126108649792
oer_all_in,CEX weights,2020-05-01,110.92144999345703,0.8954293112086287
oer_all_in,CEX weights,2020-06-01,111.62009647669012,1.4332634734308014
oer_all_in,CEX weights,2020-07-01,112.26937673024136,1.7874096741460122
oer_all_in,CEX weights,2020-08-01,112.6689476875359,2.0726511178155382
oer_all_in,CEX weights,2020-09-01,112.69670479421238,1.9403330218726866
oer_all_in,CEX weights,2020-10-01,112.61849414831268,1.571475739754069
oer_all_in,CEX weights,2020-11-01,112.41409125816058,1.3887854664392352
oer_all_in,CEX weights,2020-12-01,112.45167903437958,1.4598962239525282
oer_all_in,CEX weights,2021-01-01,112.9163972657828,1.3795430021836586
oer_all_in,CEX weights,2021-02-01,113.51017937850371,1.5445954437909304
oer_all_in,CEX weights,2021-03-01,114.3078600979973,2.4328810051686744
oer_all_in,CEX weights,2021-04-01,115.24334741365304,3.9335584627096853
oer_all_in,CEX weights,2021-05-01,116.14882891906466,4.712685351585266
oer_all_in,CEX weights,2021-06-01,117.24527339335127,5.039573602085046
oer_all_in,CEX weights,2021-07-01,117.83396652897618,4.956462715656906
oer_all_in,CEX weights,2021-08-01,117.99706678417921,4.72900404769887
oer_all_in,CEX weights,2021-09-01,118.23505216589595,4.914382706927212
oer_all_in,CEX weights,2021-10-01,119.32189445856154,5.952308598107203
oer_all_in,CEX weights,2021-11-01,120.00640036643587,6.753876692237304
oer_all_in,CEX weights,2021-12-01,120.4975304709644,7.15494113175934
oer_all_in,CEX weights,2022-01-01,121.63398391148738,7.72039035675669
oer_all_in,CEX weights,2022-02-01,122.90328402112608,8.275120957478844
oer_all_in,CEX weights,2022-03-01,124.62515313471667,9.025882409026153
oer_all_in,CEX weights,2022-04-01,125.37382151645848,8.79050663674601
oer_all_in,CEX weights,2022-05-01,126.8681008259676,9.228910878104845
oer_all_in,CEX weights,2022-06-01,128.64151582808847,9.720001587188465
oer_all_in,CEX weights,2022-07-01,128.79546707197963,9.302496441302388
oer_all_in,CEX weights,2022-08-01,128.95878561812893,9.289823156366328
oer_all_in,CEX weights,2022-09-01,129.30745597243927,9.364738800983986
oer_all_in,CEX weights,2022-10-01,129.50597719290616,8.534965674620064
oer_all_in,CEX weights,2022-11-01,129.09062752984306,7.569785557827569
oer_all_in,CEX weights,2022-12-01,128.4509855455687,6.600512926296687
oer_all_in,CEX weights,2023-01-01,129.23318890258582,6.247600174494283
oer_all_in,CEX weights,2023-02-01,129.7262454264446,5.551488277681571
oer_all_in,CEX weights,2023-03-01,129.95149922580197,4.273893316967614
oer_all_in,CEX weights,2023-04-01,130.34278566064145,3.9633187248190094
oer_all_in,CEX weights,2023-05-01,130.45981258574813,2.83105976711
oer_all_in,CEX weights,2023-06-01,130.65411708247015,1.564503684076013
oer_all_in,CEX weights,2023-07-01,130.6535397621063,1.4426537923794003
oer_all_in,CEX weights,2023-08-01,131.0014074086157,1.583933797682735
oer_all_in,CEX weights,2023-09-01,131.11898367625358,1.4009460554234465
oer_all_in,CEX weights,2023-10-01,131.05804531299714,1.1984528851352483
oer_all_in,CEX weights,2023-11-01,130.69671664100593,1.2441562504540205
oer_all_in,CEX weights,2023-12-01,130.60093622942406,1.6737518009098284
oer_all_in,CEX weights,2024-01-01,131.33577238745033,1.6269686623994195
oer_all_in,CEX weights,2024-02-01,132.19489535319664,1.9029687621320956
oer_all_in,CEX weights,2024-03-01,133.11187786587632,2.4319678179186788
oer_all_in,CEX weights,2024-04-01,133.65229236802702,2.5390793135280587
oer_all_in,CEX weights,2024-05-01,133.89183355628435,2.6307112531534838
oer_all_in,CEX weights,2024-06-01,133.9036367093185,2.4871161348840154
oer_all_in,CEX weights,2024-07-01,134.00716228226173,2.566805710937259
oer_all_in,CEX weights,2024-08-01,134.10981102385742,2.3728016948291852
oer_all_in,CEX weights,2024-09-01,134.29814756618765,2.4246404302398883
oer_all_in,CEX weights,2024-10-01,134.43417317455174,2.576055406206934
oer_all_in,CEX weights,2024-11-01,134.31734120820224,2.770249062293839
oer_all_in,CEX weights,2024-12-01,134.3243971129895,2.8510215861121235
oer_all_in,CEX weights,2025-01-01,135.1970951024229,2.9400388369296593
oer_all_in,CEX weights,2025-02-01,135.8045993979517,2.7305926110918977
oer_all_in,CEX weights,2025-03-01,136.14745684004967,2.280471902914627
oer_all_in,CEX weights,2025-04-01,136.55549593701062,2.172206340456384
oer_all_in,CEX weights,2025-05-01,136.82944859376468,2.1940210686900663
oer_all_in,CEX weights,2025-06-01,137.26306465777554,2.5088399620913693
oer_all_in,CEX weights,2025-07-01,137.46159975512904,2.5778006294851386
oer_all_in,CEX weights,2025-08-01,137.84537533645772,2.7854519248675658
oer_all_in,CEX weights,2025-09-01,138.16463261865903,2.8790308150496324
oer_all_in,CEX weights,2025-11-01,137.58640423639525,2.433835421984498
oer_all_in,CEX weights,2025-12-01,137.4945891010643,2.3601014083898253
oer_all_in,CEX weights,2026-01-01,137.8460316088125,1.9593146615929813
oer_all_in,CEX weights,2026-02-01,138.3772143726267,1.894350402033429
oer_all_in,CEX weights,2026-03-01,139.78617406420844,2.6726295948617196
oer_all_in,CEX weights,2026-04-01,140.94312932283484,3.2130771125082447
oer_all_in,CEX weights,2026-05-01,141.85558111250666,3.673282740226602
oer_all_in,CEX weights,2026-06-01,141.24307129873404,2.8995466849595974
oer_all_in,CEX weights,2026-07-01,141.16272399217075,2.6924786585015736
oer_all_in,CPI relative importance,2012-03-01,100,NA
oer_all_in,CPI relative importance,2012-04-01,100.29264996154687,NA
oer_all_in,CPI relative importance,2012-05-01,100.17421893991093,NA
oer_all_in,CPI relative importance,2012-06-01,100.00692207025592,NA
oer_all_in,CPI relative importance,2012-07-01,99.82861463450284,NA
oer_all_in,CPI relative importance,2012-08-01,100.39641335014821,NA
oer_all_in,CPI relative importance,2012-09-01,100.8303187781051,NA
oer_all_in,CPI relative importance,2012-10-01,100.78850887862318,NA
oer_all_in,CPI relative importance,2012-11-01,100.2926253470183,NA
oer_all_in,CPI relative importance,2012-12-01,99.9953250426558,NA
oer_all_in,CPI relative importance,2013-01-01,100.28967920085772,NA
oer_all_in,CPI relative importance,2013-02-01,101.10684334922482,NA
oer_all_in,CPI relative importance,2013-03-01,101.36509942992986,1.3650994299298613
oer_all_in,CPI relative importance,2013-04-01,101.26390742593703,0.9684233737592418
oer_all_in,CPI relative importance,2013-05-01,101.4438383209587,1.2674113104983231
oer_all_in,CPI relative importance,2013-06-01,101.68245343649674,1.6754153928102422
oer_all_in,CPI relative importance,2013-07-01,101.71842829034388,1.8930580803511177
oer_all_in,CPI relative importance,2013-08-01,101.84186876259213,1.4397480589298128
oer_all_in,CPI relative importance,2013-09-01,101.95529750050146,1.1157147334543982
oer_all_in,CPI relative importance,2013-10-01,101.68300936693926,0.8875024526787234
oer_all_in,CPI relative importance,2013-11-01,101.45954794758781,1.1635178524162626
oer_all_in,CPI relative importance,2013-12-01,101.4483931661729,1.4531360570079421
oer_all_in,CPI relative importance,2014-01-01,101.83016676910658,1.5360379856870443
oer_all_in,CPI relative importance,2014-02-01,102.19989887702565,1.0810895599078219
oer_all_in,CPI relative importance,2014-03-01,102.85455622164902,1.469398047351378
oer_all_in,CPI relative importance,2014-04-01,103.18803945722996,1.9001163200227156
oer_all_in,CPI relative importance,2014-05-01,103.54685474653355,2.073084438032713
oer_all_in,CPI relative importance,2014-06-01,103.73501976844251,2.018604255283485
oer_all_in,CPI relative importance,2014-07-01,103.6878027696763,1.9361039218095843
oer_all_in,CPI relative importance,2014-08-01,103.50545329088392,1.6334976454230654
oer_all_in,CPI relative importance,2014-09-01,103.57364435004672,1.5873102126324534
oer_all_in,CPI relative importance,2014-10-01,103.29817783271203,1.588434956664364
oer_all_in,CPI relative importance,2014-11-01,102.70270041012692,1.2252690729326998
oer_all_in,CPI relative importance,2014-12-01,102.06212221077917,0.6049667475767295
oer_all_in,CPI relative importance,2015-01-01,101.48792438982274,-0.3360913471347482
oer_all_in,CPI relative importance,2015-02-01,101.96396933109015,-0.2308510561437771
oer_all_in,CPI relative importance,2015-03-01,102.55534840814398,-0.2909038009558329
oer_all_in,CPI relative importance,2015-04-01,102.76269627107217,-0.41220202302040265
oer_all_in,CPI relative importance,2015-05-01,103.28980878616278,-0.24824120539439498
oer_all_in,CPI relative importance,2015-06-01,103.64352934999908,-0.0881962703122352
oer_all_in,CPI relative importance,2015-07-01,103.64813645382344,-0.03825552745192473
oer_all_in,CPI relative importance,2015-08-01,103.49694194234209,-0.008223091896342183
oer_all_in,CPI relative importance,2015-09-01,103.30497312235197,-0.25940115304500244
oer_all_in,CPI relative importance,2015-10-01,103.23862882078397,-0.05764768864024994
oer_all_in,CPI relative importance,2015-11-01,103.00768217237048,0.2969559330238347
oer_all_in,CPI relative importance,2015-12-01,102.63881247123474,0.5650384765315764
oer_all_in,CPI relative importance,2016-01-01,102.78483054783118,1.2778920899268131
oer_all_in,CPI relative importance,2016-02-01,102.85036583493496,0.8693232615989643
oer_all_in,CPI relative importance,2016-03-01,103.32347783022733,0.74899011509999
oer_all_in,CPI relative importance,2016-04-01,103.79730050683986,1.0067896944223387
oer_all_in,CPI relative importance,2016-05-01,104.20250465376776,0.883626253481129
oer_all_in,CPI relative importance,2016-06-01,104.53511735062904,0.8602447313609929
oer_all_in,CPI relative importance,2016-07-01,104.36952483757882,0.6959974471675734
oer_all_in,CPI relative importance,2016-08-01,104.45677789014202,0.927405128872949
oer_all_in,CPI relative importance,2016-09-01,104.70929054044076,1.3593899457536862
oer_all_in,CPI relative importance,2016-10-01,104.83696810222321,1.5481988667380042
oer_all_in,CPI relative importance,2016-11-01,104.67101628086158,1.614767047867094
oer_all_in,CPI relative importance,2016-12-01,104.7013543458565,2.0095145539605674
oer_all_in,CPI relative importance,2017-01-01,105.31342670242178,2.460086903012315
oer_all_in,CPI relative importance,2017-02-01,105.644762987889,2.716954023711282
oer_all_in,CPI relative importance,2017-03-01,105.72781698537187,2.3270017672993415
oer_all_in,CPI relative importance,2017-04-01,106.0374274489854,2.1581745683240783
oer_all_in,CPI relative importance,2017-05-01,106.12934962482271,1.849134987164902
oer_all_in,CPI relative importance,2017-06-01,106.22112376529019,1.6128612636516992
oer_all_in,CPI relative importance,2017-07-01,106.14277715177207,1.699013497429247
oer_all_in,CPI relative importance,2017-08-01,106.465029668734,1.9225672274747696
oer_all_in,CPI relative importance,2017-09-01,107.01729151011287,2.204198842108207
oer_all_in,CPI relative importance,2017-10-01,106.96739018573189,2.032128668039479
oer_all_in,CPI relative importance,2017-11-01,106.97519192465593,2.201350216770237
oer_all_in,CPI relative importance,2017-12-01,106.90721645551875,2.106813348732528
oer_all_in,CPI relative importance,2018-01-01,107.48390173036097,2.0609670541555714
oer_all_in,CPI relative importance,2018-02-01,107.9695503532855,2.2005703829001133
oer_all_in,CPI relative importance,2018-03-01,108.21174690586365,2.3493627233743375
oer_all_in,CPI relative importance,2018-04-01,108.64435069227162,2.458493482917068
oer_all_in,CPI relative importance,2018-05-01,109.08215982703037,2.7822748491780347
oer_all_in,CPI relative importance,2018-06-01,109.25425663102175,2.855489339798045
oer_all_in,CPI relative importance,2018-07-01,109.25440080137024,2.9315453515493584
oer_all_in,CPI relative importance,2018-08-01,109.31179844564589,2.673900327431089
oer_all_in,CPI relative importance,2018-09-01,109.44100721340031,2.2647888664407256
oer_all_in,CPI relative importance,2018-10-01,109.63266520666,2.491670607556462
oer_all_in,CPI relative importance,2018-11-01,109.26044541284816,2.1362462147314965
oer_all_in,CPI relative importance,2018-12-01,108.87122245725475,1.8371126541800509
oer_all_in,CPI relative importance,2019-01-01,109.05467516313882,1.4614034357613548
oer_all_in,CPI relative importance,2019-02-01,109.5165602881661,1.4328205774856606
oer_all_in,CPI relative importance,2019-03-01,110.13072499076426,1.7733546863169858
oer_all_in,CPI relative importance,2019-04-01,110.6835180163665,1.8769197948181437
oer_all_in,CPI relative importance,2019-05-01,110.9093523726757,1.675060842710363
oer_all_in,CPI relative importance,2019-06-01,110.93365334039096,1.5371453352531095
oer_all_in,CPI relative importance,2019-07-01,111.11775253492753,1.7055164093068953
oer_all_in,CPI relative importance,2019-08-01,111.1130490231397,1.6478098458781343
oer_all_in,CPI relative importance,2019-09-01,111.19886664579619,1.6062164239481147
oer_all_in,CPI relative importance,2019-10-01,111.45533439882246,1.6625238369665674
oer_all_in,CPI relative importance,2019-11-01,111.39025773901481,1.9492985939413066
oer_all_in,CPI relative importance,2019-12-01,111.28209479565743,2.214425707720191
oer_all_in,CPI relative importance,2020-01-01,111.71703354891828,2.4413060529470565
oer_all_in,CPI relative importance,2020-02-01,112.01446332444188,2.280845042706914
oer_all_in,CPI relative importance,2020-03-01,111.75995102092224,1.4793564922909619
oer_all_in,CPI relative importance,2020-04-01,110.94353014463277,0.23491494752436726
oer_all_in,CPI relative importance,2020-05-01,110.93023116054619,0.018825092225172035
oer_all_in,CPI relative importance,2020-06-01,111.55137113537107,0.5568353483182298
oer_all_in,CPI relative importance,2020-07-01,112.09099025644691,0.8758615966548255
oer_all_in,CPI relative importance,2020-08-01,112.44043217763645,1.1946240033610556
oer_all_in,CPI relative importance,2020-09-01,112.60740659365209,1.2666855250805353
oer_all_in,CPI relative importance,2020-10-01,112.6391768581059,1.062167607920217
oer_all_in,CPI relative importance,2020-11-01,112.52005328196073,1.0142678236664038
oer_all_in,CPI relative importance,2020-12-01,112.63495967152411,1.2157075928080685
oer_all_in,CPI relative importance,2021-01-01,113.1411517461954,1.2747547549707638
oer_all_in,CPI relative importance,2021-02-01,113.76807507813342,1.5655226134613898
oer_all_in,CPI relative importance,2021-03-01,114.55586578643577,2.501714379769293
oer_all_in,CPI relative importance,2021-04-01,115.46510001463055,4.075559759188474
oer_all_in,CPI relative importance,2021-05-01,116.36355803477313,4.8979676841774955
oer_all_in,CPI relative importance,2021-06-01,117.39659460036712,5.23993869864916
oer_all_in,CPI relative importance,2021-07-01,117.98480914799885,5.258066574367648
oer_all_in,CPI relative importance,2021-08-01,118.24451580947756,5.161918643883956
oer_all_in,CPI relative importance,2021-09-01,118.5606656623407,5.286738455997986
oer_all_in,CPI relative importance,2021-10-01,119.54992828129154,6.135300004803179
oer_all_in,CPI relative importance,2021-11-01,120.1249078183533,6.758665957378973
oer_all_in,CPI relative importance,2021-12-01,120.49380555017561,6.977270557533943
oer_all_in,CPI relative importance,2022-01-01,121.4739447551485,7.364953317468137
oer_all_in,CPI relative importance,2022-02-01,122.60976680964336,7.77168087395137
oer_all_in,CPI relative importance,2022-03-01,124.1920094791874,8.411741840191844
oer_all_in,CPI relative importance,2022-04-01,124.84391837737378,8.122643432132183
oer_all_in,CPI relative importance,2022-05-01,126.26514658392749,8.509183387289898
oer_all_in,CPI relative importance,2022-06-01,127.89943316658437,8.946459309122412
oer_all_in,CPI relative importance,2022-07-01,127.92020284471202,8.420909241163699
oer_all_in,CPI relative importance,2022-08-01,127.8269439413852,8.103909146490484
oer_all_in,CPI relative importance,2022-09-01,128.03089340168128,7.987664109707082
oer_all_in,CPI relative importance,2022-10-01,128.55029163368533,7.528539315570848
oer_all_in,CPI relative importance,2022-11-01,128.43327184028777,6.916437375750539
oer_all_in,CPI relative importance,2022-12-01,128.0034208433199,6.232366268834588
oer_all_in,CPI relative importance,2023-01-01,129.02030709315991,6.212330021242329
oer_all_in,CPI relative importance,2023-02-01,129.74423408864973,5.818840916713364
oer_all_in,CPI relative importance,2023-03-01,130.15834430103996,4.804121333468259
oer_all_in,CPI relative importance,2023-04-01,130.7660885583043,4.7436593291065865
oer_all_in,CPI relative importance,2023-05-01,131.09388409190447,3.8242837700009025
oer_all_in,CPI relative importance,2023-06-01,131.51465897284146,2.8266159722134088
oer_all_in,CPI relative importance,2023-07-01,131.76155265694382,3.0029266111272435
oer_all_in,CPI relative importance,2023-08-01,132.33550238218376,3.5270798955077565
oer_all_in,CPI relative importance,2023-09-01,132.64983286032822,3.6076757225739
oer_all_in,CPI relative importance,2023-10-01,132.60027268281166,3.1505031981312603
oer_all_in,CPI relative importance,2023-11-01,132.23797120263228,2.962393862453183
oer_all_in,CPI relative importance,2023-12-01,132.12677527086524,3.221284556599824
oer_all_in,CPI relative importance,2024-01-01,132.8100550577287,2.9373267278246296
oer_all_in,CPI relative importance,2024-02-01,133.6467344448581,3.00784106794445
oer_all_in,CPI relative importance,2024-03-01,134.49775667141267,3.3339486559049947
oer_all_in,CPI relative importance,2024-04-01,135.01845502103345,3.2518877865136853
oer_all_in,CPI relative importance,2024-05-01,135.2717210063568,3.1869045176229793
oer_all_in,CPI relative importance,2024-06-01,135.30689056169763,2.883504864381159
oer_all_in,CPI relative importance,2024-07-01,135.43220719277954,2.785831270061534
oer_all_in,CPI relative importance,2024-08-01,135.55126346151255,2.4300063259228066
oer_all_in,CPI relative importance,2024-09-01,135.74950224418816,2.3367307119969816
oer_all_in,CPI relative importance,2024-10-01,135.89817058155725,2.4870973731964785
oer_all_in,CPI relative importance,2024-11-01,135.78583100102878,2.6829357454070557
oer_all_in,CPI relative importance,2024-12-01,135.82967213711996,2.80253329324327
oer_all_in,CPI relative importance,2025-01-01,136.7292531879895,2.9509799755427
oer_all_in,CPI relative importance,2025-02-01,137.32317978550142,2.7508680671581853
oer_all_in,CPI relative importance,2025-03-01,137.63768865022143,2.334560855524037
oer_all_in,CPI relative importance,2025-04-01,138.0289462165797,2.2296886711355546
oer_all_in,CPI relative importance,2025-05-01,138.30109204995054,2.2394710594769274
oer_all_in,CPI relative importance,2025-06-01,138.74625205904576,2.5418967822483873
oer_all_in,CPI relative importance,2025-07-01,138.9491357240104,2.596818440848958
oer_all_in,CPI relative importance,2025-08-01,139.35475264417047,2.805941520226307
oer_all_in,CPI relative importance,2025-09-01,139.68950717841363,2.9024083838908865
oer_all_in,CPI relative importance,2025-11-01,139.31871322729955,2.601804768749405
oer_all_in,CPI relative importance,2025-12-01,139.37077992307988,2.607020785845071
oer_all_in,CPI relative importance,2026-01-01,139.87569569997896,2.3012211641815883
oer_all_in,CPI relative importance,2026-02-01,140.53084315479492,2.3358499084450646
oer_all_in,CPI relative importance,2026-03-01,141.99332665808464,3.1645678233758856
oer_all_in,CPI relative importance,2026-04-01,143.02920536307417,3.6226163305257852
oer_all_in,CPI relative importance,2026-05-01,143.9109272573044,4.056247947288605
oer_all_in,CPI relative importance,2026-06-01,143.40201417260187,3.3555948679426573
oer_all_in,CPI relative importance,2026-07-01,143.35877043997215,3.173560377317086
pm_oer_all_in,CEX weights,2013-12-01,100,NA
pm_oer_all_in,CEX weights,2014-01-01,100.38108880863412,NA
pm_oer_all_in,CEX weights,2014-02-01,100.76249043615915,NA
pm_oer_all_in,CEX weights,2014-03-01,101.4214193602489,NA
pm_oer_all_in,CEX weights,2014-04-01,101.75698468612804,NA
pm_oer_all_in,CEX weights,2014-05-01,102.12644469541027,NA
pm_oer_all_in,CEX weights,2014-06-01,102.31454323375708,NA
pm_oer_all_in,CEX weights,2014-07-01,102.27631773977164,NA
pm_oer_all_in,CEX weights,2014-08-01,102.08703095207534,NA
pm_oer_all_in,CEX weights,2014-09-01,102.13537441586308,NA
pm_oer_all_in,CEX weights,2014-10-01,101.86289506448679,NA
pm_oer_all_in,CEX weights,2014-11-01,101.2699154615019,NA
pm_oer_all_in,CEX weights,2014-12-01,100.67474019343175,0.6747401934317443
pm_oer_all_in,CEX weights,2015-01-01,100.21373552300624,-0.16671794220813885
pm_oer_all_in,CEX weights,2015-02-01,100.66590452361687,-0.09585502712785576
pm_oer_all_in,CEX weights,2015-03-01,101.28657815400537,-0.13295140917382042
pm_oer_all_in,CEX weights,2015-04-01,101.49807949718047,-0.2544348083290404
pm_oer_all_in,CEX weights,2015-05-01,102.01184291964631,-0.1122155736506425
pm_oer_all_in,CEX weights,2015-06-01,102.36596708677949,0.05026055084360603
pm_oer_all_in,CEX weights,2015-07-01,102.39353969778071,0.11461300191439872
pm_oer_all_in,CEX weights,2015-08-01,102.21523080814734,0.1255789838105814
pm_oer_all_in,CEX weights,2015-09-01,102.02082157256976,-0.11215785319090843
pm_oer_all_in,CEX weights,2015-10-01,101.94597468878304,0.08156024256296135
pm_oer_all_in,CEX weights,2015-11-01,101.70530059069168,0.42992543955988616
pm_oer_all_in,CEX weights,2015-12-01,101.34558335733696,0.6663470525141602
pm_oer_all_in,CEX weights,2016-01-01,101.53556119378432,1.3190064853680905
pm_oer_all_in,CEX weights,2016-02-01,101.64517369308467,0.9727913081415407
pm_oer_all_in,CEX weights,2016-03-01,102.09522238266139,0.7983725419437926
pm_oer_all_in,CEX weights,2016-04-01,102.57264754541198,1.058707764279787
pm_oer_all_in,CEX weights,2016-05-01,103.00145917961703,0.9700993841962324
pm_oer_all_in,CEX weights,2016-06-01,103.34511106887261,0.9565131947252281
pm_oer_all_in,CEX weights,2016-07-01,103.17052110149385,0.758818775096981
pm_oer_all_in,CEX weights,2016-08-01,103.24957389114844,1.0119265737828398
pm_oer_all_in,CEX weights,2016-09-01,103.47771248582384,1.4280329160236915
pm_oer_all_in,CEX weights,2016-10-01,103.59887572284102,1.6213499739483606
pm_oer_all_in,CEX weights,2016-11-01,103.39216561012809,1.6585812240260012
pm_oer_all_in,CEX weights,2016-12-01,103.4131960089562,2.0401605902538478
pm_oer_all_in,CEX weights,2017-01-01,104.0594564019125,2.485725373902481
pm_oer_all_in,CEX weights,2017-02-01,104.39003127003872,2.700430799835196
pm_oer_all_in,CEX weights,2017-03-01,104.48564679433777,2.341367554611784
pm_oer_all_in,CEX weights,2017-04-01,104.81149961369755,2.182698918144199
pm_oer_all_in,CEX weights,2017-05-01,104.89635092068116,1.839674657190793
pm_oer_all_in,CEX weights,2017-06-01,104.96628551035536,1.5686996943690357
pm_oer_all_in,CEX weights,2017-07-01,104.82956831080449,1.6080632254232397
pm_oer_all_in,CEX weights,2017-08-01,105.13733142859074,1.8283441435143155
pm_oer_all_in,CEX weights,2017-09-01,105.70868368620174,2.155991997487905
pm_oer_all_in,CEX weights,2017-10-01,105.61078012068934,1.9420137369355217
pm_oer_all_in,CEX weights,2017-11-01,105.57418958241276,2.1104345376734335
pm_oer_all_in,CEX weights,2017-12-01,105.48314124470009,2.0016258230377337
pm_oer_all_in,CEX weights,2018-01-01,106.07453102702648,1.9364646854689305
pm_oer_all_in,CEX weights,2018-02-01,106.5635546409149,2.082117750548096
pm_oer_all_in,CEX weights,2018-03-01,106.83573408985131,2.24919629405107
pm_oer_all_in,CEX weights,2018-04-01,107.28392924125541,2.358929732587045
pm_oer_all_in,CEX weights,2018-05-01,107.74576880740496,2.716412784347888
pm_oer_all_in,CEX weights,2018-06-01,107.89850968467123,2.7934914149425394
pm_oer_all_in,CEX weights,2018-07-01,107.90522650747528,2.9339605668811997
pm_oer_all_in,CEX weights,2018-08-01,107.9524457777213,2.677559255955231
pm_oer_all_in,CEX weights,2018-09-01,108.04771843836487,2.2127176979202634
pm_oer_all_in,CEX weights,2018-10-01,108.21831466848977,2.4690041535727625
pm_oer_all_in,CEX weights,2018-11-01,107.81733494001367,2.1247099944346592
pm_oer_all_in,CEX weights,2018-12-01,107.45574704458487,1.870067364896455
pm_oer_all_in,CEX weights,2019-01-01,107.70004572040362,1.5324269432433146
pm_oer_all_in,CEX weights,2019-02-01,108.1742899097367,1.5115254687678714
pm_oer_all_in,CEX weights,2019-03-01,108.76314061418766,1.804084130423389
pm_oer_all_in,CEX weights,2019-04-01,109.28775850295597,1.867781387084011
pm_oer_all_in,CEX weights,2019-05-01,109.53075888768194,1.6566683778252544
pm_oer_all_in,CEX weights,2019-06-01,109.55778103418058,1.5378074770064032
pm_oer_all_in,CEX weights,2019-07-01,109.72859784609356,1.6897896400708268
pm_oer_all_in,CEX weights,2019-08-01,109.71826552127554,1.6357385243407574
pm_oer_all_in,CEX weights,2019-09-01,109.80157192409315,1.6232212128836077
pm_oer_all_in,CEX weights,2019-10-01,110.02235462399177,1.6670375629378453
pm_oer_all_in,CEX weights,2019-11-01,109.92712108909745,1.956815339813045
pm_oer_all_in,CEX weights,2019-12-01,109.8066097898302,2.187749664305927
pm_oer_all_in,CEX weights,2020-01-01,110.26658527523011,2.3830440717633516
pm_oer_all_in,CEX weights,2020-02-01,110.59020982781885,2.233358702976518
pm_oer_all_in,CEX weights,2020-03-01,110.32470027610529,1.435743444975457
pm_oer_all_in,CEX weights,2020-04-01,109.55158868749997,0.24140872514726297
pm_oer_all_in,CEX weights,2020-05-01,109.53014697088237,-5.586711950056333e-4
pm_oer_all_in,CEX weights,2020-06-01,110.1679266767624,0.556916758282533
pm_oer_all_in,CEX weights,2020-07-01,110.75249782363194,0.9331204422884376
pm_oer_all_in,CEX weights,2020-08-01,111.09061390115386,1.2507929954581831
pm_oer_all_in,CEX weights,2020-09-01,111.24013174802046,1.310145017706854
pm_oer_all_in,CEX weights,2020-10-01,111.24490555752205,1.1111841204529904
pm_oer_all_in,CEX weights,2020-11-01,111.12530725585412,1.0899823036259804
pm_oer_all_in,CEX weights,2020-12-01,111.23757155592322,1.3031654185771568
pm_oer_all_in,CEX weights,2021-01-01,111.74550255953717,1.341219808898253
pm_oer_all_in,CEX weights,2021-02-01,112.39284200792112,1.6300106337702402
pm_oer_all_in,CEX weights,2021-03-01,113.24527045430682,2.647249592242118
pm_oer_all_in,CEX weights,2021-04-01,114.23826899086824,4.278057816885883
pm_oer_all_in,CEX weights,2021-05-01,115.1962646491308,5.173112458029205
pm_oer_all_in,CEX weights,2021-06-01,116.34347704016746,5.60557918233715
pm_oer_all_in,CEX weights,2021-07-01,116.9848803601497,5.627306524898912
pm_oer_all_in,CEX weights,2021-08-01,117.19969519392558,5.4991876255247485
pm_oer_all_in,CEX weights,2021-09-01,117.48911958523398,5.617566015984798
pm_oer_all_in,CEX weights,2021-10-01,118.47420130564619,6.498540955105625
pm_oer_all_in,CEX weights,2021-11-01,119.05950405417938,7.139864891493719
pm_oer_all_in,CEX weights,2021-12-01,119.45063967529306,7.3833579828204154
pm_oer_all_in,CEX weights,2022-01-01,120.46527053887633,7.803238411938174
pm_oer_all_in,CEX weights,2022-02-01,121.61557696565623,8.20580278331704
pm_oer_all_in,CEX weights,2022-03-01,123.20756060683594,8.797091580569628
pm_oer_all_in,CEX weights,2022-04-01,123.82893645035966,8.39531931305617
pm_oer_all_in,CEX weights,2022-05-01,125.1869815541231,8.67277852751771
pm_oer_all_in,CEX weights,2022-06-01,126.83126200938233,9.014501917966555
pm_oer_all_in,CEX weights,2022-07-01,126.85458649626938,8.436736530169364
pm_oer_all_in,CEX weights,2022-08-01,126.8861651096588,8.264927566326353
pm_oer_all_in,CEX weights,2022-09-01,127.10506407294243,8.18454042523693
pm_oer_all_in,CEX weights,2022-10-01,127.58954275410647,7.693946317429923
pm_oer_all_in,CEX weights,2022-11-01,127.44966383806604,7.04703068481507
pm_oer_all_in,CEX weights,2022-12-01,127.06214656378363,6.372093870054774
pm_oer_all_in,CEX weights,2023-01-01,128.0922628894084,6.331278978924226
pm_oer_all_in,CEX weights,2023-02-01,128.830372271339,5.932459875366303
pm_oer_all_in,CEX weights,2023-03-01,129.29522175989575,4.940980182609067
pm_oer_all_in,CEX weights,2023-04-01,129.90845552333394,4.909610990167401
pm_oer_all_in,CEX weights,2023-05-01,130.2384447948743,4.035134626652281
pm_oer_all_in,CEX weights,2023-06-01,130.63914033671077,3.0023184087269783
pm_oer_all_in,CEX weights,2023-07-01,130.85326596426478,3.1521757142876305
pm_oer_all_in,CEX weights,2023-08-01,131.4070593507231,3.5629528539673494
pm_oer_all_in,CEX weights,2023-09-01,131.71046553922798,3.6233028950307
pm_oer_all_in,CEX weights,2023-10-01,131.61703162121665,3.156597931283489
pm_oer_all_in,CEX weights,2023-11-01,131.22693197576015,2.9637333076793393
pm_oer_all_in,CEX weights,2023-12-01,131.09801250910095,3.176292904268996
pm_oer_all_in,CEX weights,2024-01-01,131.81841767218063,2.9089616333730417
pm_oer_all_in,CEX weights,2024-02-01,132.6466334674583,2.962237187424699
pm_oer_all_in,CEX weights,2024-03-01,133.53284323435193,3.277477246858762
pm_oer_all_in,CEX weights,2024-04-01,134.07414365819517,3.2066335621340647
pm_oer_all_in,CEX weights,2024-05-01,134.31048925396038,3.126607097850065
pm_oer_all_in,CEX weights,2024-06-01,134.32712334294737,2.8230306757462964
pm_oer_all_in,CEX weights,2024-07-01,134.43258129114852,2.7353656788828173
pm_oer_all_in,CEX weights,2024-08-01,134.53548516458557,2.380713661290268
pm_oer_all_in,CEX weights,2024-09-01,134.73415901523512,2.2957123897694887
pm_oer_all_in,CEX weights,2024-10-01,134.86850673351952,2.47040605022939
pm_oer_all_in,CEX weights,2024-11-01,134.75863159536303,2.6912917694785765
pm_oer_all_in,CEX weights,2024-12-01,134.77513572356312,2.8048657215203
pm_oer_all_in,CEX weights,2025-01-01,135.63295448818715,2.8937813724125405
pm_oer_all_in,CEX weights,2025-02-01,136.24145079410167,2.71007053301906
pm_oer_all_in,CEX weights,2025-03-01,136.58464647594474,2.285432682832078
pm_oer_all_in,CEX weights,2025-04-01,136.99170088726595,2.1760774668893035
pm_oer_all_in,CEX weights,2025-05-01,137.26143246742737,2.1971055498779535
pm_oer_all_in,CEX weights,2025-06-01,137.69168930348368,2.504755463233077
pm_oer_all_in,CEX weights,2025-07-01,137.89711250633732,2.577151447896009
pm_oer_all_in,CEX weights,2025-08-01,138.27204450367728,2.7773782764603405
pm_oer_all_in,CEX weights,2025-09-01,138.59031713602457,2.8620493488614285
pm_oer_all_in,CEX weights,2025-11-01,138.206320066019,2.558417542416347
pm_oer_all_in,CEX weights,2025-12-01,138.21295694323592,2.550782977302357
pm_oer_all_in,CEX weights,2026-01-01,138.67488710255284,2.242768083792379
pm_oer_all_in,CEX weights,2026-02-01,139.31335023625837,2.2547465725384797
pm_oer_all_in,CEX weights,2026-03-01,140.82604428780851,3.1053254676108644
pm_oer_all_in,CEX weights,2026-04-01,142.01047051709574,3.663557425248598
pm_oer_all_in,CEX weights,2026-05-01,142.96004277814052,4.151647122046054
pm_oer_all_in,CEX weights,2026-06-01,142.37460769820882,3.4010174603956056
pm_oer_all_in,CEX weights,2026-07-01,142.3297835723324,3.214477073108668
pm_oer_all_in,CPI relative importance,2012-03-01,100,NA
pm_oer_all_in,CPI relative importance,2012-04-01,100.29264996154686,NA
pm_oer_all_in,CPI relative importance,2012-05-01,100.1742189399109,NA
pm_oer_all_in,CPI relative importance,2012-06-01,100.0069220702559,NA
pm_oer_all_in,CPI relative importance,2012-07-01,99.82861463450277,NA
pm_oer_all_in,CPI relative importance,2012-08-01,100.3964133501481,NA
pm_oer_all_in,CPI relative importance,2012-09-01,100.830318778105,NA
pm_oer_all_in,CPI relative importance,2012-10-01,100.7885088786231,NA
pm_oer_all_in,CPI relative importance,2012-11-01,100.29262534701824,NA
pm_oer_all_in,CPI relative importance,2012-12-01,99.99532504265574,NA
pm_oer_all_in,CPI relative importance,2013-01-01,100.28967920085766,NA
pm_oer_all_in,CPI relative importance,2013-02-01,101.10684334922475,NA
pm_oer_all_in,CPI relative importance,2013-03-01,101.36509942992978,1.3650994299297947
pm_oer_all_in,CPI relative importance,2013-04-01,101.26390742593696,0.9684233737591974
pm_oer_all_in,CPI relative importance,2013-05-01,101.44383832095863,1.2674113104982787
pm_oer_all_in,CPI relative importance,2013-06-01,101.68245343649667,1.6754153928101978
pm_oer_all_in,CPI relative importance,2013-07-01,101.71842829034382,1.8930580803511399
pm_oer_all_in,CPI relative importance,2013-08-01,101.84186876259207,1.4397480589298794
pm_oer_all_in,CPI relative importance,2013-09-01,101.95529750050139,1.1157147334544426
pm_oer_all_in,CPI relative importance,2013-10-01,101.68300936693919,0.8875024526787234
pm_oer_all_in,CPI relative importance,2013-11-01,101.45954794758774,1.1635178524162404
pm_oer_all_in,CPI relative importance,2013-12-01,101.44839316617285,1.4531360570079421
pm_oer_all_in,CPI relative importance,2014-01-01,101.83016676910653,1.5360379856870443
pm_oer_all_in,CPI relative importance,2014-02-01,102.19989887702559,1.081089559907844
pm_oer_all_in,CPI relative importance,2014-03-01,102.85455622164896,1.469398047351378
pm_oer_all_in,CPI relative importance,2014-04-01,103.1880394572299,1.9001163200227378
pm_oer_all_in,CPI relative importance,2014-05-01,103.54685474653353,2.073084438032735
pm_oer_all_in,CPI relative importance,2014-06-01,103.73501976844248,2.0186042552835293
pm_oer_all_in,CPI relative importance,2014-07-01,103.68780276967627,1.9361039218096066
pm_oer_all_in,CPI relative importance,2014-08-01,103.50545329088389,1.6334976454230876
pm_oer_all_in,CPI relative importance,2014-09-01,103.57364435004668,1.5873102126324756
pm_oer_all_in,CPI relative importance,2014-10-01,103.29817783271199,1.5884349566644085
pm_oer_all_in,CPI relative importance,2014-11-01,102.70270041012685,1.2252690729326998
pm_oer_all_in,CPI relative importance,2014-12-01,102.06212221077907,0.6049667475767073
pm_oer_all_in,CPI relative importance,2015-01-01,101.48792438982261,-0.3360913471348148
pm_oer_all_in,CPI relative importance,2015-02-01,101.96396933108997,-0.23085105614391033
pm_oer_all_in,CPI relative importance,2015-03-01,102.5553484081438,-0.29090380095596613
pm_oer_all_in,CPI relative importance,2015-04-01,102.76269627107199,-0.4122020230205248
pm_oer_all_in,CPI relative importance,2015-05-01,103.28980878616261,-0.2482412053945282
pm_oer_all_in,CPI relative importance,2015-06-01,103.64352934999894,-0.08819627031234623
pm_oer_all_in,CPI relative importance,2015-07-01,103.64813645382327,-0.03825552745206906
pm_oer_all_in,CPI relative importance,2015-08-01,103.49694194234193,-0.008223091896464307
pm_oer_all_in,CPI relative importance,2015-09-01,103.30497312235185,-0.25940115304506906
pm_oer_all_in,CPI relative importance,2015-10-01,103.23862882078387,-0.05764768864030545
pm_oer_all_in,CPI relative importance,2015-11-01,103.00768217237038,0.2969559330237903
pm_oer_all_in,CPI relative importance,2015-12-01,102.63881247123464,0.5650384765315764
pm_oer_all_in,CPI relative importance,2016-01-01,102.7848305478311,1.2778920899268575
pm_oer_all_in,CPI relative importance,2016-02-01,102.85036583493492,0.8693232615991198
pm_oer_all_in,CPI relative importance,2016-03-01,103.32347783022729,0.7489901151001233
pm_oer_all_in,CPI relative importance,2016-04-01,103.79730050683982,1.006789694422472
pm_oer_all_in,CPI relative importance,2016-05-01,104.20250465376769,0.8836262534812178
pm_oer_all_in,CPI relative importance,2016-06-01,104.535117350629,0.8602447313610817
pm_oer_all_in,CPI relative importance,2016-07-01,104.3695248375788,0.6959974471677288
pm_oer_all_in,CPI relative importance,2016-08-01,104.45677789014199,0.92740512887306
pm_oer_all_in,CPI relative importance,2016-09-01,104.7092905404407,1.3593899457537306
pm_oer_all_in,CPI relative importance,2016-10-01,104.83696810222315,1.5481988667380486
pm_oer_all_in,CPI relative importance,2016-11-01,104.67101628086151,1.6147670478671161
pm_oer_all_in,CPI relative importance,2016-12-01,104.70135434585642,2.0095145539605896
pm_oer_all_in,CPI relative importance,2017-01-01,105.3134267024217,2.460086903012315
pm_oer_all_in,CPI relative importance,2017-02-01,105.64476298788892,2.71695402371126
pm_oer_all_in,CPI relative importance,2017-03-01,105.7278169853718,2.3270017672993193
pm_oer_all_in,CPI relative importance,2017-04-01,106.03742744898533,2.158174568324056
pm_oer_all_in,CPI relative importance,2017-05-01,106.12934962482271,1.8491349871649687
pm_oer_all_in,CPI relative importance,2017-06-01,106.22112376529019,1.6128612636517436
pm_oer_all_in,CPI relative importance,2017-07-01,106.14277715177208,1.6990134974292914
pm_oer_all_in,CPI relative importance,2017-08-01,106.46502966873402,1.922567227474814
pm_oer_all_in,CPI relative importance,2017-09-01,107.01729151011286,2.2041988421082515
pm_oer_all_in,CPI relative importance,2017-10-01,106.9673901857319,2.0321286680395456
pm_oer_all_in,CPI relative importance,2017-11-01,106.97519192465589,2.201350216770259
pm_oer_all_in,CPI relative importance,2017-12-01,106.90721645551872,2.1068133487325724
pm_oer_all_in,CPI relative importance,2018-01-01,107.48390173036097,2.06096705415566
pm_oer_all_in,CPI relative importance,2018-02-01,107.9695503532855,2.20057038290018
pm_oer_all_in,CPI relative importance,2018-03-01,108.21174690586365,2.349362723374404
pm_oer_all_in,CPI relative importance,2018-04-01,108.64435069227162,2.4584934829171345
pm_oer_all_in,CPI relative importance,2018-05-01,109.08215982703038,2.7822748491780347
pm_oer_all_in,CPI relative importance,2018-06-01,109.25425663102176,2.8554893397980674
pm_oer_all_in,CPI relative importance,2018-07-01,109.25440080137027,2.9315453515493806
pm_oer_all_in,CPI relative importance,2018-08-01,109.31179844564592,2.6739003274311113
pm_oer_all_in,CPI relative importance,2018-09-01,109.44100721340031,2.2647888664407256
pm_oer_all_in,CPI relative importance,2018-10-01,109.63266520666,2.49167060755644
pm_oer_all_in,CPI relative importance,2018-11-01,109.26044541284811,2.1362462147314965
pm_oer_all_in,CPI relative importance,2018-12-01,108.8712224572547,1.8371126541800509
pm_oer_all_in,CPI relative importance,2019-01-01,109.05467516313878,1.4614034357613104
pm_oer_all_in,CPI relative importance,2019-02-01,109.51656028816606,1.4328205774856162
pm_oer_all_in,CPI relative importance,2019-03-01,110.13072499076421,1.7733546863169414
pm_oer_all_in,CPI relative importance,2019-04-01,110.68351801636645,1.8769197948180993
pm_oer_all_in,CPI relative importance,2019-05-01,110.90935237267564,1.6750608427103186
pm_oer_all_in,CPI relative importance,2019-06-01,110.93365334039092,1.537145335253065
pm_oer_all_in,CPI relative importance,2019-07-01,111.11775253492746,1.7055164093068065
pm_oer_all_in,CPI relative importance,2019-08-01,111.11304902313962,1.6478098458780233
pm_oer_all_in,CPI relative importance,2019-09-01,111.19886664579614,1.6062164239480703
pm_oer_all_in,CPI relative importance,2019-10-01,111.45533439882242,1.662523836966523
pm_oer_all_in,CPI relative importance,2019-11-01,111.39025773901471,1.9492985939412621
pm_oer_all_in,CPI relative importance,2019-12-01,111.28209479565731,2.2144257077201246
pm_oer_all_in,CPI relative importance,2020-01-01,111.71703354891814,2.4413060529469677
pm_oer_all_in,CPI relative importance,2020-02-01,112.01446332444175,2.280845042706847
pm_oer_all_in,CPI relative importance,2020-03-01,111.75995102092207,1.479356492290873
pm_oer_all_in,CPI relative importance,2020-04-01,110.9435301446326,0.23491494752425623
pm_oer_all_in,CPI relative importance,2020-05-01,110.93023116054603,0.018825092225083218
pm_oer_all_in,CPI relative importance,2020-06-01,111.55137113537093,0.556835348318141
pm_oer_all_in,CPI relative importance,2020-07-01,112.09099025644677,0.8758615966547589
pm_oer_all_in,CPI relative importance,2020-08-01,112.44043217763631,1.194624003360989
pm_oer_all_in,CPI relative importance,2020-09-01,112.60740659365193,1.2666855250804243
pm_oer_all_in,CPI relative importance,2020-10-01,112.63917685810578,1.0621676079201503
pm_oer_all_in,CPI relative importance,2020-11-01,112.52005328196061,1.0142678236664038
pm_oer_all_in,CPI relative importance,2020-12-01,112.63495967152397,1.2157075928080463
pm_oer_all_in,CPI relative importance,2021-01-01,113.14115174619523,1.2747547549707416
pm_oer_all_in,CPI relative importance,2021-02-01,113.76807507813328,1.5655226134613676
pm_oer_all_in,CPI relative importance,2021-03-01,114.55586578643563,2.5017143797693153
pm_oer_all_in,CPI relative importance,2021-04-01,115.46510001463041,4.075559759188496
pm_oer_all_in,CPI relative importance,2021-05-01,116.36355803477294,4.897967684177473
pm_oer_all_in,CPI relative importance,2021-06-01,117.3965946003669,5.239938698649094
pm_oer_all_in,CPI relative importance,2021-07-01,117.98480914799862,5.258066574367581
pm_oer_all_in,CPI relative importance,2021-08-01,118.24451580947733,5.161918643883889
pm_oer_all_in,CPI relative importance,2021-09-01,118.56066566234044,5.286738455997897
pm_oer_all_in,CPI relative importance,2021-10-01,119.54992828129129,6.135300004803068
pm_oer_all_in,CPI relative importance,2021-11-01,120.12490781835304,6.758665957378862
pm_oer_all_in,CPI relative importance,2021-12-01,120.49380555017535,6.9772705575338545
pm_oer_all_in,CPI relative importance,2022-01-01,121.47394475514824,7.364953317468093
pm_oer_all_in,CPI relative importance,2022-02-01,122.6097668096431,7.771680873951281
pm_oer_all_in,CPI relative importance,2022-03-01,124.19200947918712,8.411741840191734
pm_oer_all_in,CPI relative importance,2022-04-01,124.8439183773735,8.122643432132048
pm_oer_all_in,CPI relative importance,2022-05-01,126.26514658392723,8.509183387289854
pm_oer_all_in,CPI relative importance,2022-06-01,127.89943316658407,8.946459309122368
pm_oer_all_in,CPI relative importance,2022-07-01,127.92020284471175,8.420909241163677
pm_oer_all_in,CPI relative importance,2022-08-01,127.82694394138494,8.103909146490462
pm_oer_all_in,CPI relative importance,2022-09-01,128.030893401681,7.98766410970706
pm_oer_all_in,CPI relative importance,2022-10-01,128.550291633685,7.528539315570804
pm_oer_all_in,CPI relative importance,2022-11-01,128.4332718402874,6.916437375750473
pm_oer_all_in,CPI relative importance,2022-12-01,128.00342084331953,6.232366268834522
pm_oer_all_in,CPI relative importance,2023-01-01,129.02030709315952,6.2123300212422405
pm_oer_all_in,CPI relative importance,2023-02-01,129.74423408864936,5.818840916713275
pm_oer_all_in,CPI relative importance,2023-03-01,130.15834430103956,4.80412133346817
pm_oer_all_in,CPI relative importance,2023-04-01,130.76608855830386,4.7436593291064755
pm_oer_all_in,CPI relative importance,2023-05-01,131.09388409190404,3.8242837700007692
pm_oer_all_in,CPI relative importance,2023-06-01,131.514658972841,2.8266159722132977
pm_oer_all_in,CPI relative importance,2023-07-01,131.76155265694328,3.0029266111270214
pm_oer_all_in,CPI relative importance,2023-08-01,132.3355023821832,3.527079895507512
pm_oer_all_in,CPI relative importance,2023-09-01,132.6498328603276,3.6076757225736555
pm_oer_all_in,CPI relative importance,2023-10-01,132.60027268281104,3.1505031981310605
pm_oer_all_in,CPI relative importance,2023-11-01,132.23797120263166,2.9623938624530055
pm_oer_all_in,CPI relative importance,2023-12-01,132.1267752708646,3.221284556599624
pm_oer_all_in,CPI relative importance,2024-01-01,132.81005505772805,2.9373267278244297
pm_oer_all_in,CPI relative importance,2024-02-01,133.64673444485746,3.007841067944228
pm_oer_all_in,CPI relative importance,2024-03-01,134.49775667141202,3.333948655904795
pm_oer_all_in,CPI relative importance,2024-04-01,135.0184550210328,3.2518877865135076
pm_oer_all_in,CPI relative importance,2024-05-01,135.2717210063562,3.186904517622846
pm_oer_all_in,CPI relative importance,2024-06-01,135.30689056169706,2.88350486438107
pm_oer_all_in,CPI relative importance,2024-07-01,135.4322071927789,2.785831270061445
pm_oer_all_in,CPI relative importance,2024-08-01,135.55126346151192,2.4300063259227622
pm_oer_all_in,CPI relative importance,2024-09-01,135.74950224418754,2.3367307119969816
pm_oer_all_in,CPI relative importance,2024-10-01,135.8981705815566,2.4870973731964785
pm_oer_all_in,CPI relative importance,2024-11-01,135.78583100102813,2.6829357454070335
pm_oer_all_in,CPI relative importance,2024-12-01,135.82967213711927,2.802533293243248
pm_oer_all_in,CPI relative importance,2025-01-01,136.7292531879888,2.950979975542678
pm_oer_all_in,CPI relative importance,2025-02-01,137.3231797855007,2.750868067158163
pm_oer_all_in,CPI relative importance,2025-03-01,137.6376886502207,2.3345608555239705
pm_oer_all_in,CPI relative importance,2025-04-01,138.02894621657887,2.2296886711354436
pm_oer_all_in,CPI relative importance,2025-05-01,138.30109204994974,2.2394710594768164
pm_oer_all_in,CPI relative importance,2025-06-01,138.74625205904496,2.541896782248232
pm_oer_all_in,CPI relative importance,2025-07-01,138.94913572400958,2.596818440848847
pm_oer_all_in,CPI relative importance,2025-08-01,139.35475264416965,2.805941520226174
pm_oer_all_in,CPI relative importance,2025-09-01,139.6895071784128,2.9024083838907533
pm_oer_all_in,CPI relative importance,2025-11-01,139.31871322729876,2.601804768749316
pm_oer_all_in,CPI relative importance,2025-12-01,139.37077992307908,2.6070207858450045
pm_oer_all_in,CPI relative importance,2026-01-01,139.87569569997817,2.301221164181544
pm_oer_all_in,CPI relative importance,2026-02-01,140.53084315479407,2.3358499084449758
pm_oer_all_in,CPI relative importance,2026-03-01,141.99332665808373,3.164567823375797
pm_oer_all_in,CPI relative importance,2026-04-01,143.02920536307323,3.6226163305257186
pm_oer_all_in,CPI relative importance,2026-05-01,143.91092725730346,4.056247947288538
pm_oer_all_in,CPI relative importance,2026-06-01,143.4020141726009,3.3555948679425462
pm_oer_all_in,CPI relative importance,2026-07-01,143.3587704399712,3.1735603773170196
