dimension,gap_label,basket,date,gap,se_gap
tenure,Renters minus homeowners,all_in,2011-01-01,-0.06647534087109719,NA
tenure,Renters minus homeowners,all_in,2011-02-01,-0.14185752649595873,NA
tenure,Renters minus homeowners,all_in,2011-03-01,-0.171689023772581,NA
tenure,Renters minus homeowners,all_in,2011-04-01,-0.2719356717192145,NA
tenure,Renters minus homeowners,all_in,2011-05-01,-0.37826577927251304,NA
tenure,Renters minus homeowners,all_in,2011-06-01,-0.4752122230334166,NA
tenure,Renters minus homeowners,all_in,2011-07-01,-0.4736682801597114,NA
tenure,Renters minus homeowners,all_in,2011-08-01,-0.35964416415719125,NA
tenure,Renters minus homeowners,all_in,2011-09-01,-0.36314111528519266,NA
tenure,Renters minus homeowners,all_in,2011-10-01,-0.17736885802595026,NA
tenure,Renters minus homeowners,all_in,2011-11-01,-0.1891593282258519,NA
tenure,Renters minus homeowners,all_in,2011-12-01,-0.15055032770256993,NA
tenure,Renters minus homeowners,all_in,2012-01-01,-0.20032362504620593,NA
tenure,Renters minus homeowners,all_in,2012-02-01,-0.18175822543120557,NA
tenure,Renters minus homeowners,all_in,2012-03-01,-0.24660582692970223,NA
tenure,Renters minus homeowners,all_in,2012-04-01,-0.1642430637225134,NA
tenure,Renters minus homeowners,all_in,2012-05-01,-0.020324284086048472,NA
tenure,Renters minus homeowners,all_in,2012-06-01,0.01971851098754307,NA
tenure,Renters minus homeowners,all_in,2012-07-01,0.13048085090541228,NA
tenure,Renters minus homeowners,all_in,2012-08-01,0.008372143455415149,NA
tenure,Renters minus homeowners,all_in,2012-09-01,-0.04254394309253229,NA
tenure,Renters minus homeowners,all_in,2012-10-01,-0.02480930644550572,NA
tenure,Renters minus homeowners,all_in,2012-11-01,0.0749869587902241,NA
tenure,Renters minus homeowners,all_in,2012-12-01,0.10904142365333325,NA
tenure,Renters minus homeowners,all_in,2013-01-01,0.1836686482946659,NA
tenure,Renters minus homeowners,all_in,2013-02-01,0.05146459967191319,NA
tenure,Renters minus homeowners,all_in,2013-03-01,0.2406063359424948,NA
tenure,Renters minus homeowners,all_in,2013-04-01,0.41744176540519096,NA
tenure,Renters minus homeowners,all_in,2013-05-01,0.38856130548812207,NA
tenure,Renters minus homeowners,all_in,2013-06-01,0.3615926642698719,NA
tenure,Renters minus homeowners,all_in,2013-07-01,0.2939723271988104,NA
tenure,Renters minus homeowners,all_in,2013-08-01,0.4736765253504416,NA
tenure,Renters minus homeowners,all_in,2013-09-01,0.5169672527365998,NA
tenure,Renters minus homeowners,all_in,2013-10-01,0.5666340063770647,NA
tenure,Renters minus homeowners,all_in,2013-11-01,0.5265128467591973,NA
tenure,Renters minus homeowners,all_in,2013-12-01,0.5165227190302879,NA
tenure,Renters minus homeowners,all_in,2014-01-01,0.450948040507293,NA
tenure,Renters minus homeowners,all_in,2014-02-01,0.5733978101901238,NA
tenure,Renters minus homeowners,all_in,2014-03-01,0.47273853357088225,NA
tenure,Renters minus homeowners,all_in,2014-04-01,0.39051781139201047,NA
tenure,Renters minus homeowners,all_in,2014-05-01,0.30571644230250605,NA
tenure,Renters minus homeowners,all_in,2014-06-01,0.41366064702119676,NA
tenure,Renters minus homeowners,all_in,2014-07-01,0.4536446154054019,NA
tenure,Renters minus homeowners,all_in,2014-08-01,0.47914237518151825,NA
tenure,Renters minus homeowners,all_in,2014-09-01,0.5403048260960608,NA
tenure,Renters minus homeowners,all_in,2014-10-01,0.5159982242372907,NA
tenure,Renters minus homeowners,all_in,2014-11-01,0.6650805924031777,NA
tenure,Renters minus homeowners,all_in,2014-12-01,0.7456437989488918,NA
tenure,Renters minus homeowners,all_in,2015-01-01,0.9955656466847485,NA
tenure,Renters minus homeowners,all_in,2015-02-01,1.078410160973764,NA
tenure,Renters minus homeowners,all_in,2015-03-01,1.08963211005495,NA
tenure,Renters minus homeowners,all_in,2015-04-01,1.033036588167624,NA
tenure,Renters minus homeowners,all_in,2015-05-01,1.0791890506877788,NA
tenure,Renters minus homeowners,all_in,2015-06-01,1.07889979703224,NA
tenure,Renters minus homeowners,all_in,2015-07-01,1.111637467827531,NA
tenure,Renters minus homeowners,all_in,2015-08-01,1.1747983743458534,NA
tenure,Renters minus homeowners,all_in,2015-09-01,1.2412709143889922,NA
tenure,Renters minus homeowners,all_in,2015-10-01,1.1767035798606496,NA
tenure,Renters minus homeowners,all_in,2015-11-01,1.047262258471493,NA
tenure,Renters minus homeowners,all_in,2015-12-01,1.0416039058512516,NA
tenure,Renters minus homeowners,all_in,2016-01-01,0.8587874702336906,NA
tenure,Renters minus homeowners,all_in,2016-02-01,0.8609568418379343,NA
tenure,Renters minus homeowners,all_in,2016-03-01,0.9098132141416526,NA
tenure,Renters minus homeowners,all_in,2016-04-01,0.9147997304840949,NA
tenure,Renters minus homeowners,all_in,2016-05-01,0.9006493863602971,NA
tenure,Renters minus homeowners,all_in,2016-06-01,0.8348347394503186,NA
tenure,Renters minus homeowners,all_in,2016-07-01,0.8848385260375347,NA
tenure,Renters minus homeowners,all_in,2016-08-01,0.719691814597545,NA
tenure,Renters minus homeowners,all_in,2016-09-01,0.5708288341057521,NA
tenure,Renters minus homeowners,all_in,2016-10-01,0.5680612332443324,NA
tenure,Renters minus homeowners,all_in,2016-11-01,0.636317851000312,NA
tenure,Renters minus homeowners,all_in,2016-12-01,0.5842094463445635,NA
tenure,Renters minus homeowners,all_in,2017-01-01,0.5094312846067872,NA
tenure,Renters minus homeowners,all_in,2017-02-01,0.49703148077462345,NA
tenure,Renters minus homeowners,all_in,2017-03-01,0.5845769834281311,NA
tenure,Renters minus homeowners,all_in,2017-04-01,0.5928494446175492,NA
tenure,Renters minus homeowners,all_in,2017-05-01,0.7423579320580576,NA
tenure,Renters minus homeowners,all_in,2017-06-01,0.8683525783409918,NA
tenure,Renters minus homeowners,all_in,2017-07-01,0.9045915634587676,NA
tenure,Renters minus homeowners,all_in,2017-08-01,0.9018055346680764,NA
tenure,Renters minus homeowners,all_in,2017-09-01,0.8346818444600279,NA
tenure,Renters minus homeowners,all_in,2017-10-01,0.866489828783279,NA
tenure,Renters minus homeowners,all_in,2017-11-01,0.8376315539730506,NA
tenure,Renters minus homeowners,all_in,2017-12-01,0.8461098950547585,NA
tenure,Renters minus homeowners,all_in,2018-01-01,0.8634340856618516,NA
tenure,Renters minus homeowners,all_in,2018-02-01,0.8150711621900619,NA
tenure,Renters minus homeowners,all_in,2018-03-01,0.7536702525462236,NA
tenure,Renters minus homeowners,all_in,2018-04-01,0.7770204366985389,NA
tenure,Renters minus homeowners,all_in,2018-05-01,0.5797911376306253,NA
tenure,Renters minus homeowners,all_in,2018-06-01,0.530423152568682,NA
tenure,Renters minus homeowners,all_in,2018-07-01,0.44621432035556463,NA
tenure,Renters minus homeowners,all_in,2018-08-01,0.5204036223139807,NA
tenure,Renters minus homeowners,all_in,2018-09-01,0.6166288293842914,NA
tenure,Renters minus homeowners,all_in,2018-10-01,0.5476321216286495,NA
tenure,Renters minus homeowners,all_in,2018-11-01,0.5269460159008865,NA
tenure,Renters minus homeowners,all_in,2018-12-01,0.46119572754659277,NA
tenure,Renters minus homeowners,all_in,2019-01-01,0.49033881123383694,NA
tenure,Renters minus homeowners,all_in,2019-02-01,0.5096382104119002,NA
tenure,Renters minus homeowners,all_in,2019-03-01,0.49445440718538514,NA
tenure,Renters minus homeowners,all_in,2019-04-01,0.4732467507403859,NA
tenure,Renters minus homeowners,all_in,2019-05-01,0.5541629560188888,NA
tenure,Renters minus homeowners,all_in,2019-06-01,0.5561021605321681,NA
tenure,Renters minus homeowners,all_in,2019-07-01,0.472433655510196,NA
tenure,Renters minus homeowners,all_in,2019-08-01,0.39348130833574135,NA
tenure,Renters minus homeowners,all_in,2019-09-01,0.352036210435247,NA
tenure,Renters minus homeowners,all_in,2019-10-01,0.24622908412390565,NA
tenure,Renters minus homeowners,all_in,2019-11-01,0.15444202097782966,NA
tenure,Renters minus homeowners,all_in,2019-12-01,0.1566333003413245,NA
tenure,Renters minus homeowners,all_in,2020-01-01,0.1537055159135159,NA
tenure,Renters minus homeowners,all_in,2020-02-01,0.13908455584517032,NA
tenure,Renters minus homeowners,all_in,2020-03-01,0.3914206062364034,NA
tenure,Renters minus homeowners,all_in,2020-04-01,0.6660972579431768,NA
tenure,Renters minus homeowners,all_in,2020-05-01,0.7336410843281183,NA
tenure,Renters minus homeowners,all_in,2020-06-01,0.5524705892085979,NA
tenure,Renters minus homeowners,all_in,2020-07-01,0.4201958588081256,NA
tenure,Renters minus homeowners,all_in,2020-08-01,0.2693068624395778,NA
tenure,Renters minus homeowners,all_in,2020-09-01,0.2920733585670021,NA
tenure,Renters minus homeowners,all_in,2020-10-01,0.45535839164467795,NA
tenure,Renters minus homeowners,all_in,2020-11-01,0.42371071207216726,NA
tenure,Renters minus homeowners,all_in,2020-12-01,0.39432132234225037,NA
tenure,Renters minus homeowners,all_in,2021-01-01,0.41199934990878706,0.04132531535848087
tenure,Renters minus homeowners,all_in,2021-02-01,0.49114864284336424,0.03904511221517195
tenure,Renters minus homeowners,all_in,2021-03-01,0.1571182598619325,0.03772336675723214
tenure,Renters minus homeowners,all_in,2021-04-01,-0.3979226149338988,0.07283785982247003
tenure,Renters minus homeowners,all_in,2021-05-01,-0.6188163440423944,0.10103959463605958
tenure,Renters minus homeowners,all_in,2021-06-01,-0.77009657406506,0.1407423441934732
tenure,Renters minus homeowners,all_in,2021-07-01,-0.7767165684511967,0.13991546412801095
tenure,Renters minus homeowners,all_in,2021-08-01,-0.5504559916133189,0.12019207913405144
tenure,Renters minus homeowners,all_in,2021-09-01,-0.5114239256437392,0.10096287483507216
tenure,Renters minus homeowners,all_in,2021-10-01,-0.8285806814634311,0.10900869869870149
tenure,Renters minus homeowners,all_in,2021-11-01,-0.9365898007983819,0.12872537804462683
tenure,Renters minus homeowners,all_in,2021-12-01,-1.0696404371091095,0.14236161893744842
tenure,Renters minus homeowners,all_in,2022-01-01,-1.1606487564158385,0.14104151536901316
tenure,Renters minus homeowners,all_in,2022-02-01,-1.3052964653009766,0.14001599164438064
tenure,Renters minus homeowners,all_in,2022-03-01,-1.3627784490147548,0.12168841256805826
tenure,Renters minus homeowners,all_in,2022-04-01,-1.0885978027467935,0.09180983003445307
tenure,Renters minus homeowners,all_in,2022-05-01,-1.016223517384729,0.08532510530471414
tenure,Renters minus homeowners,all_in,2022-06-01,-0.8381238136551765,0.09781208428923094
tenure,Renters minus homeowners,all_in,2022-07-01,-0.5367058605435506,0.08253218626649501
tenure,Renters minus homeowners,all_in,2022-08-01,-0.5821345611269688,0.06476929993950767
tenure,Renters minus homeowners,all_in,2022-09-01,-0.4645970282841425,0.06759248351935736
tenure,Renters minus homeowners,all_in,2022-10-01,0.012959756274932843,0.06173139162259339
tenure,Renters minus homeowners,all_in,2022-11-01,0.5576892830123192,0.06412493393268139
tenure,Renters minus homeowners,all_in,2022-12-01,1.086630119997145,0.07497840304478919
tenure,Renters minus homeowners,all_in,2023-01-01,1.386627193643819,0.08613166914349533
tenure,Renters minus homeowners,all_in,2023-02-01,1.8364360300832105,0.08613956328281917
tenure,Renters minus homeowners,all_in,2023-03-01,2.1906110773491916,0.07278861888303335
tenure,Renters minus homeowners,all_in,2023-04-01,2.4021998955862323,0.06313366886906194
tenure,Renters minus homeowners,all_in,2023-05-01,2.695481232393915,0.06556728498919681
tenure,Renters minus homeowners,all_in,2023-06-01,2.943376288775712,0.07221670621589589
tenure,Renters minus homeowners,all_in,2023-07-01,3.022077204873541,0.07177561694063975
tenure,Renters minus homeowners,all_in,2023-08-01,3.1555533022532556,0.07176922859607145
tenure,Renters minus homeowners,all_in,2023-09-01,3.109094409133817,0.07372717220344462
tenure,Renters minus homeowners,all_in,2023-10-01,3.022959769468969,0.06720669165516233
tenure,Renters minus homeowners,all_in,2023-11-01,2.7655225887362023,0.05963885887383062
tenure,Renters minus homeowners,all_in,2023-12-01,2.4815089914806077,0.05423714986451553
tenure,Renters minus homeowners,all_in,2024-01-01,2.2033766807350363,0.05098958161847999
tenure,Renters minus homeowners,all_in,2024-02-01,1.8829214575171838,0.046842079590179324
tenure,Renters minus homeowners,all_in,2024-03-01,1.6002209087652153,0.04680630383053
tenure,Renters minus homeowners,all_in,2024-04-01,1.4371348748624335,0.05177536494369418
tenure,Renters minus homeowners,all_in,2024-05-01,1.269545121220439,0.05657955294361285
tenure,Renters minus homeowners,all_in,2024-06-01,1.245881020463857,0.05620580802814568
tenure,Renters minus homeowners,all_in,2024-07-01,1.174466328178636,0.0579405818667605
tenure,Renters minus homeowners,all_in,2024-08-01,1.0515065462074924,0.05588526620737662
tenure,Renters minus homeowners,all_in,2024-09-01,1.040012068603291,0.04835057270439352
tenure,Renters minus homeowners,all_in,2024-10-01,0.8906285377329182,0.04312918660685261
tenure,Renters minus homeowners,all_in,2024-11-01,0.7795745160178669,0.03888790716754133
tenure,Renters minus homeowners,all_in,2024-12-01,0.7860069709512363,0.03569468456677221
tenure,Renters minus homeowners,all_in,2025-01-01,0.7437447676371223,0.030790089827391974
tenure,Renters minus homeowners,all_in,2025-02-01,0.6773176945615189,0.030150320494802492
tenure,Renters minus homeowners,all_in,2025-03-01,0.8349245740302935,0.03067157541784716
tenure,Renters minus homeowners,all_in,2025-04-01,0.7862147258775432,0.029851826120912844
tenure,Renters minus homeowners,all_in,2025-05-01,0.6780191381883016,0.02813503048409007
tenure,Renters minus homeowners,all_in,2025-06-01,0.4434090272456004,0.025630225014082346
tenure,Renters minus homeowners,all_in,2025-07-01,0.2561037694741364,0.02539985858835314
tenure,Renters minus homeowners,all_in,2025-08-01,0.17534453272711747,0.021838347674763954
tenure,Renters minus homeowners,all_in,2025-09-01,-0.029350882139911327,0.01847282947999473
tenure,Renters minus homeowners,all_in,2025-11-01,0.04548809763078587,0.0218576922147332
tenure,Renters minus homeowners,all_in,2025-12-01,-0.06425951148139042,0.024282107658810136
tenure,Renters minus homeowners,all_in,2026-01-01,0.1468784907921794,0.029666978293983844
tenure,Renters minus homeowners,all_in,2026-02-01,0.16041757694136294,0.031401650788430616
tenure,Renters minus homeowners,all_in,2026-03-01,-0.14246039234317998,0.041374394072424776
tenure,Renters minus homeowners,all_in,2026-04-01,-0.1375809201328515,0.05260887732556875
tenure,Renters minus homeowners,all_in,2026-05-01,-0.1763149218187987,0.06800209104801307
tenure,Renters minus homeowners,all_in,2026-06-01,0.04969167642085992,0.052953189212062
tenure,Renters minus homeowners,all_in,2026-07-01,0.2216734911979268,0.047699829270811275
tenure,Renters minus homeowners,ex_shelter,2011-01-01,0.183896206193368,NA
tenure,Renters minus homeowners,ex_shelter,2011-02-01,0.22355568426672967,NA
tenure,Renters minus homeowners,ex_shelter,2011-03-01,0.31232703303389897,NA
tenure,Renters minus homeowners,ex_shelter,2011-04-01,0.32455987253949825,NA
tenure,Renters minus homeowners,ex_shelter,2011-05-01,0.3212588773468861,NA
tenure,Renters minus homeowners,ex_shelter,2011-06-01,0.2510193006112216,NA
tenure,Renters minus homeowners,ex_shelter,2011-07-01,0.22645137663845905,NA
tenure,Renters minus homeowners,ex_shelter,2011-08-01,0.23488043882913257,NA
tenure,Renters minus homeowners,ex_shelter,2011-09-01,0.25171508319559166,NA
tenure,Renters minus homeowners,ex_shelter,2011-10-01,0.21854302634745082,NA
tenure,Renters minus homeowners,ex_shelter,2011-11-01,0.174131488749385,NA
tenure,Renters minus homeowners,ex_shelter,2011-12-01,0.09736190584845872,NA
tenure,Renters minus homeowners,ex_shelter,2012-01-01,0.0764395058253875,NA
tenure,Renters minus homeowners,ex_shelter,2012-02-01,0.05309051488067151,NA
tenure,Renters minus homeowners,ex_shelter,2012-03-01,-0.037719418195703014,NA
tenure,Renters minus homeowners,ex_shelter,2012-04-01,-0.08256502785874975,NA
tenure,Renters minus homeowners,ex_shelter,2012-05-01,-0.13058146442983531,NA
tenure,Renters minus homeowners,ex_shelter,2012-06-01,-0.12608936557525485,NA
tenure,Renters minus homeowners,ex_shelter,2012-07-01,-0.17028692570153492,NA
tenure,Renters minus homeowners,ex_shelter,2012-08-01,-0.1493641178365701,NA
tenure,Renters minus homeowners,ex_shelter,2012-09-01,-0.14286648232262333,NA
tenure,Renters minus homeowners,ex_shelter,2012-10-01,-0.10374976233553657,NA
tenure,Renters minus homeowners,ex_shelter,2012-11-01,-0.14655778179504253,NA
tenure,Renters minus homeowners,ex_shelter,2012-12-01,-0.10127435396984907,NA
tenure,Renters minus homeowners,ex_shelter,2013-01-01,-0.09664247136624837,NA
tenure,Renters minus homeowners,ex_shelter,2013-02-01,-0.07572827442159369,NA
tenure,Renters minus homeowners,ex_shelter,2013-03-01,-0.10548445907450077,NA
tenure,Renters minus homeowners,ex_shelter,2013-04-01,-0.10947533234471063,NA
tenure,Renters minus homeowners,ex_shelter,2013-05-01,-0.07491643545018967,NA
tenure,Renters minus homeowners,ex_shelter,2013-06-01,-0.02057839176781151,NA
tenure,Renters minus homeowners,ex_shelter,2013-07-01,0.035902618400096564,NA
tenure,Renters minus homeowners,ex_shelter,2013-08-01,-0.010029508470332793,NA
tenure,Renters minus homeowners,ex_shelter,2013-09-01,-0.05032074679660603,NA
tenure,Renters minus homeowners,ex_shelter,2013-10-01,-0.047030292078265035,NA
tenure,Renters minus homeowners,ex_shelter,2013-11-01,0.031123586334036446,NA
tenure,Renters minus homeowners,ex_shelter,2013-12-01,0.0540255022249303,NA
tenure,Renters minus homeowners,ex_shelter,2014-01-01,0.028783906589668895,NA
tenure,Renters minus homeowners,ex_shelter,2014-02-01,-0.0011766038936267265,NA
tenure,Renters minus homeowners,ex_shelter,2014-03-01,0.06903947174945468,NA
tenure,Renters minus homeowners,ex_shelter,2014-04-01,0.12070079712109827,NA
tenure,Renters minus homeowners,ex_shelter,2014-05-01,0.15175120044905732,NA
tenure,Renters minus homeowners,ex_shelter,2014-06-01,0.1756483514283591,NA
tenure,Renters minus homeowners,ex_shelter,2014-07-01,0.15205525449042412,NA
tenure,Renters minus homeowners,ex_shelter,2014-08-01,0.15664115009677015,NA
tenure,Renters minus homeowners,ex_shelter,2014-09-01,0.17426090646266434,NA
tenure,Renters minus homeowners,ex_shelter,2014-10-01,0.13792137127870419,NA
tenure,Renters minus homeowners,ex_shelter,2014-11-01,0.06477255044659014,NA
tenure,Renters minus homeowners,ex_shelter,2014-12-01,-0.0010052104750579716,NA
tenure,Renters minus homeowners,ex_shelter,2015-01-01,-0.029458933263193376,NA
tenure,Renters minus homeowners,ex_shelter,2015-02-01,0.020948419757904624,NA
tenure,Renters minus homeowners,ex_shelter,2015-03-01,-0.033302672101875874,NA
tenure,Renters minus homeowners,ex_shelter,2015-04-01,-0.10482982955457576,NA
tenure,Renters minus homeowners,ex_shelter,2015-05-01,-0.10384871548405616,NA
tenure,Renters minus homeowners,ex_shelter,2015-06-01,-0.08091132459034922,NA
tenure,Renters minus homeowners,ex_shelter,2015-07-01,-0.03687776867049575,NA
tenure,Renters minus homeowners,ex_shelter,2015-08-01,-0.020780843711387664,NA
tenure,Renters minus homeowners,ex_shelter,2015-09-01,-0.07986873608718525,NA
tenure,Renters minus homeowners,ex_shelter,2015-10-01,-0.0931669286329373,NA
tenure,Renters minus homeowners,ex_shelter,2015-11-01,-0.06067647954826061,NA
tenure,Renters minus homeowners,ex_shelter,2015-12-01,-0.030763912423381612,NA
tenure,Renters minus homeowners,ex_shelter,2016-01-01,-0.01593781100133196,NA
tenure,Renters minus homeowners,ex_shelter,2016-02-01,-0.10761688788557544,NA
tenure,Renters minus homeowners,ex_shelter,2016-03-01,-0.13491239119384213,NA
tenure,Renters minus homeowners,ex_shelter,2016-04-01,-0.10388018678060273,NA
tenure,Renters minus homeowners,ex_shelter,2016-05-01,-0.1543227611086273,NA
tenure,Renters minus homeowners,ex_shelter,2016-06-01,-0.19239277341238648,NA
tenure,Renters minus homeowners,ex_shelter,2016-07-01,-0.2667512700316954,NA
tenure,Renters minus homeowners,ex_shelter,2016-08-01,-0.34631176645815165,NA
tenure,Renters minus homeowners,ex_shelter,2016-09-01,-0.35555548229357914,NA
tenure,Renters minus homeowners,ex_shelter,2016-10-01,-0.3272262632202372,NA
tenure,Renters minus homeowners,ex_shelter,2016-11-01,-0.3051087879373693,NA
tenure,Renters minus homeowners,ex_shelter,2016-12-01,-0.2552791007541799,NA
tenure,Renters minus homeowners,ex_shelter,2017-01-01,-0.19968294111243345,NA
tenure,Renters minus homeowners,ex_shelter,2017-02-01,-0.156800168500415,NA
tenure,Renters minus homeowners,ex_shelter,2017-03-01,-0.1860599272247132,NA
tenure,Renters minus homeowners,ex_shelter,2017-04-01,-0.13193925428212072,NA
tenure,Renters minus homeowners,ex_shelter,2017-05-01,-0.09952079525485935,NA
tenure,Renters minus homeowners,ex_shelter,2017-06-01,-0.08498871456630308,NA
tenure,Renters minus homeowners,ex_shelter,2017-07-01,-0.025848574928666324,NA
tenure,Renters minus homeowners,ex_shelter,2017-08-01,0.053598254671616274,NA
tenure,Renters minus homeowners,ex_shelter,2017-09-01,0.17585985616390687,NA
tenure,Renters minus homeowners,ex_shelter,2017-10-01,0.1567185456306408,NA
tenure,Renters minus homeowners,ex_shelter,2017-11-01,0.2039372573766407,NA
tenure,Renters minus homeowners,ex_shelter,2017-12-01,0.16108414999858045,NA
tenure,Renters minus homeowners,ex_shelter,2018-01-01,0.146215720534415,NA
tenure,Renters minus homeowners,ex_shelter,2018-02-01,0.19930203980711436,NA
tenure,Renters minus homeowners,ex_shelter,2018-03-01,0.22965850360987528,NA
tenure,Renters minus homeowners,ex_shelter,2018-04-01,0.2179706933753911,NA
tenure,Renters minus homeowners,ex_shelter,2018-05-01,0.2338849261018794,NA
tenure,Renters minus homeowners,ex_shelter,2018-06-01,0.1940449911786324,NA
tenure,Renters minus homeowners,ex_shelter,2018-07-01,0.1847619329615302,NA
tenure,Renters minus homeowners,ex_shelter,2018-08-01,0.16168432387650977,NA
tenure,Renters minus homeowners,ex_shelter,2018-09-01,0.08017654963707876,NA
tenure,Renters minus homeowners,ex_shelter,2018-10-01,0.1174776336161587,NA
tenure,Renters minus homeowners,ex_shelter,2018-11-01,-0.04501945382298089,NA
tenure,Renters minus homeowners,ex_shelter,2018-12-01,-0.13963176553153378,NA
tenure,Renters minus homeowners,ex_shelter,2019-01-01,-0.19557781890777726,NA
tenure,Renters minus homeowners,ex_shelter,2019-02-01,-0.1885432923005581,NA
tenure,Renters minus homeowners,ex_shelter,2019-03-01,-0.15283253201205937,NA
tenure,Renters minus homeowners,ex_shelter,2019-04-01,-0.14586102673750379,NA
tenure,Renters minus homeowners,ex_shelter,2019-05-01,-0.16990153651028628,NA
tenure,Renters minus homeowners,ex_shelter,2019-06-01,-0.2073750550379394,NA
tenure,Renters minus homeowners,ex_shelter,2019-07-01,-0.2257011251945107,NA
tenure,Renters minus homeowners,ex_shelter,2019-08-01,-0.320844992238456,NA
tenure,Renters minus homeowners,ex_shelter,2019-09-01,-0.36802975742906696,NA
tenure,Renters minus homeowners,ex_shelter,2019-10-01,-0.428863067991192,NA
tenure,Renters minus homeowners,ex_shelter,2019-11-01,-0.35489821939602706,NA
tenure,Renters minus homeowners,ex_shelter,2019-12-01,-0.2902088411719017,NA
tenure,Renters minus homeowners,ex_shelter,2020-01-01,-0.2561436406032014,NA
tenure,Renters minus homeowners,ex_shelter,2020-02-01,-0.2960564738874627,NA
tenure,Renters minus homeowners,ex_shelter,2020-03-01,-0.38202393739852347,NA
tenure,Renters minus homeowners,ex_shelter,2020-04-01,-0.5382521405850937,NA
tenure,Renters minus homeowners,ex_shelter,2020-05-01,-0.6154908596596953,NA
tenure,Renters minus homeowners,ex_shelter,2020-06-01,-0.5004830460828114,NA
tenure,Renters minus homeowners,ex_shelter,2020-07-01,-0.4484283162670799,NA
tenure,Renters minus homeowners,ex_shelter,2020-08-01,-0.4001431572914882,NA
tenure,Renters minus homeowners,ex_shelter,2020-09-01,-0.3323017439514464,NA
tenure,Renters minus homeowners,ex_shelter,2020-10-01,-0.2593398724066942,NA
tenure,Renters minus homeowners,ex_shelter,2020-11-01,-0.21214348939093686,NA
tenure,Renters minus homeowners,ex_shelter,2020-12-01,-0.10838352928328465,NA
tenure,Renters minus homeowners,ex_shelter,2021-01-01,0.009273771694240374,0.05028457864346082
tenure,Renters minus homeowners,ex_shelter,2021-02-01,0.06385361849394755,0.04350324029261999
tenure,Renters minus homeowners,ex_shelter,2021-03-01,0.2017922584272247,0.046435729335807856
tenure,Renters minus homeowners,ex_shelter,2021-04-01,0.28724129894357464,0.09323447350717398
tenure,Renters minus homeowners,ex_shelter,2021-05-01,0.3731769345314273,0.12619289289449165
tenure,Renters minus homeowners,ex_shelter,2021-06-01,0.305786586157919,0.17498020423248856
tenure,Renters minus homeowners,ex_shelter,2021-07-01,0.2953504342497304,0.17297467731178068
tenure,Renters minus homeowners,ex_shelter,2021-08-01,0.3344545825440193,0.1483187834761701
tenure,Renters minus homeowners,ex_shelter,2021-09-01,0.32739721567167646,0.12341670083617207
tenure,Renters minus homeowners,ex_shelter,2021-10-01,0.24370497251060552,0.1314479184483157
tenure,Renters minus homeowners,ex_shelter,2021-11-01,0.2365035768798105,0.15560290953100678
tenure,Renters minus homeowners,ex_shelter,2021-12-01,0.11583965933936646,0.1724820683077321
tenure,Renters minus homeowners,ex_shelter,2022-01-01,-0.05744531169304956,0.1698675676898992
tenure,Renters minus homeowners,ex_shelter,2022-02-01,-0.05883884785571247,0.16775216377834817
tenure,Renters minus homeowners,ex_shelter,2022-03-01,0.07642914635326292,0.14411311097557988
tenure,Renters minus homeowners,ex_shelter,2022-04-01,0.0893566756678279,0.10964602931143654
tenure,Renters minus homeowners,ex_shelter,2022-05-01,0.17976971157067645,0.10582480722933565
tenure,Renters minus homeowners,ex_shelter,2022-06-01,0.3241091410615784,0.1330939049579233
tenure,Renters minus homeowners,ex_shelter,2022-07-01,0.164765233779951,0.11056609350688665
tenure,Renters minus homeowners,ex_shelter,2022-08-01,-0.10360861447529146,0.0837962014740565
tenure,Renters minus homeowners,ex_shelter,2022-09-01,-0.23389795302315441,0.0871823696257384
tenure,Renters minus homeowners,ex_shelter,2022-10-01,-0.048079645565435314,0.08168564529718736
tenure,Renters minus homeowners,ex_shelter,2022-11-01,0.048939936679803786,0.08365682494817557
tenure,Renters minus homeowners,ex_shelter,2022-12-01,0.0655757832176862,0.09530305811555599
tenure,Renters minus homeowners,ex_shelter,2023-01-01,0.2800112367206564,0.10792983709933711
tenure,Renters minus homeowners,ex_shelter,2023-02-01,0.45625046862953766,0.10648912348848771
tenure,Renters minus homeowners,ex_shelter,2023-03-01,0.3902321976011258,0.08792032375039924
tenure,Renters minus homeowners,ex_shelter,2023-04-01,0.5368682215912912,0.07552722431631213
tenure,Renters minus homeowners,ex_shelter,2023-05-01,0.5471101566340009,0.07913279511103931
tenure,Renters minus homeowners,ex_shelter,2023-06-01,0.4902516972739468,0.08776547567622184
tenure,Renters minus homeowners,ex_shelter,2023-07-01,0.6808294601429954,0.08574087505186143
tenure,Renters minus homeowners,ex_shelter,2023-08-01,1.0399931728773293,0.08439516523482352
tenure,Renters minus homeowners,ex_shelter,2023-09-01,1.1937553210446095,0.08610368691860422
tenure,Renters minus homeowners,ex_shelter,2023-10-01,1.0534002909089901,0.07853668247855225
tenure,Renters minus homeowners,ex_shelter,2023-11-01,0.8879324009084422,0.06990709798288848
tenure,Renters minus homeowners,ex_shelter,2023-12-01,0.8953437501732386,0.063582725787762015
tenure,Renters minus homeowners,ex_shelter,2024-01-01,0.7251634155213682,0.05932254856194737
tenure,Renters minus homeowners,ex_shelter,2024-02-01,0.5555091766670239,0.05423703262396145
tenure,Renters minus homeowners,ex_shelter,2024-03-01,0.47258328640229497,0.05397202906906209
tenure,Renters minus homeowners,ex_shelter,2024-04-01,0.3894774423141678,0.061684189004419424
tenure,Renters minus homeowners,ex_shelter,2024-05-01,0.27893373390452947,0.06766812014226542
tenure,Renters minus homeowners,ex_shelter,2024-06-01,0.19610466175563612,0.06748119748279179
tenure,Renters minus homeowners,ex_shelter,2024-07-01,0.12838531697210165,0.06973978365212515
tenure,Renters minus homeowners,ex_shelter,2024-08-01,0.003405428848868297,0.06651964733444345
tenure,Renters minus homeowners,ex_shelter,2024-09-01,-0.06174561906535647,0.05865781544733166
tenure,Renters minus homeowners,ex_shelter,2024-10-01,-0.058441471884962404,0.052005255909289554
tenure,Renters minus homeowners,ex_shelter,2024-11-01,8.821532621494654e-4,0.04718287565750178
tenure,Renters minus homeowners,ex_shelter,2024-12-01,0.05912017387814661,0.04345402677996997
tenure,Renters minus homeowners,ex_shelter,2025-01-01,0.11084311457338902,0.03699002139064398
tenure,Renters minus homeowners,ex_shelter,2025-02-01,0.08971294971518162,0.0359540947421617
tenure,Renters minus homeowners,ex_shelter,2025-03-01,0.02431012661163745,0.035941381940114196
tenure,Renters minus homeowners,ex_shelter,2025-04-01,-0.03644876478312575,0.0360331993823126
tenure,Renters minus homeowners,ex_shelter,2025-05-01,-0.04515750075579916,0.03447605306822091
tenure,Renters minus homeowners,ex_shelter,2025-06-01,-0.04643488713318433,0.02841560500209336
tenure,Renters minus homeowners,ex_shelter,2025-07-01,-0.08256538471620445,0.02735479892754674
tenure,Renters minus homeowners,ex_shelter,2025-08-01,-0.05675082189646741,0.02352691856398802
tenure,Renters minus homeowners,ex_shelter,2025-09-01,-0.036215434554498493,0.017423199160970453
tenure,Renters minus homeowners,ex_shelter,2025-11-01,0.037613818641424324,0.018271023958417787
tenure,Renters minus homeowners,ex_shelter,2025-12-01,2.4670296387974133e-4,0.024306723289304492
tenure,Renters minus homeowners,ex_shelter,2026-01-01,0.03321725878429049,0.031677080232106754
tenure,Renters minus homeowners,ex_shelter,2026-02-01,0.06496230995354235,0.03609736257651454
tenure,Renters minus homeowners,ex_shelter,2026-03-01,0.2603073612895024,0.05215036931810942
tenure,Renters minus homeowners,ex_shelter,2026-04-01,0.4192500751073469,0.0703626895372954
tenure,Renters minus homeowners,ex_shelter,2026-05-01,0.5220974744545526,0.09374013639004011
tenure,Renters minus homeowners,ex_shelter,2026-06-01,0.3990970119403192,0.07129218022601783
tenure,Renters minus homeowners,ex_shelter,2026-07-01,0.3937156807634068,0.06422814103306043
tenure,Renters minus homeowners,ex_housing,2011-01-01,0.14943782970124886,NA
tenure,Renters minus homeowners,ex_housing,2011-02-01,0.21300180471977015,NA
tenure,Renters minus homeowners,ex_housing,2011-03-01,0.3515288953002793,NA
tenure,Renters minus homeowners,ex_housing,2011-04-01,0.40498073170960325,NA
tenure,Renters minus homeowners,ex_housing,2011-05-01,0.3969734199896324,NA
tenure,Renters minus homeowners,ex_housing,2011-06-01,0.30719321635843677,NA
tenure,Renters minus homeowners,ex_housing,2011-07-01,0.27261141342769246,NA
tenure,Renters minus homeowners,ex_housing,2011-08-01,0.2856663698953543,NA
tenure,Renters minus homeowners,ex_housing,2011-09-01,0.3200046619038721,NA
tenure,Renters minus homeowners,ex_housing,2011-10-01,0.2660823830014758,NA
tenure,Renters minus homeowners,ex_housing,2011-11-01,0.21828964261083605,NA
tenure,Renters minus homeowners,ex_housing,2011-12-01,0.096842947676401,NA
tenure,Renters minus homeowners,ex_housing,2012-01-01,0.03814018787826612,NA
tenure,Renters minus homeowners,ex_housing,2012-02-01,-0.020755331531230325,NA
tenure,Renters minus homeowners,ex_housing,2012-03-01,-0.14726566957237175,NA
tenure,Renters minus homeowners,ex_housing,2012-04-01,-0.21971595907390729,NA
tenure,Renters minus homeowners,ex_housing,2012-05-01,-0.2836605190739139,NA
tenure,Renters minus homeowners,ex_housing,2012-06-01,-0.28154345532842573,NA
tenure,Renters minus homeowners,ex_housing,2012-07-01,-0.32046601351445325,NA
tenure,Renters minus homeowners,ex_housing,2012-08-01,-0.29162048545998687,NA
tenure,Renters minus homeowners,ex_housing,2012-09-01,-0.2828837967451703,NA
tenure,Renters minus homeowners,ex_housing,2012-10-01,-0.2307776851508736,NA
tenure,Renters minus homeowners,ex_housing,2012-11-01,-0.25017143615762016,NA
tenure,Renters minus homeowners,ex_housing,2012-12-01,-0.17915720599428475,NA
tenure,Renters minus homeowners,ex_housing,2013-01-01,-0.16730411536729495,NA
tenure,Renters minus homeowners,ex_housing,2013-02-01,-0.1420459058919077,NA
tenure,Renters minus homeowners,ex_housing,2013-03-01,-0.16540954218660087,NA
tenure,Renters minus homeowners,ex_housing,2013-04-01,-0.1392272190461341,NA
tenure,Renters minus homeowners,ex_housing,2013-05-01,-0.07638013395088183,NA
tenure,Renters minus homeowners,ex_housing,2013-06-01,-0.0010192272550391124,NA
tenure,Renters minus homeowners,ex_housing,2013-07-01,0.04507783130316412,NA
tenure,Renters minus homeowners,ex_housing,2013-08-01,-0.012475873602513232,NA
tenure,Renters minus homeowners,ex_housing,2013-09-01,-0.041749078715436205,NA
tenure,Renters minus homeowners,ex_housing,2013-10-01,-0.038108697399263924,NA
tenure,Renters minus homeowners,ex_housing,2013-11-01,0.02900035488588859,NA
tenure,Renters minus homeowners,ex_housing,2013-12-01,0.060431228097534984,NA
tenure,Renters minus homeowners,ex_housing,2014-01-01,0.06560456036994733,NA
tenure,Renters minus homeowners,ex_housing,2014-02-01,0.07498704231712061,NA
tenure,Renters minus homeowners,ex_housing,2014-03-01,0.15133364066677313,NA
tenure,Renters minus homeowners,ex_housing,2014-04-01,0.1752808684490459,NA
tenure,Renters minus homeowners,ex_housing,2014-05-01,0.19202924023213885,NA
tenure,Renters minus homeowners,ex_housing,2014-06-01,0.21133543967490898,NA
tenure,Renters minus homeowners,ex_housing,2014-07-01,0.1997677397239217,NA
tenure,Renters minus homeowners,ex_housing,2014-08-01,0.20328033635470533,NA
tenure,Renters minus homeowners,ex_housing,2014-09-01,0.21434729982583445,NA
tenure,Renters minus homeowners,ex_housing,2014-10-01,0.18387018704668634,NA
tenure,Renters minus homeowners,ex_housing,2014-11-01,0.0958537033641127,NA
tenure,Renters minus homeowners,ex_housing,2014-12-01,0.004295825497380168,NA
tenure,Renters minus homeowners,ex_housing,2015-01-01,-0.07030801357712502,NA
tenure,Renters minus homeowners,ex_housing,2015-02-01,-0.061492762905157594,NA
tenure,Renters minus homeowners,ex_housing,2015-03-01,-0.11174958738954244,NA
tenure,Renters minus homeowners,ex_housing,2015-04-01,-0.19380243604441016,NA
tenure,Renters minus homeowners,ex_housing,2015-05-01,-0.2012754604782785,NA
tenure,Renters minus homeowners,ex_housing,2015-06-01,-0.17842321134687866,NA
tenure,Renters minus homeowners,ex_housing,2015-07-01,-0.1528065432909842,NA
tenure,Renters minus homeowners,ex_housing,2015-08-01,-0.14434724400804733,NA
tenure,Renters minus homeowners,ex_housing,2015-09-01,-0.1984550262128737,NA
tenure,Renters minus homeowners,ex_housing,2015-10-01,-0.22997659588818165,NA
tenure,Renters minus homeowners,ex_housing,2015-11-01,-0.20682095994514205,NA
tenure,Renters minus homeowners,ex_housing,2015-12-01,-0.17885419710943484,NA
tenure,Renters minus homeowners,ex_housing,2016-01-01,-0.16427590092675803,NA
tenure,Renters minus homeowners,ex_housing,2016-02-01,-0.2584032415960058,NA
tenure,Renters minus homeowners,ex_housing,2016-03-01,-0.2979809651526666,NA
tenure,Renters minus homeowners,ex_housing,2016-04-01,-0.24909135822941408,NA
tenure,Renters minus homeowners,ex_housing,2016-05-01,-0.2792992922246107,NA
tenure,Renters minus homeowners,ex_housing,2016-06-01,-0.31532174167554494,NA
tenure,Renters minus homeowners,ex_housing,2016-07-01,-0.3697227178668494,NA
tenure,Renters minus homeowners,ex_housing,2016-08-01,-0.4570658548229911,NA
tenure,Renters minus homeowners,ex_housing,2016-09-01,-0.4629211673008671,NA
tenure,Renters minus homeowners,ex_housing,2016-10-01,-0.4084519777632911,NA
tenure,Renters minus homeowners,ex_housing,2016-11-01,-0.3653600013503677,NA
tenure,Renters minus homeowners,ex_housing,2016-12-01,-0.2852608771745313,NA
tenure,Renters minus homeowners,ex_housing,2017-01-01,-0.18803614771099042,NA
tenure,Renters minus homeowners,ex_housing,2017-02-01,-0.13194260686939518,NA
tenure,Renters minus homeowners,ex_housing,2017-03-01,-0.1108847023890025,NA
tenure,Renters minus homeowners,ex_housing,2017-04-01,-0.024300383354636246,NA
tenure,Renters minus homeowners,ex_housing,2017-05-01,0.011596335164654192,NA
tenure,Renters minus homeowners,ex_housing,2017-06-01,0.027094818404549414,NA
tenure,Renters minus homeowners,ex_housing,2017-07-01,0.06918471971766316,NA
tenure,Renters minus homeowners,ex_housing,2017-08-01,0.17002653396542833,NA
tenure,Renters minus homeowners,ex_housing,2017-09-01,0.29960507040796003,NA
tenure,Renters minus homeowners,ex_housing,2017-10-01,0.27033695945275493,NA
tenure,Renters minus homeowners,ex_housing,2017-11-01,0.32875942082384313,NA
tenure,Renters minus homeowners,ex_housing,2017-12-01,0.2729195177320065,NA
tenure,Renters minus homeowners,ex_housing,2018-01-01,0.2504527546482338,NA
tenure,Renters minus homeowners,ex_housing,2018-02-01,0.31220060280761075,NA
tenure,Renters minus homeowners,ex_housing,2018-03-01,0.2957931986360407,NA
tenure,Renters minus homeowners,ex_housing,2018-04-01,0.27306390831074445,NA
tenure,Renters minus homeowners,ex_housing,2018-05-01,0.2807175944761209,NA
tenure,Renters minus homeowners,ex_housing,2018-06-01,0.24077707856879904,NA
tenure,Renters minus homeowners,ex_housing,2018-07-01,0.24750977989103085,NA
tenure,Renters minus homeowners,ex_housing,2018-08-01,0.2346097155829341,NA
tenure,Renters minus homeowners,ex_housing,2018-09-01,0.1389818549092814,NA
tenure,Renters minus homeowners,ex_housing,2018-10-01,0.16949468416189717,NA
tenure,Renters minus homeowners,ex_housing,2018-11-01,-0.01738879149666417,NA
tenure,Renters minus homeowners,ex_housing,2018-12-01,-0.12523782787599025,NA
tenure,Renters minus homeowners,ex_housing,2019-01-01,-0.20363759403756454,NA
tenure,Renters minus homeowners,ex_housing,2019-02-01,-0.20329914373078406,NA
tenure,Renters minus homeowners,ex_housing,2019-03-01,-0.16559135243578993,NA
tenure,Renters minus homeowners,ex_housing,2019-04-01,-0.1771233231574465,NA
tenure,Renters minus homeowners,ex_housing,2019-05-01,-0.2025631590696797,NA
tenure,Renters minus homeowners,ex_housing,2019-06-01,-0.251367524850199,NA
tenure,Renters minus homeowners,ex_housing,2019-07-01,-0.2843202301463066,NA
tenure,Renters minus homeowners,ex_housing,2019-08-01,-0.42155851581244796,NA
tenure,Renters minus homeowners,ex_housing,2019-09-01,-0.4796454681680551,NA
tenure,Renters minus homeowners,ex_housing,2019-10-01,-0.557621181178436,NA
tenure,Renters minus homeowners,ex_housing,2019-11-01,-0.4893131199290801,NA
tenure,Renters minus homeowners,ex_housing,2019-12-01,-0.42880754010434785,NA
tenure,Renters minus homeowners,ex_housing,2020-01-01,-0.39490026991220173,NA
tenure,Renters minus homeowners,ex_housing,2020-02-01,-0.45586665667014525,NA
tenure,Renters minus homeowners,ex_housing,2020-03-01,-0.5689603241248786,NA
tenure,Renters minus homeowners,ex_housing,2020-04-01,-0.7271244723016768,NA
tenure,Renters minus homeowners,ex_housing,2020-05-01,-0.8077699168851593,NA
tenure,Renters minus homeowners,ex_housing,2020-06-01,-0.6717451136208474,NA
tenure,Renters minus homeowners,ex_housing,2020-07-01,-0.6448681400426315,NA
tenure,Renters minus homeowners,ex_housing,2020-08-01,-0.5759254278777215,NA
tenure,Renters minus homeowners,ex_housing,2020-09-01,-0.4877222457257302,NA
tenure,Renters minus homeowners,ex_housing,2020-10-01,-0.3981639695785688,NA
tenure,Renters minus homeowners,ex_housing,2020-11-01,-0.30118817569246836,NA
tenure,Renters minus homeowners,ex_housing,2020-12-01,-0.15279063872741805,NA
tenure,Renters minus homeowners,ex_housing,2021-01-01,-1.7713705384725387e-4,0.06396240129936304
tenure,Renters minus homeowners,ex_housing,2021-02-01,0.09118982342191106,0.055083951946005634
tenure,Renters minus homeowners,ex_housing,2021-03-01,0.2744656109612942,0.05676461262743486
tenure,Renters minus homeowners,ex_housing,2021-04-01,0.3649806940600131,0.11489441646147461
tenure,Renters minus homeowners,ex_housing,2021-05-01,0.47406858724299283,0.154662913179734
tenure,Renters minus homeowners,ex_housing,2021-06-01,0.37049306204450794,0.21081887569058622
tenure,Renters minus homeowners,ex_housing,2021-07-01,0.39775147492933094,0.20648400785662352
tenure,Renters minus homeowners,ex_housing,2021-08-01,0.4728616758933324,0.17747081764813136
tenure,Renters minus homeowners,ex_housing,2021-09-01,0.5159207742855498,0.14844336847754214
tenure,Renters minus homeowners,ex_housing,2021-10-01,0.4493334580438324,0.15804636580967113
tenure,Renters minus homeowners,ex_housing,2021-11-01,0.39774211021463834,0.1864729403671591
tenure,Renters minus homeowners,ex_housing,2021-12-01,0.22821009847071672,0.20585081573625538
tenure,Renters minus homeowners,ex_housing,2022-01-01,0.023556961966120227,0.20830676641388518
tenure,Renters minus homeowners,ex_housing,2022-02-01,0.023559591527822832,0.20523589880585844
tenure,Renters minus homeowners,ex_housing,2022-03-01,0.21893153511394203,0.1753359227134659
tenure,Renters minus homeowners,ex_housing,2022-04-01,0.2500544461788934,0.13285376119245523
tenure,Renters minus homeowners,ex_housing,2022-05-01,0.39698234593248394,0.1282376403106346
tenure,Renters minus homeowners,ex_housing,2022-06-01,0.5856638212383913,0.16710451792448838
tenure,Renters minus homeowners,ex_housing,2022-07-01,0.3284289198584496,0.13987625528226008
tenure,Renters minus homeowners,ex_housing,2022-08-01,-0.009618810945564604,0.10327936157353702
tenure,Renters minus homeowners,ex_housing,2022-09-01,-0.19549295530378963,0.10885211694890852
tenure,Renters minus homeowners,ex_housing,2022-10-01,0.04392397366099843,0.10359311341346872
tenure,Renters minus homeowners,ex_housing,2022-11-01,0.17621941549608167,0.10252670255964234
tenure,Renters minus homeowners,ex_housing,2022-12-01,0.19531952539331154,0.11472952684408023
tenure,Renters minus homeowners,ex_housing,2023-01-01,0.48665366094786666,0.13074254592328627
tenure,Renters minus homeowners,ex_housing,2023-02-01,0.6482505457346965,0.12943932601828734
tenure,Renters minus homeowners,ex_housing,2023-03-01,0.5277821400827998,0.10684602388424522
tenure,Renters minus homeowners,ex_housing,2023-04-01,0.6565175735569362,0.09273117109738309
tenure,Renters minus homeowners,ex_housing,2023-05-01,0.6058965617057321,0.09751498789882992
tenure,Renters minus homeowners,ex_housing,2023-06-01,0.5573883657847167,0.10872347501728917
tenure,Renters minus homeowners,ex_housing,2023-07-01,0.8638577969755756,0.1069318948581754
tenure,Renters minus homeowners,ex_housing,2023-08-01,1.3099299404739306,0.10493232366355942
tenure,Renters minus homeowners,ex_housing,2023-09-01,1.4972958707058837,0.10711071345527745
tenure,Renters minus homeowners,ex_housing,2023-10-01,1.2864573337914575,0.09750432569398924
tenure,Renters minus homeowners,ex_housing,2023-11-01,1.0768914292536125,0.08679112583930298
tenure,Renters minus homeowners,ex_housing,2023-12-01,1.063043554271137,0.0782467231577513
tenure,Renters minus homeowners,ex_housing,2024-01-01,0.83381058858647,0.07171329224927973
tenure,Renters minus homeowners,ex_housing,2024-02-01,0.6603011854007912,0.06554187638517829
tenure,Renters minus homeowners,ex_housing,2024-03-01,0.5405365529509654,0.06593770174657383
tenure,Renters minus homeowners,ex_housing,2024-04-01,0.4393279999846955,0.07650611361273371
tenure,Renters minus homeowners,ex_housing,2024-05-01,0.3215014115227177,0.0835646125490489
tenure,Renters minus homeowners,ex_housing,2024-06-01,0.23129955580738493,0.08317123721389037
tenure,Renters minus homeowners,ex_housing,2024-07-01,0.13678232940910195,0.08636729041918983
tenure,Renters minus homeowners,ex_housing,2024-08-01,-0.04724458610556592,0.081392732800115275
tenure,Renters minus homeowners,ex_housing,2024-09-01,-0.14934366179018,0.07159962461195711
tenure,Renters minus homeowners,ex_housing,2024-10-01,-0.1471334139152125,0.06340380196810674
tenure,Renters minus homeowners,ex_housing,2024-11-01,-0.05693665727561914,0.05850787016711909
tenure,Renters minus homeowners,ex_housing,2024-12-01,0.04151771966434126,0.05428912765804176
tenure,Renters minus homeowners,ex_housing,2025-01-01,0.09901454315413005,0.0458986675424335
tenure,Renters minus homeowners,ex_housing,2025-02-01,0.10121643400091695,0.04399981621521824
tenure,Renters minus homeowners,ex_housing,2025-03-01,0.05453409970166412,0.042308684190579544
tenure,Renters minus homeowners,ex_housing,2025-04-01,0.012847283733496973,0.041722433921560755
tenure,Renters minus homeowners,ex_housing,2025-05-01,0.012368285332153839,0.039744396299253096
tenure,Renters minus homeowners,ex_housing,2025-06-01,0.005736973156200698,0.03170266969326649
tenure,Renters minus homeowners,ex_housing,2025-07-01,-0.038871394065664866,0.030543461596881597
tenure,Renters minus homeowners,ex_housing,2025-08-01,0.0017023551659001157,0.025631947423186002
tenure,Renters minus homeowners,ex_housing,2025-09-01,0.015272212779460226,0.017786568741707694
tenure,Renters minus homeowners,ex_housing,2025-11-01,0.11430946858494995,0.019021019287390698
tenure,Renters minus homeowners,ex_housing,2025-12-01,0.1083787714293516,0.025372796249787145
tenure,Renters minus homeowners,ex_housing,2026-01-01,0.15243242806284307,0.034196379521203614
tenure,Renters minus homeowners,ex_housing,2026-02-01,0.20877569580239896,0.040550395286117626
tenure,Renters minus homeowners,ex_housing,2026-03-01,0.44193828541667646,0.06356907032801061
tenure,Renters minus homeowners,ex_housing,2026-04-01,0.5992213422376658,0.0877088772794208
tenure,Renters minus homeowners,ex_housing,2026-05-01,0.682705538476025,0.11757075167580999
tenure,Renters minus homeowners,ex_housing,2026-06-01,0.5496428834023348,0.0896048092080642
tenure,Renters minus homeowners,ex_housing,2026-07-01,0.5518524960152149,0.08006556360314801
tenure,Renters minus homeowners,pm_ex_shelter,2013-03-01,-0.02627267503272357,NA
tenure,Renters minus homeowners,pm_ex_shelter,2013-04-01,-0.04662826163843725,NA
tenure,Renters minus homeowners,pm_ex_shelter,2013-05-01,-0.028869168346590257,NA
tenure,Renters minus homeowners,pm_ex_shelter,2013-06-01,0.015436981156269347,NA
tenure,Renters minus homeowners,pm_ex_shelter,2013-07-01,0.05893031626860168,NA
tenure,Renters minus homeowners,pm_ex_shelter,2013-08-01,0.012843843116616682,NA
tenure,Renters minus homeowners,pm_ex_shelter,2013-09-01,-0.03610865439169775,NA
tenure,Renters minus homeowners,pm_ex_shelter,2013-10-01,-0.0460949876666783,NA
tenure,Renters minus homeowners,pm_ex_shelter,2013-11-01,0.01125984248504519,NA
tenure,Renters minus homeowners,pm_ex_shelter,2013-12-01,0.02100443083519199,NA
tenure,Renters minus homeowners,pm_ex_shelter,2014-01-01,-0.014378466546838276,NA
tenure,Renters minus homeowners,pm_ex_shelter,2014-02-01,-0.057610809795693996,NA
tenure,Renters minus homeowners,pm_ex_shelter,2014-03-01,0.00458608952105255,NA
tenure,Renters minus homeowners,pm_ex_shelter,2014-04-01,0.053196455243909035,NA
tenure,Renters minus homeowners,pm_ex_shelter,2014-05-01,0.0794248999957281,NA
tenure,Renters minus homeowners,pm_ex_shelter,2014-06-01,0.09474943858098772,NA
tenure,Renters minus homeowners,pm_ex_shelter,2014-07-01,0.06684164094867828,NA
tenure,Renters minus homeowners,pm_ex_shelter,2014-08-01,0.0645624657396926,NA
tenure,Renters minus homeowners,pm_ex_shelter,2014-09-01,0.0804075342393018,NA
tenure,Renters minus homeowners,pm_ex_shelter,2014-10-01,0.05177350933824876,NA
tenure,Renters minus homeowners,pm_ex_shelter,2014-11-01,-0.01566979560665427,NA
tenure,Renters minus homeowners,pm_ex_shelter,2014-12-01,-0.07725255629287275,NA
tenure,Renters minus homeowners,pm_ex_shelter,2015-01-01,-0.10163945582939427,NA
tenure,Renters minus homeowners,pm_ex_shelter,2015-02-01,-0.04554794157620723,NA
tenure,Renters minus homeowners,pm_ex_shelter,2015-03-01,-0.09442273408543089,NA
tenure,Renters minus homeowners,pm_ex_shelter,2015-04-01,-0.15805035722158411,NA
tenure,Renters minus homeowners,pm_ex_shelter,2015-05-01,-0.15039676523986856,NA
tenure,Renters minus homeowners,pm_ex_shelter,2015-06-01,-0.12232238206687507,NA
tenure,Renters minus homeowners,pm_ex_shelter,2015-07-01,-0.07413078051508037,NA
tenure,Renters minus homeowners,pm_ex_shelter,2015-08-01,-0.05418874423982478,NA
tenure,Renters minus homeowners,pm_ex_shelter,2015-09-01,-0.10028470007710233,NA
tenure,Renters minus homeowners,pm_ex_shelter,2015-10-01,-0.10243030801915243,NA
tenure,Renters minus homeowners,pm_ex_shelter,2015-11-01,-0.05829800665835272,NA
tenure,Renters minus homeowners,pm_ex_shelter,2015-12-01,-0.017541038723167812,NA
tenure,Renters minus homeowners,pm_ex_shelter,2016-01-01,0.015064471718129191,NA
tenure,Renters minus homeowners,pm_ex_shelter,2016-02-01,-0.06179344862987657,NA
tenure,Renters minus homeowners,pm_ex_shelter,2016-03-01,-0.07804146157256442,NA
tenure,Renters minus homeowners,pm_ex_shelter,2016-04-01,-0.046822400924018126,NA
tenure,Renters minus homeowners,pm_ex_shelter,2016-05-01,-0.08897576937978435,NA
tenure,Renters minus homeowners,pm_ex_shelter,2016-06-01,-0.1201141762864899,NA
tenure,Renters minus homeowners,pm_ex_shelter,2016-07-01,-0.18477726071627343,NA
tenure,Renters minus homeowners,pm_ex_shelter,2016-08-01,-0.2569903564368037,NA
tenure,Renters minus homeowners,pm_ex_shelter,2016-09-01,-0.2806694002410959,NA
tenure,Renters minus homeowners,pm_ex_shelter,2016-10-01,-0.26590443254312923,NA
tenure,Renters minus homeowners,pm_ex_shelter,2016-11-01,-0.2545706601528419,NA
tenure,Renters minus homeowners,pm_ex_shelter,2016-12-01,-0.21556349689215715,NA
tenure,Renters minus homeowners,pm_ex_shelter,2017-01-01,-0.1754883257939044,NA
tenure,Renters minus homeowners,pm_ex_shelter,2017-02-01,-0.14594640287004523,NA
tenure,Renters minus homeowners,pm_ex_shelter,2017-03-01,-0.18824715906859968,NA
tenure,Renters minus homeowners,pm_ex_shelter,2017-04-01,-0.1357132071633238,NA
tenure,Renters minus homeowners,pm_ex_shelter,2017-05-01,-0.11501620249532163,NA
tenure,Renters minus homeowners,pm_ex_shelter,2017-06-01,-0.10828765050114875,NA
tenure,Renters minus homeowners,pm_ex_shelter,2017-07-01,-0.06075521276187601,NA
tenure,Renters minus homeowners,pm_ex_shelter,2017-08-01,0.011692515858507946,NA
tenure,Renters minus homeowners,pm_ex_shelter,2017-09-01,0.14112301911244352,NA
tenure,Renters minus homeowners,pm_ex_shelter,2017-10-01,0.12292488741980634,NA
tenure,Renters minus homeowners,pm_ex_shelter,2017-11-01,0.16824874284320224,NA
tenure,Renters minus homeowners,pm_ex_shelter,2017-12-01,0.12425355909113645,NA
tenure,Renters minus homeowners,pm_ex_shelter,2018-01-01,0.11065009193074182,NA
tenure,Renters minus homeowners,pm_ex_shelter,2018-02-01,0.16040840846447413,NA
tenure,Renters minus homeowners,pm_ex_shelter,2018-03-01,0.18735736091710642,NA
tenure,Renters minus homeowners,pm_ex_shelter,2018-04-01,0.17301447742612552,NA
tenure,Renters minus homeowners,pm_ex_shelter,2018-05-01,0.1918083594967701,NA
tenure,Renters minus homeowners,pm_ex_shelter,2018-06-01,0.15208776394588508,NA
tenure,Renters minus homeowners,pm_ex_shelter,2018-07-01,0.14469394210729902,NA
tenure,Renters minus homeowners,pm_ex_shelter,2018-08-01,0.12098651557819196,NA
tenure,Renters minus homeowners,pm_ex_shelter,2018-09-01,0.06450274240845655,NA
tenure,Renters minus homeowners,pm_ex_shelter,2018-10-01,0.12729224713758924,NA
tenure,Renters minus homeowners,pm_ex_shelter,2018-11-01,-0.0058761733036094554,NA
tenure,Renters minus homeowners,pm_ex_shelter,2018-12-01,-0.06941523098646929,NA
tenure,Renters minus homeowners,pm_ex_shelter,2019-01-01,-0.10185602314434217,NA
tenure,Renters minus homeowners,pm_ex_shelter,2019-02-01,-0.07001043144083674,NA
tenure,Renters minus homeowners,pm_ex_shelter,2019-03-01,-0.006541075492583204,NA
tenure,Renters minus homeowners,pm_ex_shelter,2019-04-01,0.02938123436044826,NA
tenure,Renters minus homeowners,pm_ex_shelter,2019-05-01,0.030840780500507314,NA
tenure,Renters minus homeowners,pm_ex_shelter,2019-06-01,0.019508261743439448,NA
tenure,Renters minus homeowners,pm_ex_shelter,2019-07-01,0.029115657790401706,NA
tenure,Renters minus homeowners,pm_ex_shelter,2019-08-01,-0.03403462887774378,NA
tenure,Renters minus homeowners,pm_ex_shelter,2019-09-01,-0.07803078916523987,NA
tenure,Renters minus homeowners,pm_ex_shelter,2019-10-01,-0.13005496926634663,NA
tenure,Renters minus homeowners,pm_ex_shelter,2019-11-01,-0.05134336201650935,NA
tenure,Renters minus homeowners,pm_ex_shelter,2019-12-01,0.011497729549114766,NA
tenure,Renters minus homeowners,pm_ex_shelter,2020-01-01,0.05304809272399513,NA
tenure,Renters minus homeowners,pm_ex_shelter,2020-02-01,0.020261674068522417,NA
tenure,Renters minus homeowners,pm_ex_shelter,2020-03-01,-0.06073253888392305,NA
tenure,Renters minus homeowners,pm_ex_shelter,2020-04-01,-0.2219800720445142,NA
tenure,Renters minus homeowners,pm_ex_shelter,2020-05-01,-0.30339115493132063,NA
tenure,Renters minus homeowners,pm_ex_shelter,2020-06-01,-0.19293060592553424,NA
tenure,Renters minus homeowners,pm_ex_shelter,2020-07-01,-0.14586808284071662,NA
tenure,Renters minus homeowners,pm_ex_shelter,2020-08-01,-0.10715797039679842,NA
tenure,Renters minus homeowners,pm_ex_shelter,2020-09-01,-0.10771825582829297,NA
tenure,Renters minus homeowners,pm_ex_shelter,2020-10-01,-0.0934987116128827,NA
tenure,Renters minus homeowners,pm_ex_shelter,2020-11-01,-0.10372821938318122,NA
tenure,Renters minus homeowners,pm_ex_shelter,2020-12-01,-0.04846991874769557,NA
tenure,Renters minus homeowners,pm_ex_shelter,2021-01-01,0.02481185508806938,0.050100764281355147
tenure,Renters minus homeowners,pm_ex_shelter,2021-02-01,0.03399478299845882,0.04254932180846499
tenure,Renters minus homeowners,pm_ex_shelter,2021-03-01,0.12576344211261414,0.04567834887179317
tenure,Renters minus homeowners,pm_ex_shelter,2021-04-01,0.16424814356588158,0.0928120380820075
tenure,Renters minus homeowners,pm_ex_shelter,2021-05-01,0.2073595065723799,0.12496469363619275
tenure,Renters minus homeowners,pm_ex_shelter,2021-06-01,0.10159931174096304,0.17090108590790276
tenure,Renters minus homeowners,pm_ex_shelter,2021-07-01,0.053653255264918265,0.16674237570141548
tenure,Renters minus homeowners,pm_ex_shelter,2021-08-01,0.05867528457264015,0.14104162485825547
tenure,Renters minus homeowners,pm_ex_shelter,2021-09-01,0.07706866245977828,0.11686749747232461
tenure,Renters minus homeowners,pm_ex_shelter,2021-10-01,0.04793932529425504,0.12749889759486616
tenure,Renters minus homeowners,pm_ex_shelter,2021-11-01,0.09942450189370788,0.15358165123256276
tenure,Renters minus homeowners,pm_ex_shelter,2021-12-01,0.033831772240345614,0.1713750096068808
tenure,Renters minus homeowners,pm_ex_shelter,2022-01-01,-0.08934395709268017,0.16909288473918946
tenure,Renters minus homeowners,pm_ex_shelter,2022-02-01,-0.040062794539185376,0.16891244378057646
tenure,Renters minus homeowners,pm_ex_shelter,2022-03-01,0.1479280970095207,0.1468202930066344
tenure,Renters minus homeowners,pm_ex_shelter,2022-04-01,0.21672750298129628,0.11240214786699643
tenure,Renters minus homeowners,pm_ex_shelter,2022-05-01,0.3619923519238686,0.1057924020077354
tenure,Renters minus homeowners,pm_ex_shelter,2022-06-01,0.555519822593542,0.12758969394767306
tenure,Renters minus homeowners,pm_ex_shelter,2022-07-01,0.4498369735632455,0.10129177255948747
tenure,Renters minus homeowners,pm_ex_shelter,2022-08-01,0.23595442570378822,0.0672824765211841
tenure,Renters minus homeowners,pm_ex_shelter,2022-09-01,0.15943317607263197,0.06063728937484073
tenure,Renters minus homeowners,pm_ex_shelter,2022-10-01,0.2301564023338818,0.0657523785321154
tenure,Renters minus homeowners,pm_ex_shelter,2022-11-01,0.22085367390534127,0.0767237950254877
tenure,Renters minus homeowners,pm_ex_shelter,2022-12-01,0.14120094651572934,0.09315217849735122
tenure,Renters minus homeowners,pm_ex_shelter,2023-01-01,0.23635015525595993,0.10908567992494009
tenure,Renters minus homeowners,pm_ex_shelter,2023-02-01,0.2999781107732691,0.10843943487719804
tenure,Renters minus homeowners,pm_ex_shelter,2023-03-01,0.12422365111754985,0.086899607064752707
tenure,Renters minus homeowners,pm_ex_shelter,2023-04-01,0.1649534981831513,0.06948988163502487
tenure,Renters minus homeowners,pm_ex_shelter,2023-05-01,0.07635940730204016,0.06680172305801162
tenure,Renters minus homeowners,pm_ex_shelter,2023-06-01,-0.06915429154539243,0.07211646978979601
tenure,Renters minus homeowners,pm_ex_shelter,2023-07-01,0.02122849802967952,0.06710925518307996
tenure,Renters minus homeowners,pm_ex_shelter,2023-08-01,0.2846533769873538,0.0665387698344517
tenure,Renters minus homeowners,pm_ex_shelter,2023-09-01,0.3491531352204369,0.0666352642931648
tenure,Renters minus homeowners,pm_ex_shelter,2023-10-01,0.29132015760351404,0.06053407622586485
tenure,Renters minus homeowners,pm_ex_shelter,2023-11-01,0.19903351437200456,0.04996447455225544
tenure,Renters minus homeowners,pm_ex_shelter,2023-12-01,0.27432670899685263,0.04542291924457794
tenure,Renters minus homeowners,pm_ex_shelter,2024-01-01,0.18977587578983268,0.04731977065472864
tenure,Renters minus homeowners,pm_ex_shelter,2024-02-01,0.10590347075827289,0.04508691612268676
tenure,Renters minus homeowners,pm_ex_shelter,2024-03-01,0.10787365267903581,0.05005437597431443
tenure,Renters minus homeowners,pm_ex_shelter,2024-04-01,0.09812486880389493,0.060987828228296556
tenure,Renters minus homeowners,pm_ex_shelter,2024-05-01,0.06011700040122747,0.06840986844318274
tenure,Renters minus homeowners,pm_ex_shelter,2024-06-01,0.04427749835895778,0.06819503967447783
tenure,Renters minus homeowners,pm_ex_shelter,2024-07-01,0.04701438685186243,0.0699053927522778
tenure,Renters minus homeowners,pm_ex_shelter,2024-08-01,-0.010734497968578616,0.06552475610958323
tenure,Renters minus homeowners,pm_ex_shelter,2024-09-01,-0.016416157662124675,0.056498063219473024
tenure,Renters minus homeowners,pm_ex_shelter,2024-10-01,-0.02399263014714048,0.050036922388834795
tenure,Renters minus homeowners,pm_ex_shelter,2024-11-01,0.024489468757904476,0.04542495412883538
tenure,Renters minus homeowners,pm_ex_shelter,2024-12-01,0.06965255258550851,0.04202303684638234
tenure,Renters minus homeowners,pm_ex_shelter,2025-01-01,0.12126304616055794,0.036085110176590676
tenure,Renters minus homeowners,pm_ex_shelter,2025-02-01,0.09103153811635956,0.035369312373331595
tenure,Renters minus homeowners,pm_ex_shelter,2025-03-01,0.017062111597820895,0.03568745203292678
tenure,Renters minus homeowners,pm_ex_shelter,2025-04-01,-0.04250503757052826,0.035794076434726034
tenure,Renters minus homeowners,pm_ex_shelter,2025-05-01,-0.0499057983925022,0.03419197498776635
tenure,Renters minus homeowners,pm_ex_shelter,2025-06-01,-0.0479016484641992,0.028015218641076922
tenure,Renters minus homeowners,pm_ex_shelter,2025-07-01,-0.08453424014887023,0.026847043769929604
tenure,Renters minus homeowners,pm_ex_shelter,2025-08-01,-0.05479980922264982,0.022940558000929423
tenure,Renters minus homeowners,pm_ex_shelter,2025-09-01,-0.03062849059289885,0.016779317903788806
tenure,Renters minus homeowners,pm_ex_shelter,2025-11-01,-0.012719512915770892,0.018425498825383045
tenure,Renters minus homeowners,pm_ex_shelter,2025-12-01,-0.07676305258348393,0.02464172338883763
tenure,Renters minus homeowners,pm_ex_shelter,2026-01-01,-0.07063824075628222,0.03200420479610914
tenure,Renters minus homeowners,pm_ex_shelter,2026-02-01,-0.059423978830142055,0.03630148080368975
tenure,Renters minus homeowners,pm_ex_shelter,2026-03-01,0.11642552617150415,0.053153828440138357
tenure,Renters minus homeowners,pm_ex_shelter,2026-04-01,0.269713040791264,0.07117297770508357
tenure,Renters minus homeowners,pm_ex_shelter,2026-05-01,0.36429981122212407,0.0945822715904706
tenure,Renters minus homeowners,pm_ex_shelter,2026-06-01,0.23403980747493947,0.07083115821060246
tenure,Renters minus homeowners,pm_ex_shelter,2026-07-01,0.22296565041508565,0.06332351954723422
tenure,Renters minus homeowners,pm_oer_all_in,2021-12-01,-0.20724190579326507,0.13257880121270477
tenure,Renters minus homeowners,pm_oer_all_in,2022-01-01,-0.22408246351126593,0.1285609408779801
tenure,Renters minus homeowners,pm_oer_all_in,2022-02-01,-0.15567987861708765,0.1290690464203394
tenure,Renters minus homeowners,pm_oer_all_in,2022-03-01,-0.006699595711001649,0.11424813435560592
tenure,Renters minus homeowners,pm_oer_all_in,2022-04-01,0.10839428933264728,0.08703388391770413
tenure,Renters minus homeowners,pm_oer_all_in,2022-05-01,0.24106122993767798,0.07839675086100126
tenure,Renters minus homeowners,pm_oer_all_in,2022-06-01,0.49748237893911806,0.08566371044309402
tenure,Renters minus homeowners,pm_oer_all_in,2022-07-01,0.5409127164029535,0.06879202475171002
tenure,Renters minus homeowners,pm_oer_all_in,2022-08-01,0.3509615099861456,0.046383764374491133
tenure,Renters minus homeowners,pm_oer_all_in,2022-09-01,0.32104505922781,0.04122414290646985
tenure,Renters minus homeowners,pm_oer_all_in,2022-10-01,0.36978102889091424,0.04373963511132672
tenure,Renters minus homeowners,pm_oer_all_in,2022-11-01,0.4100511726845335,0.05305371572995289
tenure,Renters minus homeowners,pm_oer_all_in,2022-12-01,0.35556849372861965,0.06746763912989545
tenure,Renters minus homeowners,pm_oer_all_in,2023-01-01,0.38457974030523534,0.07905225881892167
tenure,Renters minus homeowners,pm_oer_all_in,2023-02-01,0.4075778855166856,0.08062382773870477
tenure,Renters minus homeowners,pm_oer_all_in,2023-03-01,0.26833962793313404,0.06830211583019166
tenure,Renters minus homeowners,pm_oer_all_in,2023-04-01,0.29841533312426893,0.05686502753983632
tenure,Renters minus homeowners,pm_oer_all_in,2023-05-01,0.19448759098663615,0.05560190398721367
tenure,Renters minus homeowners,pm_oer_all_in,2023-06-01,0.04142032606846424,0.05993147203559673
tenure,Renters minus homeowners,pm_oer_all_in,2023-07-01,0.05306804580120783,0.05838919467937706
tenure,Renters minus homeowners,pm_oer_all_in,2023-08-01,0.2875407733549329,0.05840143274270266
tenure,Renters minus homeowners,pm_oer_all_in,2023-09-01,0.27161203559729064,0.058327470617808255
tenure,Renters minus homeowners,pm_oer_all_in,2023-10-01,0.260372938363318,0.05390201970040327
tenure,Renters minus homeowners,pm_oer_all_in,2023-11-01,0.14203560937726678,0.04633456043469928
tenure,Renters minus homeowners,pm_oer_all_in,2023-12-01,0.17525689980080195,0.04139483179178794
tenure,Renters minus homeowners,pm_oer_all_in,2024-01-01,0.03201322578381127,0.042562165822342325
tenure,Renters minus homeowners,pm_oer_all_in,2024-02-01,-0.024254321316319327,0.04012000901320912
tenure,Renters minus homeowners,pm_oer_all_in,2024-03-01,9.549336254854879e-4,0.04233912781729842
tenure,Renters minus homeowners,pm_oer_all_in,2024-04-01,-0.0418413105278681,0.04853500867076386
tenure,Renters minus homeowners,pm_oer_all_in,2024-05-01,-0.0711463335522966,0.05348831684359706
tenure,Renters minus homeowners,pm_oer_all_in,2024-06-01,-0.09195729964808219,0.05356835793278558
tenure,Renters minus homeowners,pm_oer_all_in,2024-07-01,-0.048115495231182415,0.05484344772022988
tenure,Renters minus homeowners,pm_oer_all_in,2024-08-01,-0.19602403180720707,0.05265115253655357
tenure,Renters minus homeowners,pm_oer_all_in,2024-09-01,-0.17554615006276642,0.045495174081350995
tenure,Renters minus homeowners,pm_oer_all_in,2024-10-01,-0.2537969893218195,0.040655990231562356
tenure,Renters minus homeowners,pm_oer_all_in,2024-11-01,-0.23126320858390947,0.03631616326511161
tenure,Renters minus homeowners,pm_oer_all_in,2024-12-01,-0.18321883970744413,0.03354584854125284
tenure,Renters minus homeowners,pm_oer_all_in,2025-01-01,-0.0848072056983673,0.029522846823513742
tenure,Renters minus homeowners,pm_oer_all_in,2025-02-01,-0.10338944149357321,0.028824564224998645
tenure,Renters minus homeowners,pm_oer_all_in,2025-03-01,-0.15361109613538648,0.02970483039356799
tenure,Renters minus homeowners,pm_oer_all_in,2025-04-01,-0.18599685963380796,0.028609158168585377
tenure,Renters minus homeowners,pm_oer_all_in,2025-05-01,-0.1915476785983694,0.02691336364207758
tenure,Renters minus homeowners,pm_oer_all_in,2025-06-01,-0.1794149184833449,0.023722215993350722
tenure,Renters minus homeowners,pm_oer_all_in,2025-07-01,-0.23252591842437553,0.022344223366345707
tenure,Renters minus homeowners,pm_oer_all_in,2025-08-01,-0.1943173288226463,0.01878638729151884
tenure,Renters minus homeowners,pm_oer_all_in,2025-09-01,-0.14912707990197838,0.013559929410285766
tenure,Renters minus homeowners,pm_oer_all_in,2025-11-01,-0.11595612419139645,0.01743348674182442
tenure,Renters minus homeowners,pm_oer_all_in,2025-12-01,-0.18663569280277237,0.018472564108422077
tenure,Renters minus homeowners,pm_oer_all_in,2026-01-01,-0.18779718154950942,0.023522931308997675
tenure,Renters minus homeowners,pm_oer_all_in,2026-02-01,-0.22287080025171768,0.025780654823335095
tenure,Renters minus homeowners,pm_oer_all_in,2026-03-01,-0.133448556283855,0.03435779905343007
tenure,Renters minus homeowners,pm_oer_all_in,2026-04-01,-0.04004002791602179,0.045607293297763016
tenure,Renters minus homeowners,pm_oer_all_in,2026-05-01,0.05820193406480545,0.06049371361019942
tenure,Renters minus homeowners,pm_oer_all_in,2026-06-01,-0.03705438101364589,0.04607740178294534
tenure,Renters minus homeowners,pm_oer_all_in,2026-07-01,-0.010895309546321563,0.04119782992555542
income_quintile,Lowest minus highest income quintile,all_in,2011-01-01,-0.11238682524135069,NA
income_quintile,Lowest minus highest income quintile,all_in,2011-02-01,-0.07539083607848163,NA
income_quintile,Lowest minus highest income quintile,all_in,2011-03-01,-0.09850664468680215,NA
income_quintile,Lowest minus highest income quintile,all_in,2011-04-01,-0.08624029558161883,NA
income_quintile,Lowest minus highest income quintile,all_in,2011-05-01,-0.0822761297381902,NA
income_quintile,Lowest minus highest income quintile,all_in,2011-06-01,-0.13739722324102033,NA
income_quintile,Lowest minus highest income quintile,all_in,2011-07-01,-0.10775368410640418,NA
income_quintile,Lowest minus highest income quintile,all_in,2011-08-01,-0.0382245435762929,NA
income_quintile,Lowest minus highest income quintile,all_in,2011-09-01,0.03097164883221204,NA
income_quintile,Lowest minus highest income quintile,all_in,2011-10-01,0.1057416731029992,NA
income_quintile,Lowest minus highest income quintile,all_in,2011-11-01,0.11409116730376478,NA
income_quintile,Lowest minus highest income quintile,all_in,2011-12-01,0.15848806741327603,NA
income_quintile,Lowest minus highest income quintile,all_in,2012-01-01,0.1633085883261831,NA
income_quintile,Lowest minus highest income quintile,all_in,2012-02-01,0.18192649179997744,NA
income_quintile,Lowest minus highest income quintile,all_in,2012-03-01,0.16279059648784955,NA
income_quintile,Lowest minus highest income quintile,all_in,2012-04-01,0.16322944286149,NA
income_quintile,Lowest minus highest income quintile,all_in,2012-05-01,0.15054274093586617,NA
income_quintile,Lowest minus highest income quintile,all_in,2012-06-01,0.20480629531225425,NA
income_quintile,Lowest minus highest income quintile,all_in,2012-07-01,0.27372401084928555,NA
income_quintile,Lowest minus highest income quintile,all_in,2012-08-01,0.32472586329010955,NA
income_quintile,Lowest minus highest income quintile,all_in,2012-09-01,0.24285341820629025,NA
income_quintile,Lowest minus highest income quintile,all_in,2012-10-01,0.20183459790859004,NA
income_quintile,Lowest minus highest income quintile,all_in,2012-11-01,0.18646557957169296,NA
income_quintile,Lowest minus highest income quintile,all_in,2012-12-01,0.17914891885251194,NA
income_quintile,Lowest minus highest income quintile,all_in,2013-01-01,0.154768428844565,NA
income_quintile,Lowest minus highest income quintile,all_in,2013-02-01,0.11273426987921109,NA
income_quintile,Lowest minus highest income quintile,all_in,2013-03-01,0.1139172124965615,NA
income_quintile,Lowest minus highest income quintile,all_in,2013-04-01,0.17659181809595026,NA
income_quintile,Lowest minus highest income quintile,all_in,2013-05-01,0.21395680016704777,NA
income_quintile,Lowest minus highest income quintile,all_in,2013-06-01,0.29837566530257487,NA
income_quintile,Lowest minus highest income quintile,all_in,2013-07-01,0.28016124731018444,NA
income_quintile,Lowest minus highest income quintile,all_in,2013-08-01,0.29762951605771804,NA
income_quintile,Lowest minus highest income quintile,all_in,2013-09-01,0.30325579033705363,NA
income_quintile,Lowest minus highest income quintile,all_in,2013-10-01,0.33014024882753734,NA
income_quintile,Lowest minus highest income quintile,all_in,2013-11-01,0.2683689483556684,NA
income_quintile,Lowest minus highest income quintile,all_in,2013-12-01,0.31806425558227325,NA
income_quintile,Lowest minus highest income quintile,all_in,2014-01-01,0.4110758638532275,0.0246134181776947
income_quintile,Lowest minus highest income quintile,all_in,2014-02-01,0.4404241580637569,0.02986508815345842
income_quintile,Lowest minus highest income quintile,all_in,2014-03-01,0.47373662715284315,0.029686205872147257
income_quintile,Lowest minus highest income quintile,all_in,2014-04-01,0.3662871859563266,0.028071956092714633
income_quintile,Lowest minus highest income quintile,all_in,2014-05-01,0.36673668065494436,0.030217551203922364
income_quintile,Lowest minus highest income quintile,all_in,2014-06-01,0.4423774296386851,0.03060366698702415
income_quintile,Lowest minus highest income quintile,all_in,2014-07-01,0.49098365305499936,0.02962161551777558
income_quintile,Lowest minus highest income quintile,all_in,2014-08-01,0.4575140504190056,0.03176463169766937
income_quintile,Lowest minus highest income quintile,all_in,2014-09-01,0.4297126562983866,0.03282866029154271
income_quintile,Lowest minus highest income quintile,all_in,2014-10-01,0.36512450776138294,0.03568374105429988
income_quintile,Lowest minus highest income quintile,all_in,2014-11-01,0.4887122893739493,0.038362840118435944
income_quintile,Lowest minus highest income quintile,all_in,2014-12-01,0.5673121286436933,0.04795104440346758
income_quintile,Lowest minus highest income quintile,all_in,2015-01-01,0.45109752612163545,0.07396243894427922
income_quintile,Lowest minus highest income quintile,all_in,2015-02-01,0.4414591887275665,0.062982209794865
income_quintile,Lowest minus highest income quintile,all_in,2015-03-01,0.32742470771521814,0.06233691137312158
income_quintile,Lowest minus highest income quintile,all_in,2015-04-01,0.32644371026653296,0.06744632585999864
income_quintile,Lowest minus highest income quintile,all_in,2015-05-01,0.3149388782604068,0.06087125268149101
income_quintile,Lowest minus highest income quintile,all_in,2015-06-01,0.3109899933366522,0.060780537023032245
income_quintile,Lowest minus highest income quintile,all_in,2015-07-01,0.28538674556517485,0.06075818770685621
income_quintile,Lowest minus highest income quintile,all_in,2015-08-01,0.37794102220497505,0.060132170228080026
income_quintile,Lowest minus highest income quintile,all_in,2015-09-01,0.40910657733096434,0.06768200158604466
income_quintile,Lowest minus highest income quintile,all_in,2015-10-01,0.4404209083357036,0.06133310538372906
income_quintile,Lowest minus highest income quintile,all_in,2015-11-01,0.39728065104892574,0.055881115595474665
income_quintile,Lowest minus highest income quintile,all_in,2015-12-01,0.30747057938314004,0.05200578274105178
income_quintile,Lowest minus highest income quintile,all_in,2016-01-01,0.24116453022098305,0.04161140221119427
income_quintile,Lowest minus highest income quintile,all_in,2016-02-01,0.16744632309595442,0.0523636343668008
income_quintile,Lowest minus highest income quintile,all_in,2016-03-01,0.284399307001415,0.049838381474607264
income_quintile,Lowest minus highest income quintile,all_in,2016-04-01,0.3628496734628506,0.04697997243693354
income_quintile,Lowest minus highest income quintile,all_in,2016-05-01,0.34747712747196235,0.05215105078604018
income_quintile,Lowest minus highest income quintile,all_in,2016-06-01,0.30635212791154665,0.05679941194181285
income_quintile,Lowest minus highest income quintile,all_in,2016-07-01,0.38152403274942515,0.05835851918802685
income_quintile,Lowest minus highest income quintile,all_in,2016-08-01,0.28108497525924925,0.057779559929076026
income_quintile,Lowest minus highest income quintile,all_in,2016-09-01,0.2774447213622855,0.050732664273741734
income_quintile,Lowest minus highest income quintile,all_in,2016-10-01,0.2644136836526201,0.04745628536487218
income_quintile,Lowest minus highest income quintile,all_in,2016-11-01,0.334367671499769,0.04616955315115991
income_quintile,Lowest minus highest income quintile,all_in,2016-12-01,0.3329157342947697,0.04663258027053936
income_quintile,Lowest minus highest income quintile,all_in,2017-01-01,0.356463251778405,0.049285517110186895
income_quintile,Lowest minus highest income quintile,all_in,2017-02-01,0.41748268090366913,0.06291566636040773
income_quintile,Lowest minus highest income quintile,all_in,2017-03-01,0.44709342259654505,0.052819130573043153
income_quintile,Lowest minus highest income quintile,all_in,2017-04-01,0.46671310288171064,0.04822754724364237
income_quintile,Lowest minus highest income quintile,all_in,2017-05-01,0.56191688600431,0.043152233639335395
income_quintile,Lowest minus highest income quintile,all_in,2017-06-01,0.6123678896010176,0.0430115532009383
income_quintile,Lowest minus highest income quintile,all_in,2017-07-01,0.6911058531306802,0.04502130013500347
income_quintile,Lowest minus highest income quintile,all_in,2017-08-01,0.6478994550096484,0.04723971163375271
income_quintile,Lowest minus highest income quintile,all_in,2017-09-01,0.6093014486435067,0.05467531710367351
income_quintile,Lowest minus highest income quintile,all_in,2017-10-01,0.6094181840244906,0.04910192901019701
income_quintile,Lowest minus highest income quintile,all_in,2017-11-01,0.6291602409449926,0.049963372620471264
income_quintile,Lowest minus highest income quintile,all_in,2017-12-01,0.6100662925061728,0.04161568558510187
income_quintile,Lowest minus highest income quintile,all_in,2018-01-01,0.6437801873738103,0.03963218126357197
income_quintile,Lowest minus highest income quintile,all_in,2018-02-01,0.6143383563126603,0.04286750715891462
income_quintile,Lowest minus highest income quintile,all_in,2018-03-01,0.5154946045209163,0.038833461814784025
income_quintile,Lowest minus highest income quintile,all_in,2018-04-01,0.5256271473093932,0.04349950409417334
income_quintile,Lowest minus highest income quintile,all_in,2018-05-01,0.4008741732433041,0.053833397197265376
income_quintile,Lowest minus highest income quintile,all_in,2018-06-01,0.37649920610702825,0.05512358621474442
income_quintile,Lowest minus highest income quintile,all_in,2018-07-01,0.2207873902457136,0.053484835637107084
income_quintile,Lowest minus highest income quintile,all_in,2018-08-01,0.28590745808616536,0.044119956927418026
income_quintile,Lowest minus highest income quintile,all_in,2018-09-01,0.3091499581995061,0.03381624321371529
income_quintile,Lowest minus highest income quintile,all_in,2018-10-01,0.3864620788030404,0.03934393652249425
income_quintile,Lowest minus highest income quintile,all_in,2018-11-01,0.3328237410998858,0.026311169814396296
income_quintile,Lowest minus highest income quintile,all_in,2018-12-01,0.25318866847201527,0.02642325758908482
income_quintile,Lowest minus highest income quintile,all_in,2019-01-01,0.22826516339615743,0.02945224550470154
income_quintile,Lowest minus highest income quintile,all_in,2019-02-01,0.27145369874195246,0.03156467584353154
income_quintile,Lowest minus highest income quintile,all_in,2019-03-01,0.4029205224407306,0.03440978373709233
income_quintile,Lowest minus highest income quintile,all_in,2019-04-01,0.42069165553819676,0.040154546367588986
income_quintile,Lowest minus highest income quintile,all_in,2019-05-01,0.5199030421990214,0.04154990674961476
income_quintile,Lowest minus highest income quintile,all_in,2019-06-01,0.44752258764964026,0.04357513898148099
income_quintile,Lowest minus highest income quintile,all_in,2019-07-01,0.46652304236034503,0.04931862978743707
income_quintile,Lowest minus highest income quintile,all_in,2019-08-01,0.4263996211693488,0.05480226915588974
income_quintile,Lowest minus highest income quintile,all_in,2019-09-01,0.44802562746657504,0.05650304319300012
income_quintile,Lowest minus highest income quintile,all_in,2019-10-01,0.5025374725399878,0.061973052503256035
income_quintile,Lowest minus highest income quintile,all_in,2019-11-01,0.5041275732523554,0.06532264989591122
income_quintile,Lowest minus highest income quintile,all_in,2019-12-01,0.6246596217032607,0.06890320731787145
income_quintile,Lowest minus highest income quintile,all_in,2020-01-01,0.6501100403252913,0.07657772760534318
income_quintile,Lowest minus highest income quintile,all_in,2020-02-01,0.5554943117096034,0.07217243772036262
income_quintile,Lowest minus highest income quintile,all_in,2020-03-01,0.7572021633487802,0.07417265002300617
income_quintile,Lowest minus highest income quintile,all_in,2020-04-01,1.1465651697752932,0.09018523398711065
income_quintile,Lowest minus highest income quintile,all_in,2020-05-01,1.2217663662711153,0.09348069753244281
income_quintile,Lowest minus highest income quintile,all_in,2020-06-01,1.247215263724799,0.08793711378187397
income_quintile,Lowest minus highest income quintile,all_in,2020-07-01,1.1345353698885896,0.0785374791570907
income_quintile,Lowest minus highest income quintile,all_in,2020-08-01,0.9706248081807534,0.07192202275821713
income_quintile,Lowest minus highest income quintile,all_in,2020-09-01,0.7953561848434765,0.06914532541889115
income_quintile,Lowest minus highest income quintile,all_in,2020-10-01,0.7041054359837151,0.0683447213249085
income_quintile,Lowest minus highest income quintile,all_in,2020-11-01,0.5610829256619043,0.061959098803854244
income_quintile,Lowest minus highest income quintile,all_in,2020-12-01,0.5149442602049525,0.05504382729333713
income_quintile,Lowest minus highest income quintile,all_in,2021-01-01,0.6051324635835353,0.07218669461072591
income_quintile,Lowest minus highest income quintile,all_in,2021-02-01,0.7437991473299377,0.07006108870151564
income_quintile,Lowest minus highest income quintile,all_in,2021-03-01,0.41062924115342625,0.06272194087121738
income_quintile,Lowest minus highest income quintile,all_in,2021-04-01,-0.36135475145497864,0.11560609676836064
income_quintile,Lowest minus highest income quintile,all_in,2021-05-01,-0.7001059614626604,0.1664968635154538
income_quintile,Lowest minus highest income quintile,all_in,2021-06-01,-1.0423099997116658,0.23967563033352401
income_quintile,Lowest minus highest income quintile,all_in,2021-07-01,-1.127421487934277,0.2384561406556601
income_quintile,Lowest minus highest income quintile,all_in,2021-08-01,-0.8872703168075757,0.20322109060694513
income_quintile,Lowest minus highest income quintile,all_in,2021-09-01,-0.6676774470176117,0.1685878365971796
income_quintile,Lowest minus highest income quintile,all_in,2021-10-01,-0.6855027863867269,0.1805501117510671
income_quintile,Lowest minus highest income quintile,all_in,2021-11-01,-0.6615955532204731,0.21299963149335455
income_quintile,Lowest minus highest income quintile,all_in,2021-12-01,-0.7950208446706464,0.23949365898122543
income_quintile,Lowest minus highest income quintile,all_in,2022-01-01,-0.7963035225353012,0.273925083065048
income_quintile,Lowest minus highest income quintile,all_in,2022-02-01,-0.8502800354013083,0.2743966480351429
income_quintile,Lowest minus highest income quintile,all_in,2022-03-01,-0.5816731487417339,0.23240757473570398
income_quintile,Lowest minus highest income quintile,all_in,2022-04-01,-0.24211487277978527,0.16489370172281365
income_quintile,Lowest minus highest income quintile,all_in,2022-05-01,0.10684350919243357,0.14256865847513994
income_quintile,Lowest minus highest income quintile,all_in,2022-06-01,0.6289243223624794,0.15046315600835022
income_quintile,Lowest minus highest income quintile,all_in,2022-07-01,0.8834508256773557,0.13724273048635205
income_quintile,Lowest minus highest income quintile,all_in,2022-08-01,0.7741041456948761,0.11405131968024382
income_quintile,Lowest minus highest income quintile,all_in,2022-09-01,0.815888987572988,0.12041322241029534
income_quintile,Lowest minus highest income quintile,all_in,2022-10-01,0.8070302256886208,0.11363818925552094
income_quintile,Lowest minus highest income quintile,all_in,2022-11-01,0.908063780830326,0.12470234563488665
income_quintile,Lowest minus highest income quintile,all_in,2022-12-01,0.9809799779600947,0.1473530684771265
income_quintile,Lowest minus highest income quintile,all_in,2023-01-01,0.9885176145325136,0.11991313685997017
income_quintile,Lowest minus highest income quintile,all_in,2023-02-01,0.9548639117860969,0.1207975704944092
income_quintile,Lowest minus highest income quintile,all_in,2023-03-01,0.5895372074571581,0.1082999042611175
income_quintile,Lowest minus highest income quintile,all_in,2023-04-01,0.5149224544118036,0.09888568712730908
income_quintile,Lowest minus highest income quintile,all_in,2023-05-01,0.27462819635817315,0.10664955423621487
income_quintile,Lowest minus highest income quintile,all_in,2023-06-01,0.12255654375296077,0.11802059996871027
income_quintile,Lowest minus highest income quintile,all_in,2023-07-01,0.08313046026148241,0.11832487670693402
income_quintile,Lowest minus highest income quintile,all_in,2023-08-01,0.240426368158686,0.11776364796631962
income_quintile,Lowest minus highest income quintile,all_in,2023-09-01,0.15412374787502348,0.12243256258402097
income_quintile,Lowest minus highest income quintile,all_in,2023-10-01,0.3120941849926062,0.11015128130738723
income_quintile,Lowest minus highest income quintile,all_in,2023-11-01,0.32543736660166633,0.09929482624586805
income_quintile,Lowest minus highest income quintile,all_in,2023-12-01,0.33152546625554447,0.09085595752664362
income_quintile,Lowest minus highest income quintile,all_in,2024-01-01,0.2619629476367846,0.08107862245743656
income_quintile,Lowest minus highest income quintile,all_in,2024-02-01,0.32392524064612793,0.07388590986456187
income_quintile,Lowest minus highest income quintile,all_in,2024-03-01,0.5108601518155176,0.07351826003142722
income_quintile,Lowest minus highest income quintile,all_in,2024-04-01,0.5737632137646997,0.08106493741527972
income_quintile,Lowest minus highest income quintile,all_in,2024-05-01,0.7171182565212764,0.08767330787449132
income_quintile,Lowest minus highest income quintile,all_in,2024-06-01,0.7788844887589796,0.08703372259728744
income_quintile,Lowest minus highest income quintile,all_in,2024-07-01,0.8683451965830757,0.08928360463326147
income_quintile,Lowest minus highest income quintile,all_in,2024-08-01,0.7256214184089282,0.08656592663010877
income_quintile,Lowest minus highest income quintile,all_in,2024-09-01,0.7262882528860093,0.07452444235229047
income_quintile,Lowest minus highest income quintile,all_in,2024-10-01,0.5809926103795382,0.06595326985398588
income_quintile,Lowest minus highest income quintile,all_in,2024-11-01,0.41856324501330366,0.05936659638158238
income_quintile,Lowest minus highest income quintile,all_in,2024-12-01,0.47579188337341094,0.05446613774244777
income_quintile,Lowest minus highest income quintile,all_in,2025-01-01,0.4394844585609903,0.043318530813047144
income_quintile,Lowest minus highest income quintile,all_in,2025-02-01,0.44383219559920306,0.0430924176954761
income_quintile,Lowest minus highest income quintile,all_in,2025-03-01,0.5198005225303115,0.04771146949076057
income_quintile,Lowest minus highest income quintile,all_in,2025-04-01,0.49695830172018507,0.04553934185818098
income_quintile,Lowest minus highest income quintile,all_in,2025-05-01,0.46701586837873954,0.042124605808760776
income_quintile,Lowest minus highest income quintile,all_in,2025-06-01,0.4718494612021118,0.04241336236868351
income_quintile,Lowest minus highest income quintile,all_in,2025-07-01,0.33125932974664707,0.04552984911302718
income_quintile,Lowest minus highest income quintile,all_in,2025-08-01,0.2610578848885048,0.039716162614096856
income_quintile,Lowest minus highest income quintile,all_in,2025-09-01,0.19189652357289866,0.037397312849387514
income_quintile,Lowest minus highest income quintile,all_in,2025-11-01,0.43546775846941,0.044825942710244156
income_quintile,Lowest minus highest income quintile,all_in,2025-12-01,0.2576602616905399,0.04675145151644645
income_quintile,Lowest minus highest income quintile,all_in,2026-01-01,0.3182171826197955,0.050601284107922265
income_quintile,Lowest minus highest income quintile,all_in,2026-02-01,0.26151215325342925,0.05526332317068003
income_quintile,Lowest minus highest income quintile,all_in,2026-03-01,0.13633995470543336,0.0727907816128345
income_quintile,Lowest minus highest income quintile,all_in,2026-04-01,0.19151919654782912,0.09134674823269272
income_quintile,Lowest minus highest income quintile,all_in,2026-05-01,0.16493535806354487,0.11599450015242793
income_quintile,Lowest minus highest income quintile,all_in,2026-06-01,0.04031561441248943,0.09115135998699533
income_quintile,Lowest minus highest income quintile,all_in,2026-07-01,0.09691518294505652,0.08296070382178888
income_quintile,Lowest minus highest income quintile,ex_shelter,2011-01-01,0.005333198364798619,NA
income_quintile,Lowest minus highest income quintile,ex_shelter,2011-02-01,0.09793816707091008,NA
income_quintile,Lowest minus highest income quintile,ex_shelter,2011-03-01,0.1362249487799394,NA
income_quintile,Lowest minus highest income quintile,ex_shelter,2011-04-01,0.18728809452530637,NA
income_quintile,Lowest minus highest income quintile,ex_shelter,2011-05-01,0.2566448948893907,NA
income_quintile,Lowest minus highest income quintile,ex_shelter,2011-06-01,0.24776439368936476,NA
income_quintile,Lowest minus highest income quintile,ex_shelter,2011-07-01,0.30146064787914817,NA
income_quintile,Lowest minus highest income quintile,ex_shelter,2011-08-01,0.2980075365548229,NA
income_quintile,Lowest minus highest income quintile,ex_shelter,2011-09-01,0.37677829571836075,NA
income_quintile,Lowest minus highest income quintile,ex_shelter,2011-10-01,0.3268405391388507,NA
income_quintile,Lowest minus highest income quintile,ex_shelter,2011-11-01,0.34219666299835083,NA
income_quintile,Lowest minus highest income quintile,ex_shelter,2011-12-01,0.30681232654172774,NA
income_quintile,Lowest minus highest income quintile,ex_shelter,2012-01-01,0.32185577719601177,NA
income_quintile,Lowest minus highest income quintile,ex_shelter,2012-02-01,0.34463328190548204,NA
income_quintile,Lowest minus highest income quintile,ex_shelter,2012-03-01,0.2855401206163455,NA
income_quintile,Lowest minus highest income quintile,ex_shelter,2012-04-01,0.22092189885767333,NA
income_quintile,Lowest minus highest income quintile,ex_shelter,2012-05-01,0.1062790993534124,NA
income_quintile,Lowest minus highest income quintile,ex_shelter,2012-06-01,0.11827035094245097,NA
income_quintile,Lowest minus highest income quintile,ex_shelter,2012-07-01,0.0405023564481688,NA
income_quintile,Lowest minus highest income quintile,ex_shelter,2012-08-01,0.2090057874383877,NA
income_quintile,Lowest minus highest income quintile,ex_shelter,2012-09-01,0.1807233640504391,NA
income_quintile,Lowest minus highest income quintile,ex_shelter,2012-10-01,0.16791344007149878,NA
income_quintile,Lowest minus highest income quintile,ex_shelter,2012-11-01,0.07788814734466243,NA
income_quintile,Lowest minus highest income quintile,ex_shelter,2012-12-01,0.061886697802915336,NA
income_quintile,Lowest minus highest income quintile,ex_shelter,2013-01-01,0.010638768597659443,NA
income_quintile,Lowest minus highest income quintile,ex_shelter,2013-02-01,0.009669803014289435,NA
income_quintile,Lowest minus highest income quintile,ex_shelter,2013-03-01,-0.09778697273981063,NA
income_quintile,Lowest minus highest income quintile,ex_shelter,2013-04-01,-0.10032993582058669,NA
income_quintile,Lowest minus highest income quintile,ex_shelter,2013-05-01,-0.01992564838653177,NA
income_quintile,Lowest minus highest income quintile,ex_shelter,2013-06-01,0.09024608241903209,NA
income_quintile,Lowest minus highest income quintile,ex_shelter,2013-07-01,0.16083597435840868,NA
income_quintile,Lowest minus highest income quintile,ex_shelter,2013-08-01,0.0595301044941543,NA
income_quintile,Lowest minus highest income quintile,ex_shelter,2013-09-01,0.010167763987234402,NA
income_quintile,Lowest minus highest income quintile,ex_shelter,2013-10-01,-0.023208545521269386,NA
income_quintile,Lowest minus highest income quintile,ex_shelter,2013-11-01,0.009018839284302693,NA
income_quintile,Lowest minus highest income quintile,ex_shelter,2013-12-01,0.09240202704656753,NA
income_quintile,Lowest minus highest income quintile,ex_shelter,2014-01-01,0.2252076699727379,0.02739169372353236
income_quintile,Lowest minus highest income quintile,ex_shelter,2014-02-01,0.1938979512454253,0.035228358626428986
income_quintile,Lowest minus highest income quintile,ex_shelter,2014-03-01,0.3288878321571209,0.033798456328039184
income_quintile,Lowest minus highest income quintile,ex_shelter,2014-04-01,0.2583126205860431,0.030589325276488197
income_quintile,Lowest minus highest income quintile,ex_shelter,2014-05-01,0.33268461627362633,0.032103580526934135
income_quintile,Lowest minus highest income quintile,ex_shelter,2014-06-01,0.35070184939625104,0.033591170337708705
income_quintile,Lowest minus highest income quintile,ex_shelter,2014-07-01,0.3588523874221483,0.03152429474303748
income_quintile,Lowest minus highest income quintile,ex_shelter,2014-08-01,0.3113159380265129,0.03262118681859011
income_quintile,Lowest minus highest income quintile,ex_shelter,2014-09-01,0.2560672978780154,0.033532406445344366
income_quintile,Lowest minus highest income quintile,ex_shelter,2014-10-01,0.2099767333780589,0.035179185437736786
income_quintile,Lowest minus highest income quintile,ex_shelter,2014-11-01,0.1892779648962506,0.041361466637985574
income_quintile,Lowest minus highest income quintile,ex_shelter,2014-12-01,0.19693627107838507,0.05419583623978844
income_quintile,Lowest minus highest income quintile,ex_shelter,2015-01-01,-0.06774562356091085,0.0952483982299293
income_quintile,Lowest minus highest income quintile,ex_shelter,2015-02-01,-0.10759579933599106,0.08124728701251753
income_quintile,Lowest minus highest income quintile,ex_shelter,2015-03-01,-0.26200828521661945,0.08199784537055627
income_quintile,Lowest minus highest income quintile,ex_shelter,2015-04-01,-0.2679208322250104,0.08848872710826731
income_quintile,Lowest minus highest income quintile,ex_shelter,2015-05-01,-0.353057707415938,0.08083280811492388
income_quintile,Lowest minus highest income quintile,ex_shelter,2015-06-01,-0.3503267514976538,0.08052014885549395
income_quintile,Lowest minus highest income quintile,ex_shelter,2015-07-01,-0.3210155693865513,0.08023918005498713
income_quintile,Lowest minus highest income quintile,ex_shelter,2015-08-01,-0.2565770698791825,0.07905868310833991
income_quintile,Lowest minus highest income quintile,ex_shelter,2015-09-01,-0.28093428000459664,0.08938815543766052
income_quintile,Lowest minus highest income quintile,ex_shelter,2015-10-01,-0.21021026663807785,0.08080637984736155
income_quintile,Lowest minus highest income quintile,ex_shelter,2015-11-01,-0.16718082175292137,0.07360712857821188
income_quintile,Lowest minus highest income quintile,ex_shelter,2015-12-01,-0.2594801073560582,0.06893370318764648
income_quintile,Lowest minus highest income quintile,ex_shelter,2016-01-01,-0.2162614567422505,0.05137678430750903
income_quintile,Lowest minus highest income quintile,ex_shelter,2016-02-01,-0.31499466422779676,0.0658642559331388
income_quintile,Lowest minus highest income quintile,ex_shelter,2016-03-01,-0.24100296212294925,0.06198601169642976
income_quintile,Lowest minus highest income quintile,ex_shelter,2016-04-01,-0.14759692091108612,0.05679499255550373
income_quintile,Lowest minus highest income quintile,ex_shelter,2016-05-01,-0.13342004650858108,0.0626015029674276
income_quintile,Lowest minus highest income quintile,ex_shelter,2016-06-01,-0.10907262655250882,0.0665011132537995
income_quintile,Lowest minus highest income quintile,ex_shelter,2016-07-01,-0.16805970311070118,0.07037340069263255
income_quintile,Lowest minus highest income quintile,ex_shelter,2016-08-01,-0.1944215365251578,0.06840683784815191
income_quintile,Lowest minus highest income quintile,ex_shelter,2016-09-01,-0.11577804650972912,0.05834119653233794
income_quintile,Lowest minus highest income quintile,ex_shelter,2016-10-01,-0.10842185603441301,0.05352175124560581
income_quintile,Lowest minus highest income quintile,ex_shelter,2016-11-01,-0.09305233337777441,0.05188282790698285
income_quintile,Lowest minus highest income quintile,ex_shelter,2016-12-01,-0.02527729901533604,0.05241333012732471
income_quintile,Lowest minus highest income quintile,ex_shelter,2017-01-01,0.051929448440546366,0.058086102623011046
income_quintile,Lowest minus highest income quintile,ex_shelter,2017-02-01,0.14645823650905054,0.07610785806843064
income_quintile,Lowest minus highest income quintile,ex_shelter,2017-03-01,0.09454994775972558,0.0623727762224578
income_quintile,Lowest minus highest income quintile,ex_shelter,2017-04-01,0.17051021676788292,0.05554647878946328
income_quintile,Lowest minus highest income quintile,ex_shelter,2017-05-01,0.20308498603314185,0.04869173333675746
income_quintile,Lowest minus highest income quintile,ex_shelter,2017-06-01,0.1505948950172753,0.04924098229151079
income_quintile,Lowest minus highest income quintile,ex_shelter,2017-07-01,0.20592996422441612,0.05071009920344291
income_quintile,Lowest minus highest income quintile,ex_shelter,2017-08-01,0.23289219619138102,0.05460143153649962
income_quintile,Lowest minus highest income quintile,ex_shelter,2017-09-01,0.2916520271789347,0.06475452058768046
income_quintile,Lowest minus highest income quintile,ex_shelter,2017-10-01,0.27975366701478155,0.057627202478087246
income_quintile,Lowest minus highest income quintile,ex_shelter,2017-11-01,0.3304358663801299,0.05913628471845861
income_quintile,Lowest minus highest income quintile,ex_shelter,2017-12-01,0.2793874510661043,0.048599693342779055
income_quintile,Lowest minus highest income quintile,ex_shelter,2018-01-01,0.2714395613281795,0.04449594061390047
income_quintile,Lowest minus highest income quintile,ex_shelter,2018-02-01,0.2871476291696151,0.04968474270999007
income_quintile,Lowest minus highest income quintile,ex_shelter,2018-03-01,0.3001470278942042,0.04466675126312369
income_quintile,Lowest minus highest income quintile,ex_shelter,2018-04-01,0.2869784979781409,0.050298428048763784
income_quintile,Lowest minus highest income quintile,ex_shelter,2018-05-01,0.3097651317599759,0.06460958744893777
income_quintile,Lowest minus highest income quintile,ex_shelter,2018-06-01,0.23490042979310566,0.06751232478272941
income_quintile,Lowest minus highest income quintile,ex_shelter,2018-07-01,0.14473217216020018,0.06539220431251568
income_quintile,Lowest minus highest income quintile,ex_shelter,2018-08-01,0.12075788661589648,0.053678723541471504
income_quintile,Lowest minus highest income quintile,ex_shelter,2018-09-01,0.017561286510403562,0.038793178437870744
income_quintile,Lowest minus highest income quintile,ex_shelter,2018-10-01,0.10570657388113691,0.04644201833740597
income_quintile,Lowest minus highest income quintile,ex_shelter,2018-11-01,-0.01203084077772143,0.028745358639876966
income_quintile,Lowest minus highest income quintile,ex_shelter,2018-12-01,-0.06282956130829742,0.02975448815114132
income_quintile,Lowest minus highest income quintile,ex_shelter,2019-01-01,-0.12073140385753245,0.033370189086490795
income_quintile,Lowest minus highest income quintile,ex_shelter,2019-02-01,-0.08512238671223304,0.03554479050325806
income_quintile,Lowest minus highest income quintile,ex_shelter,2019-03-01,0.04702167904029331,0.03916961412234083
income_quintile,Lowest minus highest income quintile,ex_shelter,2019-04-01,0.0902540117659889,0.046243781450616805
income_quintile,Lowest minus highest income quintile,ex_shelter,2019-05-01,0.09380586742018249,0.04840020358694145
income_quintile,Lowest minus highest income quintile,ex_shelter,2019-06-01,0.037631368832280465,0.050695236064715765
income_quintile,Lowest minus highest income quintile,ex_shelter,2019-07-01,0.12321250716735843,0.057867315165638956
income_quintile,Lowest minus highest income quintile,ex_shelter,2019-08-01,0.0670573317433254,0.06570200596418728
income_quintile,Lowest minus highest income quintile,ex_shelter,2019-09-01,0.16072976460297372,0.0674466736959105
income_quintile,Lowest minus highest income quintile,ex_shelter,2019-10-01,0.2431306018740642,0.07516099506984246
income_quintile,Lowest minus highest income quintile,ex_shelter,2019-11-01,0.398057534659535,0.07930989583424433
income_quintile,Lowest minus highest income quintile,ex_shelter,2019-12-01,0.5303280175240399,0.08425787836758741
income_quintile,Lowest minus highest income quintile,ex_shelter,2020-01-01,0.5865230824225076,0.09379414420562465
income_quintile,Lowest minus highest income quintile,ex_shelter,2020-02-01,0.48194883966681257,0.08813225544471882
income_quintile,Lowest minus highest income quintile,ex_shelter,2020-03-01,0.45952122067765,0.089355327905432
income_quintile,Lowest minus highest income quintile,ex_shelter,2020-04-01,0.6036232964249155,0.10751243239084647
income_quintile,Lowest minus highest income quintile,ex_shelter,2020-05-01,0.6172226513748269,0.11134416211304589
income_quintile,Lowest minus highest income quintile,ex_shelter,2020-06-01,0.8148469118226309,0.10484320346707666
income_quintile,Lowest minus highest income quintile,ex_shelter,2020-07-01,0.7777744004872078,0.09268258656615136
income_quintile,Lowest minus highest income quintile,ex_shelter,2020-08-01,0.7078528407546969,0.0844576418738444
income_quintile,Lowest minus highest income quintile,ex_shelter,2020-09-01,0.48569648241998387,0.07893772189651817
income_quintile,Lowest minus highest income quintile,ex_shelter,2020-10-01,0.30808754456406184,0.0774393275923754
income_quintile,Lowest minus highest income quintile,ex_shelter,2020-11-01,0.21353654399751676,0.07156639243079356
income_quintile,Lowest minus highest income quintile,ex_shelter,2020-12-01,0.2327064728756545,0.06329079593531677
income_quintile,Lowest minus highest income quintile,ex_shelter,2021-01-01,0.3264917909174381,0.08014163320901033
income_quintile,Lowest minus highest income quintile,ex_shelter,2021-02-01,0.4337160466554968,0.07045344381877541
income_quintile,Lowest minus highest income quintile,ex_shelter,2021-03-01,0.37515883008170103,0.07081812144842621
income_quintile,Lowest minus highest income quintile,ex_shelter,2021-04-01,-0.042290696357749624,0.13637987562975631
income_quintile,Lowest minus highest income quintile,ex_shelter,2021-05-01,-0.2891881019823961,0.19514249097249073
income_quintile,Lowest minus highest income quintile,ex_shelter,2021-06-01,-0.5810017822783564,0.2823634447100388
income_quintile,Lowest minus highest income quintile,ex_shelter,2021-07-01,-0.5992516014254212,0.27873075324973273
income_quintile,Lowest minus highest income quintile,ex_shelter,2021-08-01,-0.4607318083246881,0.23694056864019297
income_quintile,Lowest minus highest income quintile,ex_shelter,2021-09-01,-0.21951894231053704,0.19367358148940206
income_quintile,Lowest minus highest income quintile,ex_shelter,2021-10-01,-0.042310316424254424,0.20274408345675166
income_quintile,Lowest minus highest income quintile,ex_shelter,2021-11-01,0.050856630594453556,0.24042969788264898
income_quintile,Lowest minus highest income quintile,ex_shelter,2021-12-01,-0.06656009352985581,0.2720689591664186
income_quintile,Lowest minus highest income quintile,ex_shelter,2022-01-01,-0.09284783573659894,0.3081358174257358
income_quintile,Lowest minus highest income quintile,ex_shelter,2022-02-01,-0.03871060559201922,0.3053962762944296
income_quintile,Lowest minus highest income quintile,ex_shelter,2022-03-01,0.39548745960087395,0.25045137805553885
income_quintile,Lowest minus highest income quintile,ex_shelter,2022-04-01,0.6243002872982508,0.17487484533370182
income_quintile,Lowest minus highest income quintile,ex_shelter,2022-05-01,1.050755705548557,0.1561951980671845
income_quintile,Lowest minus highest income quintile,ex_shelter,2022-06-01,1.5088356134461698,0.1941641176602766
income_quintile,Lowest minus highest income quintile,ex_shelter,2022-07-01,1.4718696861823144,0.16783951003312753
income_quintile,Lowest minus highest income quintile,ex_shelter,2022-08-01,1.3142386380923448,0.13831555754791247
income_quintile,Lowest minus highest income quintile,ex_shelter,2022-09-01,1.2548241241180378,0.14724830047853338
income_quintile,Lowest minus highest income quintile,ex_shelter,2022-10-01,1.094608431748112,0.14404716279353577
income_quintile,Lowest minus highest income quintile,ex_shelter,2022-11-01,0.9252583485661603,0.15531763436891194
income_quintile,Lowest minus highest income quintile,ex_shelter,2022-12-01,0.7538717948583074,0.18001102977483027
income_quintile,Lowest minus highest income quintile,ex_shelter,2023-01-01,0.7473276495964409,0.14137162198092518
income_quintile,Lowest minus highest income quintile,ex_shelter,2023-02-01,0.5442571403803775,0.14095631760904934
income_quintile,Lowest minus highest income quintile,ex_shelter,2023-03-01,-0.06420342298358861,0.12512993686240872
income_quintile,Lowest minus highest income quintile,ex_shelter,2023-04-01,-0.2909974430916673,0.11519356482396907
income_quintile,Lowest minus highest income quintile,ex_shelter,2023-05-01,-0.7174925565628376,0.12608985575434561
income_quintile,Lowest minus highest income quintile,ex_shelter,2023-06-01,-1.0109496837606424,0.14056426276551212
income_quintile,Lowest minus highest income quintile,ex_shelter,2023-07-01,-1.0126320385444365,0.13948477388390196
income_quintile,Lowest minus highest income quintile,ex_shelter,2023-08-01,-0.8471248800949849,0.13832253340686557
income_quintile,Lowest minus highest income quintile,ex_shelter,2023-09-01,-0.8248120622379784,0.14303611837635388
income_quintile,Lowest minus highest income quintile,ex_shelter,2023-10-01,-0.7631361046472995,0.12922390745756232
income_quintile,Lowest minus highest income quintile,ex_shelter,2023-11-01,-0.7115600539107314,0.11637413489957264
income_quintile,Lowest minus highest income quintile,ex_shelter,2023-12-01,-0.5823618073714121,0.10626394772735742
income_quintile,Lowest minus highest income quintile,ex_shelter,2024-01-01,-0.5677037747531033,0.09470186155038979
income_quintile,Lowest minus highest income quintile,ex_shelter,2024-02-01,-0.4165413990393385,0.08554697066106652
income_quintile,Lowest minus highest income quintile,ex_shelter,2024-03-01,-0.10808126699417553,0.0834023388293131
income_quintile,Lowest minus highest income quintile,ex_shelter,2024-04-01,0.06672694261524725,0.09341607509478687
income_quintile,Lowest minus highest income quintile,ex_shelter,2024-05-01,0.255827588816282,0.10085043926429887
income_quintile,Lowest minus highest income quintile,ex_shelter,2024-06-01,0.3080560061817561,0.10070598721267539
income_quintile,Lowest minus highest income quintile,ex_shelter,2024-07-01,0.4254172786685828,0.10350406617402497
income_quintile,Lowest minus highest income quintile,ex_shelter,2024-08-01,0.3435435594438818,0.09941795137286301
income_quintile,Lowest minus highest income quintile,ex_shelter,2024-09-01,0.2378607978040126,0.0867543619774302
income_quintile,Lowest minus highest income quintile,ex_shelter,2024-10-01,0.17545001807075522,0.0771437239236615
income_quintile,Lowest minus highest income quintile,ex_shelter,2024-11-01,0.12344437345903625,0.06946450751430305
income_quintile,Lowest minus highest income quintile,ex_shelter,2024-12-01,0.18456855996502597,0.06384478059882441
income_quintile,Lowest minus highest income quintile,ex_shelter,2025-01-01,0.184299431385071,0.04796773456159177
income_quintile,Lowest minus highest income quintile,ex_shelter,2025-02-01,0.21316568747886677,0.04752492696338389
income_quintile,Lowest minus highest income quintile,ex_shelter,2025-03-01,0.11900022383415365,0.049734755328353794
income_quintile,Lowest minus highest income quintile,ex_shelter,2025-04-01,0.12508999402363052,0.04957211170336969
income_quintile,Lowest minus highest income quintile,ex_shelter,2025-05-01,0.15619789789833582,0.04624241416849834
income_quintile,Lowest minus highest income quintile,ex_shelter,2025-06-01,0.1948613580470715,0.03873403683016195
income_quintile,Lowest minus highest income quintile,ex_shelter,2025-07-01,0.05279087882108513,0.03796905152874982
income_quintile,Lowest minus highest income quintile,ex_shelter,2025-08-01,0.04168204329655367,0.03322487522490356
income_quintile,Lowest minus highest income quintile,ex_shelter,2025-09-01,0.08113117929806624,0.027139088126417854
income_quintile,Lowest minus highest income quintile,ex_shelter,2025-11-01,0.23916428769323872,0.026557092204052613
income_quintile,Lowest minus highest income quintile,ex_shelter,2025-12-01,0.11407070811946252,0.035254091948934696
income_quintile,Lowest minus highest income quintile,ex_shelter,2026-01-01,0.05330825884664048,0.05229693436914784
income_quintile,Lowest minus highest income quintile,ex_shelter,2026-02-01,-0.01479675048732254,0.06125303773571079
income_quintile,Lowest minus highest income quintile,ex_shelter,2026-03-01,0.0851727629938237,0.08434134303083075
income_quintile,Lowest minus highest income quintile,ex_shelter,2026-04-01,0.2196304011868877,0.11076292795067526
income_quintile,Lowest minus highest income quintile,ex_shelter,2026-05-01,0.24014992214800301,0.14478138929980666
income_quintile,Lowest minus highest income quintile,ex_shelter,2026-06-01,-0.027766105836102284,0.11225859339920834
income_quintile,Lowest minus highest income quintile,ex_shelter,2026-07-01,-0.03092297193347804,0.10290646756270425
income_quintile,Lowest minus highest income quintile,ex_housing,2011-01-01,0.02548636462995635,NA
income_quintile,Lowest minus highest income quintile,ex_housing,2011-02-01,0.12108095339942171,NA
income_quintile,Lowest minus highest income quintile,ex_housing,2011-03-01,0.22960878242079819,NA
income_quintile,Lowest minus highest income quintile,ex_housing,2011-04-01,0.31936222221837784,NA
income_quintile,Lowest minus highest income quintile,ex_housing,2011-05-01,0.3797396372803963,NA
income_quintile,Lowest minus highest income quintile,ex_housing,2011-06-01,0.3608136102974502,NA
income_quintile,Lowest minus highest income quintile,ex_housing,2011-07-01,0.43960871960189163,NA
income_quintile,Lowest minus highest income quintile,ex_housing,2011-08-01,0.45447937155576046,NA
income_quintile,Lowest minus highest income quintile,ex_housing,2011-09-01,0.5031172040515175,NA
income_quintile,Lowest minus highest income quintile,ex_housing,2011-10-01,0.46564659826360266,NA
income_quintile,Lowest minus highest income quintile,ex_housing,2011-11-01,0.4913176995960278,NA
income_quintile,Lowest minus highest income quintile,ex_housing,2011-12-01,0.45179808377329156,NA
income_quintile,Lowest minus highest income quintile,ex_housing,2012-01-01,0.47174417851441053,NA
income_quintile,Lowest minus highest income quintile,ex_housing,2012-02-01,0.5392160325508488,NA
income_quintile,Lowest minus highest income quintile,ex_housing,2012-03-01,0.49265071700577145,NA
income_quintile,Lowest minus highest income quintile,ex_housing,2012-04-01,0.40126620287026515,NA
income_quintile,Lowest minus highest income quintile,ex_housing,2012-05-01,0.2608843765571578,NA
income_quintile,Lowest minus highest income quintile,ex_housing,2012-06-01,0.26939366177118895,NA
income_quintile,Lowest minus highest income quintile,ex_housing,2012-07-01,0.2490389588434727,NA
income_quintile,Lowest minus highest income quintile,ex_housing,2012-08-01,0.4486878140548711,NA
income_quintile,Lowest minus highest income quintile,ex_housing,2012-09-01,0.4393701124010052,NA
income_quintile,Lowest minus highest income quintile,ex_housing,2012-10-01,0.3873666624516048,NA
income_quintile,Lowest minus highest income quintile,ex_housing,2012-11-01,0.2140426684498209,NA
income_quintile,Lowest minus highest income quintile,ex_housing,2012-12-01,0.16340602690056993,NA
income_quintile,Lowest minus highest income quintile,ex_housing,2013-01-01,0.049173143428271615,NA
income_quintile,Lowest minus highest income quintile,ex_housing,2013-02-01,0.03518850484016678,NA
income_quintile,Lowest minus highest income quintile,ex_housing,2013-03-01,-0.13351855038137295,NA
income_quintile,Lowest minus highest income quintile,ex_housing,2013-04-01,-0.18424357504995825,NA
income_quintile,Lowest minus highest income quintile,ex_housing,2013-05-01,-0.1298539927145903,NA
income_quintile,Lowest minus highest income quintile,ex_housing,2013-06-01,0.021625978812767066,NA
income_quintile,Lowest minus highest income quintile,ex_housing,2013-07-01,0.05640754096121192,NA
income_quintile,Lowest minus highest income quintile,ex_housing,2013-08-01,-0.052648560217316565,NA
income_quintile,Lowest minus highest income quintile,ex_housing,2013-09-01,-0.1469149352432364,NA
income_quintile,Lowest minus highest income quintile,ex_housing,2013-10-01,-0.19398020620844392,NA
income_quintile,Lowest minus highest income quintile,ex_housing,2013-11-01,-0.12638535354607683,NA
income_quintile,Lowest minus highest income quintile,ex_housing,2013-12-01,-0.017698482910377678,NA
income_quintile,Lowest minus highest income quintile,ex_housing,2014-01-01,0.06070877758190818,0.029897307524714884
income_quintile,Lowest minus highest income quintile,ex_housing,2014-02-01,-0.006192499336576951,0.04219399170360687
income_quintile,Lowest minus highest income quintile,ex_housing,2014-03-01,0.09169697050452896,0.036753777551736096
income_quintile,Lowest minus highest income quintile,ex_housing,2014-04-01,0.15735952269413378,0.032423839965453026
income_quintile,Lowest minus highest income quintile,ex_housing,2014-05-01,0.2152373811584729,0.03460747547554121
income_quintile,Lowest minus highest income quintile,ex_housing,2014-06-01,0.2174617537483714,0.03752803279783493
income_quintile,Lowest minus highest income quintile,ex_housing,2014-07-01,0.22451472296345365,0.035110418311845235
income_quintile,Lowest minus highest income quintile,ex_housing,2014-08-01,0.1463580653516816,0.0372565115678048
income_quintile,Lowest minus highest income quintile,ex_housing,2014-09-01,0.13434306505484273,0.03887009265119065
income_quintile,Lowest minus highest income quintile,ex_housing,2014-10-01,0.13230180852912277,0.041907815278494825
income_quintile,Lowest minus highest income quintile,ex_housing,2014-11-01,0.11445347238094872,0.05049638381422414
income_quintile,Lowest minus highest income quintile,ex_housing,2014-12-01,0.07065152821267295,0.06790614702982005
income_quintile,Lowest minus highest income quintile,ex_housing,2015-01-01,-0.21499832313180978,0.1216069140301344
income_quintile,Lowest minus highest income quintile,ex_housing,2015-02-01,-0.2541445253987251,0.1006835004945533
income_quintile,Lowest minus highest income quintile,ex_housing,2015-03-01,-0.3101955297519998,0.09836242426653295
income_quintile,Lowest minus highest income quintile,ex_housing,2015-04-01,-0.4023636877685921,0.11072662613821915
income_quintile,Lowest minus highest income quintile,ex_housing,2015-05-01,-0.38603790072714306,0.09676814405520776
income_quintile,Lowest minus highest income quintile,ex_housing,2015-06-01,-0.37110291207606005,0.096389262757368
income_quintile,Lowest minus highest income quintile,ex_housing,2015-07-01,-0.30112130928016123,0.09441973273648319
income_quintile,Lowest minus highest income quintile,ex_housing,2015-08-01,-0.2501456658555279,0.09403163441270805
income_quintile,Lowest minus highest income quintile,ex_housing,2015-09-01,-0.2872856489558706,0.10984029181369963
income_quintile,Lowest minus highest income quintile,ex_housing,2015-10-01,-0.2231035131611825,0.09827848111019774
income_quintile,Lowest minus highest income quintile,ex_housing,2015-11-01,-0.1767318438031018,0.0881527436811467
income_quintile,Lowest minus highest income quintile,ex_housing,2015-12-01,-0.21019066474852188,0.0796139605118646
income_quintile,Lowest minus highest income quintile,ex_housing,2016-01-01,-0.09802429034000415,0.05255096473234379
income_quintile,Lowest minus highest income quintile,ex_housing,2016-02-01,-0.21572726011065413,0.07295707584596219
income_quintile,Lowest minus highest income quintile,ex_housing,2016-03-01,-0.19709252390127663,0.07025152122825178
income_quintile,Lowest minus highest income quintile,ex_housing,2016-04-01,-0.08400325076900472,0.06388435325538244
income_quintile,Lowest minus highest income quintile,ex_housing,2016-05-01,-0.1132625896044015,0.074134380955936
income_quintile,Lowest minus highest income quintile,ex_housing,2016-06-01,-0.07223738730830487,0.07951336818539338
income_quintile,Lowest minus highest income quintile,ex_housing,2016-07-01,-0.19188683238307025,0.08667782734552675
income_quintile,Lowest minus highest income quintile,ex_housing,2016-08-01,-0.21618486261720804,0.0845479195443165
income_quintile,Lowest minus highest income quintile,ex_housing,2016-09-01,-0.13553469097009607,0.07220482308281656
income_quintile,Lowest minus highest income quintile,ex_housing,2016-10-01,-0.11399756782490833,0.06598537754979521
income_quintile,Lowest minus highest income quintile,ex_housing,2016-11-01,-0.0857881165577723,0.06364097711775049
income_quintile,Lowest minus highest income quintile,ex_housing,2016-12-01,-0.01891174478139135,0.06499127745502778
income_quintile,Lowest minus highest income quintile,ex_housing,2017-01-01,0.08418891464994083,0.0738967678625217
income_quintile,Lowest minus highest income quintile,ex_housing,2017-02-01,0.17579302455454915,0.09911247290288017
income_quintile,Lowest minus highest income quintile,ex_housing,2017-03-01,0.187221903080248,0.08044396776808839
income_quintile,Lowest minus highest income quintile,ex_housing,2017-04-01,0.2358109540891773,0.06965987476795382
income_quintile,Lowest minus highest income quintile,ex_housing,2017-05-01,0.2530776642459598,0.05898213306306276
income_quintile,Lowest minus highest income quintile,ex_housing,2017-06-01,0.20459274875093136,0.058906294414417595
income_quintile,Lowest minus highest income quintile,ex_housing,2017-07-01,0.2855678502717396,0.0626774139713334
income_quintile,Lowest minus highest income quintile,ex_housing,2017-08-01,0.35207322578074685,0.06921100061974701
income_quintile,Lowest minus highest income quintile,ex_housing,2017-09-01,0.4490781911311581,0.08483410758231548
income_quintile,Lowest minus highest income quintile,ex_housing,2017-10-01,0.37945303313762224,0.07342036212084926
income_quintile,Lowest minus highest income quintile,ex_housing,2017-11-01,0.42612702887105947,0.07561408008127027
income_quintile,Lowest minus highest income quintile,ex_housing,2017-12-01,0.33270885644722803,0.060455777219988766
income_quintile,Lowest minus highest income quintile,ex_housing,2018-01-01,0.34527579255643204,0.054604358812590154
income_quintile,Lowest minus highest income quintile,ex_housing,2018-02-01,0.36087076537407725,0.06206761519968886
income_quintile,Lowest minus highest income quintile,ex_housing,2018-03-01,0.30073432090147456,0.05492066445249343
income_quintile,Lowest minus highest income quintile,ex_housing,2018-04-01,0.33922939570838473,0.06380266396880085
income_quintile,Lowest minus highest income quintile,ex_housing,2018-05-01,0.39321061752177755,0.08308436181060638
income_quintile,Lowest minus highest income quintile,ex_housing,2018-06-01,0.34907518191937825,0.08658960353336438
income_quintile,Lowest minus highest income quintile,ex_housing,2018-07-01,0.25925053494151307,0.08312094081221652
income_quintile,Lowest minus highest income quintile,ex_housing,2018-08-01,0.1989758067705294,0.06701784220549666
income_quintile,Lowest minus highest income quintile,ex_housing,2018-09-01,0.0989444155005792,0.04775768277765746
income_quintile,Lowest minus highest income quintile,ex_housing,2018-10-01,0.16573692551347108,0.05866816336178342
income_quintile,Lowest minus highest income quintile,ex_housing,2018-11-01,0.013075465671641417,0.034313229271582785
income_quintile,Lowest minus highest income quintile,ex_housing,2018-12-01,-0.07795374123027443,0.03630435723016428
income_quintile,Lowest minus highest income quintile,ex_housing,2019-01-01,-0.12975295459289882,0.04080109021790905
income_quintile,Lowest minus highest income quintile,ex_housing,2019-02-01,-0.02375114582391369,0.0440990072092733
income_quintile,Lowest minus highest income quintile,ex_housing,2019-03-01,0.14630627684848463,0.05019586571468877
income_quintile,Lowest minus highest income quintile,ex_housing,2019-04-01,0.19291040087252576,0.059563476526005764
income_quintile,Lowest minus highest income quintile,ex_housing,2019-05-01,0.25350272519375494,0.06261737104069671
income_quintile,Lowest minus highest income quintile,ex_housing,2019-06-01,0.20113989192946935,0.06453976576119898
income_quintile,Lowest minus highest income quintile,ex_housing,2019-07-01,0.31287353564803944,0.07511770436916905
income_quintile,Lowest minus highest income quintile,ex_housing,2019-08-01,0.28212389197543875,0.08522719364617232
income_quintile,Lowest minus highest income quintile,ex_housing,2019-09-01,0.358192956874559,0.08679127317698311
income_quintile,Lowest minus highest income quintile,ex_housing,2019-10-01,0.4494488154775933,0.09677276068202402
income_quintile,Lowest minus highest income quintile,ex_housing,2019-11-01,0.634962267541983,0.10312605459022434
income_quintile,Lowest minus highest income quintile,ex_housing,2019-12-01,0.8683606248454545,0.11252581483089133
income_quintile,Lowest minus highest income quintile,ex_housing,2020-01-01,0.9019255870799547,0.12599799037044762
income_quintile,Lowest minus highest income quintile,ex_housing,2020-02-01,0.7611337227884318,0.11662268273299377
income_quintile,Lowest minus highest income quintile,ex_housing,2020-03-01,0.7207434337528351,0.11482233945760291
income_quintile,Lowest minus highest income quintile,ex_housing,2020-04-01,0.8232409217608261,0.13563540867595755
income_quintile,Lowest minus highest income quintile,ex_housing,2020-05-01,0.8234345032279489,0.14077945463589475
income_quintile,Lowest minus highest income quintile,ex_housing,2020-06-01,1.1014931645620063,0.13448986269997854
income_quintile,Lowest minus highest income quintile,ex_housing,2020-07-01,1.0150788613318085,0.11725661653562361
income_quintile,Lowest minus highest income quintile,ex_housing,2020-08-01,0.9414295491804614,0.10665307624790382
income_quintile,Lowest minus highest income quintile,ex_housing,2020-09-01,0.6178327824611918,0.09894661287491281
income_quintile,Lowest minus highest income quintile,ex_housing,2020-10-01,0.3462640617571733,0.09685626177157555
income_quintile,Lowest minus highest income quintile,ex_housing,2020-11-01,0.19980813916209428,0.08987125270318443
income_quintile,Lowest minus highest income quintile,ex_housing,2020-12-01,0.2166481559324085,0.08061492267545767
income_quintile,Lowest minus highest income quintile,ex_housing,2021-01-01,0.3349805806853734,0.10405710325872196
income_quintile,Lowest minus highest income quintile,ex_housing,2021-02-01,0.42143266369969457,0.09173782527381999
income_quintile,Lowest minus highest income quintile,ex_housing,2021-03-01,0.3573535000127359,0.08881883040228697
income_quintile,Lowest minus highest income quintile,ex_housing,2021-04-01,-0.1246862899822343,0.1726291813999233
income_quintile,Lowest minus highest income quintile,ex_housing,2021-05-01,-0.4102932903408574,0.24568380578110238
income_quintile,Lowest minus highest income quintile,ex_housing,2021-06-01,-0.7666011191009181,0.35243031357354204
income_quintile,Lowest minus highest income quintile,ex_housing,2021-07-01,-0.7667902227763035,0.3457446496685079
income_quintile,Lowest minus highest income quintile,ex_housing,2021-08-01,-0.6527448238152767,0.29524385095419403
income_quintile,Lowest minus highest income quintile,ex_housing,2021-09-01,-0.3406035843788402,0.24251119229050844
income_quintile,Lowest minus highest income quintile,ex_housing,2021-10-01,-0.13418547376820023,0.2532927805231175
income_quintile,Lowest minus highest income quintile,ex_housing,2021-11-01,0.04636398585653456,0.2974716588779307
income_quintile,Lowest minus highest income quintile,ex_housing,2021-12-01,-0.06343507187875908,0.3360663273346371
income_quintile,Lowest minus highest income quintile,ex_housing,2022-01-01,-0.19310118940922827,0.39018368814911514
income_quintile,Lowest minus highest income quintile,ex_housing,2022-02-01,-0.03733414430482185,0.38474736693285516
income_quintile,Lowest minus highest income quintile,ex_housing,2022-03-01,0.49672064534220794,0.3123537144966512
income_quintile,Lowest minus highest income quintile,ex_housing,2022-04-01,0.7450131445345001,0.21495429566972366
income_quintile,Lowest minus highest income quintile,ex_housing,2022-05-01,1.146034781419747,0.188466916467031
income_quintile,Lowest minus highest income quintile,ex_housing,2022-06-01,1.6178160322309463,0.24718169472743012
income_quintile,Lowest minus highest income quintile,ex_housing,2022-07-01,1.556835823689795,0.2176782142336432
income_quintile,Lowest minus highest income quintile,ex_housing,2022-08-01,1.3126052120287603,0.17333158424933795
income_quintile,Lowest minus highest income quintile,ex_housing,2022-09-01,1.268611730498236,0.18780609758252906
income_quintile,Lowest minus highest income quintile,ex_housing,2022-10-01,1.1233486090197253,0.18666847069450573
income_quintile,Lowest minus highest income quintile,ex_housing,2022-11-01,0.8591558706382516,0.19439883038149391
income_quintile,Lowest minus highest income quintile,ex_housing,2022-12-01,0.5413776188611052,0.22267487990855933
income_quintile,Lowest minus highest income quintile,ex_housing,2023-01-01,0.5114249366718893,0.17333925455386348
income_quintile,Lowest minus highest income quintile,ex_housing,2023-02-01,0.2642970342302986,0.1746889090553098
income_quintile,Lowest minus highest income quintile,ex_housing,2023-03-01,-0.4110690075503465,0.15644842743890813
income_quintile,Lowest minus highest income quintile,ex_housing,2023-04-01,-0.6063461168721584,0.14551592906208627
income_quintile,Lowest minus highest income quintile,ex_housing,2023-05-01,-1.0104020133128166,0.1599046647471313
income_quintile,Lowest minus highest income quintile,ex_housing,2023-06-01,-1.366363312183272,0.17948850494339053
income_quintile,Lowest minus highest income quintile,ex_housing,2023-07-01,-1.3583728874635215,0.18001651449632236
income_quintile,Lowest minus highest income quintile,ex_housing,2023-08-01,-1.0834785180290019,0.17825351218336175
income_quintile,Lowest minus highest income quintile,ex_housing,2023-09-01,-1.0960903409036882,0.18445312562486252
income_quintile,Lowest minus highest income quintile,ex_housing,2023-10-01,-1.03120693192299,0.16636978750743603
income_quintile,Lowest minus highest income quintile,ex_housing,2023-11-01,-1.0261026595354217,0.1499833882986031
income_quintile,Lowest minus highest income quintile,ex_housing,2023-12-01,-0.8353757026006159,0.13596264454187043
income_quintile,Lowest minus highest income quintile,ex_housing,2024-01-01,-0.7814391898490758,0.11840069950041078
income_quintile,Lowest minus highest income quintile,ex_housing,2024-02-01,-0.6293823103988405,0.1063918669114773
income_quintile,Lowest minus highest income quintile,ex_housing,2024-03-01,-0.30527273058527093,0.10316021026923217
income_quintile,Lowest minus highest income quintile,ex_housing,2024-04-01,-0.09551441564807917,0.11729542041230162
income_quintile,Lowest minus highest income quintile,ex_housing,2024-05-01,0.11159625703238696,0.12644458167293635
income_quintile,Lowest minus highest income quintile,ex_housing,2024-06-01,0.21164649844349626,0.12635068557878834
income_quintile,Lowest minus highest income quintile,ex_housing,2024-07-01,0.3731662507611144,0.13065251275246834
income_quintile,Lowest minus highest income quintile,ex_housing,2024-08-01,0.286876053178009,0.12445075572276236
income_quintile,Lowest minus highest income quintile,ex_housing,2024-09-01,0.18820158776100548,0.10834166575526756
income_quintile,Lowest minus highest income quintile,ex_housing,2024-10-01,0.09860304982669543,0.09564003337625152
income_quintile,Lowest minus highest income quintile,ex_housing,2024-11-01,0.13274123928337378,0.0876766789967328
income_quintile,Lowest minus highest income quintile,ex_housing,2024-12-01,0.2100823985459188,0.08086676200644752
income_quintile,Lowest minus highest income quintile,ex_housing,2025-01-01,0.2545449827066282,0.060088435390532845
income_quintile,Lowest minus highest income quintile,ex_housing,2025-02-01,0.2517235868658707,0.05848279094985215
income_quintile,Lowest minus highest income quintile,ex_housing,2025-03-01,0.0767310399070853,0.05965018943582835
income_quintile,Lowest minus highest income quintile,ex_housing,2025-04-01,0.037756789454523876,0.05893068162369105
income_quintile,Lowest minus highest income quintile,ex_housing,2025-05-01,0.069747010374277,0.05494860207990186
income_quintile,Lowest minus highest income quintile,ex_housing,2025-06-01,0.10437160989680283,0.044697090540626205
income_quintile,Lowest minus highest income quintile,ex_housing,2025-07-01,-0.029804426607649148,0.04426835715293708
income_quintile,Lowest minus highest income quintile,ex_housing,2025-08-01,-0.034607505396788696,0.03771080810311167
income_quintile,Lowest minus highest income quintile,ex_housing,2025-09-01,0.07199906244959031,0.029736420449938863
income_quintile,Lowest minus highest income quintile,ex_housing,2025-11-01,0.151826142532685,0.029449020756454197
income_quintile,Lowest minus highest income quintile,ex_housing,2025-12-01,0.056769910815002156,0.03938702810571809
income_quintile,Lowest minus highest income quintile,ex_housing,2026-01-01,-0.032220764505330735,0.058112622700313275
income_quintile,Lowest minus highest income quintile,ex_housing,2026-02-01,-0.07564504252688398,0.07071263818918835
income_quintile,Lowest minus highest income quintile,ex_housing,2026-03-01,0.1276172541866183,0.10414392930248925
income_quintile,Lowest minus highest income quintile,ex_housing,2026-04-01,0.2875441912476573,0.14055946141959005
income_quintile,Lowest minus highest income quintile,ex_housing,2026-05-01,0.3057520200128172,0.18612132480055718
income_quintile,Lowest minus highest income quintile,ex_housing,2026-06-01,0.03254230486948728,0.14458678986898496
income_quintile,Lowest minus highest income quintile,ex_housing,2026-07-01,-0.025374991759785637,0.13136749887367968
income_quintile,Lowest minus highest income quintile,pm_ex_shelter,2013-03-01,-0.06599434100134083,NA
income_quintile,Lowest minus highest income quintile,pm_ex_shelter,2013-04-01,-0.05659298196614149,NA
income_quintile,Lowest minus highest income quintile,pm_ex_shelter,2013-05-01,0.021498114577944705,NA
income_quintile,Lowest minus highest income quintile,pm_ex_shelter,2013-06-01,0.11218982348535356,NA
income_quintile,Lowest minus highest income quintile,pm_ex_shelter,2013-07-01,0.18634841488132103,NA
income_quintile,Lowest minus highest income quintile,pm_ex_shelter,2013-08-01,0.10964011666219076,NA
income_quintile,Lowest minus highest income quintile,pm_ex_shelter,2013-09-01,0.0744794386804637,NA
income_quintile,Lowest minus highest income quintile,pm_ex_shelter,2013-10-01,0.034660937729635855,NA
income_quintile,Lowest minus highest income quintile,pm_ex_shelter,2013-11-01,0.04084312875054508,NA
income_quintile,Lowest minus highest income quintile,pm_ex_shelter,2013-12-01,0.11629634528305122,NA
income_quintile,Lowest minus highest income quintile,pm_ex_shelter,2014-01-01,0.2513213691002214,0.027126394487490556
income_quintile,Lowest minus highest income quintile,pm_ex_shelter,2014-02-01,0.21467463851720936,0.0346831304560995
income_quintile,Lowest minus highest income quintile,pm_ex_shelter,2014-03-01,0.3571231757694804,0.0332667404933811
income_quintile,Lowest minus highest income quintile,pm_ex_shelter,2014-04-01,0.29128155575046666,0.03023112666837488
income_quintile,Lowest minus highest income quintile,pm_ex_shelter,2014-05-01,0.36152475313040444,0.03191522769206568
income_quintile,Lowest minus highest income quintile,pm_ex_shelter,2014-06-01,0.37243849658625816,0.03314727331617383
income_quintile,Lowest minus highest income quintile,pm_ex_shelter,2014-07-01,0.38328338836062237,0.03089005963645783
income_quintile,Lowest minus highest income quintile,pm_ex_shelter,2014-08-01,0.34160568685726034,0.03093772622012792
income_quintile,Lowest minus highest income quintile,pm_ex_shelter,2014-09-01,0.2853896230255337,0.03156728331438332
income_quintile,Lowest minus highest income quintile,pm_ex_shelter,2014-10-01,0.24990580226542658,0.0335919967041716
income_quintile,Lowest minus highest income quintile,pm_ex_shelter,2014-11-01,0.23269084872765688,0.04046687047165025
income_quintile,Lowest minus highest income quintile,pm_ex_shelter,2014-12-01,0.23080429629223076,0.05378125246700919
income_quintile,Lowest minus highest income quintile,pm_ex_shelter,2015-01-01,-0.034612915749798745,0.09382905905026859
income_quintile,Lowest minus highest income quintile,pm_ex_shelter,2015-02-01,-0.07761929871572537,0.07963855886833171
income_quintile,Lowest minus highest income quintile,pm_ex_shelter,2015-03-01,-0.2370026857136276,0.080645845616848
income_quintile,Lowest minus highest income quintile,pm_ex_shelter,2015-04-01,-0.24414477856732342,0.08774139377760347
income_quintile,Lowest minus highest income quintile,pm_ex_shelter,2015-05-01,-0.3322831924908898,0.08030433401348389
income_quintile,Lowest minus highest income quintile,pm_ex_shelter,2015-06-01,-0.3300817123151223,0.07985155990171611
income_quintile,Lowest minus highest income quintile,pm_ex_shelter,2015-07-01,-0.3027501321488324,0.07970975786433267
income_quintile,Lowest minus highest income quintile,pm_ex_shelter,2015-08-01,-0.24259838927042088,0.07879180301441148
income_quintile,Lowest minus highest income quintile,pm_ex_shelter,2015-09-01,-0.27158680187944206,0.0893315686024824
income_quintile,Lowest minus highest income quintile,pm_ex_shelter,2015-10-01,-0.20764018732544187,0.0812663932954448
income_quintile,Lowest minus highest income quintile,pm_ex_shelter,2015-11-01,-0.1722200259688167,0.07421757729766243
income_quintile,Lowest minus highest income quintile,pm_ex_shelter,2015-12-01,-0.2680294741167599,0.06945901487928235
income_quintile,Lowest minus highest income quintile,pm_ex_shelter,2016-01-01,-0.22716290880417933,0.05134953836615766
income_quintile,Lowest minus highest income quintile,pm_ex_shelter,2016-02-01,-0.3258347385657001,0.06576033139196702
income_quintile,Lowest minus highest income quintile,pm_ex_shelter,2016-03-01,-0.25476670388279166,0.06139308547323594
income_quintile,Lowest minus highest income quintile,pm_ex_shelter,2016-04-01,-0.1642635243500168,0.05594587044737693
income_quintile,Lowest minus highest income quintile,pm_ex_shelter,2016-05-01,-0.1439489704152197,0.06135888306106622
income_quintile,Lowest minus highest income quintile,pm_ex_shelter,2016-06-01,-0.12273217737865938,0.06474522014136644
income_quintile,Lowest minus highest income quintile,pm_ex_shelter,2016-07-01,-0.18194149707501106,0.06827260341332493
income_quintile,Lowest minus highest income quintile,pm_ex_shelter,2016-08-01,-0.21108426509117706,0.06461714617464158
income_quintile,Lowest minus highest income quintile,pm_ex_shelter,2016-09-01,-0.13333857785464698,0.05433305892920945
income_quintile,Lowest minus highest income quintile,pm_ex_shelter,2016-10-01,-0.12215160349622334,0.05097936321863567
income_quintile,Lowest minus highest income quintile,pm_ex_shelter,2016-11-01,-0.09769465835909319,0.0502108613370713
income_quintile,Lowest minus highest income quintile,pm_ex_shelter,2016-12-01,-0.026904133393079732,0.051215674239183794
income_quintile,Lowest minus highest income quintile,pm_ex_shelter,2017-01-01,0.05004392975624938,0.05752606318269634
income_quintile,Lowest minus highest income quintile,pm_ex_shelter,2017-02-01,0.14661160104458837,0.07597789462539904
income_quintile,Lowest minus highest income quintile,pm_ex_shelter,2017-03-01,0.09676637653699416,0.06268790795458054
income_quintile,Lowest minus highest income quintile,pm_ex_shelter,2017-04-01,0.1768936540921917,0.05586741786238034
income_quintile,Lowest minus highest income quintile,pm_ex_shelter,2017-05-01,0.20345438685291928,0.04923403539729992
income_quintile,Lowest minus highest income quintile,pm_ex_shelter,2017-06-01,0.15351281376818626,0.049735506557841064
income_quintile,Lowest minus highest income quintile,pm_ex_shelter,2017-07-01,0.20775555670533574,0.051284864293222134
income_quintile,Lowest minus highest income quintile,pm_ex_shelter,2017-08-01,0.23946880219407607,0.054908049696549714
income_quintile,Lowest minus highest income quintile,pm_ex_shelter,2017-09-01,0.3064956034446231,0.06520868377681986
income_quintile,Lowest minus highest income quintile,pm_ex_shelter,2017-10-01,0.29722108420768834,0.05790228855202069
income_quintile,Lowest minus highest income quintile,pm_ex_shelter,2017-11-01,0.34369094771897757,0.05946751794513889
income_quintile,Lowest minus highest income quintile,pm_ex_shelter,2017-12-01,0.2932923498495832,0.04864219383851569
income_quintile,Lowest minus highest income quintile,pm_ex_shelter,2018-01-01,0.28939208870801814,0.04476697208816087
income_quintile,Lowest minus highest income quintile,pm_ex_shelter,2018-02-01,0.3073372320458123,0.04984161827202806
income_quintile,Lowest minus highest income quintile,pm_ex_shelter,2018-03-01,0.32341117238108286,0.044886166310275276
income_quintile,Lowest minus highest income quintile,pm_ex_shelter,2018-04-01,0.31024426131449623,0.050784225612792125
income_quintile,Lowest minus highest income quintile,pm_ex_shelter,2018-05-01,0.32861833822326325,0.0651307021438177
income_quintile,Lowest minus highest income quintile,pm_ex_shelter,2018-06-01,0.2549082552284476,0.06792926331865247
income_quintile,Lowest minus highest income quintile,pm_ex_shelter,2018-07-01,0.1723340925753547,0.06544865374324244
income_quintile,Lowest minus highest income quintile,pm_ex_shelter,2018-08-01,0.1464803834795747,0.05344734413784355
income_quintile,Lowest minus highest income quintile,pm_ex_shelter,2018-09-01,0.03180814514629482,0.03876554477301172
income_quintile,Lowest minus highest income quintile,pm_ex_shelter,2018-10-01,0.1091672187445436,0.04628351807999685
income_quintile,Lowest minus highest income quintile,pm_ex_shelter,2018-11-01,-0.01944610696942295,0.027854626232076185
income_quintile,Lowest minus highest income quintile,pm_ex_shelter,2018-12-01,-0.077578789603571785,0.027093081593021737
income_quintile,Lowest minus highest income quintile,pm_ex_shelter,2019-01-01,-0.1654508976246527,0.030970770564670708
income_quintile,Lowest minus highest income quintile,pm_ex_shelter,2019-02-01,-0.15197486913804958,0.030569563091227502
income_quintile,Lowest minus highest income quintile,pm_ex_shelter,2019-03-01,-0.04981214091275277,0.029654075511485866
income_quintile,Lowest minus highest income quintile,pm_ex_shelter,2019-04-01,-0.04571840608507127,0.032942271810937215
income_quintile,Lowest minus highest income quintile,pm_ex_shelter,2019-05-01,-0.06719153000664946,0.02978955244331538
income_quintile,Lowest minus highest income quintile,pm_ex_shelter,2019-06-01,-0.14879052480820665,0.028812415714279102
income_quintile,Lowest minus highest income quintile,pm_ex_shelter,2019-07-01,-0.09800080630040231,0.02499329936501546
income_quintile,Lowest minus highest income quintile,pm_ex_shelter,2019-08-01,-0.18714174620078072,0.02505253968815549
income_quintile,Lowest minus highest income quintile,pm_ex_shelter,2019-09-01,-0.11336199579545791,0.02693741916566226
income_quintile,Lowest minus highest income quintile,pm_ex_shelter,2019-10-01,-0.06300081958021675,0.03336031067728829
income_quintile,Lowest minus highest income quintile,pm_ex_shelter,2019-11-01,0.06640927440526578,0.031760762906889915
income_quintile,Lowest minus highest income quintile,pm_ex_shelter,2019-12-01,0.1689478592024063,0.03319931180643878
income_quintile,Lowest minus highest income quintile,pm_ex_shelter,2020-01-01,0.22408890538649917,0.043996722397502255
income_quintile,Lowest minus highest income quintile,pm_ex_shelter,2020-02-01,0.11540328472090522,0.033586633508482316
income_quintile,Lowest minus highest income quintile,pm_ex_shelter,2020-03-01,0.09573937743190264,0.04026315732147478
income_quintile,Lowest minus highest income quintile,pm_ex_shelter,2020-04-01,0.2577629667510184,0.07641043703038983
income_quintile,Lowest minus highest income quintile,pm_ex_shelter,2020-05-01,0.28336378179850685,0.08284523205643378
income_quintile,Lowest minus highest income quintile,pm_ex_shelter,2020-06-01,0.4896811579153115,0.07221679723087958
income_quintile,Lowest minus highest income quintile,pm_ex_shelter,2020-07-01,0.46284673851797464,0.06174262928290209
income_quintile,Lowest minus highest income quintile,pm_ex_shelter,2020-08-01,0.40243869024798595,0.05784376383880518
income_quintile,Lowest minus highest income quintile,pm_ex_shelter,2020-09-01,0.25242609136952865,0.06579644446718212
income_quintile,Lowest minus highest income quintile,pm_ex_shelter,2020-10-01,0.14444367940646963,0.07429123674235051
income_quintile,Lowest minus highest income quintile,pm_ex_shelter,2020-11-01,0.10868503266536766,0.07117499100148107
income_quintile,Lowest minus highest income quintile,pm_ex_shelter,2020-12-01,0.1913335170951047,0.06424895713207694
income_quintile,Lowest minus highest income quintile,pm_ex_shelter,2021-01-01,0.3308405881917942,0.07883723617360468
income_quintile,Lowest minus highest income quintile,pm_ex_shelter,2021-02-01,0.4912649281919146,0.0675208379030791
income_quintile,Lowest minus highest income quintile,pm_ex_shelter,2021-03-01,0.48330794649087405,0.06775889946174554
income_quintile,Lowest minus highest income quintile,pm_ex_shelter,2021-04-01,0.10791440648942885,0.133986552030612
income_quintile,Lowest minus highest income quintile,pm_ex_shelter,2021-05-01,-0.10073439934938921,0.1912808624973176
income_quintile,Lowest minus highest income quintile,pm_ex_shelter,2021-06-01,-0.3587825390999777,0.273254366954896
income_quintile,Lowest minus highest income quintile,pm_ex_shelter,2021-07-01,-0.3394944111720255,0.2653450098546313
income_quintile,Lowest minus highest income quintile,pm_ex_shelter,2021-08-01,-0.15391757153722097,0.2216544203247188
income_quintile,Lowest minus highest income quintile,pm_ex_shelter,2021-09-01,0.061233683345807144,0.17978601275469577
income_quintile,Lowest minus highest income quintile,pm_ex_shelter,2021-10-01,0.17829616086111333,0.19400585113031532
income_quintile,Lowest minus highest income quintile,pm_ex_shelter,2021-11-01,0.21371912574579177,0.23575205334917093
income_quintile,Lowest minus highest income quintile,pm_ex_shelter,2021-12-01,0.030257207400286035,0.2693623346978506
income_quintile,Lowest minus highest income quintile,pm_ex_shelter,2022-01-01,-0.05582331327691392,0.3063566726606813
income_quintile,Lowest minus highest income quintile,pm_ex_shelter,2022-02-01,-0.06652722745925566,0.3076815345723909
income_quintile,Lowest minus highest income quintile,pm_ex_shelter,2022-03-01,0.30608190432794835,0.2561646231416771
income_quintile,Lowest minus highest income quintile,pm_ex_shelter,2022-04-01,0.4753433791742747,0.18122901505652936
income_quintile,Lowest minus highest income quintile,pm_ex_shelter,2022-05-01,0.840229983168328,0.15591524793488856
income_quintile,Lowest minus highest income quintile,pm_ex_shelter,2022-06-01,1.2371323090002875,0.17860255139252182
income_quintile,Lowest minus highest income quintile,pm_ex_shelter,2022-07-01,1.1375311054724992,0.14681391879934122
income_quintile,Lowest minus highest income quintile,pm_ex_shelter,2022-08-01,0.9212558472565746,0.11136848508219283
income_quintile,Lowest minus highest income quintile,pm_ex_shelter,2022-09-01,0.8095903710352061,0.10587095577520511
income_quintile,Lowest minus highest income quintile,pm_ex_shelter,2022-10-01,0.7792149348037514,0.1167329021594755
income_quintile,Lowest minus highest income quintile,pm_ex_shelter,2022-11-01,0.7279928968857652,0.14218029914530117
income_quintile,Lowest minus highest income quintile,pm_ex_shelter,2022-12-01,0.6697747998687165,0.1755435547254465
income_quintile,Lowest minus highest income quintile,pm_ex_shelter,2023-01-01,0.7936910765559357,0.14299347837964613
income_quintile,Lowest minus highest income quintile,pm_ex_shelter,2023-02-01,0.7155604006896965,0.14116282954553774
income_quintile,Lowest minus highest income quintile,pm_ex_shelter,2023-03-01,0.21859188447299616,0.11704923404084326
income_quintile,Lowest minus highest income quintile,pm_ex_shelter,2023-04-01,0.1024708458151613,0.09514053620116553
income_quintile,Lowest minus highest income quintile,pm_ex_shelter,2023-05-01,-0.22740188595182786,0.09510150634700704
income_quintile,Lowest minus highest income quintile,pm_ex_shelter,2023-06-01,-0.4366734037731801,0.10307738677728774
income_quintile,Lowest minus highest income quintile,pm_ex_shelter,2023-07-01,-0.33183826093894364,0.09276711930186587
income_quintile,Lowest minus highest income quintile,pm_ex_shelter,2023-08-01,-0.056211813174256164,0.08684016813649689
income_quintile,Lowest minus highest income quintile,pm_ex_shelter,2023-09-01,0.06397439478014189,0.08652391836472108
income_quintile,Lowest minus highest income quintile,pm_ex_shelter,2023-10-01,0.035573737473071354,0.07948838327538188
income_quintile,Lowest minus highest income quintile,pm_ex_shelter,2023-11-01,0.00953233169007639,0.06724363820839886
income_quintile,Lowest minus highest income quintile,pm_ex_shelter,2023-12-01,0.06854923495920318,0.06221877573480962
income_quintile,Lowest minus highest income quintile,pm_ex_shelter,2024-01-01,-0.01397925486392726,0.06850554447236186
income_quintile,Lowest minus highest income quintile,pm_ex_shelter,2024-02-01,0.0403898323103391,0.06469054254604642
income_quintile,Lowest minus highest income quintile,pm_ex_shelter,2024-03-01,0.2559626692931305,0.07277814217930663
income_quintile,Lowest minus highest income quintile,pm_ex_shelter,2024-04-01,0.35290813971502466,0.08981125436047724
income_quintile,Lowest minus highest income quintile,pm_ex_shelter,2024-05-01,0.4650848314398326,0.10056840011116812
income_quintile,Lowest minus highest income quintile,pm_ex_shelter,2024-06-01,0.4463488883521771,0.10082438846669944
income_quintile,Lowest minus highest income quintile,pm_ex_shelter,2024-07-01,0.4888357564490464,0.10318084945203691
income_quintile,Lowest minus highest income quintile,pm_ex_shelter,2024-08-01,0.3384903487242852,0.0972672883822716
income_quintile,Lowest minus highest income quintile,pm_ex_shelter,2024-09-01,0.17319109160724988,0.08265135543909091
income_quintile,Lowest minus highest income quintile,pm_ex_shelter,2024-10-01,0.12528999715515354,0.07334897495363278
income_quintile,Lowest minus highest income quintile,pm_ex_shelter,2024-11-01,0.08771076706188818,0.06612988119021619
income_quintile,Lowest minus highest income quintile,pm_ex_shelter,2024-12-01,0.15915821334331337,0.061195494837742545
income_quintile,Lowest minus highest income quintile,pm_ex_shelter,2025-01-01,0.1583353245892205,0.04642188026605194
income_quintile,Lowest minus highest income quintile,pm_ex_shelter,2025-02-01,0.2040971112745371,0.046451328324454554
income_quintile,Lowest minus highest income quintile,pm_ex_shelter,2025-03-01,0.13397693798713473,0.04887715143114204
income_quintile,Lowest minus highest income quintile,pm_ex_shelter,2025-04-01,0.14033365975221201,0.04881364394642801
income_quintile,Lowest minus highest income quintile,pm_ex_shelter,2025-05-01,0.168362478719164,0.04533875383470902
income_quintile,Lowest minus highest income quintile,pm_ex_shelter,2025-06-01,0.20329055466770107,0.037370905546917396
income_quintile,Lowest minus highest income quintile,pm_ex_shelter,2025-07-01,0.06713518135013086,0.0361431451587792
income_quintile,Lowest minus highest income quintile,pm_ex_shelter,2025-08-01,0.05105975949142305,0.03148713690589364
income_quintile,Lowest minus highest income quintile,pm_ex_shelter,2025-09-01,0.08415683563325338,0.02548569935918368
income_quintile,Lowest minus highest income quintile,pm_ex_shelter,2025-11-01,0.3222858858987543,0.025856362455474867
income_quintile,Lowest minus highest income quintile,pm_ex_shelter,2025-12-01,0.24231186048913056,0.033911238972502256
income_quintile,Lowest minus highest income quintile,pm_ex_shelter,2026-01-01,0.22593245693114383,0.05261089910075685
income_quintile,Lowest minus highest income quintile,pm_ex_shelter,2026-02-01,0.1864256203078396,0.060557607911573094
income_quintile,Lowest minus highest income quintile,pm_ex_shelter,2026-03-01,0.3133866443687072,0.08584565064681512
income_quintile,Lowest minus highest income quintile,pm_ex_shelter,2026-04-01,0.4591336353230835,0.11247098367594391
income_quintile,Lowest minus highest income quintile,pm_ex_shelter,2026-05-01,0.4995954207283049,0.14623718923716944
income_quintile,Lowest minus highest income quintile,pm_ex_shelter,2026-06-01,0.24389033336993382,0.11097754185332541
income_quintile,Lowest minus highest income quintile,pm_ex_shelter,2026-07-01,0.255460472806357,0.099783832234682
income_quintile,Lowest minus highest income quintile,pm_oer_all_in,2014-12-01,0.40032055280101453,0.0382088921444851
income_quintile,Lowest minus highest income quintile,pm_oer_all_in,2015-01-01,0.2715648307731522,0.05761114447335522
income_quintile,Lowest minus highest income quintile,pm_oer_all_in,2015-02-01,0.2583731258911648,0.0486938344018721
income_quintile,Lowest minus highest income quintile,pm_oer_all_in,2015-03-01,0.15077687376772175,0.04799521492444551
income_quintile,Lowest minus highest income quintile,pm_oer_all_in,2015-04-01,0.1468537761745603,0.05235632274002238
income_quintile,Lowest minus highest income quintile,pm_oer_all_in,2015-05-01,0.12971156566046194,0.04725152426422817
income_quintile,Lowest minus highest income quintile,pm_oer_all_in,2015-06-01,0.12116285474281785,0.04715201436208101
income_quintile,Lowest minus highest income quintile,pm_oer_all_in,2015-07-01,0.09486453339486722,0.04729389506969007
income_quintile,Lowest minus highest income quintile,pm_oer_all_in,2015-08-01,0.16293927225479177,0.047133668635280894
income_quintile,Lowest minus highest income quintile,pm_oer_all_in,2015-09-01,0.1728835031405529,0.0529695126254792
income_quintile,Lowest minus highest income quintile,pm_oer_all_in,2015-10-01,0.20536525821017726,0.04835508835690747
income_quintile,Lowest minus highest income quintile,pm_oer_all_in,2015-11-01,0.18565069602398676,0.04408471932709866
income_quintile,Lowest minus highest income quintile,pm_oer_all_in,2015-12-01,0.11660764720220484,0.04080134659366298
income_quintile,Lowest minus highest income quintile,pm_oer_all_in,2016-01-01,0.0864455661434782,0.03346828368539301
income_quintile,Lowest minus highest income quintile,pm_oer_all_in,2016-02-01,0.01961234678511392,0.04145135836142837
income_quintile,Lowest minus highest income quintile,pm_oer_all_in,2016-03-01,0.10670573017130813,0.03952922502064481
income_quintile,Lowest minus highest income quintile,pm_oer_all_in,2016-04-01,0.1694771448040422,0.03773208380150279
income_quintile,Lowest minus highest income quintile,pm_oer_all_in,2016-05-01,0.15349760228826614,0.04187841183195189
income_quintile,Lowest minus highest income quintile,pm_oer_all_in,2016-06-01,0.12475879784956678,0.04547946293108804
income_quintile,Lowest minus highest income quintile,pm_oer_all_in,2016-07-01,0.1816614250592874,0.046620560332475275
income_quintile,Lowest minus highest income quintile,pm_oer_all_in,2016-08-01,0.11334043880915079,0.04536552776619521
income_quintile,Lowest minus highest income quintile,pm_oer_all_in,2016-09-01,0.1212819179793101,0.040473997665908285
income_quintile,Lowest minus highest income quintile,pm_oer_all_in,2016-10-01,0.11704208697256302,0.038904797927254216
income_quintile,Lowest minus highest income quintile,pm_oer_all_in,2016-11-01,0.1781164812283409,0.03885732090078775
income_quintile,Lowest minus highest income quintile,pm_oer_all_in,2016-12-01,0.19070738293280876,0.03914838745921864
income_quintile,Lowest minus highest income quintile,pm_oer_all_in,2017-01-01,0.22320498965402447,0.041957669678601754
income_quintile,Lowest minus highest income quintile,pm_oer_all_in,2017-02-01,0.2771846751794538,0.05259064804377462
income_quintile,Lowest minus highest income quintile,pm_oer_all_in,2017-03-01,0.29206080041463967,0.04562340861652768
income_quintile,Lowest minus highest income quintile,pm_oer_all_in,2017-04-01,0.31899970224034124,0.042225568491494954
income_quintile,Lowest minus highest income quintile,pm_oer_all_in,2017-05-01,0.38297864174294816,0.038828797144181845
income_quintile,Lowest minus highest income quintile,pm_oer_all_in,2017-06-01,0.4157191987648856,0.03890291686151625
income_quintile,Lowest minus highest income quintile,pm_oer_all_in,2017-07-01,0.47551096464604203,0.04045631844369407
income_quintile,Lowest minus highest income quintile,pm_oer_all_in,2017-08-01,0.44500616415903416,0.04173951768253679
income_quintile,Lowest minus highest income quintile,pm_oer_all_in,2017-09-01,0.43691591990882017,0.046894641236723704
income_quintile,Lowest minus highest income quintile,pm_oer_all_in,2017-10-01,0.42541540148794965,0.04263594181419191
income_quintile,Lowest minus highest income quintile,pm_oer_all_in,2017-11-01,0.44128924962227867,0.04277509435056921
income_quintile,Lowest minus highest income quintile,pm_oer_all_in,2017-12-01,0.41618275983930086,0.03617048042894884
income_quintile,Lowest minus highest income quintile,pm_oer_all_in,2018-01-01,0.4474912263581654,0.034521460958139995
income_quintile,Lowest minus highest income quintile,pm_oer_all_in,2018-02-01,0.43631430987993713,0.036547448054280215
income_quintile,Lowest minus highest income quintile,pm_oer_all_in,2018-03-01,0.3569880082261001,0.03326321676367592
income_quintile,Lowest minus highest income quintile,pm_oer_all_in,2018-04-01,0.3596870034113575,0.03716147021656346
income_quintile,Lowest minus highest income quintile,pm_oer_all_in,2018-05-01,0.2757823626395206,0.04508265436161261
income_quintile,Lowest minus highest income quintile,pm_oer_all_in,2018-06-01,0.2607710176458333,0.045789902163999294
income_quintile,Lowest minus highest income quintile,pm_oer_all_in,2018-07-01,0.14582692249280882,0.04400977142609217
income_quintile,Lowest minus highest income quintile,pm_oer_all_in,2018-08-01,0.1898684907135184,0.0365572097173163
income_quintile,Lowest minus highest income quintile,pm_oer_all_in,2018-09-01,0.19248970987213454,0.02945489788925723
income_quintile,Lowest minus highest income quintile,pm_oer_all_in,2018-10-01,0.2676408076198733,0.03309163883044724
income_quintile,Lowest minus highest income quintile,pm_oer_all_in,2018-11-01,0.20681313966584014,0.023139711538372645
income_quintile,Lowest minus highest income quintile,pm_oer_all_in,2018-12-01,0.13750250504784844,0.02265397391098747
income_quintile,Lowest minus highest income quintile,pm_oer_all_in,2019-01-01,0.0890437264329691,0.025062884800552215
income_quintile,Lowest minus highest income quintile,pm_oer_all_in,2019-02-01,0.1032515147137758,0.026156155109793945
income_quintile,Lowest minus highest income quintile,pm_oer_all_in,2019-03-01,0.20320849424046994,0.025835702896048814
income_quintile,Lowest minus highest income quintile,pm_oer_all_in,2019-04-01,0.19644442548232277,0.028181949673717552
income_quintile,Lowest minus highest income quintile,pm_oer_all_in,2019-05-01,0.2529898687579024,0.02669346700736222
income_quintile,Lowest minus highest income quintile,pm_oer_all_in,2019-06-01,0.18745092520207063,0.02673420603374967
income_quintile,Lowest minus highest income quintile,pm_oer_all_in,2019-07-01,0.19748905942871264,0.025499714723648665
income_quintile,Lowest minus highest income quintile,pm_oer_all_in,2019-08-01,0.15754925450077728,0.023854531225820878
income_quintile,Lowest minus highest income quintile,pm_oer_all_in,2019-09-01,0.1664162106285838,0.025079082150818496
income_quintile,Lowest minus highest income quintile,pm_oer_all_in,2019-10-01,0.20438099621884476,0.02726556064026557
income_quintile,Lowest minus highest income quintile,pm_oer_all_in,2019-11-01,0.22097967534491225,0.027025812775881227
income_quintile,Lowest minus highest income quintile,pm_oer_all_in,2019-12-01,0.3190921532336466,0.02819432344870264
income_quintile,Lowest minus highest income quintile,pm_oer_all_in,2020-01-01,0.3423294750229511,0.03426986526574408
income_quintile,Lowest minus highest income quintile,pm_oer_all_in,2020-02-01,0.2673476979600409,0.028445779528991123
income_quintile,Lowest minus highest income quintile,pm_oer_all_in,2020-03-01,0.40469375488740855,0.03519563909754344
income_quintile,Lowest minus highest income quintile,pm_oer_all_in,2020-04-01,0.6938737913213533,0.058230298855365674
income_quintile,Lowest minus highest income quintile,pm_oer_all_in,2020-05-01,0.7467054533666806,0.06173968039041607
income_quintile,Lowest minus highest income quintile,pm_oer_all_in,2020-06-01,0.7946410763001843,0.053805034051322156
income_quintile,Lowest minus highest income quintile,pm_oer_all_in,2020-07-01,0.7248628416305358,0.04582715194298338
income_quintile,Lowest minus highest income quintile,pm_oer_all_in,2020-08-01,0.6098155119726778,0.041670710770138376
income_quintile,Lowest minus highest income quintile,pm_oer_all_in,2020-09-01,0.5019757143299719,0.046708737033699314
income_quintile,Lowest minus highest income quintile,pm_oer_all_in,2020-10-01,0.446722380284692,0.05196369876934199
income_quintile,Lowest minus highest income quintile,pm_oer_all_in,2020-11-01,0.35676475967043597,0.048456316508593396
income_quintile,Lowest minus highest income quintile,pm_oer_all_in,2020-12-01,0.35349313156984863,0.04370638545321722
income_quintile,Lowest minus highest income quintile,pm_oer_all_in,2021-01-01,0.45276579377826476,0.05746175812772557
income_quintile,Lowest minus highest income quintile,pm_oer_all_in,2021-02-01,0.5830076469733658,0.0548540967896245
income_quintile,Lowest minus highest income quintile,pm_oer_all_in,2021-03-01,0.3706531200902141,0.048877882856298085
income_quintile,Lowest minus highest income quintile,pm_oer_all_in,2021-04-01,-0.18397289307801046,0.09446730973785908
income_quintile,Lowest minus highest income quintile,pm_oer_all_in,2021-05-01,-0.4140403622342914,0.13722205617031047
income_quintile,Lowest minus highest income quintile,pm_oer_all_in,2021-06-01,-0.6811484560772296,0.19690111310867536
income_quintile,Lowest minus highest income quintile,pm_oer_all_in,2021-07-01,-0.7455824320633297,0.19483047570957732
income_quintile,Lowest minus highest income quintile,pm_oer_all_in,2021-08-01,-0.5428933389009627,0.1641100309354386
income_quintile,Lowest minus highest income quintile,pm_oer_all_in,2021-09-01,-0.38216634545023,0.1356846340621869
income_quintile,Lowest minus highest income quintile,pm_oer_all_in,2021-10-01,-0.4006142820361047,0.14941082344762857
income_quintile,Lowest minus highest income quintile,pm_oer_all_in,2021-11-01,-0.39706760702751254,0.1781330840878283
income_quintile,Lowest minus highest income quintile,pm_oer_all_in,2021-12-01,-0.5282412981414408,0.20144779259580772
income_quintile,Lowest minus highest income quintile,pm_oer_all_in,2022-01-01,-0.556062521510392,0.2262357941346515
income_quintile,Lowest minus highest income quintile,pm_oer_all_in,2022-02-01,-0.613755051306696,0.230337577971144
income_quintile,Lowest minus highest income quintile,pm_oer_all_in,2022-03-01,-0.4184444224752504,0.19999886531073136
income_quintile,Lowest minus highest income quintile,pm_oer_all_in,2022-04-01,-0.1863144002661734,0.14470808680732297
income_quintile,Lowest minus highest income quintile,pm_oer_all_in,2022-05-01,0.06497113597836446,0.12115366018484866
income_quintile,Lowest minus highest income quintile,pm_oer_all_in,2022-06-01,0.45446165921785386,0.11190425636835881
income_quintile,Lowest minus highest income quintile,pm_oer_all_in,2022-07-01,0.6122322890734111,0.09836118712150439
income_quintile,Lowest minus highest income quintile,pm_oer_all_in,2022-08-01,0.4897228198982093,0.07693797074120627
income_quintile,Lowest minus highest income quintile,pm_oer_all_in,2022-09-01,0.48909758184843,0.07161167676348873
income_quintile,Lowest minus highest income quintile,pm_oer_all_in,2022-10-01,0.5118810962729814,0.07334645174231598
income_quintile,Lowest minus highest income quintile,pm_oer_all_in,2022-11-01,0.6136224008387314,0.09242805177047143
income_quintile,Lowest minus highest income quintile,pm_oer_all_in,2022-12-01,0.687787845579857,0.11854959030613238
income_quintile,Lowest minus highest income quintile,pm_oer_all_in,2023-01-01,0.7372421196602641,0.09950515814809759
income_quintile,Lowest minus highest income quintile,pm_oer_all_in,2023-02-01,0.742927227273138,0.10130992700775149
income_quintile,Lowest minus highest income quintile,pm_oer_all_in,2023-03-01,0.47701467535623543,0.08888766817448325
income_quintile,Lowest minus highest income quintile,pm_oer_all_in,2023-04-01,0.4623377318029309,0.07628505253649957
income_quintile,Lowest minus highest income quintile,pm_oer_all_in,2023-05-01,0.29610589785955543,0.07778876692033657
income_quintile,Lowest minus highest income quintile,pm_oer_all_in,2023-06-01,0.1934784096535136,0.08408440584516987
income_quintile,Lowest minus highest income quintile,pm_oer_all_in,2023-07-01,0.2086910989070656,0.08095332501997143
income_quintile,Lowest minus highest income quintile,pm_oer_all_in,2023-08-01,0.392960445662327,0.07809080427313127
income_quintile,Lowest minus highest income quintile,pm_oer_all_in,2023-09-01,0.3777482637382201,0.07768146494254119
income_quintile,Lowest minus highest income quintile,pm_oer_all_in,2023-10-01,0.4696268055909947,0.07287108632473678
income_quintile,Lowest minus highest income quintile,pm_oer_all_in,2023-11-01,0.45541071858794524,0.0652805928449664
income_quintile,Lowest minus highest income quintile,pm_oer_all_in,2023-12-01,0.44730711048355243,0.05958059728900064
income_quintile,Lowest minus highest income quintile,pm_oer_all_in,2024-01-01,0.35691662160173276,0.060798078930807624
income_quintile,Lowest minus highest income quintile,pm_oer_all_in,2024-02-01,0.37391445120480427,0.0570177543601813
income_quintile,Lowest minus highest income quintile,pm_oer_all_in,2024-03-01,0.4988074303501122,0.06030290833751485
income_quintile,Lowest minus highest income quintile,pm_oer_all_in,2024-04-01,0.5127812155546252,0.0694592448066535
income_quintile,Lowest minus highest income quintile,pm_oer_all_in,2024-05-01,0.5972709996886483,0.07598059100807689
income_quintile,Lowest minus highest income quintile,pm_oer_all_in,2024-06-01,0.6014494256173286,0.07637653362505348
income_quintile,Lowest minus highest income quintile,pm_oer_all_in,2024-07-01,0.6379574799776133,0.07766771905126606
income_quintile,Lowest minus highest income quintile,pm_oer_all_in,2024-08-01,0.49132027258409483,0.07546609713297334
income_quintile,Lowest minus highest income quintile,pm_oer_all_in,2024-09-01,0.4495406793525003,0.06468738388825623
income_quintile,Lowest minus highest income quintile,pm_oer_all_in,2024-10-01,0.3452975314037321,0.05807081956906836
income_quintile,Lowest minus highest income quintile,pm_oer_all_in,2024-11-01,0.22586481623501076,0.05175379560508697
income_quintile,Lowest minus highest income quintile,pm_oer_all_in,2024-12-01,0.2724145635224495,0.048048803962325554
income_quintile,Lowest minus highest income quintile,pm_oer_all_in,2025-01-01,0.24760998908652798,0.03949192210383786
income_quintile,Lowest minus highest income quintile,pm_oer_all_in,2025-02-01,0.2651403833882515,0.03876017625394839
income_quintile,Lowest minus highest income quintile,pm_oer_all_in,2025-03-01,0.3235648199953367,0.042727549227265564
income_quintile,Lowest minus highest income quintile,pm_oer_all_in,2025-04-01,0.3098561913367437,0.04014139159839492
income_quintile,Lowest minus highest income quintile,pm_oer_all_in,2025-05-01,0.2918460846026427,0.03696507693392242
income_quintile,Lowest minus highest income quintile,pm_oer_all_in,2025-06-01,0.31777196494433557,0.03495403296006955
income_quintile,Lowest minus highest income quintile,pm_oer_all_in,2025-07-01,0.22439556082769485,0.03438846878324422
income_quintile,Lowest minus highest income quintile,pm_oer_all_in,2025-08-01,0.17457286427582375,0.029357528113072903
income_quintile,Lowest minus highest income quintile,pm_oer_all_in,2025-09-01,0.1420503870060541,0.021513413519723815
income_quintile,Lowest minus highest income quintile,pm_oer_all_in,2025-11-01,0.37712524955249016,0.029353231508314204
income_quintile,Lowest minus highest income quintile,pm_oer_all_in,2025-12-01,0.2715349013379553,0.026150997470687245
income_quintile,Lowest minus highest income quintile,pm_oer_all_in,2026-01-01,0.32602513987904924,0.03808066603574701
income_quintile,Lowest minus highest income quintile,pm_oer_all_in,2026-02-01,0.29037209752968973,0.04222975328591797
income_quintile,Lowest minus highest income quintile,pm_oer_all_in,2026-03-01,0.23153799957160714,0.053883297369603546
income_quintile,Lowest minus highest income quintile,pm_oer_all_in,2026-04-01,0.2834991405000986,0.06941238158800253
income_quintile,Lowest minus highest income quintile,pm_oer_all_in,2026-05-01,0.28191744328922574,0.08953660465858827
income_quintile,Lowest minus highest income quintile,pm_oer_all_in,2026-06-01,0.16866292825381546,0.06924447926452831
income_quintile,Lowest minus highest income quintile,pm_oer_all_in,2026-07-01,0.20650238278741018,0.06227741374596674
income_decile,Lowest minus highest income decile,all_in,2016-12-01,0.2867470466708655,0.07039429342146554
income_decile,Lowest minus highest income decile,all_in,2017-01-01,0.37125181679642516,0.06706725826035151
income_decile,Lowest minus highest income decile,all_in,2017-02-01,0.44595606889112904,0.08237958561317545
income_decile,Lowest minus highest income decile,all_in,2017-03-01,0.4621403024586579,0.07123232488793699
income_decile,Lowest minus highest income decile,all_in,2017-04-01,0.46830057866142916,0.06500769531399771
income_decile,Lowest minus highest income decile,all_in,2017-05-01,0.604117782189717,0.05966209529488552
income_decile,Lowest minus highest income decile,all_in,2017-06-01,0.6818385251750048,0.06194275071393251
income_decile,Lowest minus highest income decile,all_in,2017-07-01,0.7837612719157727,0.06393938628084815
income_decile,Lowest minus highest income decile,all_in,2017-08-01,0.7508100976126864,0.06635247209598334
income_decile,Lowest minus highest income decile,all_in,2017-09-01,0.7121258304217282,0.07466391849450492
income_decile,Lowest minus highest income decile,all_in,2017-10-01,0.6711314637865007,0.06925356782189573
income_decile,Lowest minus highest income decile,all_in,2017-11-01,0.7325167534949717,0.06883482324579823
income_decile,Lowest minus highest income decile,all_in,2017-12-01,0.7300990156293485,0.05945831098327957
income_decile,Lowest minus highest income decile,all_in,2018-01-01,0.777638827211713,0.05348791109776266
income_decile,Lowest minus highest income decile,all_in,2018-02-01,0.7865621319036897,0.058051796468778526
income_decile,Lowest minus highest income decile,all_in,2018-03-01,0.6575119963663001,0.05287619944686322
income_decile,Lowest minus highest income decile,all_in,2018-04-01,0.70209139909640506,0.05968121477374942
income_decile,Lowest minus highest income decile,all_in,2018-05-01,0.5607759260769729,0.0740313882621992
income_decile,Lowest minus highest income decile,all_in,2018-06-01,0.558406027895364,0.0756929558493823
income_decile,Lowest minus highest income decile,all_in,2018-07-01,0.3612547870918581,0.0741103360813824
income_decile,Lowest minus highest income decile,all_in,2018-08-01,0.42951840507345906,0.061384474285218905
income_decile,Lowest minus highest income decile,all_in,2018-09-01,0.4561091984483179,0.045509550924148254
income_decile,Lowest minus highest income decile,all_in,2018-10-01,0.5894050517112115,0.05384859556766901
income_decile,Lowest minus highest income decile,all_in,2018-11-01,0.4339841628368202,0.0363564073036149
income_decile,Lowest minus highest income decile,all_in,2018-12-01,0.24390793395285826,0.038290094698846935
income_decile,Lowest minus highest income decile,all_in,2019-01-01,0.18650758287324098,0.043627535399031143
income_decile,Lowest minus highest income decile,all_in,2019-02-01,0.2515670264867431,0.04642252342385744
income_decile,Lowest minus highest income decile,all_in,2019-03-01,0.4577018082246198,0.05059730949241216
income_decile,Lowest minus highest income decile,all_in,2019-04-01,0.4742110665082899,0.058599122280793635
income_decile,Lowest minus highest income decile,all_in,2019-05-01,0.5877369728150894,0.06069259739123557
income_decile,Lowest minus highest income decile,all_in,2019-06-01,0.46581931706519697,0.06453648187924785
income_decile,Lowest minus highest income decile,all_in,2019-07-01,0.47923594680594483,0.07351705385501782
income_decile,Lowest minus highest income decile,all_in,2019-08-01,0.3845264908409973,0.08206892631646319
income_decile,Lowest minus highest income decile,all_in,2019-09-01,0.3684376406070333,0.08414263064303013
income_decile,Lowest minus highest income decile,all_in,2019-10-01,0.40589131342758655,0.09209332172571633
income_decile,Lowest minus highest income decile,all_in,2019-11-01,0.40727767883130817,0.09688085690332975
income_decile,Lowest minus highest income decile,all_in,2019-12-01,0.578030004729535,0.10210754842692277
income_decile,Lowest minus highest income decile,all_in,2020-01-01,0.5955340935730691,0.10321311552044052
income_decile,Lowest minus highest income decile,all_in,2020-02-01,0.43858680224222457,0.09492448517606415
income_decile,Lowest minus highest income decile,all_in,2020-03-01,0.6178674960335861,0.09731564032259331
income_decile,Lowest minus highest income decile,all_in,2020-04-01,0.9820022942255147,0.12344630755998322
income_decile,Lowest minus highest income decile,all_in,2020-05-01,1.0781625195639077,0.12738364817528727
income_decile,Lowest minus highest income decile,all_in,2020-06-01,1.145850672744264,0.11944009439847768
income_decile,Lowest minus highest income decile,all_in,2020-07-01,1.048363623184656,0.10704120382375208
income_decile,Lowest minus highest income decile,all_in,2020-08-01,0.9347553854309076,0.0980709916552522
income_decile,Lowest minus highest income decile,all_in,2020-09-01,0.8053520320888907,0.09692404443338333
income_decile,Lowest minus highest income decile,all_in,2020-10-01,0.7552941759628062,0.09921179412078573
income_decile,Lowest minus highest income decile,all_in,2020-11-01,0.6239135815274688,0.09139458394076647
income_decile,Lowest minus highest income decile,all_in,2020-12-01,0.6287196882887036,0.0820124976415281
income_decile,Lowest minus highest income decile,all_in,2021-01-01,0.8111624922895189,0.11740407129249877
income_decile,Lowest minus highest income decile,all_in,2021-02-01,1.0842706941861957,0.11832058891090767
income_decile,Lowest minus highest income decile,all_in,2021-03-01,0.8416563611728156,0.0996021004845674
income_decile,Lowest minus highest income decile,all_in,2021-04-01,0.08487026387475893,0.17356569255787227
income_decile,Lowest minus highest income decile,all_in,2021-05-01,-0.232998008681351,0.2513952148608105
income_decile,Lowest minus highest income decile,all_in,2021-06-01,-0.5368992504446002,0.3648282364888771
income_decile,Lowest minus highest income decile,all_in,2021-07-01,-0.6116840643183741,0.3654591090666641
income_decile,Lowest minus highest income decile,all_in,2021-08-01,-0.37423018344395764,0.3102383782227872
income_decile,Lowest minus highest income decile,all_in,2021-09-01,-0.17855754635272003,0.25857104195833175
income_decile,Lowest minus highest income decile,all_in,2021-10-01,-0.22522527611132936,0.2792235704209856
income_decile,Lowest minus highest income decile,all_in,2021-11-01,-0.17306944534827284,0.32946540599184554
income_decile,Lowest minus highest income decile,all_in,2021-12-01,-0.3790471637038273,0.3704943903630721
income_decile,Lowest minus highest income decile,all_in,2022-01-01,-0.4612421820129544,0.38662574139104633
income_decile,Lowest minus highest income decile,all_in,2022-02-01,-0.5873894467257159,0.3922141809231643
income_decile,Lowest minus highest income decile,all_in,2022-03-01,-0.3805353549263035,0.3411585257307877
income_decile,Lowest minus highest income decile,all_in,2022-04-01,-0.10797856340330014,0.250844448707883
income_decile,Lowest minus highest income decile,all_in,2022-05-01,0.20906080708968844,0.2251241790284323
income_decile,Lowest minus highest income decile,all_in,2022-06-01,0.7309675118284389,0.23273350394777803
income_decile,Lowest minus highest income decile,all_in,2022-07-01,0.9369851952807142,0.2173318615469525
income_decile,Lowest minus highest income decile,all_in,2022-08-01,0.7216780436063228,0.1782933196788886
income_decile,Lowest minus highest income decile,all_in,2022-09-01,0.6589536227446846,0.18627123972028428
income_decile,Lowest minus highest income decile,all_in,2022-10-01,0.687199637362589,0.1705554781918634
income_decile,Lowest minus highest income decile,all_in,2022-11-01,0.7997257803377344,0.18180486292403214
income_decile,Lowest minus highest income decile,all_in,2022-12-01,0.8951194597564216,0.20962788210131172
income_decile,Lowest minus highest income decile,all_in,2023-01-01,0.9680214968585954,0.17033551047416629
income_decile,Lowest minus highest income decile,all_in,2023-02-01,1.0106696897665746,0.170405514123786
income_decile,Lowest minus highest income decile,all_in,2023-03-01,0.6190115342144642,0.1525972630683493
income_decile,Lowest minus highest income decile,all_in,2023-04-01,0.6570390572784524,0.13486983905840993
income_decile,Lowest minus highest income decile,all_in,2023-05-01,0.4269877504882835,0.14434595755681212
income_decile,Lowest minus highest income decile,all_in,2023-06-01,0.23870910714980376,0.15922448822156107
income_decile,Lowest minus highest income decile,all_in,2023-07-01,0.2325891551155257,0.15521854978403285
income_decile,Lowest minus highest income decile,all_in,2023-08-01,0.5608986753138367,0.1490453877679411
income_decile,Lowest minus highest income decile,all_in,2023-09-01,0.5666038619599023,0.1527377186458112
income_decile,Lowest minus highest income decile,all_in,2023-10-01,0.6875199787019226,0.13901360187976342
income_decile,Lowest minus highest income decile,all_in,2023-11-01,0.621828781514322,0.12623994598547555
income_decile,Lowest minus highest income decile,all_in,2023-12-01,0.5877654693663859,0.11614098814419796
income_decile,Lowest minus highest income decile,all_in,2024-01-01,0.41680978134972513,0.10723925222222974
income_decile,Lowest minus highest income decile,all_in,2024-02-01,0.4527110435063708,0.09857028467066078
income_decile,Lowest minus highest income decile,all_in,2024-03-01,0.6394067393649561,0.09602480241112016
income_decile,Lowest minus highest income decile,all_in,2024-04-01,0.6443942824961413,0.10058490609609333
income_decile,Lowest minus highest income decile,all_in,2024-05-01,0.7429738984874312,0.1060957547649504
income_decile,Lowest minus highest income decile,all_in,2024-06-01,0.777753395074221,0.10441716833481583
income_decile,Lowest minus highest income decile,all_in,2024-07-01,0.8605206490595707,0.10586526047210092
income_decile,Lowest minus highest income decile,all_in,2024-08-01,0.6499549102869207,0.10429041762473319
income_decile,Lowest minus highest income decile,all_in,2024-09-01,0.6660199222006336,0.094994042206670945
income_decile,Lowest minus highest income decile,all_in,2024-10-01,0.4824378378544436,0.08328573014436691
income_decile,Lowest minus highest income decile,all_in,2024-11-01,0.32980892594149935,0.07317599195322805
income_decile,Lowest minus highest income decile,all_in,2024-12-01,0.43408813032126403,0.06647432252627952
income_decile,Lowest minus highest income decile,all_in,2025-01-01,0.4271466344131669,0.058899928054508124
income_decile,Lowest minus highest income decile,all_in,2025-02-01,0.3567476988162177,0.058508517543316964
income_decile,Lowest minus highest income decile,all_in,2025-03-01,0.4339313310448345,0.06723594886906349
income_decile,Lowest minus highest income decile,all_in,2025-04-01,0.38490497167655846,0.06296413393886446
income_decile,Lowest minus highest income decile,all_in,2025-05-01,0.3649505284690324,0.057780423180145396
income_decile,Lowest minus highest income decile,all_in,2025-06-01,0.37732574586177847,0.05867168924255875
income_decile,Lowest minus highest income decile,all_in,2025-07-01,0.22263986821000614,0.06241966121182287
income_decile,Lowest minus highest income decile,all_in,2025-08-01,0.12423175979259238,0.05428902960802755
income_decile,Lowest minus highest income decile,all_in,2025-09-01,0.032117590050595446,0.04557150073254735
income_decile,Lowest minus highest income decile,all_in,2025-11-01,0.41503342124358245,0.06021329684558411
income_decile,Lowest minus highest income decile,all_in,2025-12-01,0.2239300468431349,0.055537455614875865
income_decile,Lowest minus highest income decile,all_in,2026-01-01,0.29334395437661254,0.06829191099967068
income_decile,Lowest minus highest income decile,all_in,2026-02-01,0.2588677681592655,0.07128854993230878
income_decile,Lowest minus highest income decile,all_in,2026-03-01,0.24270858287178676,0.09372078241000786
income_decile,Lowest minus highest income decile,all_in,2026-04-01,0.38016678485364164,0.12511588023330994
income_decile,Lowest minus highest income decile,all_in,2026-05-01,0.400313790061646,0.16654751965959624
income_decile,Lowest minus highest income decile,all_in,2026-06-01,0.2101653449281926,0.1258322619526115
income_decile,Lowest minus highest income decile,all_in,2026-07-01,0.29494918495032163,0.1107217677619002
income_decile,Lowest minus highest income decile,ex_shelter,2016-12-01,-0.13621230034890353,0.07796069985829446
income_decile,Lowest minus highest income decile,ex_shelter,2017-01-01,-0.02554488436745661,0.07937356451119718
income_decile,Lowest minus highest income decile,ex_shelter,2017-02-01,0.06333095347836881,0.09951990384095048
income_decile,Lowest minus highest income decile,ex_shelter,2017-03-01,-0.019801981815059655,0.08487985639508443
income_decile,Lowest minus highest income decile,ex_shelter,2017-04-01,0.06858444868449443,0.07556732294688921
income_decile,Lowest minus highest income decile,ex_shelter,2017-05-01,0.13426369240849834,0.06950100523828473
income_decile,Lowest minus highest income decile,ex_shelter,2017-06-01,0.08284059552758904,0.07461628086047252
income_decile,Lowest minus highest income decile,ex_shelter,2017-07-01,0.1659934897752402,0.0753241577361614
income_decile,Lowest minus highest income decile,ex_shelter,2017-08-01,0.23514053502975418,0.07944214012138916
income_decile,Lowest minus highest income decile,ex_shelter,2017-09-01,0.3046880812211272,0.09010746278325772
income_decile,Lowest minus highest income decile,ex_shelter,2017-10-01,0.268325141738468,0.08373775757293496
income_decile,Lowest minus highest income decile,ex_shelter,2017-11-01,0.40240185412796503,0.08298661399472093
income_decile,Lowest minus highest income decile,ex_shelter,2017-12-01,0.39189833148705056,0.07173498330928844
income_decile,Lowest minus highest income decile,ex_shelter,2018-01-01,0.39507785194989875,0.05826659813556211
income_decile,Lowest minus highest income decile,ex_shelter,2018-02-01,0.45880260422452857,0.06578448289271815
income_decile,Lowest minus highest income decile,ex_shelter,2018-03-01,0.46755062257162194,0.05919480104738518
income_decile,Lowest minus highest income decile,ex_shelter,2018-04-01,0.4833463975001173,0.06731366430550827
income_decile,Lowest minus highest income decile,ex_shelter,2018-05-01,0.5148948437429413,0.08826704627593333
income_decile,Lowest minus highest income decile,ex_shelter,2018-06-01,0.43827226907557915,0.09245992299177229
income_decile,Lowest minus highest income decile,ex_shelter,2018-07-01,0.32458330972862104,0.09036835734063711
income_decile,Lowest minus highest income decile,ex_shelter,2018-08-01,0.28560082792423724,0.07454458674177994
income_decile,Lowest minus highest income decile,ex_shelter,2018-09-01,0.17937883227554519,0.051211691048078684
income_decile,Lowest minus highest income decile,ex_shelter,2018-10-01,0.3001241640612884,0.06275631951233968
income_decile,Lowest minus highest income decile,ex_shelter,2018-11-01,0.06686211296105249,0.0387229747709144
income_decile,Lowest minus highest income decile,ex_shelter,2018-12-01,-0.0999396162518984,0.043399649510027276
income_decile,Lowest minus highest income decile,ex_shelter,2019-01-01,-0.197067334136114,0.05064010633290394
income_decile,Lowest minus highest income decile,ex_shelter,2019-02-01,-0.14748922227563188,0.053288490529558766
income_decile,Lowest minus highest income decile,ex_shelter,2019-03-01,0.038472201678763085,0.05829296454217815
income_decile,Lowest minus highest income decile,ex_shelter,2019-04-01,0.07837980970539782,0.06825254773789198
income_decile,Lowest minus highest income decile,ex_shelter,2019-05-01,0.058949081745618415,0.07167080050235722
income_decile,Lowest minus highest income decile,ex_shelter,2019-06-01,-0.035788600587460806,0.07647331876304911
income_decile,Lowest minus highest income decile,ex_shelter,2019-07-01,0.042756436675661647,0.08784882605281885
income_decile,Lowest minus highest income decile,ex_shelter,2019-08-01,-0.08070044383337027,0.10027395866436009
income_decile,Lowest minus highest income decile,ex_shelter,2019-09-01,-0.005040163419067767,0.10232411655530486
income_decile,Lowest minus highest income decile,ex_shelter,2019-10-01,0.0662898795930289,0.11330884441867607
income_decile,Lowest minus highest income decile,ex_shelter,2019-11-01,0.25541890310050164,0.11915819226078078
income_decile,Lowest minus highest income decile,ex_shelter,2019-12-01,0.4299538993957741,0.1264737369705097
income_decile,Lowest minus highest income decile,ex_shelter,2020-01-01,0.4696389417740532,0.12635983451473093
income_decile,Lowest minus highest income decile,ex_shelter,2020-02-01,0.3053511084256222,0.11526393538577048
income_decile,Lowest minus highest income decile,ex_shelter,2020-03-01,0.21470315644338545,0.11569080101436678
income_decile,Lowest minus highest income decile,ex_shelter,2020-04-01,0.30542568792044644,0.1456259274334553
income_decile,Lowest minus highest income decile,ex_shelter,2020-05-01,0.3339947046051339,0.15036571688924824
income_decile,Lowest minus highest income decile,ex_shelter,2020-06-01,0.5769390832786492,0.14126675435472827
income_decile,Lowest minus highest income decile,ex_shelter,2020-07-01,0.5556363834273048,0.12543733675871405
income_decile,Lowest minus highest income decile,ex_shelter,2020-08-01,0.5444809476231383,0.11450603154229785
income_decile,Lowest minus highest income decile,ex_shelter,2020-09-01,0.3724633729615956,0.11033770523705114
income_decile,Lowest minus highest income decile,ex_shelter,2020-10-01,0.24406196795752066,0.11286609225425491
income_decile,Lowest minus highest income decile,ex_shelter,2020-11-01,0.18762765896831457,0.10638419912701394
income_decile,Lowest minus highest income decile,ex_shelter,2020-12-01,0.27459442732933326,0.09512361399098869
income_decile,Lowest minus highest income decile,ex_shelter,2021-01-01,0.48532640893772516,0.1267370566076567
income_decile,Lowest minus highest income decile,ex_shelter,2021-02-01,0.7185588434654333,0.11321107039133112
income_decile,Lowest minus highest income decile,ex_shelter,2021-03-01,0.8182699558722861,0.11173850168671415
income_decile,Lowest minus highest income decile,ex_shelter,2021-04-01,0.4690315766288533,0.20676183134711226
income_decile,Lowest minus highest income decile,ex_shelter,2021-05-01,0.2655943955590434,0.29563432058379124
income_decile,Lowest minus highest income decile,ex_shelter,2021-06-01,0.04786808212702276,0.432797927726325
income_decile,Lowest minus highest income decile,ex_shelter,2021-07-01,0.06315584031140187,0.42936978100748086
income_decile,Lowest minus highest income decile,ex_shelter,2021-08-01,0.19277092031690923,0.3640972662592037
income_decile,Lowest minus highest income decile,ex_shelter,2021-09-01,0.4044117712872497,0.29898367158533823
income_decile,Lowest minus highest income decile,ex_shelter,2021-10-01,0.5694197873238993,0.3156224681346646
income_decile,Lowest minus highest income decile,ex_shelter,2021-11-01,0.6816479614194737,0.37712677179513815
income_decile,Lowest minus highest income decile,ex_shelter,2021-12-01,0.48089446778365463,0.42671061161353363
income_decile,Lowest minus highest income decile,ex_shelter,2022-01-01,0.3373957123471669,0.4377550227385211
income_decile,Lowest minus highest income decile,ex_shelter,2022-02-01,0.31455992328308646,0.43535180771418147
income_decile,Lowest minus highest income decile,ex_shelter,2022-03-01,0.6679264124124238,0.3678552789724245
income_decile,Lowest minus highest income decile,ex_shelter,2022-04-01,0.7847519007120098,0.27237580430642694
income_decile,Lowest minus highest income decile,ex_shelter,2022-05-01,1.157471058849735,0.2536012795988307
income_decile,Lowest minus highest income decile,ex_shelter,2022-06-01,1.5943215795771746,0.3076433203050924
income_decile,Lowest minus highest income decile,ex_shelter,2022-07-01,1.4673725744126518,0.2645766675265985
income_decile,Lowest minus highest income decile,ex_shelter,2022-08-01,1.183334222629906,0.21750385538584366
income_decile,Lowest minus highest income decile,ex_shelter,2022-09-01,0.9778144337202903,0.22813058962676502
income_decile,Lowest minus highest income decile,ex_shelter,2022-10-01,0.8593771648339743,0.2176352823404344
income_decile,Lowest minus highest income decile,ex_shelter,2022-11-01,0.6931087482609843,0.22662404836244787
income_decile,Lowest minus highest income decile,ex_shelter,2022-12-01,0.5374129648971104,0.2576564769873312
income_decile,Lowest minus highest income decile,ex_shelter,2023-01-01,0.6357389047184858,0.20383863570071636
income_decile,Lowest minus highest income decile,ex_shelter,2023-02-01,0.5507076651491083,0.20162601194386598
income_decile,Lowest minus highest income decile,ex_shelter,2023-03-01,-0.04644341760222659,0.1783032722141228
income_decile,Lowest minus highest income decile,ex_shelter,2023-04-01,-0.1446634189517848,0.1572940332025038
income_decile,Lowest minus highest income decile,ex_shelter,2023-05-01,-0.540170733038936,0.17054426593053157
income_decile,Lowest minus highest income decile,ex_shelter,2023-06-01,-0.8802130677606379,0.18954436291816354
income_decile,Lowest minus highest income decile,ex_shelter,2023-07-01,-0.8337242712770587,0.1813691263760578
income_decile,Lowest minus highest income decile,ex_shelter,2023-08-01,-0.48816796836520515,0.17173709103675114
income_decile,Lowest minus highest income decile,ex_shelter,2023-09-01,-0.32094871682347703,0.17417826294232938
income_decile,Lowest minus highest income decile,ex_shelter,2023-10-01,-0.3428081984692244,0.15942728945027607
income_decile,Lowest minus highest income decile,ex_shelter,2023-11-01,-0.39810348045569155,0.14429509194620632
income_decile,Lowest minus highest income decile,ex_shelter,2023-12-01,-0.30850341284055505,0.13180540251707695
income_decile,Lowest minus highest income decile,ex_shelter,2024-01-01,-0.4014561469214972,0.12268024911896783
income_decile,Lowest minus highest income decile,ex_shelter,2024-02-01,-0.2887634050005028,0.11123464045103212
income_decile,Lowest minus highest income decile,ex_shelter,2024-03-01,0.003991094649480331,0.10589659513221415
income_decile,Lowest minus highest income decile,ex_shelter,2024-04-01,0.11956452697636788,0.11365757278527173
income_decile,Lowest minus highest income decile,ex_shelter,2024-05-01,0.23911677369141682,0.11946110230461832
income_decile,Lowest minus highest income decile,ex_shelter,2024-06-01,0.24048697744873948,0.11798199271166641
income_decile,Lowest minus highest income decile,ex_shelter,2024-07-01,0.3406206680555801,0.12007824164734109
income_decile,Lowest minus highest income decile,ex_shelter,2024-08-01,0.21709891271053383,0.11878640025576517
income_decile,Lowest minus highest income decile,ex_shelter,2024-09-01,0.08918724469590966,0.10936633972608968
income_decile,Lowest minus highest income decile,ex_shelter,2024-10-01,0.004963612402053563,0.09667385182586309
income_decile,Lowest minus highest income decile,ex_shelter,2024-11-01,-0.015355969654562429,0.0849075283849837
income_decile,Lowest minus highest income decile,ex_shelter,2024-12-01,0.08827173259831067,0.0772420919577058
income_decile,Lowest minus highest income decile,ex_shelter,2025-01-01,0.13040654742764168,0.06547558103345265
income_decile,Lowest minus highest income decile,ex_shelter,2025-02-01,0.07880205103187876,0.06470970124787075
income_decile,Lowest minus highest income decile,ex_shelter,2025-03-01,-0.058210332996999625,0.06810532979811242
income_decile,Lowest minus highest income decile,ex_shelter,2025-04-01,-0.07301892260087595,0.06704028570668005
income_decile,Lowest minus highest income decile,ex_shelter,2025-05-01,-0.005355734593037731,0.062405378558174476
income_decile,Lowest minus highest income decile,ex_shelter,2025-06-01,0.054094016884365104,0.05189546219607494
income_decile,Lowest minus highest income decile,ex_shelter,2025-07-01,-0.08765470560443411,0.04900480227337776
income_decile,Lowest minus highest income decile,ex_shelter,2025-08-01,-0.11855739769834894,0.043134298742738435
income_decile,Lowest minus highest income decile,ex_shelter,2025-09-01,-0.06728751886500017,0.03689309798369822
income_decile,Lowest minus highest income decile,ex_shelter,2025-11-01,0.24481123833663965,0.03663894477403821
income_decile,Lowest minus highest income decile,ex_shelter,2025-12-01,0.16427821957165634,0.0473537698206552
income_decile,Lowest minus highest income decile,ex_shelter,2026-01-01,0.0776777496587222,0.07199011807884637
income_decile,Lowest minus highest income decile,ex_shelter,2026-02-01,0.01735090230761127,0.07948487278895672
income_decile,Lowest minus highest income decile,ex_shelter,2026-03-01,0.2813724189490996,0.10963769825288928
income_decile,Lowest minus highest income decile,ex_shelter,2026-04-01,0.5053708164134862,0.15469407970407462
income_decile,Lowest minus highest income decile,ex_shelter,2026-05-01,0.56338752899463,0.21237734615933318
income_decile,Lowest minus highest income decile,ex_shelter,2026-06-01,0.2160212807798434,0.15748206883624197
income_decile,Lowest minus highest income decile,ex_shelter,2026-07-01,0.2296683053110371,0.13904717538652478
income_decile,Lowest minus highest income decile,ex_housing,2016-12-01,-0.12838927866005712,0.0993642668106486
income_decile,Lowest minus highest income decile,ex_housing,2017-01-01,0.028407799669438738,0.09758860814506023
income_decile,Lowest minus highest income decile,ex_housing,2017-02-01,0.10643000299142003,0.12690985613709554
income_decile,Lowest minus highest income decile,ex_housing,2017-03-01,0.07126269124895224,0.10562551816897628
income_decile,Lowest minus highest income decile,ex_housing,2017-04-01,0.12772561222198497,0.09152895964927706
income_decile,Lowest minus highest income decile,ex_housing,2017-05-01,0.19014015049547695,0.08163578426828207
income_decile,Lowest minus highest income decile,ex_housing,2017-06-01,0.15763182207284565,0.0876165428087744
income_decile,Lowest minus highest income decile,ex_housing,2017-07-01,0.265231690304768,0.08958749930624554
income_decile,Lowest minus highest income decile,ex_housing,2017-08-01,0.3737354547151295,0.09643984406769004
income_decile,Lowest minus highest income decile,ex_housing,2017-09-01,0.4641894784954026,0.11325994348518456
income_decile,Lowest minus highest income decile,ex_housing,2017-10-01,0.3504116197236007,0.1019335205284995
income_decile,Lowest minus highest income decile,ex_housing,2017-11-01,0.4921919212131254,0.10194092463579102
income_decile,Lowest minus highest income decile,ex_housing,2017-12-01,0.4525379868950852,0.08538511340126526
income_decile,Lowest minus highest income decile,ex_housing,2018-01-01,0.48152683934978846,0.07322814855906576
income_decile,Lowest minus highest income decile,ex_housing,2018-02-01,0.5663701350892669,0.08408125029773682
income_decile,Lowest minus highest income decile,ex_housing,2018-03-01,0.5017252015507845,0.07440403436148685
income_decile,Lowest minus highest income decile,ex_housing,2018-04-01,0.5822746793942679,0.08679033594847824
income_decile,Lowest minus highest income decile,ex_housing,2018-05-01,0.6450932507197527,0.11498821849457092
income_decile,Lowest minus highest income decile,ex_housing,2018-06-01,0.5865885327778431,0.1205661038374263
income_decile,Lowest minus highest income decile,ex_housing,2018-07-01,0.47287841456395974,0.11697232891431827
income_decile,Lowest minus highest income decile,ex_housing,2018-08-01,0.40413924455904304,0.09510011245027455
income_decile,Lowest minus highest income decile,ex_housing,2018-09-01,0.31803646216637116,0.0642851453066224
income_decile,Lowest minus highest income decile,ex_housing,2018-10-01,0.42861263568967356,0.08028791352130896
income_decile,Lowest minus highest income decile,ex_housing,2018-11-01,0.13279243556798548,0.04660575556347527
income_decile,Lowest minus highest income decile,ex_housing,2018-12-01,-0.1094161095150703,0.05296006382465777
income_decile,Lowest minus highest income decile,ex_housing,2019-01-01,-0.22409887070571344,0.06161272538522941
income_decile,Lowest minus highest income decile,ex_housing,2019-02-01,-0.11824228829508954,0.06565350648132838
income_decile,Lowest minus highest income decile,ex_housing,2019-03-01,0.11759995551152702,0.0736834990918203
income_decile,Lowest minus highest income decile,ex_housing,2019-04-01,0.15763824160437423,0.08629761083867733
income_decile,Lowest minus highest income decile,ex_housing,2019-05-01,0.18501194113584862,0.09107215229839778
income_decile,Lowest minus highest income decile,ex_housing,2019-06-01,0.09734227136368734,0.09593551269924053
income_decile,Lowest minus highest income decile,ex_housing,2019-07-01,0.19878536495918642,0.11228112433003108
income_decile,Lowest minus highest income decile,ex_housing,2019-08-01,0.08656285618511284,0.12798097375846335
income_decile,Lowest minus highest income decile,ex_housing,2019-09-01,0.13116715396908063,0.12951728569115442
income_decile,Lowest minus highest income decile,ex_housing,2019-10-01,0.20231774490635512,0.14341840345845733
income_decile,Lowest minus highest income decile,ex_housing,2019-11-01,0.43453338919290374,0.15223129399122534
income_decile,Lowest minus highest income decile,ex_housing,2019-12-01,0.7179345549024996,0.16566885731109682
income_decile,Lowest minus highest income decile,ex_housing,2020-01-01,0.7361253302101245,0.1697013667355074
income_decile,Lowest minus highest income decile,ex_housing,2020-02-01,0.521749583303488,0.15196869890935796
income_decile,Lowest minus highest income decile,ex_housing,2020-03-01,0.38476574906598504,0.14748175340923855
income_decile,Lowest minus highest income decile,ex_housing,2020-04-01,0.4079506465560545,0.18172341499130293
income_decile,Lowest minus highest income decile,ex_housing,2020-05-01,0.4235597214020559,0.18768347485748035
income_decile,Lowest minus highest income decile,ex_housing,2020-06-01,0.7543986512354328,0.17904934267039455
income_decile,Lowest minus highest income decile,ex_housing,2020-07-01,0.6756362167044783,0.15583319013956598
income_decile,Lowest minus highest income decile,ex_housing,2020-08-01,0.665008446236337,0.14208334769683464
income_decile,Lowest minus highest income decile,ex_housing,2020-09-01,0.4171006712788028,0.1371064088967421
income_decile,Lowest minus highest income decile,ex_housing,2020-10-01,0.20819907302103147,0.14039973804336858
income_decile,Lowest minus highest income decile,ex_housing,2020-11-01,0.10787263788196721,0.1326456868173732
income_decile,Lowest minus highest income decile,ex_housing,2020-12-01,0.23041556369753913,0.12066506231792179
income_decile,Lowest minus highest income decile,ex_housing,2021-01-01,0.49104177188803444,0.1635269945979338
income_decile,Lowest minus highest income decile,ex_housing,2021-02-01,0.7491699888236392,0.14569578159653318
income_decile,Lowest minus highest income decile,ex_housing,2021-03-01,0.907170977492977,0.13942334302604917
income_decile,Lowest minus highest income decile,ex_housing,2021-04-01,0.5370068876016765,0.2593892503546352
income_decile,Lowest minus highest income decile,ex_housing,2021-05-01,0.32862457728104477,0.3677473729435615
income_decile,Lowest minus highest income decile,ex_housing,2021-06-01,0.044043771230373174,0.5345677677513522
income_decile,Lowest minus highest income decile,ex_housing,2021-07-01,0.08611298330523098,0.5273155563282683
income_decile,Lowest minus highest income decile,ex_housing,2021-08-01,0.21103204038568357,0.4492870032563117
income_decile,Lowest minus highest income decile,ex_housing,2021-09-01,0.5040902181609574,0.3709529654977634
income_decile,Lowest minus highest income decile,ex_housing,2021-10-01,0.7053488276394848,0.3913222842886222
income_decile,Lowest minus highest income decile,ex_housing,2021-11-01,0.9081288484800174,0.46344445158963443
income_decile,Lowest minus highest income decile,ex_housing,2021-12-01,0.6778245820249431,0.5232957572104562
income_decile,Lowest minus highest income decile,ex_housing,2022-01-01,0.40658934878199204,0.5558038533832357
income_decile,Lowest minus highest income decile,ex_housing,2022-02-01,0.45586020741958855,0.5514387057024831
income_decile,Lowest minus highest income decile,ex_housing,2022-03-01,0.877122351181713,0.4652755155724779
income_decile,Lowest minus highest income decile,ex_housing,2022-04-01,0.9693440208682347,0.34508344518332096
income_decile,Lowest minus highest income decile,ex_housing,2022-05-01,1.2948904607397616,0.32082677682398464
income_decile,Lowest minus highest income decile,ex_housing,2022-06-01,1.740798844143665,0.39879247370908705
income_decile,Lowest minus highest income decile,ex_housing,2022-07-01,1.552481966010788,0.34641657359384664
income_decile,Lowest minus highest income decile,ex_housing,2022-08-01,1.1390396440448924,0.27703317619184215
income_decile,Lowest minus highest income decile,ex_housing,2022-09-01,0.8950653268903874,0.2928590792555448
income_decile,Lowest minus highest income decile,ex_housing,2022-10-01,0.8160822727962582,0.2823625860444972
income_decile,Lowest minus highest income decile,ex_housing,2022-11-01,0.5661016503818894,0.28523728836969875
income_decile,Lowest minus highest income decile,ex_housing,2022-12-01,0.27116684882178,0.320855967115546
income_decile,Lowest minus highest income decile,ex_housing,2023-01-01,0.3827720450801708,0.25218192947673407
income_decile,Lowest minus highest income decile,ex_housing,2023-02-01,0.2710716892764031,0.25170823627291705
income_decile,Lowest minus highest income decile,ex_housing,2023-03-01,-0.3871561255049727,0.22508671030753874
income_decile,Lowest minus highest income decile,ex_housing,2023-04-01,-0.4163929287237744,0.19948637639550976
income_decile,Lowest minus highest income decile,ex_housing,2023-05-01,-0.7924928000567544,0.2169403586815196
income_decile,Lowest minus highest income decile,ex_housing,2023-06-01,-1.1827754372986,0.242316116290636
income_decile,Lowest minus highest income decile,ex_housing,2023-07-01,-1.0752761923639609,0.23317537015953896
income_decile,Lowest minus highest income decile,ex_housing,2023-08-01,-0.575227518172261,0.21919337074819312
income_decile,Lowest minus highest income decile,ex_housing,2023-09-01,-0.39492617729249835,0.2220444619030744
income_decile,Lowest minus highest income decile,ex_housing,2023-10-01,-0.4521521569122666,0.2032612481907269
income_decile,Lowest minus highest income decile,ex_housing,2023-11-01,-0.582138232149576,0.1838578625827029
income_decile,Lowest minus highest income decile,ex_housing,2023-12-01,-0.4497746435896066,0.1652779316989602
income_decile,Lowest minus highest income decile,ex_housing,2024-01-01,-0.536760047113316,0.15083654739502353
income_decile,Lowest minus highest income decile,ex_housing,2024-02-01,-0.41100428597808936,0.1342266087986039
income_decile,Lowest minus highest income decile,ex_housing,2024-03-01,-0.11365951801907137,0.12540792642936985
income_decile,Lowest minus highest income decile,ex_housing,2024-04-01,0.010301281304037069,0.1368304250947412
income_decile,Lowest minus highest income decile,ex_housing,2024-05-01,0.13093183347177018,0.1441364001681437
income_decile,Lowest minus highest income decile,ex_housing,2024-06-01,0.15862571241818113,0.1425561656928166
income_decile,Lowest minus highest income decile,ex_housing,2024-07-01,0.28901342760743187,0.14622749417954284
income_decile,Lowest minus highest income decile,ex_housing,2024-08-01,0.1406306646368094,0.14303271703796214
income_decile,Lowest minus highest income decile,ex_housing,2024-09-01,-0.01117058093260681,0.13163128294138998
income_decile,Lowest minus highest income decile,ex_housing,2024-10-01,-0.13140060047795998,0.11456047509137533
income_decile,Lowest minus highest income decile,ex_housing,2024-11-01,-0.07097081154197049,0.10272903086477998
income_decile,Lowest minus highest income decile,ex_housing,2024-12-01,0.0621408821882774,0.09272540978563663
income_decile,Lowest minus highest income decile,ex_housing,2025-01-01,0.15695142662235373,0.08091825421394941
income_decile,Lowest minus highest income decile,ex_housing,2025-02-01,0.055189566550617464,0.07899386952955997
income_decile,Lowest minus highest income decile,ex_housing,2025-03-01,-0.15954430839750788,0.0810213272892156
income_decile,Lowest minus highest income decile,ex_housing,2025-04-01,-0.2152571664611136,0.07917522151945641
income_decile,Lowest minus highest income decile,ex_housing,2025-05-01,-0.13066358463231786,0.0735453905225779
income_decile,Lowest minus highest income decile,ex_housing,2025-06-01,-0.05945450654054607,0.05927380223651743
income_decile,Lowest minus highest income decile,ex_housing,2025-07-01,-0.20210834098906005,0.055794690710632665
income_decile,Lowest minus highest income decile,ex_housing,2025-08-01,-0.22673237050769846,0.048002051429675306
income_decile,Lowest minus highest income decile,ex_housing,2025-09-01,-0.11726626033852217,0.04020091134323056
income_decile,Lowest minus highest income decile,ex_housing,2025-11-01,0.1733971024087344,0.039034042235517506
income_decile,Lowest minus highest income decile,ex_housing,2025-12-01,0.1390571151598463,0.050764385969757526
income_decile,Lowest minus highest income decile,ex_housing,2026-01-01,0.01481015199193969,0.080251727483181
income_decile,Lowest minus highest income decile,ex_housing,2026-02-01,-0.008563701946306956,0.09090809287066613
income_decile,Lowest minus highest income decile,ex_housing,2026-03-01,0.41432933875920064,0.1358707929562644
income_decile,Lowest minus highest income decile,ex_housing,2026-04-01,0.6914806977448507,0.1980138005450697
income_decile,Lowest minus highest income decile,ex_housing,2026-05-01,0.7522443010437252,0.2748689609732811
income_decile,Lowest minus highest income decile,ex_housing,2026-06-01,0.3620034449121068,0.20401386247912312
income_decile,Lowest minus highest income decile,ex_housing,2026-07-01,0.32944504832359556,0.17817431458281457
income_decile,Lowest minus highest income decile,pm_ex_shelter,2016-12-01,-0.12373700708669944,0.07592579890608517
income_decile,Lowest minus highest income decile,pm_ex_shelter,2017-01-01,-0.019357928196250818,0.0785423282095527
income_decile,Lowest minus highest income decile,pm_ex_shelter,2017-02-01,0.06695104255196593,0.09934279473846977
income_decile,Lowest minus highest income decile,pm_ex_shelter,2017-03-01,-0.019206310649022562,0.0852134704751488
income_decile,Lowest minus highest income decile,pm_ex_shelter,2017-04-01,0.07236482120309695,0.07591400806207742
income_decile,Lowest minus highest income decile,pm_ex_shelter,2017-05-01,0.128060213067549,0.06995883704328774
income_decile,Lowest minus highest income decile,pm_ex_shelter,2017-06-01,0.07612793899298698,0.0748991796690805
income_decile,Lowest minus highest income decile,pm_ex_shelter,2017-07-01,0.15343185073304344,0.07556279498861843
income_decile,Lowest minus highest income decile,pm_ex_shelter,2017-08-01,0.22438676168161642,0.07913010002625206
income_decile,Lowest minus highest income decile,pm_ex_shelter,2017-09-01,0.30396036174600294,0.08998453300944546
income_decile,Lowest minus highest income decile,pm_ex_shelter,2017-10-01,0.2695304207583682,0.0833718415065045
income_decile,Lowest minus highest income decile,pm_ex_shelter,2017-11-01,0.39887990261811,0.08261794624410701
income_decile,Lowest minus highest income decile,pm_ex_shelter,2017-12-01,0.3877839183317633,0.07094822262488265
income_decile,Lowest minus highest income decile,pm_ex_shelter,2018-01-01,0.3960097746945168,0.058559247612055866
income_decile,Lowest minus highest income decile,pm_ex_shelter,2018-02-01,0.4612559502702229,0.06582473895818805
income_decile,Lowest minus highest income decile,pm_ex_shelter,2018-03-01,0.4704743368257214,0.059417441882168485
income_decile,Lowest minus highest income decile,pm_ex_shelter,2018-04-01,0.4853776943491317,0.0678744668932657
income_decile,Lowest minus highest income decile,pm_ex_shelter,2018-05-01,0.515885865617749,0.0887637143109625
income_decile,Lowest minus highest income decile,pm_ex_shelter,2018-06-01,0.4408129627860413,0.09281090256580593
income_decile,Lowest minus highest income decile,pm_ex_shelter,2018-07-01,0.33609934343048486,0.09010571236453496
income_decile,Lowest minus highest income decile,pm_ex_shelter,2018-08-01,0.2947992483427031,0.07376820595746639
income_decile,Lowest minus highest income decile,pm_ex_shelter,2018-09-01,0.1860288305281177,0.05113143730400152
income_decile,Lowest minus highest income decile,pm_ex_shelter,2018-10-01,0.30535915847558215,0.06256457762872945
income_decile,Lowest minus highest income decile,pm_ex_shelter,2018-11-01,0.07081896908389673,0.036778156580142454
income_decile,Lowest minus highest income decile,pm_ex_shelter,2018-12-01,-0.09277395432878421,0.0377789414942645
income_decile,Lowest minus highest income decile,pm_ex_shelter,2019-01-01,-0.21217923393472837,0.046404975257496976
income_decile,Lowest minus highest income decile,pm_ex_shelter,2019-02-01,-0.17746054223084506,0.044644449918199686
income_decile,Lowest minus highest income decile,pm_ex_shelter,2019-03-01,-0.008543284086170999,0.043181349220950925
income_decile,Lowest minus highest income decile,pm_ex_shelter,2019-04-01,0.0012961259099997235,0.04749088350168911
income_decile,Lowest minus highest income decile,pm_ex_shelter,2019-05-01,-0.038540622882354825,0.042181984961149735
income_decile,Lowest minus highest income decile,pm_ex_shelter,2019-06-01,-0.15131694559455955,0.04183118156846869
income_decile,Lowest minus highest income decile,pm_ex_shelter,2019-07-01,-0.09664034354812667,0.03728010736415543
income_decile,Lowest minus highest income decile,pm_ex_shelter,2019-08-01,-0.2414403864296144,0.03774616725658614
income_decile,Lowest minus highest income decile,pm_ex_shelter,2019-09-01,-0.18634367065573088,0.03976799758104023
income_decile,Lowest minus highest income decile,pm_ex_shelter,2019-10-01,-0.14390867335598578,0.04865137385565402
income_decile,Lowest minus highest income decile,pm_ex_shelter,2019-11-01,0.02003709249871477,0.047104497658168626
income_decile,Lowest minus highest income decile,pm_ex_shelter,2019-12-01,0.16757625964185507,0.04947062105886147
income_decile,Lowest minus highest income decile,pm_ex_shelter,2020-01-01,0.2179669338091328,0.06619281381080942
income_decile,Lowest minus highest income decile,pm_ex_shelter,2020-02-01,0.06147068908541886,0.04954085514781096
income_decile,Lowest minus highest income decile,pm_ex_shelter,2020-03-01,-0.016739388794184684,0.05822624001213162
income_decile,Lowest minus highest income decile,pm_ex_shelter,2020-04-01,0.09913383062852832,0.1153043435090716
income_decile,Lowest minus highest income decile,pm_ex_shelter,2020-05-01,0.14900371999083672,0.12387941357162191
income_decile,Lowest minus highest income decile,pm_ex_shelter,2020-06-01,0.40688548399056,0.10810925923245952
income_decile,Lowest minus highest income decile,pm_ex_shelter,2020-07-01,0.4000108527244084,0.09519493427886418
income_decile,Lowest minus highest income decile,pm_ex_shelter,2020-08-01,0.4027631149926991,0.08934380281068777
income_decile,Lowest minus highest income decile,pm_ex_shelter,2020-09-01,0.26099375942516545,0.09915664483036858
income_decile,Lowest minus highest income decile,pm_ex_shelter,2020-10-01,0.16887695978375916,0.11250457737026001
income_decile,Lowest minus highest income decile,pm_ex_shelter,2020-11-01,0.1370998568835491,0.10839562456276144
income_decile,Lowest minus highest income decile,pm_ex_shelter,2020-12-01,0.25792136701838775,0.09769510420765001
income_decile,Lowest minus highest income decile,pm_ex_shelter,2021-01-01,0.4960022544037379,0.12729921315315887
income_decile,Lowest minus highest income decile,pm_ex_shelter,2021-02-01,0.7577695332088297,0.11268359414746022
income_decile,Lowest minus highest income decile,pm_ex_shelter,2021-03-01,0.8782779743817359,0.11183342804824858
income_decile,Lowest minus highest income decile,pm_ex_shelter,2021-04-01,0.5402089922466269,0.2043932916060003
income_decile,Lowest minus highest income decile,pm_ex_shelter,2021-05-01,0.34972341140195873,0.2901973657798613
income_decile,Lowest minus highest income decile,pm_ex_shelter,2021-06-01,0.1439587559087574,0.4198244882098531
income_decile,Lowest minus highest income decile,pm_ex_shelter,2021-07-01,0.17364185407755528,0.41089760068582426
income_decile,Lowest minus highest income decile,pm_ex_shelter,2021-08-01,0.32925402460490805,0.3425573857884201
income_decile,Lowest minus highest income decile,pm_ex_shelter,2021-09-01,0.5406537451229765,0.2795586687180532
income_decile,Lowest minus highest income decile,pm_ex_shelter,2021-10-01,0.6822811107668469,0.3032237019960206
income_decile,Lowest minus highest income decile,pm_ex_shelter,2021-11-01,0.7785998798055536,0.3697545705071462
income_decile,Lowest minus highest income decile,pm_ex_shelter,2021-12-01,0.549260449011757,0.42213647077649086
income_decile,Lowest minus highest income decile,pm_ex_shelter,2022-01-01,0.3725619418551318,0.43606466435898333
income_decile,Lowest minus highest income decile,pm_ex_shelter,2022-02-01,0.3175142220408276,0.4379482137974853
income_decile,Lowest minus highest income decile,pm_ex_shelter,2022-03-01,0.6482865757266865,0.3736438515888498
income_decile,Lowest minus highest income decile,pm_ex_shelter,2022-04-01,0.7482920365651466,0.2775805706169956
income_decile,Lowest minus highest income decile,pm_ex_shelter,2022-05-01,1.0959299141976242,0.24937656227457125
income_decile,Lowest minus highest income decile,pm_ex_shelter,2022-06-01,1.5084124495220017,0.2863091561570027
income_decile,Lowest minus highest income decile,pm_ex_shelter,2022-07-01,1.35823782753004,0.23739095599147522
income_decile,Lowest minus highest income decile,pm_ex_shelter,2022-08-01,1.0531550543464885,0.18261081800706813
income_decile,Lowest minus highest income decile,pm_ex_shelter,2022-09-01,0.8337987655100623,0.17430509506453062
income_decile,Lowest minus highest income decile,pm_ex_shelter,2022-10-01,0.759836892308762,0.18260723881827234
income_decile,Lowest minus highest income decile,pm_ex_shelter,2022-11-01,0.6324258324701848,0.21036185457970938
income_decile,Lowest minus highest income decile,pm_ex_shelter,2022-12-01,0.5159475362778609,0.25257672525217706
income_decile,Lowest minus highest income decile,pm_ex_shelter,2023-01-01,0.6764930006847303,0.2058849389315045
income_decile,Lowest minus highest income decile,pm_ex_shelter,2023-02-01,0.6516611159520291,0.2031012125971751
income_decile,Lowest minus highest income decile,pm_ex_shelter,2023-03-01,0.10463475125290778,0.17169557401179936
income_decile,Lowest minus highest income decile,pm_ex_shelter,2023-04-01,0.05673849314304924,0.1398498906253525
income_decile,Lowest minus highest income decile,pm_ex_shelter,2023-05-01,-0.2967960981888007,0.14136244753650018
income_decile,Lowest minus highest income decile,pm_ex_shelter,2023-06-01,-0.6036357252750202,0.15308812920281079
income_decile,Lowest minus highest income decile,pm_ex_shelter,2023-07-01,-0.5094716295096058,0.13631359498110457
income_decile,Lowest minus highest income decile,pm_ex_shelter,2023-08-01,-0.11210648705355375,0.12370387213961888
income_decile,Lowest minus highest income decile,pm_ex_shelter,2023-09-01,0.10023717796365794,0.12100569974903695
income_decile,Lowest minus highest income decile,pm_ex_shelter,2023-10-01,0.052029701126055095,0.11273659042668693
income_decile,Lowest minus highest income decile,pm_ex_shelter,2023-11-01,-0.022057960558119483,0.09802478789052767
income_decile,Lowest minus highest income decile,pm_ex_shelter,2023-12-01,0.049700954256359786,0.09256365724055471
income_decile,Lowest minus highest income decile,pm_ex_shelter,2024-01-01,-0.10111582921912277,0.08712354410529301
income_decile,Lowest minus highest income decile,pm_ex_shelter,2024-02-01,-0.045973856580983075,0.08407036894167194
income_decile,Lowest minus highest income decile,pm_ex_shelter,2024-03-01,0.19144865254798749,0.0917931905116436
income_decile,Lowest minus highest income decile,pm_ex_shelter,2024-04-01,0.26430807073170026,0.1082440675010828
income_decile,Lowest minus highest income decile,pm_ex_shelter,2024-05-01,0.34214646999428666,0.11884572677559442
income_decile,Lowest minus highest income decile,pm_ex_shelter,2024-06-01,0.30571777020471647,0.11853448552183649
income_decile,Lowest minus highest income decile,pm_ex_shelter,2024-07-01,0.365366453720406,0.12023141707025356
income_decile,Lowest minus highest income decile,pm_ex_shelter,2024-08-01,0.205352143700277,0.11683373457497136
income_decile,Lowest minus highest income decile,pm_ex_shelter,2024-09-01,0.045942065935422605,0.10462344718281416
income_decile,Lowest minus highest income decile,pm_ex_shelter,2024-10-01,-0.029045840465702355,0.09250689735965865
income_decile,Lowest minus highest income decile,pm_ex_shelter,2024-11-01,-0.04059957926039193,0.08146209398986878
income_decile,Lowest minus highest income decile,pm_ex_shelter,2024-12-01,0.06846327042009381,0.07448941079149327
income_decile,Lowest minus highest income decile,pm_ex_shelter,2025-01-01,0.11325065992402461,0.06383247726605595
income_decile,Lowest minus highest income decile,pm_ex_shelter,2025-02-01,0.07663528854231494,0.06408058951822472
income_decile,Lowest minus highest income decile,pm_ex_shelter,2025-03-01,-0.03898405034381547,0.06813946075440262
income_decile,Lowest minus highest income decile,pm_ex_shelter,2025-04-01,-0.05353491866408877,0.0673823050980634
income_decile,Lowest minus highest income decile,pm_ex_shelter,2025-05-01,0.010094853479469812,0.06227467372460011
income_decile,Lowest minus highest income decile,pm_ex_shelter,2025-06-01,0.06782559800402321,0.05137722103485098
income_decile,Lowest minus highest income decile,pm_ex_shelter,2025-07-01,-0.07038462110335875,0.04929587696467815
income_decile,Lowest minus highest income decile,pm_ex_shelter,2025-08-01,-0.10247213599909877,0.04275377314365669
income_decile,Lowest minus highest income decile,pm_ex_shelter,2025-09-01,-0.05352243930116796,0.03608790107634875
income_decile,Lowest minus highest income decile,pm_ex_shelter,2025-11-01,0.2855419564437467,0.03717933916990354
income_decile,Lowest minus highest income decile,pm_ex_shelter,2025-12-01,0.22349365447595915,0.048177284570816555
income_decile,Lowest minus highest income decile,pm_ex_shelter,2026-01-01,0.1743483416746905,0.07147102538647643
income_decile,Lowest minus highest income decile,pm_ex_shelter,2026-02-01,0.1427073196786255,0.07829367858354809
income_decile,Lowest minus highest income decile,pm_ex_shelter,2026-03-01,0.4299010741866116,0.11079305363654168
income_decile,Lowest minus highest income decile,pm_ex_shelter,2026-04-01,0.6610903654062472,0.15620099444779514
income_decile,Lowest minus highest income decile,pm_ex_shelter,2026-05-01,0.7359221529640969,0.2141940541134165
income_decile,Lowest minus highest income decile,pm_ex_shelter,2026-06-01,0.39477545655581814,0.1565423612898438
income_decile,Lowest minus highest income decile,pm_ex_shelter,2026-07-01,0.41813868701643386,0.13683008216368017
income_decile,Lowest minus highest income decile,pm_oer_all_in,2016-12-01,0.11902912862185033,0.060436626649425285
income_decile,Lowest minus highest income decile,pm_oer_all_in,2017-01-01,0.2048847789680508,0.05739670885040557
income_decile,Lowest minus highest income decile,pm_oer_all_in,2017-02-01,0.2703841449576361,0.0698009780924288
income_decile,Lowest minus highest income decile,pm_oer_all_in,2017-03-01,0.26618216524800786,0.061813058840056556
income_decile,Lowest minus highest income decile,pm_oer_all_in,2017-04-01,0.286007495137941,0.057042097023459276
income_decile,Lowest minus highest income decile,pm_oer_all_in,2017-05-01,0.3761463625333583,0.053274307006738485
income_decile,Lowest minus highest income decile,pm_oer_all_in,2017-06-01,0.42306028978256194,0.054974982706588175
income_decile,Lowest minus highest income decile,pm_oer_all_in,2017-07-01,0.499636111343027,0.056538221270585325
income_decile,Lowest minus highest income decile,pm_oer_all_in,2017-08-01,0.4765349055699808,0.05798207873014452
income_decile,Lowest minus highest income decile,pm_oer_all_in,2017-09-01,0.4769038467657305,0.06403886748785391
income_decile,Lowest minus highest income decile,pm_oer_all_in,2017-10-01,0.42508325745647113,0.05961354563705485
income_decile,Lowest minus highest income decile,pm_oer_all_in,2017-11-01,0.4776043654274309,0.058674598613456565
income_decile,Lowest minus highest income decile,pm_oer_all_in,2017-12-01,0.46047888302438444,0.0509778608219465
income_decile,Lowest minus highest income decile,pm_oer_all_in,2018-01-01,0.506421507449839,0.046945500919928995
income_decile,Lowest minus highest income decile,pm_oer_all_in,2018-02-01,0.5347481178445745,0.04993835913409737
income_decile,Lowest minus highest income decile,pm_oer_all_in,2018-03-01,0.42903892231405116,0.04562360354721005
income_decile,Lowest minus highest income decile,pm_oer_all_in,2018-04-01,0.4556637548914555,0.05103508140120131
income_decile,Lowest minus highest income decile,pm_oer_all_in,2018-05-01,0.3708560556812346,0.06247591297762716
income_decile,Lowest minus highest income decile,pm_oer_all_in,2018-06-01,0.37473565055776703,0.06351388345562292
income_decile,Lowest minus highest income decile,pm_oer_all_in,2018-07-01,0.22847641026475518,0.061611136968715806
income_decile,Lowest minus highest income decile,pm_oer_all_in,2018-08-01,0.27121744145497395,0.05130785197365127
income_decile,Lowest minus highest income decile,pm_oer_all_in,2018-09-01,0.2748199507033977,0.04011915871913361
income_decile,Lowest minus highest income decile,pm_oer_all_in,2018-10-01,0.40638855225099135,0.0459614665920513
income_decile,Lowest minus highest income decile,pm_oer_all_in,2018-11-01,0.2557376919992027,0.03202767564166487
income_decile,Lowest minus highest income decile,pm_oer_all_in,2018-12-01,0.09704018905702938,0.032003995105611506
income_decile,Lowest minus highest income decile,pm_oer_all_in,2019-01-01,0.017318882716410577,0.03581429099144908
income_decile,Lowest minus highest income decile,pm_oer_all_in,2019-02-01,0.044980531306393345,0.03690100270494043
income_decile,Lowest minus highest income decile,pm_oer_all_in,2019-03-01,0.21779617920925087,0.03676529294546853
income_decile,Lowest minus highest income decile,pm_oer_all_in,2019-04-01,0.213864686720866,0.03988348790455889
income_decile,Lowest minus highest income decile,pm_oer_all_in,2019-05-01,0.2765012810697298,0.03716066250097056
income_decile,Lowest minus highest income decile,pm_oer_all_in,2019-06-01,0.1757182094770382,0.03726932982338765
income_decile,Lowest minus highest income decile,pm_oer_all_in,2019-07-01,0.19409703004886758,0.03644937111757936
income_decile,Lowest minus highest income decile,pm_oer_all_in,2019-08-01,0.12087322581004756,0.034071380786763666
income_decile,Lowest minus highest income decile,pm_oer_all_in,2019-09-01,0.09983668412090196,0.035060380541592176
income_decile,Lowest minus highest income decile,pm_oer_all_in,2019-10-01,0.13246461188993752,0.03849767301718689
income_decile,Lowest minus highest income decile,pm_oer_all_in,2019-11-01,0.16789188726127335,0.03917422106140676
income_decile,Lowest minus highest income decile,pm_oer_all_in,2019-12-01,0.3202803464806836,0.04168241212863702
income_decile,Lowest minus highest income decile,pm_oer_all_in,2020-01-01,0.34120349943371764,0.052571056721108594
income_decile,Lowest minus highest income decile,pm_oer_all_in,2020-02-01,0.22435658301651618,0.04259373020813005
income_decile,Lowest minus highest income decile,pm_oer_all_in,2020-03-01,0.32346167217112143,0.05113563358548263
income_decile,Lowest minus highest income decile,pm_oer_all_in,2020-04-01,0.5765281418085744,0.08609698226754571
income_decile,Lowest minus highest income decile,pm_oer_all_in,2020-05-01,0.6402065495647702,0.09046134160635783
income_decile,Lowest minus highest income decile,pm_oer_all_in,2020-06-01,0.741547461908687,0.07992690106257637
income_decile,Lowest minus highest income decile,pm_oer_all_in,2020-07-01,0.6943913706761284,0.06985371790818566
income_decile,Lowest minus highest income decile,pm_oer_all_in,2020-08-01,0.6259589988736547,0.06401570256062185
income_decile,Lowest minus highest income decile,pm_oer_all_in,2020-09-01,0.5329782980034281,0.07074866769382718
income_decile,Lowest minus highest income decile,pm_oer_all_in,2020-10-01,0.4857724068283886,0.07881888982782727
income_decile,Lowest minus highest income decile,pm_oer_all_in,2020-11-01,0.3886216680111687,0.07404671218215725
income_decile,Lowest minus highest income decile,pm_oer_all_in,2020-12-01,0.4126249527043102,0.06694526552254655
income_decile,Lowest minus highest income decile,pm_oer_all_in,2021-01-01,0.583503351150072,0.09572825630644365
income_decile,Lowest minus highest income decile,pm_oer_all_in,2021-02-01,0.7958066610407544,0.09619652011423743
income_decile,Lowest minus highest income decile,pm_oer_all_in,2021-03-01,0.663714450677011,0.08081832047727008
income_decile,Lowest minus highest income decile,pm_oer_all_in,2021-04-01,0.12905301926589008,0.14385534537938158
income_decile,Lowest minus highest income decile,pm_oer_all_in,2021-05-01,-0.08314046877444525,0.2090012523136817
income_decile,Lowest minus highest income decile,pm_oer_all_in,2021-06-01,-0.3381522417985172,0.302309319946438
income_decile,Lowest minus highest income decile,pm_oer_all_in,2021-07-01,-0.41311678327438095,0.30186487879426627
income_decile,Lowest minus highest income decile,pm_oer_all_in,2021-08-01,-0.23202967010247377,0.2535069981995871
income_decile,Lowest minus highest income decile,pm_oer_all_in,2021-09-01,-0.07994747442208183,0.21054317963324942
income_decile,Lowest minus highest income decile,pm_oer_all_in,2021-10-01,-0.09438383040616394,0.23298069139624356
income_decile,Lowest minus highest income decile,pm_oer_all_in,2021-11-01,-0.04597892322422137,0.27696161818419385
income_decile,Lowest minus highest income decile,pm_oer_all_in,2021-12-01,-0.21266226401222,0.3131485684084978
income_decile,Lowest minus highest income decile,pm_oer_all_in,2022-01-01,-0.28060842255928087,0.3224452904537199
income_decile,Lowest minus highest income decile,pm_oer_all_in,2022-02-01,-0.34794588872535304,0.3315354595115017
income_decile,Lowest minus highest income decile,pm_oer_all_in,2022-03-01,-0.1481490455458747,0.29309681948751654
income_decile,Lowest minus highest income decile,pm_oer_all_in,2022-04-01,0.050911490778004165,0.21698747935921672
income_decile,Lowest minus highest income decile,pm_oer_all_in,2022-05-01,0.3133671678102079,0.1872021536881711
income_decile,Lowest minus highest income decile,pm_oer_all_in,2022-06-01,0.7437379429104496,0.17382065465698326
income_decile,Lowest minus highest income decile,pm_oer_all_in,2022-07-01,0.8585772297469596,0.15951117442255988
income_decile,Lowest minus highest income decile,pm_oer_all_in,2022-08-01,0.6507253600594574,0.12431424530992641
income_decile,Lowest minus highest income decile,pm_oer_all_in,2022-09-01,0.561739088959845,0.11782520101213052
income_decile,Lowest minus highest income decile,pm_oer_all_in,2022-10-01,0.5452543279892419,0.11566523919843533
income_decile,Lowest minus highest income decile,pm_oer_all_in,2022-11-01,0.572550274661654,0.138820123110889
income_decile,Lowest minus highest income decile,pm_oer_all_in,2022-12-01,0.5731319372807686,0.17197157187187495
income_decile,Lowest minus highest income decile,pm_oer_all_in,2023-01-01,0.6236387579799052,0.14349851064616834
income_decile,Lowest minus highest income decile,pm_oer_all_in,2023-02-01,0.6262181513996268,0.1455780264054377
income_decile,Lowest minus highest income decile,pm_oer_all_in,2023-03-01,0.2633411715801781,0.12966273065933426
income_decile,Lowest minus highest income decile,pm_oer_all_in,2023-04-01,0.29751375180948614,0.11189396620924826
income_decile,Lowest minus highest income decile,pm_oer_all_in,2023-05-01,0.07972634024404623,0.11559472013601357
income_decile,Lowest minus highest income decile,pm_oer_all_in,2023-06-01,-0.11135344149135751,0.12506439851858028
income_decile,Lowest minus highest income decile,pm_oer_all_in,2023-07-01,-0.0894452220324915,0.11952085247060885
income_decile,Lowest minus highest income decile,pm_oer_all_in,2023-08-01,0.22792905434547706,0.11330116680247404
income_decile,Lowest minus highest income decile,pm_oer_all_in,2023-09-01,0.2810719574004361,0.11177199769574406
income_decile,Lowest minus highest income decile,pm_oer_all_in,2023-10-01,0.3902265084114731,0.10609230281308997
income_decile,Lowest minus highest income decile,pm_oer_all_in,2023-11-01,0.36866589807127426,0.09758214319418079
income_decile,Lowest minus highest income decile,pm_oer_all_in,2023-12-01,0.39443307422453167,0.09061770217464771
income_decile,Lowest minus highest income decile,pm_oer_all_in,2024-01-01,0.24797109677174856,0.08100487430843549
income_decile,Lowest minus highest income decile,pm_oer_all_in,2024-02-01,0.27885417398816337,0.0776144381706448
income_decile,Lowest minus highest income decile,pm_oer_all_in,2024-03-01,0.44264306481118787,0.08013643339099323
income_decile,Lowest minus highest income decile,pm_oer_all_in,2024-04-01,0.43262901634268935,0.08753054905415772
income_decile,Lowest minus highest income decile,pm_oer_all_in,2024-05-01,0.5041520449131642,0.0939591869999749
income_decile,Lowest minus highest income decile,pm_oer_all_in,2024-06-01,0.49700232554232837,0.09421438647902726
income_decile,Lowest minus highest income decile,pm_oer_all_in,2024-07-01,0.5461322403726987,0.09475448543869959
income_decile,Lowest minus highest income decile,pm_oer_all_in,2024-08-01,0.35206363335851254,0.09385569975102714
income_decile,Lowest minus highest income decile,pm_oer_all_in,2024-09-01,0.3310918117552131,0.0849395012987001
income_decile,Lowest minus highest income decile,pm_oer_all_in,2024-10-01,0.19342377134647926,0.07613379581775133
income_decile,Lowest minus highest income decile,pm_oer_all_in,2024-11-01,0.08451785444685278,0.06593866994607091
income_decile,Lowest minus highest income decile,pm_oer_all_in,2024-12-01,0.1658152606023089,0.060557356036426084
income_decile,Lowest minus highest income decile,pm_oer_all_in,2025-01-01,0.18124220925288537,0.05532643260531937
income_decile,Lowest minus highest income decile,pm_oer_all_in,2025-02-01,0.145524749459347,0.05436054592466055
income_decile,Lowest minus highest income decile,pm_oer_all_in,2025-03-01,0.18179905669415408,0.061815622630829986
income_decile,Lowest minus highest income decile,pm_oer_all_in,2025-04-01,0.14688024297289104,0.05757464444807099
income_decile,Lowest minus highest income decile,pm_oer_all_in,2025-05-01,0.1490557793788927,0.052867140667461406
income_decile,Lowest minus highest income decile,pm_oer_all_in,2025-06-01,0.21028712997264165,0.05132285908373675
income_decile,Lowest minus highest income decile,pm_oer_all_in,2025-07-01,0.12166956211072666,0.05142044669457253
income_decile,Lowest minus highest income decile,pm_oer_all_in,2025-08-01,0.06318789330905794,0.043744941721786855
income_decile,Lowest minus highest income decile,pm_oer_all_in,2025-09-01,0.043359520194075074,0.031869795214197576
income_decile,Lowest minus highest income decile,pm_oer_all_in,2025-11-01,0.36659358677124665,0.045408991207007504
income_decile,Lowest minus highest income decile,pm_oer_all_in,2025-12-01,0.25043346279078893,0.03826448262761081
income_decile,Lowest minus highest income decile,pm_oer_all_in,2026-01-01,0.2875146965913844,0.051354511819737145
income_decile,Lowest minus highest income decile,pm_oer_all_in,2026-02-01,0.2613806608261049,0.05467543315540233
income_decile,Lowest minus highest income decile,pm_oer_all_in,2026-03-01,0.3213434222654632,0.06999074537653466
income_decile,Lowest minus highest income decile,pm_oer_all_in,2026-04-01,0.43955742110146634,0.0970164406218968
income_decile,Lowest minus highest income decile,pm_oer_all_in,2026-05-01,0.478265684627166,0.1319075272485226
income_decile,Lowest minus highest income decile,pm_oer_all_in,2026-06-01,0.28228471142730527,0.09824219665036016
income_decile,Lowest minus highest income decile,pm_oer_all_in,2026-07-01,0.32428452888448867,0.08598259692405373
cu_size,Four-person minus one-person CUs,all_in,2011-01-01,0.3373036965990117,NA
cu_size,Four-person minus one-person CUs,all_in,2011-02-01,0.4122083739067639,NA
cu_size,Four-person minus one-person CUs,all_in,2011-03-01,0.5337234628602472,NA
cu_size,Four-person minus one-person CUs,all_in,2011-04-01,0.595315348935288,NA
cu_size,Four-person minus one-person CUs,all_in,2011-05-01,0.6702184106057718,NA
cu_size,Four-person minus one-person CUs,all_in,2011-06-01,0.6858948865801962,NA
cu_size,Four-person minus one-person CUs,all_in,2011-07-01,0.6695974108703151,NA
cu_size,Four-person minus one-person CUs,all_in,2011-08-01,0.6727619104214044,NA
cu_size,Four-person minus one-person CUs,all_in,2011-09-01,0.6785066178515597,NA
cu_size,Four-person minus one-person CUs,all_in,2011-10-01,0.5109686841762606,NA
cu_size,Four-person minus one-person CUs,all_in,2011-11-01,0.4311534299128894,NA
cu_size,Four-person minus one-person CUs,all_in,2011-12-01,0.2332593803284322,NA
cu_size,Four-person minus one-person CUs,all_in,2012-01-01,0.17965882141970368,NA
cu_size,Four-person minus one-person CUs,all_in,2012-02-01,0.18178241886197544,NA
cu_size,Four-person minus one-person CUs,all_in,2012-03-01,0.09575536708323895,NA
cu_size,Four-person minus one-person CUs,all_in,2012-04-01,-0.006327621685398022,NA
cu_size,Four-person minus one-person CUs,all_in,2012-05-01,-0.17879461842962296,NA
cu_size,Four-person minus one-person CUs,all_in,2012-06-01,-0.21430542436182698,NA
cu_size,Four-person minus one-person CUs,all_in,2012-07-01,-0.29699351298544396,NA
cu_size,Four-person minus one-person CUs,all_in,2012-08-01,-0.24882929374234752,NA
cu_size,Four-person minus one-person CUs,all_in,2012-09-01,-0.1373297295233611,NA
cu_size,Four-person minus one-person CUs,all_in,2012-10-01,-0.06565907559479278,NA
cu_size,Four-person minus one-person CUs,all_in,2012-11-01,-0.16247744145017062,NA
cu_size,Four-person minus one-person CUs,all_in,2012-12-01,-0.17962314812152158,NA
cu_size,Four-person minus one-person CUs,all_in,2013-01-01,-0.18199093332333938,NA
cu_size,Four-person minus one-person CUs,all_in,2013-02-01,-0.09541126565264513,NA
cu_size,Four-person minus one-person CUs,all_in,2013-03-01,-0.2243288484689243,NA
cu_size,Four-person minus one-person CUs,all_in,2013-04-01,-0.30304870801360906,NA
cu_size,Four-person minus one-person CUs,all_in,2013-05-01,-0.2217241708324158,NA
cu_size,Four-person minus one-person CUs,all_in,2013-06-01,-0.09532943976124919,NA
cu_size,Four-person minus one-person CUs,all_in,2013-07-01,-0.014802002892078114,NA
cu_size,Four-person minus one-person CUs,all_in,2013-08-01,-0.16007724077513608,NA
cu_size,Four-person minus one-person CUs,all_in,2013-09-01,-0.3225439077109149,NA
cu_size,Four-person minus one-person CUs,all_in,2013-10-01,-0.4072684083553657,NA
cu_size,Four-person minus one-person CUs,all_in,2013-11-01,-0.32467364584449765,NA
cu_size,Four-person minus one-person CUs,all_in,2013-12-01,-0.21400105894355814,NA
cu_size,Four-person minus one-person CUs,all_in,2014-01-01,-0.2663933586872558,0.024547765448786472
cu_size,Four-person minus one-person CUs,all_in,2014-02-01,-0.37988791180005865,0.030906467695750346
cu_size,Four-person minus one-person CUs,all_in,2014-03-01,-0.29102979528223827,0.030234781282053147
cu_size,Four-person minus one-person CUs,all_in,2014-04-01,-0.14694307958462716,0.029260775059999477
cu_size,Four-person minus one-person CUs,all_in,2014-05-01,-0.1638544848554746,0.03153684930400784
cu_size,Four-person minus one-person CUs,all_in,2014-06-01,-0.21431559081093177,0.03159742272466679
cu_size,Four-person minus one-person CUs,all_in,2014-07-01,-0.27059709818368916,0.03038645374832547
cu_size,Four-person minus one-person CUs,all_in,2014-08-01,-0.2955150476414037,0.032878519523293494
cu_size,Four-person minus one-person CUs,all_in,2014-09-01,-0.2519206745898117,0.03389038866493609
cu_size,Four-person minus one-person CUs,all_in,2014-10-01,-0.2591971160344153,0.03597890963178846
cu_size,Four-person minus one-person CUs,all_in,2014-11-01,-0.4213999902296761,0.03958034179839369
cu_size,Four-person minus one-person CUs,all_in,2014-12-01,-0.6645599535896052,0.05097487498088615
cu_size,Four-person minus one-person CUs,all_in,2015-01-01,-0.8531745300410676,0.06677532623200352
cu_size,Four-person minus one-person CUs,all_in,2015-02-01,-0.8072269987962399,0.056551735182826274
cu_size,Four-person minus one-person CUs,all_in,2015-03-01,-0.7474987879413253,0.054143725424034395
cu_size,Four-person minus one-person CUs,all_in,2015-04-01,-0.8205751529529626,0.059958619376108795
cu_size,Four-person minus one-person CUs,all_in,2015-05-01,-0.7140061366471273,0.05212700892146299
cu_size,Four-person minus one-person CUs,all_in,2015-06-01,-0.6643716997287608,0.05264084366652226
cu_size,Four-person minus one-person CUs,all_in,2015-07-01,-0.6236509598460893,0.05198982051768134
cu_size,Four-person minus one-person CUs,all_in,2015-08-01,-0.6303654978404127,0.05245698628214056
cu_size,Four-person minus one-person CUs,all_in,2015-09-01,-0.7585106013843657,0.05895040685422841
cu_size,Four-person minus one-person CUs,all_in,2015-10-01,-0.7465787248084221,0.05320073020963012
cu_size,Four-person minus one-person CUs,all_in,2015-11-01,-0.6369069712685582,0.04802985798823598
cu_size,Four-person minus one-person CUs,all_in,2015-12-01,-0.5266349283893246,0.04336634736856573
cu_size,Four-person minus one-person CUs,all_in,2016-01-01,-0.3225910831315959,0.0355137654892595
cu_size,Four-person minus one-person CUs,all_in,2016-02-01,-0.4270659436429014,0.04529491784856167
cu_size,Four-person minus one-person CUs,all_in,2016-03-01,-0.5339143504851984,0.04355435508582608
cu_size,Four-person minus one-person CUs,all_in,2016-04-01,-0.4856634578166208,0.041617909421058266
cu_size,Four-person minus one-person CUs,all_in,2016-05-01,-0.582579208353029,0.046847751064614584
cu_size,Four-person minus one-person CUs,all_in,2016-06-01,-0.6424000257591933,0.05143624806090333
cu_size,Four-person minus one-person CUs,all_in,2016-07-01,-0.7079222637240479,0.052748859121586215
cu_size,Four-person minus one-person CUs,all_in,2016-08-01,-0.6854929212097627,0.05301781747468304
cu_size,Four-person minus one-person CUs,all_in,2016-09-01,-0.560716013958551,0.04683992468045131
cu_size,Four-person minus one-person CUs,all_in,2016-10-01,-0.460707548579653,0.04354601026507537
cu_size,Four-person minus one-person CUs,all_in,2016-11-01,-0.4590679726222513,0.04219108613987577
cu_size,Four-person minus one-person CUs,all_in,2016-12-01,-0.37409241554109407,0.042719437915603994
cu_size,Four-person minus one-person CUs,all_in,2017-01-01,-0.24837983543544162,0.05375353623971309
cu_size,Four-person minus one-person CUs,all_in,2017-02-01,-0.2206887133514135,0.07060661848887959
cu_size,Four-person minus one-person CUs,all_in,2017-03-01,-0.29107005606630043,0.057500495820944145
cu_size,Four-person minus one-person CUs,all_in,2017-04-01,-0.3320847426111717,0.05274990679606855
cu_size,Four-person minus one-person CUs,all_in,2017-05-01,-0.4130444414956358,0.04410319147878171
cu_size,Four-person minus one-person CUs,all_in,2017-06-01,-0.45664645991450037,0.04347725156895755
cu_size,Four-person minus one-person CUs,all_in,2017-07-01,-0.4392261966522204,0.04569655930868839
cu_size,Four-person minus one-person CUs,all_in,2017-08-01,-0.3545914837744579,0.04851772184301234
cu_size,Four-person minus one-person CUs,all_in,2017-09-01,-0.19743734840649285,0.05909315539298521
cu_size,Four-person minus one-person CUs,all_in,2017-10-01,-0.3047019070096413,0.05219348257591432
cu_size,Four-person minus one-person CUs,all_in,2017-11-01,-0.22245681923624971,0.054398823201746285
cu_size,Four-person minus one-person CUs,all_in,2017-12-01,-0.2395576304889513,0.04364180158898857
cu_size,Four-person minus one-person CUs,all_in,2018-01-01,-0.2693818137420756,0.041377722632773006
cu_size,Four-person minus one-person CUs,all_in,2018-02-01,-0.20583201392823103,0.04449809146417427
cu_size,Four-person minus one-person CUs,all_in,2018-03-01,-0.1870888577884644,0.040870628875438984
cu_size,Four-person minus one-person CUs,all_in,2018-04-01,-0.15266480379816372,0.04546521434893098
cu_size,Four-person minus one-person CUs,all_in,2018-05-01,-0.022457980758860963,0.05547926743470357
cu_size,Four-person minus one-person CUs,all_in,2018-06-01,0.04481674605836261,0.05643000074624755
cu_size,Four-person minus one-person CUs,all_in,2018-07-01,0.08026374268577108,0.05411441916431395
cu_size,Four-person minus one-person CUs,all_in,2018-08-01,-0.014348146663900607,0.04546098296534923
cu_size,Four-person minus one-person CUs,all_in,2018-09-01,-0.18815217723664457,0.0348919205392204
cu_size,Four-person minus one-person CUs,all_in,2018-10-01,-0.08859229257014434,0.04026091275588158
cu_size,Four-person minus one-person CUs,all_in,2018-11-01,-0.23348961238667254,0.027512120550752913
cu_size,Four-person minus one-person CUs,all_in,2018-12-01,-0.3076076538862438,0.027075534402070507
cu_size,Four-person minus one-person CUs,all_in,2019-01-01,-0.43405756322245637,0.032802417924601215
cu_size,Four-person minus one-person CUs,all_in,2019-02-01,-0.4532561647987654,0.03204022995534767
cu_size,Four-person minus one-person CUs,all_in,2019-03-01,-0.3628800730721249,0.03429120169929441
cu_size,Four-person minus one-person CUs,all_in,2019-04-01,-0.3454945602748838,0.04012318829976543
cu_size,Four-person minus one-person CUs,all_in,2019-05-01,-0.4239575958500996,0.0424959972291542
cu_size,Four-person minus one-person CUs,all_in,2019-06-01,-0.5061544361344872,0.04564494284029888
cu_size,Four-person minus one-person CUs,all_in,2019-07-01,-0.48630890524843373,0.05172030631324735
cu_size,Four-person minus one-person CUs,all_in,2019-08-01,-0.4975840521020958,0.05746236856061073
cu_size,Four-person minus one-person CUs,all_in,2019-09-01,-0.5226486404130704,0.060160680751150906
cu_size,Four-person minus one-person CUs,all_in,2019-10-01,-0.5217670604277691,0.06579257478326002
cu_size,Four-person minus one-person CUs,all_in,2019-11-01,-0.40245311477866696,0.07112775406799736
cu_size,Four-person minus one-person CUs,all_in,2019-12-01,-0.3155304502319156,0.07519998755231828
cu_size,Four-person minus one-person CUs,all_in,2020-01-01,-0.2513405268751434,0.08122745286295667
cu_size,Four-person minus one-person CUs,all_in,2020-02-01,-0.25524482378134206,0.07724767819590447
cu_size,Four-person minus one-person CUs,all_in,2020-03-01,-0.4590446101896628,0.07920346483937232
cu_size,Four-person minus one-person CUs,all_in,2020-04-01,-0.8206129291670861,0.09683943539120808
cu_size,Four-person minus one-person CUs,all_in,2020-05-01,-0.8462892718018034,0.10025117628669421
cu_size,Four-person minus one-person CUs,all_in,2020-06-01,-0.6589539513327747,0.09637980625598731
cu_size,Four-person minus one-person CUs,all_in,2020-07-01,-0.5677403771868761,0.08655729536275426
cu_size,Four-person minus one-person CUs,all_in,2020-08-01,-0.41396108334776915,0.07912814730968594
cu_size,Four-person minus one-person CUs,all_in,2020-09-01,-0.300786546604237,0.07727932916514316
cu_size,Four-person minus one-person CUs,all_in,2020-10-01,-0.2982592649679816,0.07753276746511575
cu_size,Four-person minus one-person CUs,all_in,2020-11-01,-0.2998349799025801,0.07027269473626509
cu_size,Four-person minus one-person CUs,all_in,2020-12-01,-0.22780942065008247,0.062637713514685
cu_size,Four-person minus one-person CUs,all_in,2021-01-01,-0.17204931625822706,0.06198901961579038
cu_size,Four-person minus one-person CUs,all_in,2021-02-01,-0.08101551242021277,0.058334677293969635
cu_size,Four-person minus one-person CUs,all_in,2021-03-01,0.18153382702428278,0.04998410165503704
cu_size,Four-person minus one-person CUs,all_in,2021-04-01,0.7345304763569427,0.09189869806259839
cu_size,Four-person minus one-person CUs,all_in,2021-05-01,1.0510204247540011,0.13439832991718242
cu_size,Four-person minus one-person CUs,all_in,2021-06-01,1.3287843305379576,0.22217378876208985
cu_size,Four-person minus one-person CUs,all_in,2021-07-01,1.3613186834197544,0.22453736044135744
cu_size,Four-person minus one-person CUs,all_in,2021-08-01,1.2633547917243027,0.18825467906914983
cu_size,Four-person minus one-person CUs,all_in,2021-09-01,1.139961075435525,0.15278909658187173
cu_size,Four-person minus one-person CUs,all_in,2021-10-01,1.3168085718307632,0.16022708605088387
cu_size,Four-person minus one-person CUs,all_in,2021-11-01,1.5030781457918918,0.18818852496898328
cu_size,Four-person minus one-person CUs,all_in,2021-12-01,1.5768636818218154,0.22071840476649204
cu_size,Four-person minus one-person CUs,all_in,2022-01-01,1.5095231647693765,0.2701380290136091
cu_size,Four-person minus one-person CUs,all_in,2022-02-01,1.493514917799942,0.2687454505717714
cu_size,Four-person minus one-person CUs,all_in,2022-03-01,1.5076873312445773,0.22670454210843424
cu_size,Four-person minus one-person CUs,all_in,2022-04-01,1.177805867175774,0.16378416634804585
cu_size,Four-person minus one-person CUs,all_in,2022-05-01,1.0075891462443707,0.14558231173986744
cu_size,Four-person minus one-person CUs,all_in,2022-06-01,0.7998432639745978,0.15866765146430106
cu_size,Four-person minus one-person CUs,all_in,2022-07-01,0.5823986957068001,0.13906421434583868
cu_size,Four-person minus one-person CUs,all_in,2022-08-01,0.3872740444691214,0.11755457007618783
cu_size,Four-person minus one-person CUs,all_in,2022-09-01,0.2797066357714577,0.12390055602509682
cu_size,Four-person minus one-person CUs,all_in,2022-10-01,0.06132988465186173,0.11657599641513415
cu_size,Four-person minus one-person CUs,all_in,2022-11-01,-0.18187526906963125,0.1250090187737057
cu_size,Four-person minus one-person CUs,all_in,2022-12-01,-0.44402878224210074,0.14238666525182278
cu_size,Four-person minus one-person CUs,all_in,2023-01-01,-0.42830884450302253,0.15070318258273543
cu_size,Four-person minus one-person CUs,all_in,2023-02-01,-0.5150813395367937,0.14866048509837207
cu_size,Four-person minus one-person CUs,all_in,2023-03-01,-0.62478243221602,0.11849603386244596
cu_size,Four-person minus one-person CUs,all_in,2023-04-01,-0.4573556485029995,0.10115602735043196
cu_size,Four-person minus one-person CUs,all_in,2023-05-01,-0.5197927112053469,0.10093587150858
cu_size,Four-person minus one-person CUs,all_in,2023-06-01,-0.6610556579809024,0.10836690085077398
cu_size,Four-person minus one-person CUs,all_in,2023-07-01,-0.5626365914276787,0.10745985304979146
cu_size,Four-person minus one-person CUs,all_in,2023-08-01,-0.3979178801335248,0.11002612483009222
cu_size,Four-person minus one-person CUs,all_in,2023-09-01,-0.3759510776262909,0.1122545865190163
cu_size,Four-person minus one-person CUs,all_in,2023-10-01,-0.5043969864488296,0.10241952850597202
cu_size,Four-person minus one-person CUs,all_in,2023-11-01,-0.5755097721784952,0.08997178017701292
cu_size,Four-person minus one-person CUs,all_in,2023-12-01,-0.5168830947452241,0.08444005407431965
cu_size,Four-person minus one-person CUs,all_in,2024-01-01,-0.5656906835042497,0.08060718596440203
cu_size,Four-person minus one-person CUs,all_in,2024-02-01,-0.49257797020345606,0.07515825168392985
cu_size,Four-person minus one-person CUs,all_in,2024-03-01,-0.5082340970613775,0.07807453692690394
cu_size,Four-person minus one-person CUs,all_in,2024-04-01,-0.571444057111159,0.0905688480702366
cu_size,Four-person minus one-person CUs,all_in,2024-05-01,-0.6260952296532896,0.10052874277604854
cu_size,Four-person minus one-person CUs,all_in,2024-06-01,-0.7052988579284714,0.10013661573863913
cu_size,Four-person minus one-person CUs,all_in,2024-07-01,-0.7764724284379243,0.10328455167668855
cu_size,Four-person minus one-person CUs,all_in,2024-08-01,-0.8159632836780562,0.09884859947439267
cu_size,Four-person minus one-person CUs,all_in,2024-09-01,-0.7146894383956104,0.08009535139625572
cu_size,Four-person minus one-person CUs,all_in,2024-10-01,-0.630743227094821,0.07139192475707992
cu_size,Four-person minus one-person CUs,all_in,2024-11-01,-0.4775584763996088,0.06569105803950476
cu_size,Four-person minus one-person CUs,all_in,2024-12-01,-0.41362468026460153,0.0618458439478587
cu_size,Four-person minus one-person CUs,all_in,2025-01-01,-0.3067168452849156,0.04665373289357931
cu_size,Four-person minus one-person CUs,all_in,2025-02-01,-0.37833258359118993,0.04446008544109915
cu_size,Four-person minus one-person CUs,all_in,2025-03-01,-0.452627872530309,0.044777676977948655
cu_size,Four-person minus one-person CUs,all_in,2025-04-01,-0.4969267099325103,0.04290968751721946
cu_size,Four-person minus one-person CUs,all_in,2025-05-01,-0.47953081001470554,0.04025339792379909
cu_size,Four-person minus one-person CUs,all_in,2025-06-01,-0.4186134832464772,0.037693423057124927
cu_size,Four-person minus one-person CUs,all_in,2025-07-01,-0.3519919825376361,0.03794113189619155
cu_size,Four-person minus one-person CUs,all_in,2025-08-01,-0.29355857552832987,0.03185122845872057
cu_size,Four-person minus one-person CUs,all_in,2025-09-01,-0.24515625937371333,0.03247117303849083
cu_size,Four-person minus one-person CUs,all_in,2025-11-01,-0.20800458859493443,0.037062316422379386
cu_size,Four-person minus one-person CUs,all_in,2025-12-01,-0.24116314931232896,0.04437969391881609
cu_size,Four-person minus one-person CUs,all_in,2026-01-01,-0.32705404673540883,0.05519608247656566
cu_size,Four-person minus one-person CUs,all_in,2026-02-01,-0.2526302390314372,0.059356393600699865
cu_size,Four-person minus one-person CUs,all_in,2026-03-01,0.0861593163444141,0.07843732496051949
cu_size,Four-person minus one-person CUs,all_in,2026-04-01,0.18698859138628343,0.09103641379101976
cu_size,Four-person minus one-person CUs,all_in,2026-05-01,0.32043343848824346,0.10927946746678976
cu_size,Four-person minus one-person CUs,all_in,2026-06-01,0.17158034122171095,0.08653531809194526
cu_size,Four-person minus one-person CUs,all_in,2026-07-01,0.13424483812964905,0.0787161447488579
cu_size,Four-person minus one-person CUs,ex_shelter,2011-01-01,0.30026650541370437,NA
cu_size,Four-person minus one-person CUs,ex_shelter,2011-02-01,0.32454247293278726,NA
cu_size,Four-person minus one-person CUs,ex_shelter,2011-03-01,0.3968481404482027,NA
cu_size,Four-person minus one-person CUs,ex_shelter,2011-04-01,0.4093466080572483,NA
cu_size,Four-person minus one-person CUs,ex_shelter,2011-05-01,0.4402074900860198,NA
cu_size,Four-person minus one-person CUs,ex_shelter,2011-06-01,0.4426158522541579,NA
cu_size,Four-person minus one-person CUs,ex_shelter,2011-07-01,0.4222525449064207,NA
cu_size,Four-person minus one-person CUs,ex_shelter,2011-08-01,0.453008207537442,NA
cu_size,Four-person minus one-person CUs,ex_shelter,2011-09-01,0.4486063154907738,NA
cu_size,Four-person minus one-person CUs,ex_shelter,2011-10-01,0.35001750229239903,NA
cu_size,Four-person minus one-person CUs,ex_shelter,2011-11-01,0.27783506320906426,NA
cu_size,Four-person minus one-person CUs,ex_shelter,2011-12-01,0.15153067955284705,NA
cu_size,Four-person minus one-person CUs,ex_shelter,2012-01-01,0.09132289077882216,NA
cu_size,Four-person minus one-person CUs,ex_shelter,2012-02-01,0.09649342397153315,NA
cu_size,Four-person minus one-person CUs,ex_shelter,2012-03-01,0.050005946088882425,NA
cu_size,Four-person minus one-person CUs,ex_shelter,2012-04-01,-0.0013185549007754815,NA
cu_size,Four-person minus one-person CUs,ex_shelter,2012-05-01,-0.09584575229266701,NA
cu_size,Four-person minus one-person CUs,ex_shelter,2012-06-01,-0.12745062655969974,NA
cu_size,Four-person minus one-person CUs,ex_shelter,2012-07-01,-0.17747082689862914,NA
cu_size,Four-person minus one-person CUs,ex_shelter,2012-08-01,-0.18970385804106815,NA
cu_size,Four-person minus one-person CUs,ex_shelter,2012-09-01,-0.10566072416480221,NA
cu_size,Four-person minus one-person CUs,ex_shelter,2012-10-01,-0.037640668998939475,NA
cu_size,Four-person minus one-person CUs,ex_shelter,2012-11-01,-0.08996257737265978,NA
cu_size,Four-person minus one-person CUs,ex_shelter,2012-12-01,-0.10077006121451682,NA
cu_size,Four-person minus one-person CUs,ex_shelter,2013-01-01,-0.07954107720908876,NA
cu_size,Four-person minus one-person CUs,ex_shelter,2013-02-01,0.0016564112378159024,NA
cu_size,Four-person minus one-person CUs,ex_shelter,2013-03-01,-0.07483966982295698,NA
cu_size,Four-person minus one-person CUs,ex_shelter,2013-04-01,-0.1350544511611096,NA
cu_size,Four-person minus one-person CUs,ex_shelter,2013-05-01,-0.07704888618913497,NA
cu_size,Four-person minus one-person CUs,ex_shelter,2013-06-01,0.016563538207847728,NA
cu_size,Four-person minus one-person CUs,ex_shelter,2013-07-01,0.07603593692260269,NA
cu_size,Four-person minus one-person CUs,ex_shelter,2013-08-01,3.532739510703209e-4,NA
cu_size,Four-person minus one-person CUs,ex_shelter,2013-09-01,-0.12541594346908713,NA
cu_size,Four-person minus one-person CUs,ex_shelter,2013-10-01,-0.20895060501822105,NA
cu_size,Four-person minus one-person CUs,ex_shelter,2013-11-01,-0.14423767287892186,NA
cu_size,Four-person minus one-person CUs,ex_shelter,2013-12-01,-0.051593132583116486,NA
cu_size,Four-person minus one-person CUs,ex_shelter,2014-01-01,-0.11511934361094767,0.026564799898070833
cu_size,Four-person minus one-person CUs,ex_shelter,2014-02-01,-0.2035602907709988,0.03516771501854795
cu_size,Four-person minus one-person CUs,ex_shelter,2014-03-01,-0.1358476961149213,0.033039914547485574
cu_size,Four-person minus one-person CUs,ex_shelter,2014-04-01,-0.0028383821695010525,0.03065882923436701
cu_size,Four-person minus one-person CUs,ex_shelter,2014-05-01,-0.03273240212182671,0.03198794986951135
cu_size,Four-person minus one-person CUs,ex_shelter,2014-06-01,-0.07840789780011459,0.032920076235381415
cu_size,Four-person minus one-person CUs,ex_shelter,2014-07-01,-0.09595748092565692,0.030531442104862326
cu_size,Four-person minus one-person CUs,ex_shelter,2014-08-01,-0.06577206976581262,0.03130325025379889
cu_size,Four-person minus one-person CUs,ex_shelter,2014-09-01,0.015027601613715191,0.03200649022292289
cu_size,Four-person minus one-person CUs,ex_shelter,2014-10-01,0.023660705065808862,0.03354726113574464
cu_size,Four-person minus one-person CUs,ex_shelter,2014-11-01,-0.07218243451152517,0.04038873218089749
cu_size,Four-person minus one-person CUs,ex_shelter,2014-12-01,-0.25033090831529936,0.054445140154666435
cu_size,Four-person minus one-person CUs,ex_shelter,2015-01-01,-0.32769851163706454,0.0749719772666928
cu_size,Four-person minus one-person CUs,ex_shelter,2015-02-01,-0.27337122395968416,0.06297542224933583
cu_size,Four-person minus one-person CUs,ex_shelter,2015-03-01,-0.2161587290814282,0.06180281975638973
cu_size,Four-person minus one-person CUs,ex_shelter,2015-04-01,-0.28048894123228196,0.06911866320735476
cu_size,Four-person minus one-person CUs,ex_shelter,2015-05-01,-0.1987192779525193,0.060281116296662954
cu_size,Four-person minus one-person CUs,ex_shelter,2015-06-01,-0.15538400707461042,0.060962693387662845
cu_size,Four-person minus one-person CUs,ex_shelter,2015-07-01,-0.12462650685000076,0.05958457950587835
cu_size,Four-person minus one-person CUs,ex_shelter,2015-08-01,-0.13741464036691742,0.05990703284320628
cu_size,Four-person minus one-person CUs,ex_shelter,2015-09-01,-0.24254748149428185,0.06789814156405989
cu_size,Four-person minus one-person CUs,ex_shelter,2015-10-01,-0.2610734829910588,0.060330360579683676
cu_size,Four-person minus one-person CUs,ex_shelter,2015-11-01,-0.2106461958509498,0.054307870037638706
cu_size,Four-person minus one-person CUs,ex_shelter,2015-12-01,-0.1336574671191082,0.04885599290841807
cu_size,Four-person minus one-person CUs,ex_shelter,2016-01-01,-0.014201734363061824,0.04073295156215009
cu_size,Four-person minus one-person CUs,ex_shelter,2016-02-01,-0.08279765928718152,0.05310302468043846
cu_size,Four-person minus one-person CUs,ex_shelter,2016-03-01,-0.18974643308449224,0.050787960833784014
cu_size,Four-person minus one-person CUs,ex_shelter,2016-04-01,-0.17850322855601508,0.04746843058956295
cu_size,Four-person minus one-person CUs,ex_shelter,2016-05-01,-0.26692928077125533,0.05326471350390515
cu_size,Four-person minus one-person CUs,ex_shelter,2016-06-01,-0.3373316092595724,0.05695075835962538
cu_size,Four-person minus one-person CUs,ex_shelter,2016-07-01,-0.3989441829436169,0.06071983852737338
cu_size,Four-person minus one-person CUs,ex_shelter,2016-08-01,-0.41667746356153224,0.06040156818510854
cu_size,Four-person minus one-person CUs,ex_shelter,2016-09-01,-0.34990512960138,0.05243492518147659
cu_size,Four-person minus one-person CUs,ex_shelter,2016-10-01,-0.25023453492618586,0.04769006334481424
cu_size,Four-person minus one-person CUs,ex_shelter,2016-11-01,-0.24512213904488434,0.04624996965251455
cu_size,Four-person minus one-person CUs,ex_shelter,2016-12-01,-0.20896199907809443,0.0468534554763051
cu_size,Four-person minus one-person CUs,ex_shelter,2017-01-01,-0.13379118194278838,0.060491652330200374
cu_size,Four-person minus one-person CUs,ex_shelter,2017-02-01,-0.13302717091507876,0.0812729095808007
cu_size,Four-person minus one-person CUs,ex_shelter,2017-03-01,-0.14459642494493163,0.06481025280138497
cu_size,Four-person minus one-person CUs,ex_shelter,2017-04-01,-0.15483389662402924,0.05861788607676981
cu_size,Four-person minus one-person CUs,ex_shelter,2017-05-01,-0.18524744131549475,0.047223682104768266
cu_size,Four-person minus one-person CUs,ex_shelter,2017-06-01,-0.17786889300757114,0.046481856960491015
cu_size,Four-person minus one-person CUs,ex_shelter,2017-07-01,-0.17150347030714386,0.04901856312490474
cu_size,Four-person minus one-person CUs,ex_shelter,2017-08-01,-0.0898366606118417,0.0527711070638509
cu_size,Four-person minus one-person CUs,ex_shelter,2017-09-01,0.018566338128844784,0.06642547846146399
cu_size,Four-person minus one-person CUs,ex_shelter,2017-10-01,-0.08131413342491456,0.05786968336696099
cu_size,Four-person minus one-person CUs,ex_shelter,2017-11-01,-0.0325978581898978,0.06110286454927698
cu_size,Four-person minus one-person CUs,ex_shelter,2017-12-01,-0.025380017468856764,0.04795228295878858
cu_size,Four-person minus one-person CUs,ex_shelter,2018-01-01,-0.05250804573324608,0.045210414467009595
cu_size,Four-person minus one-person CUs,ex_shelter,2018-02-01,-0.02977737896270316,0.04980318294497995
cu_size,Four-person minus one-person CUs,ex_shelter,2018-03-01,-0.04130173164049733,0.045617411793325874
cu_size,Four-person minus one-person CUs,ex_shelter,2018-04-01,-0.018877990348231677,0.05132963126781079
cu_size,Four-person minus one-person CUs,ex_shelter,2018-05-01,0.059150088994508465,0.06452608145750958
cu_size,Four-person minus one-person CUs,ex_shelter,2018-06-01,0.12071976405474416,0.06697304998847066
cu_size,Four-person minus one-person CUs,ex_shelter,2018-07-01,0.16686591259067463,0.06398485352488562
cu_size,Four-person minus one-person CUs,ex_shelter,2018-08-01,0.10182154340019345,0.053444285230262595
cu_size,Four-person minus one-person CUs,ex_shelter,2018-09-01,-0.024944517089742213,0.03887836237870529
cu_size,Four-person minus one-person CUs,ex_shelter,2018-10-01,0.03489820459703363,0.04605569682477913
cu_size,Four-person minus one-person CUs,ex_shelter,2018-11-01,-0.044323547723346124,0.029378681768554737
cu_size,Four-person minus one-person CUs,ex_shelter,2018-12-01,-0.11244077308987244,0.02990344745675104
cu_size,Four-person minus one-person CUs,ex_shelter,2019-01-01,-0.20450946357588595,0.038814398887524686
cu_size,Four-person minus one-person CUs,ex_shelter,2019-02-01,-0.1972606899737217,0.035158495686367947
cu_size,Four-person minus one-person CUs,ex_shelter,2019-03-01,-0.11428177237393644,0.03728830369692995
cu_size,Four-person minus one-person CUs,ex_shelter,2019-04-01,-0.0974066043263111,0.04439549207951613
cu_size,Four-person minus one-person CUs,ex_shelter,2019-05-01,-0.16235185407107444,0.047263241828457085
cu_size,Four-person minus one-person CUs,ex_shelter,2019-06-01,-0.2324439493250896,0.050440010213907406
cu_size,Four-person minus one-person CUs,ex_shelter,2019-07-01,-0.2671643960796777,0.05809720103707533
cu_size,Four-person minus one-person CUs,ex_shelter,2019-08-01,-0.32626106883610895,0.06617787205559554
cu_size,Four-person minus one-person CUs,ex_shelter,2019-09-01,-0.34654707915557914,0.06876619000000166
cu_size,Four-person minus one-person CUs,ex_shelter,2019-10-01,-0.40117739125495877,0.07672517614656084
cu_size,Four-person minus one-person CUs,ex_shelter,2019-11-01,-0.36363079023060685,0.0836341094578203
cu_size,Four-person minus one-person CUs,ex_shelter,2019-12-01,-0.31922046486083655,0.08937252942560658
cu_size,Four-person minus one-person CUs,ex_shelter,2020-01-01,-0.2972673213667232,0.09573292131974102
cu_size,Four-person minus one-person CUs,ex_shelter,2020-02-01,-0.3013635001305026,0.0907037645844307
cu_size,Four-person minus one-person CUs,ex_shelter,2020-03-01,-0.43234684253634637,0.0907859555871497
cu_size,Four-person minus one-person CUs,ex_shelter,2020-04-01,-0.65668281859867506,0.10847081048338147
cu_size,Four-person minus one-person CUs,ex_shelter,2020-05-01,-0.6582967771713188,0.11257347535542328
cu_size,Four-person minus one-person CUs,ex_shelter,2020-06-01,-0.5910464985365627,0.10901726618542176
cu_size,Four-person minus one-person CUs,ex_shelter,2020-07-01,-0.5645767591240913,0.0970284211262528
cu_size,Four-person minus one-person CUs,ex_shelter,2020-08-01,-0.4403777495959993,0.0884846721695322
cu_size,Four-person minus one-person CUs,ex_shelter,2020-09-01,-0.3109122491537386,0.08417232933127085
cu_size,Four-person minus one-person CUs,ex_shelter,2020-10-01,-0.20802973249578471,0.08423035727467405
cu_size,Four-person minus one-person CUs,ex_shelter,2020-11-01,-0.18628548069703488,0.07805726416690624
cu_size,Four-person minus one-person CUs,ex_shelter,2020-12-01,-0.12558072534418763,0.06953737725600709
cu_size,Four-person minus one-person CUs,ex_shelter,2021-01-01,-0.061645787326014556,0.06696494089925979
cu_size,Four-person minus one-person CUs,ex_shelter,2021-02-01,-0.013065692166569498,0.05881387655241183
cu_size,Four-person minus one-person CUs,ex_shelter,2021-03-01,0.12725072465049614,0.05438007283250281
cu_size,Four-person minus one-person CUs,ex_shelter,2021-04-01,0.49486674843142175,0.10138389776866623
cu_size,Four-person minus one-person CUs,ex_shelter,2021-05-01,0.7352445837232269,0.1471513544695317
cu_size,Four-person minus one-person CUs,ex_shelter,2021-06-01,1.0563487781455994,0.24669723252414857
cu_size,Four-person minus one-person CUs,ex_shelter,2021-07-01,1.1357912789941693,0.24944131200789962
cu_size,Four-person minus one-person CUs,ex_shelter,2021-08-01,1.0687328204617375,0.20842438786066897
cu_size,Four-person minus one-person CUs,ex_shelter,2021-09-01,0.9323693211482409,0.16756884625067955
cu_size,Four-person minus one-person CUs,ex_shelter,2021-10-01,0.9511434749045256,0.17271449141243062
cu_size,Four-person minus one-person CUs,ex_shelter,2021-11-01,1.0606525932230326,0.20309970493123938
cu_size,Four-person minus one-person CUs,ex_shelter,2021-12-01,1.1159562920205488,0.23972050645987442
cu_size,Four-person minus one-person CUs,ex_shelter,2022-01-01,0.9867623099268688,0.2965118589604615
cu_size,Four-person minus one-person CUs,ex_shelter,2022-02-01,0.9394118245212635,0.2953724492742071
cu_size,Four-person minus one-person CUs,ex_shelter,2022-03-01,0.8406296792461845,0.24359859064685585
cu_size,Four-person minus one-person CUs,ex_shelter,2022-04-01,0.5346660731761368,0.1745459897597163
cu_size,Four-person minus one-person CUs,ex_shelter,2022-05-01,0.31531543217235836,0.16831566236713555
cu_size,Four-person minus one-person CUs,ex_shelter,2022-06-01,0.06591183135380518,0.20486413638152498
cu_size,Four-person minus one-person CUs,ex_shelter,2022-07-01,-0.04149460486524248,0.17430976357496136
cu_size,Four-person minus one-person CUs,ex_shelter,2022-08-01,-0.16589090960332875,0.14898977371933558
cu_size,Four-person minus one-person CUs,ex_shelter,2022-09-01,-0.2215660043560561,0.1588468378714008
cu_size,Four-person minus one-person CUs,ex_shelter,2022-10-01,-0.24335837846014385,0.1488136484553573
cu_size,Four-person minus one-person CUs,ex_shelter,2022-11-01,-0.26531840671242257,0.15347886048791404
cu_size,Four-person minus one-person CUs,ex_shelter,2022-12-01,-0.31422282490283227,0.1673438292992195
cu_size,Four-person minus one-person CUs,ex_shelter,2023-01-01,-0.19568294216463222,0.17162830589123712
cu_size,Four-person minus one-person CUs,ex_shelter,2023-02-01,-0.13799291508063138,0.16663787528498544
cu_size,Four-person minus one-person CUs,ex_shelter,2023-03-01,-0.04105623309424988,0.1282338910955254
cu_size,Four-person minus one-person CUs,ex_shelter,2023-04-01,0.22877997345052137,0.10839995151082489
cu_size,Four-person minus one-person CUs,ex_shelter,2023-05-01,0.32942674120275406,0.10885961129272276
cu_size,Four-person minus one-person CUs,ex_shelter,2023-06-01,0.3186609758312309,0.11840960140840937
cu_size,Four-person minus one-person CUs,ex_shelter,2023-07-01,0.4182890004863493,0.11605030173812665
cu_size,Four-person minus one-person CUs,ex_shelter,2023-08-01,0.5647588319614982,0.11777294886260105
cu_size,Four-person minus one-person CUs,ex_shelter,2023-09-01,0.5843490504043092,0.12017831038248586
cu_size,Four-person minus one-person CUs,ex_shelter,2023-10-01,0.4604729866454327,0.10980560495797974
cu_size,Four-person minus one-person CUs,ex_shelter,2023-11-01,0.350402484450274,0.09629193788179671
cu_size,Four-person minus one-person CUs,ex_shelter,2023-12-01,0.29542819937630194,0.09071007863242096
cu_size,Four-person minus one-person CUs,ex_shelter,2024-01-01,0.2022343004448257,0.08546015749051555
cu_size,Four-person minus one-person CUs,ex_shelter,2024-02-01,0.18448921068403568,0.07989492742882144
cu_size,Four-person minus one-person CUs,ex_shelter,2024-03-01,0.0686949190900954,0.08330179404810832
cu_size,Four-person minus one-person CUs,ex_shelter,2024-04-01,-0.07812715513293433,0.09967360705361757
cu_size,Four-person minus one-person CUs,ex_shelter,2024-05-01,-0.1668586636142999,0.11168870713491587
cu_size,Four-person minus one-person CUs,ex_shelter,2024-06-01,-0.2859400611860963,0.11220989561353635
cu_size,Four-person minus one-person CUs,ex_shelter,2024-07-01,-0.38525182815527526,0.11634764402893619
cu_size,Four-person minus one-person CUs,ex_shelter,2024-08-01,-0.40262405462272444,0.10926182641612618
cu_size,Four-person minus one-person CUs,ex_shelter,2024-09-01,-0.34080341863858,0.0890629468232377
cu_size,Four-person minus one-person CUs,ex_shelter,2024-10-01,-0.3042328927806981,0.07965903347455887
cu_size,Four-person minus one-person CUs,ex_shelter,2024-11-01,-0.21596727301478325,0.07368295514016625
cu_size,Four-person minus one-person CUs,ex_shelter,2024-12-01,-0.1727445996247079,0.06987718991634385
cu_size,Four-person minus one-person CUs,ex_shelter,2025-01-01,-0.07158809126734944,0.052137373544869005
cu_size,Four-person minus one-person CUs,ex_shelter,2025-02-01,-0.1287455293622175,0.0489043617507583
cu_size,Four-person minus one-person CUs,ex_shelter,2025-03-01,-0.14803477998384107,0.04862896729316216
cu_size,Four-person minus one-person CUs,ex_shelter,2025-04-01,-0.17442574422179558,0.04738203032517742
cu_size,Four-person minus one-person CUs,ex_shelter,2025-05-01,-0.18826530724078694,0.04445307451472057
cu_size,Four-person minus one-person CUs,ex_shelter,2025-06-01,-0.17197466846663456,0.03725482160068831
cu_size,Four-person minus one-person CUs,ex_shelter,2025-07-01,-0.1403418771984466,0.035486233397404525
cu_size,Four-person minus one-person CUs,ex_shelter,2025-08-01,-0.13529684223798633,0.029377640574923206
cu_size,Four-person minus one-person CUs,ex_shelter,2025-09-01,-0.10137922952062617,0.023848739000797998
cu_size,Four-person minus one-person CUs,ex_shelter,2025-11-01,-0.07631088241923933,0.02679453414262924
cu_size,Four-person minus one-person CUs,ex_shelter,2025-12-01,-0.09437934427376504,0.035560164628082876
cu_size,Four-person minus one-person CUs,ex_shelter,2026-01-01,-0.14250681948477784,0.050027680774600305
cu_size,Four-person minus one-person CUs,ex_shelter,2026-02-01,-0.07297075323677849,0.06007675234120784
cu_size,Four-person minus one-person CUs,ex_shelter,2026-03-01,0.1614213267357334,0.08536139158840554
cu_size,Four-person minus one-person CUs,ex_shelter,2026-04-01,0.2042905177425336,0.10436658223098141
cu_size,Four-person minus one-person CUs,ex_shelter,2026-05-01,0.27965444677167106,0.1298910665902862
cu_size,Four-person minus one-person CUs,ex_shelter,2026-06-01,0.24929914128908326,0.10133024344738584
cu_size,Four-person minus one-person CUs,ex_shelter,2026-07-01,0.23972221583319353,0.0931776588051873
cu_size,Four-person minus one-person CUs,ex_housing,2011-01-01,0.2702840320648381,NA
cu_size,Four-person minus one-person CUs,ex_housing,2011-02-01,0.32925374084133985,NA
cu_size,Four-person minus one-person CUs,ex_housing,2011-03-01,0.41505312332805744,NA
cu_size,Four-person minus one-person CUs,ex_housing,2011-04-01,0.4403160179042409,NA
cu_size,Four-person minus one-person CUs,ex_housing,2011-05-01,0.4915634105507882,NA
cu_size,Four-person minus one-person CUs,ex_housing,2011-06-01,0.5280573651734066,NA
cu_size,Four-person minus one-person CUs,ex_housing,2011-07-01,0.5090071083852399,NA
cu_size,Four-person minus one-person CUs,ex_housing,2011-08-01,0.5433177484346352,NA
cu_size,Four-person minus one-person CUs,ex_housing,2011-09-01,0.5537549627266269,NA
cu_size,Four-person minus one-person CUs,ex_housing,2011-10-01,0.3745328944861903,NA
cu_size,Four-person minus one-person CUs,ex_housing,2011-11-01,0.2793892154731248,NA
cu_size,Four-person minus one-person CUs,ex_housing,2011-12-01,0.11058777393804231,NA
cu_size,Four-person minus one-person CUs,ex_housing,2012-01-01,0.036349455865480884,NA
cu_size,Four-person minus one-person CUs,ex_housing,2012-02-01,0.03351701086318215,NA
cu_size,Four-person minus one-person CUs,ex_housing,2012-03-01,-0.014503275757471457,NA
cu_size,Four-person minus one-person CUs,ex_housing,2012-04-01,-0.08014439460439782,NA
cu_size,Four-person minus one-person CUs,ex_housing,2012-05-01,-0.2156712020165319,NA
cu_size,Four-person minus one-person CUs,ex_housing,2012-06-01,-0.2760767385000529,NA
cu_size,Four-person minus one-person CUs,ex_housing,2012-07-01,-0.36976824913090844,NA
cu_size,Four-person minus one-person CUs,ex_housing,2012-08-01,-0.36100625071797676,NA
cu_size,Four-person minus one-person CUs,ex_housing,2012-09-01,-0.25503425770070365,NA
cu_size,Four-person minus one-person CUs,ex_housing,2012-10-01,-0.13439354224540345,NA
cu_size,Four-person minus one-person CUs,ex_housing,2012-11-01,-0.19455085528023996,NA
cu_size,Four-person minus one-person CUs,ex_housing,2012-12-01,-0.20240172134107226,NA
cu_size,Four-person minus one-person CUs,ex_housing,2013-01-01,-0.17296799157473508,NA
cu_size,Four-person minus one-person CUs,ex_housing,2013-02-01,-0.06923563147238632,NA
cu_size,Four-person minus one-person CUs,ex_housing,2013-03-01,-0.1751383657581762,NA
cu_size,Four-person minus one-person CUs,ex_housing,2013-04-01,-0.24048916152596966,NA
cu_size,Four-person minus one-person CUs,ex_housing,2013-05-01,-0.14402109674727104,NA
cu_size,Four-person minus one-person CUs,ex_housing,2013-06-01,-0.005950010121158478,NA
cu_size,Four-person minus one-person CUs,ex_housing,2013-07-01,0.08414177785074362,NA
cu_size,Four-person minus one-person CUs,ex_housing,2013-08-01,-0.028379582241289114,NA
cu_size,Four-person minus one-person CUs,ex_housing,2013-09-01,-0.17334723348256809,NA
cu_size,Four-person minus one-person CUs,ex_housing,2013-10-01,-0.28260711527354765,NA
cu_size,Four-person minus one-person CUs,ex_housing,2013-11-01,-0.20756538250390477,NA
cu_size,Four-person minus one-person CUs,ex_housing,2013-12-01,-0.08524602549075944,NA
cu_size,Four-person minus one-person CUs,ex_housing,2014-01-01,-0.11414163597973648,0.027617923970601435
cu_size,Four-person minus one-person CUs,ex_housing,2014-02-01,-0.21470017675528918,0.040240740969134194
cu_size,Four-person minus one-person CUs,ex_housing,2014-03-01,-0.12080526952642501,0.03501947172220399
cu_size,Four-person minus one-person CUs,ex_housing,2014-04-01,0.002167193944990764,0.031574637807498994
cu_size,Four-person minus one-person CUs,ex_housing,2014-05-01,-0.02556951129280005,0.033493662122775186
cu_size,Four-person minus one-person CUs,ex_housing,2014-06-01,-0.06848510623151949,0.035853232210610854
cu_size,Four-person minus one-person CUs,ex_housing,2014-07-01,-0.07511881528758924,0.0329151227546773
cu_size,Four-person minus one-person CUs,ex_housing,2014-08-01,-0.04762996960043786,0.03442162878796959
cu_size,Four-person minus one-person CUs,ex_housing,2014-09-01,0.023143212969922722,0.035673622937997335
cu_size,Four-person minus one-person CUs,ex_housing,2014-10-01,0.02081498486019573,0.039027199216308275
cu_size,Four-person minus one-person CUs,ex_housing,2014-11-01,-0.11249398805235344,0.04838661924433667
cu_size,Four-person minus one-person CUs,ex_housing,2014-12-01,-0.33052903190730065,0.06702522783431795
cu_size,Four-person minus one-person CUs,ex_housing,2015-01-01,-0.48851832824370334,0.09356411714757554
cu_size,Four-person minus one-person CUs,ex_housing,2015-02-01,-0.4347381349698698,0.07635432841736604
cu_size,Four-person minus one-person CUs,ex_housing,2015-03-01,-0.4052408007581332,0.0728271181923073
cu_size,Four-person minus one-person CUs,ex_housing,2015-04-01,-0.47600008066606136,0.08381479116616704
cu_size,Four-person minus one-person CUs,ex_housing,2015-05-01,-0.40770393048096265,0.07023935326254543
cu_size,Four-person minus one-person CUs,ex_housing,2015-06-01,-0.35645469500111826,0.07122590058325373
cu_size,Four-person minus one-person CUs,ex_housing,2015-07-01,-0.3507054918407415,0.06838583770652588
cu_size,Four-person minus one-person CUs,ex_housing,2015-08-01,-0.3686098806783611,0.06967024704800275
cu_size,Four-person minus one-person CUs,ex_housing,2015-09-01,-0.4966796976096921,0.08157677922757911
cu_size,Four-person minus one-person CUs,ex_housing,2015-10-01,-0.52396557038078,0.07168323858483794
cu_size,Four-person minus one-person CUs,ex_housing,2015-11-01,-0.46516573833137453,0.06340457556973025
cu_size,Four-person minus one-person CUs,ex_housing,2015-12-01,-0.38716661349039727,0.054918041218004324
cu_size,Four-person minus one-person CUs,ex_housing,2016-01-01,-0.23177330379151595,0.041563771196391756
cu_size,Four-person minus one-person CUs,ex_housing,2016-02-01,-0.32324583016805075,0.05862801640384656
cu_size,Four-person minus one-person CUs,ex_housing,2016-03-01,-0.4245816407137615,0.0569550839152762
cu_size,Four-person minus one-person CUs,ex_housing,2016-04-01,-0.3939333586542526,0.05280558847172881
cu_size,Four-person minus one-person CUs,ex_housing,2016-05-01,-0.4805344543078238,0.06205998456330326
cu_size,Four-person minus one-person CUs,ex_housing,2016-06-01,-0.5674286906459436,0.06706202805487496
cu_size,Four-person minus one-person CUs,ex_housing,2016-07-01,-0.608467720502881,0.07350076355329994
cu_size,Four-person minus one-person CUs,ex_housing,2016-08-01,-0.6212716177947941,0.07345462795288735
cu_size,Four-person minus one-person CUs,ex_housing,2016-09-01,-0.5105763308505651,0.06343767222603527
cu_size,Four-person minus one-person CUs,ex_housing,2016-10-01,-0.38571453119289334,0.05745880695476456
cu_size,Four-person minus one-person CUs,ex_housing,2016-11-01,-0.36155340811820924,0.05535243511481613
cu_size,Four-person minus one-person CUs,ex_housing,2016-12-01,-0.2987663404522056,0.056311387835092354
cu_size,Four-person minus one-person CUs,ex_housing,2017-01-01,-0.18963631001569503,0.07702190078949002
cu_size,Four-person minus one-person CUs,ex_housing,2017-02-01,-0.17428872233757886,0.10601099537385873
cu_size,Four-person minus one-person CUs,ex_housing,2017-03-01,-0.19068760796894235,0.0844592095618689
cu_size,Four-person minus one-person CUs,ex_housing,2017-04-01,-0.17481605973195258,0.07327420352120778
cu_size,Four-person minus one-person CUs,ex_housing,2017-05-01,-0.21447128183340602,0.05743151367498114
cu_size,Four-person minus one-person CUs,ex_housing,2017-06-01,-0.2282908780582904,0.055433628394876096
cu_size,Four-person minus one-person CUs,ex_housing,2017-07-01,-0.23064534470780274,0.06072032741659702
cu_size,Four-person minus one-person CUs,ex_housing,2017-08-01,-0.12453060683952355,0.06781954290152196
cu_size,Four-person minus one-person CUs,ex_housing,2017-09-01,0.007393879969774808,0.08724612604089582
cu_size,Four-person minus one-person CUs,ex_housing,2017-10-01,-0.094025025847677135,0.07394128769593653
cu_size,Four-person minus one-person CUs,ex_housing,2017-11-01,-0.024088783792119983,0.07853616390333149
cu_size,Four-person minus one-person CUs,ex_housing,2017-12-01,-0.010954408089114409,0.060518864220785576
cu_size,Four-person minus one-person CUs,ex_housing,2018-01-01,-0.042911421257096904,0.05619024696839001
cu_size,Four-person minus one-person CUs,ex_housing,2018-02-01,-0.008851136317256092,0.06309958733450186
cu_size,Four-person minus one-person CUs,ex_housing,2018-03-01,-0.026318169030581373,0.05604831020413717
cu_size,Four-person minus one-person CUs,ex_housing,2018-04-01,-0.02444905077434445,0.06547781549186717
cu_size,Four-person minus one-person CUs,ex_housing,2018-05-01,0.07163903496745228,0.0835655541120364
cu_size,Four-person minus one-person CUs,ex_housing,2018-06-01,0.1471840332064822,0.08718083521673242
cu_size,Four-person minus one-person CUs,ex_housing,2018-07-01,0.21197299305413253,0.08310132601506824
cu_size,Four-person minus one-person CUs,ex_housing,2018-08-01,0.13239147819219532,0.06783934587422713
cu_size,Four-person minus one-person CUs,ex_housing,2018-09-01,-0.043225717150496834,0.04871975115422347
cu_size,Four-person minus one-person CUs,ex_housing,2018-10-01,0.04826562542097346,0.059446519300527384
cu_size,Four-person minus one-person CUs,ex_housing,2018-11-01,-0.057193761935847576,0.035973243987738275
cu_size,Four-person minus one-person CUs,ex_housing,2018-12-01,-0.12823730242148557,0.03640101644701057
cu_size,Four-person minus one-person CUs,ex_housing,2019-01-01,-0.25374742188399857,0.04676036917552931
cu_size,Four-person minus one-person CUs,ex_housing,2019-02-01,-0.26736321781712924,0.042786077302165
cu_size,Four-person minus one-person CUs,ex_housing,2019-03-01,-0.1643461094508858,0.04757632499032786
cu_size,Four-person minus one-person CUs,ex_housing,2019-04-01,-0.15201648825835523,0.05651933845655152
cu_size,Four-person minus one-person CUs,ex_housing,2019-05-01,-0.2639381414905273,0.061905533794018745
cu_size,Four-person minus one-person CUs,ex_housing,2019-06-01,-0.35515177620051297,0.06493647674470687
cu_size,Four-person minus one-person CUs,ex_housing,2019-07-01,-0.40617054631248983,0.07633439428531386
cu_size,Four-person minus one-person CUs,ex_housing,2019-08-01,-0.4944385894199099,0.08715855690498728
cu_size,Four-person minus one-person CUs,ex_housing,2019-09-01,-0.5162422000910993,0.08982782660828749
cu_size,Four-person minus one-person CUs,ex_housing,2019-10-01,-0.5931639346828277,0.10013112307801572
cu_size,Four-person minus one-person CUs,ex_housing,2019-11-01,-0.5502537421702591,0.10979213231884195
cu_size,Four-person minus one-person CUs,ex_housing,2019-12-01,-0.5321698686430842,0.12056797303025009
cu_size,Four-person minus one-person CUs,ex_housing,2020-01-01,-0.5036585616981837,0.1263754702894459
cu_size,Four-person minus one-person CUs,ex_housing,2020-02-01,-0.5229442460748412,0.11843748794858003
cu_size,Four-person minus one-person CUs,ex_housing,2020-03-01,-0.6934667862549704,0.11527441689330963
cu_size,Four-person minus one-person CUs,ex_housing,2020-04-01,-0.9370691698118216,0.13573052247818945
cu_size,Four-person minus one-person CUs,ex_housing,2020-05-01,-0.912291342821403,0.14130226304182494
cu_size,Four-person minus one-person CUs,ex_housing,2020-06-01,-0.8289377408494891,0.13791436832538015
cu_size,Four-person minus one-person CUs,ex_housing,2020-07-01,-0.7902085887813826,0.12191251059454708
cu_size,Four-person minus one-person CUs,ex_housing,2020-08-01,-0.6199342219990633,0.11089176925988524
cu_size,Four-person minus one-person CUs,ex_housing,2020-09-01,-0.44612317915755373,0.10536257817529726
cu_size,Four-person minus one-person CUs,ex_housing,2020-10-01,-0.3085414232244066,0.10643387679431315
cu_size,Four-person minus one-person CUs,ex_housing,2020-11-01,-0.2499540900721131,0.1001480517852304
cu_size,Four-person minus one-person CUs,ex_housing,2020-12-01,-0.15522166535932858,0.09040463168003707
cu_size,Four-person minus one-person CUs,ex_housing,2021-01-01,-0.06929015753724954,0.08783703761610481
cu_size,Four-person minus one-person CUs,ex_housing,2021-02-01,0.03258491143129927,0.07691495768046047
cu_size,Four-person minus one-person CUs,ex_housing,2021-03-01,0.2508212371145069,0.0676669887634847
cu_size,Four-person minus one-person CUs,ex_housing,2021-04-01,0.7181253519712438,0.12272256284376032
cu_size,Four-person minus one-person CUs,ex_housing,2021-05-01,1.0297838151607674,0.17606470771416075
cu_size,Four-person minus one-person CUs,ex_housing,2021-06-01,1.425895300790736,0.2955668834794896
cu_size,Four-person minus one-person CUs,ex_housing,2021-07-01,1.5228151366451614,0.29726505598706426
cu_size,Four-person minus one-person CUs,ex_housing,2021-08-01,1.4748937176875865,0.24902576742316074
cu_size,Four-person minus one-person CUs,ex_housing,2021-09-01,1.3275903389734278,0.20201504311355575
cu_size,Four-person minus one-person CUs,ex_housing,2021-10-01,1.3920123268437168,0.20748890663514188
cu_size,Four-person minus one-person CUs,ex_housing,2021-11-01,1.5063663898357893,0.24040323053201085
cu_size,Four-person minus one-person CUs,ex_housing,2021-12-01,1.5702569961043569,0.28468559787261116
cu_size,Four-person minus one-person CUs,ex_housing,2022-01-01,1.487141100669854,0.37166413028040757
cu_size,Four-person minus one-person CUs,ex_housing,2022-02-01,1.390270545090866,0.3705848105842953
cu_size,Four-person minus one-person CUs,ex_housing,2022-03-01,1.2779330437607825,0.3042201433026389
cu_size,Four-person minus one-person CUs,ex_housing,2022-04-01,0.865750833324828,0.21735826189160157
cu_size,Four-person minus one-person CUs,ex_housing,2022-05-01,0.6053239169686595,0.20849310234737795
cu_size,Four-person minus one-person CUs,ex_housing,2022-06-01,0.28273119129154267,0.26121480327860064
cu_size,Four-person minus one-person CUs,ex_housing,2022-07-01,0.12190354636039302,0.2279061353206837
cu_size,Four-person minus one-person CUs,ex_housing,2022-08-01,-0.041383628890146795,0.1904023747318876
cu_size,Four-person minus one-person CUs,ex_housing,2022-09-01,-0.16793125628711358,0.20435647129567125
cu_size,Four-person minus one-person CUs,ex_housing,2022-10-01,-0.2161874709292846,0.19269967904026775
cu_size,Four-person minus one-person CUs,ex_housing,2022-11-01,-0.2477902973606838,0.1918684522388054
cu_size,Four-person minus one-person CUs,ex_housing,2022-12-01,-0.29927131852609534,0.20519941554766113
cu_size,Four-person minus one-person CUs,ex_housing,2023-01-01,-0.17768809940810204,0.20592460993802447
cu_size,Four-person minus one-person CUs,ex_housing,2023-02-01,-0.13156304894066384,0.20001027691597065
cu_size,Four-person minus one-person CUs,ex_housing,2023-03-01,-0.10128179102188994,0.15238628768832416
cu_size,Four-person minus one-person CUs,ex_housing,2023-04-01,0.1928020208857406,0.13021364162746824
cu_size,Four-person minus one-person CUs,ex_housing,2023-05-01,0.27145191431212634,0.13200685201455153
cu_size,Four-person minus one-person CUs,ex_housing,2023-06-01,0.3017276784680556,0.14577153798230885
cu_size,Four-person minus one-person CUs,ex_housing,2023-07-01,0.4571723544078532,0.1439995496348463
cu_size,Four-person minus one-person CUs,ex_housing,2023-08-01,0.6109184543243495,0.1458293617150112
cu_size,Four-person minus one-person CUs,ex_housing,2023-09-01,0.6533067915610258,0.1496213037696844
cu_size,Four-person minus one-person CUs,ex_housing,2023-10-01,0.4732183003789192,0.13582428052374934
cu_size,Four-person minus one-person CUs,ex_housing,2023-11-01,0.35019637042721374,0.11924937587685285
cu_size,Four-person minus one-person CUs,ex_housing,2023-12-01,0.2667885462073749,0.11247436338735214
cu_size,Four-person minus one-person CUs,ex_housing,2024-01-01,0.12554070315337063,0.10431219631467284
cu_size,Four-person minus one-person CUs,ex_housing,2024-02-01,0.1296130512443705,0.09507271125974026
cu_size,Four-person minus one-person CUs,ex_housing,2024-03-01,0.03512772292308952,0.0999886319888659
cu_size,Four-person minus one-person CUs,ex_housing,2024-04-01,-0.13836163072755703,0.12376339751858094
cu_size,Four-person minus one-person CUs,ex_housing,2024-05-01,-0.23531223771691145,0.13867119449492582
cu_size,Four-person minus one-person CUs,ex_housing,2024-06-01,-0.38989556584112517,0.13910353678503495
cu_size,Four-person minus one-person CUs,ex_housing,2024-07-01,-0.5208270536085191,0.14522683441729745
cu_size,Four-person minus one-person CUs,ex_housing,2024-08-01,-0.586452673396809,0.13410634774042907
cu_size,Four-person minus one-person CUs,ex_housing,2024-09-01,-0.5366710071480263,0.10835501016120906
cu_size,Four-person minus one-person CUs,ex_housing,2024-10-01,-0.493556256243477,0.09609826791827078
cu_size,Four-person minus one-person CUs,ex_housing,2024-11-01,-0.4227486353556298,0.09123180966500746
cu_size,Four-person minus one-person CUs,ex_housing,2024-12-01,-0.3456797629728836,0.0868887103873887
cu_size,Four-person minus one-person CUs,ex_housing,2025-01-01,-0.23906397999138296,0.06597700257702545
cu_size,Four-person minus one-person CUs,ex_housing,2025-02-01,-0.2814325147785235,0.06069830800106036
cu_size,Four-person minus one-person CUs,ex_housing,2025-03-01,-0.2812739262036956,0.05740890199644178
cu_size,Four-person minus one-person CUs,ex_housing,2025-04-01,-0.2818810397811067,0.055174900920539935
cu_size,Four-person minus one-person CUs,ex_housing,2025-05-01,-0.29818324225188153,0.05141447019620244
cu_size,Four-person minus one-person CUs,ex_housing,2025-06-01,-0.2630446571489031,0.04162821382547495
cu_size,Four-person minus one-person CUs,ex_housing,2025-07-01,-0.25157483993076823,0.040278032179200805
cu_size,Four-person minus one-person CUs,ex_housing,2025-08-01,-0.20793932547227278,0.03266011013559784
cu_size,Four-person minus one-person CUs,ex_housing,2025-09-01,-0.1855032821756808,0.024901637697062086
cu_size,Four-person minus one-person CUs,ex_housing,2025-11-01,-0.07773591033739535,0.029054627770990177
cu_size,Four-person minus one-person CUs,ex_housing,2025-12-01,-0.12110900899013899,0.03788743262911106
cu_size,Four-person minus one-person CUs,ex_housing,2026-01-01,-0.1486031880902905,0.054835269167353345
cu_size,Four-person minus one-person CUs,ex_housing,2026-02-01,-0.07990933274386602,0.06852406344472463
cu_size,Four-person minus one-person CUs,ex_housing,2026-03-01,0.17499772018596538,0.10503883056848848
cu_size,Four-person minus one-person CUs,ex_housing,2026-04-01,0.22270852825725385,0.13216792281320516
cu_size,Four-person minus one-person CUs,ex_housing,2026-05-01,0.3186420659464284,0.16696102073252184
cu_size,Four-person minus one-person CUs,ex_housing,2026-06-01,0.24257519861787813,0.1304393658083075
cu_size,Four-person minus one-person CUs,ex_housing,2026-07-01,0.25704252120073434,0.1184995768754479
cu_size,Four-person minus one-person CUs,pm_ex_shelter,2013-03-01,7.6702930233985e-4,NA
cu_size,Four-person minus one-person CUs,pm_ex_shelter,2013-04-01,-0.07394157790154843,NA
cu_size,Four-person minus one-person CUs,pm_ex_shelter,2013-05-01,-0.03190908342216581,NA
cu_size,Four-person minus one-person CUs,pm_ex_shelter,2013-06-01,0.04782000032959033,NA
cu_size,Four-person minus one-person CUs,pm_ex_shelter,2013-07-01,0.09028846821559355,NA
cu_size,Four-person minus one-person CUs,pm_ex_shelter,2013-08-01,0.015540934028956954,NA
cu_size,Four-person minus one-person CUs,pm_ex_shelter,2013-09-01,-0.11451503917738748,NA
cu_size,Four-person minus one-person CUs,pm_ex_shelter,2013-10-01,-0.21140084510604673,NA
cu_size,Four-person minus one-person CUs,pm_ex_shelter,2013-11-01,-0.16808367054095275,NA
cu_size,Four-person minus one-person CUs,pm_ex_shelter,2013-12-01,-0.08671049047890289,NA
cu_size,Four-person minus one-person CUs,pm_ex_shelter,2014-01-01,-0.15490127281325705,0.026059655340229856
cu_size,Four-person minus one-person CUs,pm_ex_shelter,2014-02-01,-0.25553483233953234,0.034466097035653544
cu_size,Four-person minus one-person CUs,pm_ex_shelter,2014-03-01,-0.19502662904831158,0.03248213764069493
cu_size,Four-person minus one-person CUs,pm_ex_shelter,2014-04-01,-0.06194003705763951,0.030410628551495757
cu_size,Four-person minus one-person CUs,pm_ex_shelter,2014-05-01,-0.09257315168929026,0.03197975517093799
cu_size,Four-person minus one-person CUs,pm_ex_shelter,2014-06-01,-0.1407812796062613,0.03288008439182161
cu_size,Four-person minus one-person CUs,pm_ex_shelter,2014-07-01,-0.15902947528034783,0.030319727546440238
cu_size,Four-person minus one-person CUs,pm_ex_shelter,2014-08-01,-0.13276565859623446,0.030242420446898254
cu_size,Four-person minus one-person CUs,pm_ex_shelter,2014-09-01,-0.050497120045256416,0.030803520609508125
cu_size,Four-person minus one-person CUs,pm_ex_shelter,2014-10-01,-0.03522347076367893,0.032506198291474594
cu_size,Four-person minus one-person CUs,pm_ex_shelter,2014-11-01,-0.12279698979302811,0.03969695496053553
cu_size,Four-person minus one-person CUs,pm_ex_shelter,2014-12-01,-0.29422059672651324,0.054200763386254826
cu_size,Four-person minus one-person CUs,pm_ex_shelter,2015-01-01,-0.37122040070143303,0.0748888979290144
cu_size,Four-person minus one-person CUs,pm_ex_shelter,2015-02-01,-0.31234077657601444,0.06262186977457956
cu_size,Four-person minus one-person CUs,pm_ex_shelter,2015-03-01,-0.2515030736315427,0.06144690050798369
cu_size,Four-person minus one-person CUs,pm_ex_shelter,2015-04-01,-0.3126636428023466,0.06915426022612452
cu_size,Four-person minus one-person CUs,pm_ex_shelter,2015-05-01,-0.22722680433768794,0.06048811679663802
cu_size,Four-person minus one-person CUs,pm_ex_shelter,2015-06-01,-0.18140381258574534,0.060937251504446246
cu_size,Four-person minus one-person CUs,pm_ex_shelter,2015-07-01,-0.14878185368029095,0.05972265241113188
cu_size,Four-person minus one-person CUs,pm_ex_shelter,2015-08-01,-0.15814485850906834,0.06019585438918754
cu_size,Four-person minus one-person CUs,pm_ex_shelter,2015-09-01,-0.2550244357461984,0.0682208172462519
cu_size,Four-person minus one-person CUs,pm_ex_shelter,2015-10-01,-0.26577079308878204,0.06097317009692838
cu_size,Four-person minus one-person CUs,pm_ex_shelter,2015-11-01,-0.2067882523995479,0.054825200555203825
cu_size,Four-person minus one-person CUs,pm_ex_shelter,2015-12-01,-0.12360888709191942,0.049054601823785154
cu_size,Four-person minus one-person CUs,pm_ex_shelter,2016-01-01,0.004560867098790666,0.040104437832811486
cu_size,Four-person minus one-person CUs,pm_ex_shelter,2016-02-01,-0.05868463678484481,0.05222115549902342
cu_size,Four-person minus one-person CUs,pm_ex_shelter,2016-03-01,-0.1601290502330044,0.04935253011577674
cu_size,Four-person minus one-person CUs,pm_ex_shelter,2016-04-01,-0.1477977576571865,0.04589222475061162
cu_size,Four-person minus one-person CUs,pm_ex_shelter,2016-05-01,-0.23589013044928997,0.051294585965103036
cu_size,Four-person minus one-person CUs,pm_ex_shelter,2016-06-01,-0.3010855650577793,0.054438407023041716
cu_size,Four-person minus one-person CUs,pm_ex_shelter,2016-07-01,-0.35839530315362467,0.0578445800704175
cu_size,Four-person minus one-person CUs,pm_ex_shelter,2016-08-01,-0.37299047687409104,0.05582220852799134
cu_size,Four-person minus one-person CUs,pm_ex_shelter,2016-09-01,-0.31336779024524475,0.0479525243638707
cu_size,Four-person minus one-person CUs,pm_ex_shelter,2016-10-01,-0.2223368841917317,0.04478187940790058
cu_size,Four-person minus one-person CUs,pm_ex_shelter,2016-11-01,-0.22728080815284102,0.044267316130615915
cu_size,Four-person minus one-person CUs,pm_ex_shelter,2016-12-01,-0.19758632377493424,0.04551476821085818
cu_size,Four-person minus one-person CUs,pm_ex_shelter,2017-01-01,-0.1287573202785497,0.05971973357114116
cu_size,Four-person minus one-person CUs,pm_ex_shelter,2017-02-01,-0.13469116457376362,0.08109533754475826
cu_size,Four-person minus one-person CUs,pm_ex_shelter,2017-03-01,-0.15213318858564584,0.06511438848856078
cu_size,Four-person minus one-person CUs,pm_ex_shelter,2017-04-01,-0.166399008649476,0.05891292418720824
cu_size,Four-person minus one-person CUs,pm_ex_shelter,2017-05-01,-0.19909821004635564,0.04791449212683723
cu_size,Four-person minus one-person CUs,pm_ex_shelter,2017-06-01,-0.19614139150698762,0.04720488646515341
cu_size,Four-person minus one-person CUs,pm_ex_shelter,2017-07-01,-0.1929273858102487,0.04996313501290842
cu_size,Four-person minus one-person CUs,pm_ex_shelter,2017-08-01,-0.11566825813051906,0.05360646490598077
cu_size,Four-person minus one-person CUs,pm_ex_shelter,2017-09-01,-0.010431786540454624,0.06720102395528822
cu_size,Four-person minus one-person CUs,pm_ex_shelter,2017-10-01,-0.11380812486951886,0.058539191581056325
cu_size,Four-person minus one-person CUs,pm_ex_shelter,2017-11-01,-0.06408583410228985,0.06181525376641459
cu_size,Four-person minus one-person CUs,pm_ex_shelter,2017-12-01,-0.05887195180700466,0.04856101712457691
cu_size,Four-person minus one-person CUs,pm_ex_shelter,2018-01-01,-0.08767478578222132,0.04561592852546353
cu_size,Four-person minus one-person CUs,pm_ex_shelter,2018-02-01,-0.06664499481501274,0.05024087121737091
cu_size,Four-person minus one-person CUs,pm_ex_shelter,2018-03-01,-0.08509530061979742,0.04611328480357533
cu_size,Four-person minus one-person CUs,pm_ex_shelter,2018-04-01,-0.06277124014497648,0.05205310430693096
cu_size,Four-person minus one-person CUs,pm_ex_shelter,2018-05-01,0.024095290846615214,0.06531288492855873
cu_size,Four-person minus one-person CUs,pm_ex_shelter,2018-06-01,0.08409207577146915,0.06775014256969687
cu_size,Four-person minus one-person CUs,pm_ex_shelter,2018-07-01,0.12603072834451723,0.06445813011472848
cu_size,Four-person minus one-person CUs,pm_ex_shelter,2018-08-01,0.06082493398058553,0.05363534612308748
cu_size,Four-person minus one-person CUs,pm_ex_shelter,2018-09-01,-0.04412792648489372,0.038926963874228906
cu_size,Four-person minus one-person CUs,pm_ex_shelter,2018-10-01,0.036459021507018186,0.04584408114196225
cu_size,Four-person minus one-person CUs,pm_ex_shelter,2018-11-01,-0.022710879702070308,0.02855675996937383
cu_size,Four-person minus one-person CUs,pm_ex_shelter,2018-12-01,-0.07277514957049203,0.027957593382052368
cu_size,Four-person minus one-person CUs,pm_ex_shelter,2019-01-01,-0.14159952704908552,0.03949119865724188
cu_size,Four-person minus one-person CUs,pm_ex_shelter,2019-02-01,-0.11674225556066453,0.03249947439746165
cu_size,Four-person minus one-person CUs,pm_ex_shelter,2019-03-01,-0.003956991059705928,0.028719602373329902
cu_size,Four-person minus one-person CUs,pm_ex_shelter,2019-04-01,0.043760072026111096,0.031905406876493646
cu_size,Four-person minus one-person CUs,pm_ex_shelter,2019-05-01,-0.00559083447553288,0.027981034823746635
cu_size,Four-person minus one-person CUs,pm_ex_shelter,2019-06-01,-0.05497887853198602,0.02889814237377136
cu_size,Four-person minus one-person CUs,pm_ex_shelter,2019-07-01,-0.06326906422629008,0.02459317521055144
cu_size,Four-person minus one-person CUs,pm_ex_shelter,2019-08-01,-0.09397007084901432,0.025543604653056325
cu_size,Four-person minus one-person CUs,pm_ex_shelter,2019-09-01,-0.11140927016279889,0.02765080011635985
cu_size,Four-person minus one-person CUs,pm_ex_shelter,2019-10-01,-0.15159370354997925,0.03203111975261368
cu_size,Four-person minus one-person CUs,pm_ex_shelter,2019-11-01,-0.10648197017315564,0.0331096546818793
cu_size,Four-person minus one-person CUs,pm_ex_shelter,2019-12-01,-0.049982197687370444,0.037701916911407535
cu_size,Four-person minus one-person CUs,pm_ex_shelter,2020-01-01,-0.031048667695632304,0.04671459201545607
cu_size,Four-person minus one-person CUs,pm_ex_shelter,2020-02-01,-0.03367821038897656,0.036164663337419606
cu_size,Four-person minus one-person CUs,pm_ex_shelter,2020-03-01,-0.16785476368157415,0.040764093816772706
cu_size,Four-person minus one-person CUs,pm_ex_shelter,2020-04-01,-0.40679379086820955,0.07575500873043631
cu_size,Four-person minus one-person CUs,pm_ex_shelter,2020-05-01,-0.4168623177703057,0.08278878791487293
cu_size,Four-person minus one-person CUs,pm_ex_shelter,2020-06-01,-0.35673371571106616,0.07522377886312538
cu_size,Four-person minus one-person CUs,pm_ex_shelter,2020-07-01,-0.33899479211132455,0.06377780970930029
cu_size,Four-person minus one-person CUs,pm_ex_shelter,2020-08-01,-0.2250718344470215,0.06127482065836228
cu_size,Four-person minus one-person CUs,pm_ex_shelter,2020-09-01,-0.1479300214163315,0.07367500508282011
cu_size,Four-person minus one-person CUs,pm_ex_shelter,2020-10-01,-0.09660599555412208,0.08296554985726512
cu_size,Four-person minus one-person CUs,pm_ex_shelter,2020-11-01,-0.12266673240568515,0.07883697115311614
cu_size,Four-person minus one-person CUs,pm_ex_shelter,2020-12-01,-0.10722104784155473,0.07111996802184872
cu_size,Four-person minus one-person CUs,pm_ex_shelter,2021-01-01,-0.0668578794810637,0.06690968118478825
cu_size,Four-person minus one-person CUs,pm_ex_shelter,2021-02-01,-0.0513930181146538,0.05707977867443632
cu_size,Four-person minus one-person CUs,pm_ex_shelter,2021-03-01,0.05633650527225864,0.052090161105684624
cu_size,Four-person minus one-person CUs,pm_ex_shelter,2021-04-01,0.39744693761800676,0.09858603894277179
cu_size,Four-person minus one-person CUs,pm_ex_shelter,2021-05-01,0.6145104841612126,0.1420952447343256
cu_size,Four-person minus one-person CUs,pm_ex_shelter,2021-06-01,0.9128187017597877,0.2383830842869408
cu_size,Four-person minus one-person CUs,pm_ex_shelter,2021-07-01,0.9681153043116675,0.23854596165811012
cu_size,Four-person minus one-person CUs,pm_ex_shelter,2021-08-01,0.8730294049483556,0.19568391795927512
cu_size,Four-person minus one-person CUs,pm_ex_shelter,2021-09-01,0.7586653378490515,0.1557077962475049
cu_size,Four-person minus one-person CUs,pm_ex_shelter,2021-10-01,0.8189665643193011,0.16461712957223487
cu_size,Four-person minus one-person CUs,pm_ex_shelter,2021-11-01,0.9724363717507494,0.19813000359901664
cu_size,Four-person minus one-person CUs,pm_ex_shelter,2021-12-01,1.0693256943473237,0.23679760242719888
cu_size,Four-person minus one-person CUs,pm_ex_shelter,2022-01-01,0.9728782955292115,0.29513367070348356
cu_size,Four-person minus one-person CUs,pm_ex_shelter,2022-02-01,0.9667148978899309,0.29688219423271245
cu_size,Four-person minus one-person CUs,pm_ex_shelter,2022-03-01,0.906358196814816,0.2472252331240495
cu_size,Four-person minus one-person CUs,pm_ex_shelter,2022-04-01,0.6388601881108134,0.17732707605730919
cu_size,Four-person minus one-person CUs,pm_ex_shelter,2022-05-01,0.4569084883013108,0.16113359692860374
cu_size,Four-person minus one-person CUs,pm_ex_shelter,2022-06-01,0.24717249882746373,0.18426785435660994
cu_size,Four-person minus one-person CUs,pm_ex_shelter,2022-07-01,0.18235501330208237,0.148294953278754
cu_size,Four-person minus one-person CUs,pm_ex_shelter,2022-08-01,0.09629582385726287,0.11531975298819126
cu_size,Four-person minus one-person CUs,pm_ex_shelter,2022-09-01,0.07349900315873903,0.11130578985067842
cu_size,Four-person minus one-person CUs,pm_ex_shelter,2022-10-01,-0.03367797839091047,0.11703282803253517
cu_size,Four-person minus one-person CUs,pm_ex_shelter,2022-11-01,-0.13140272433302957,0.13827178840076276
cu_size,Four-person minus one-person CUs,pm_ex_shelter,2022-12-01,-0.2562001037764272,0.16248458142892414
cu_size,Four-person minus one-person CUs,pm_ex_shelter,2023-01-01,-0.22744643318435287,0.17425941942995135
cu_size,Four-person minus one-person CUs,pm_ex_shelter,2023-02-01,-0.2536585515738432,0.17300338518654892
cu_size,Four-person minus one-person CUs,pm_ex_shelter,2023-03-01,-0.23283699780183298,0.13286257241193622
cu_size,Four-person minus one-person CUs,pm_ex_shelter,2023-04-01,-0.037050636571822615,0.10946160299652119
cu_size,Four-person minus one-person CUs,pm_ex_shelter,2023-05-01,-0.004152566298509797,0.10119779653628894
cu_size,Four-person minus one-person CUs,pm_ex_shelter,2023-06-01,-0.07977433436305859,0.1044084188957159
cu_size,Four-person minus one-person CUs,pm_ex_shelter,2023-07-01,-0.055609063523576197,0.09969350747315145
cu_size,Four-person minus one-person CUs,pm_ex_shelter,2023-08-01,0.019732374283165655,0.10733641072336837
cu_size,Four-person minus one-person CUs,pm_ex_shelter,2023-09-01,-0.025109586058502664,0.10613580657446131
cu_size,Four-person minus one-person CUs,pm_ex_shelter,2023-10-01,-0.08810512875818688,0.09639631470831249
cu_size,Four-person minus one-person CUs,pm_ex_shelter,2023-11-01,-0.14408362585087708,0.07896405446231719
cu_size,Four-person minus one-person CUs,pm_ex_shelter,2023-12-01,-0.14612129638631455,0.07731304236057775
cu_size,Four-person minus one-person CUs,pm_ex_shelter,2024-01-01,-0.1668894154817746,0.07077639561143552
cu_size,Four-person minus one-person CUs,pm_ex_shelter,2024-02-01,-0.11586499310727305,0.06865383994743338
cu_size,Four-person minus one-person CUs,pm_ex_shelter,2024-03-01,-0.1650200360139742,0.07957420175390599
cu_size,Four-person minus one-person CUs,pm_ex_shelter,2024-04-01,-0.26188006109946205,0.10059474663896546
cu_size,Four-person minus one-person CUs,pm_ex_shelter,2024-05-01,-0.30535116836185594,0.11405252349705723
cu_size,Four-person minus one-person CUs,pm_ex_shelter,2024-06-01,-0.3749367368448775,0.11427195260193393
cu_size,Four-person minus one-person CUs,pm_ex_shelter,2024-07-01,-0.4249165849566916,0.11711163622697596
cu_size,Four-person minus one-person CUs,pm_ex_shelter,2024-08-01,-0.3930327062441785,0.10830458656784196
cu_size,Four-person minus one-person CUs,pm_ex_shelter,2024-09-01,-0.2855957477375659,0.08655472737447059
cu_size,Four-person minus one-person CUs,pm_ex_shelter,2024-10-01,-0.2528926442916912,0.07749136447518094
cu_size,Four-person minus one-person CUs,pm_ex_shelter,2024-11-01,-0.17523155184318018,0.07140645804878896
cu_size,Four-person minus one-person CUs,pm_ex_shelter,2024-12-01,-0.14442038644746358,0.06784229089500042
cu_size,Four-person minus one-person CUs,pm_ex_shelter,2025-01-01,-0.051840748363263245,0.050719103123478514
cu_size,Four-person minus one-person CUs,pm_ex_shelter,2025-02-01,-0.120720487003112,0.048157910635057845
cu_size,Four-person minus one-person CUs,pm_ex_shelter,2025-03-01,-0.1521637288782962,0.04845059488024461
cu_size,Four-person minus one-person CUs,pm_ex_shelter,2025-04-01,-0.1766262384015116,0.04731010460675546
cu_size,Four-person minus one-person CUs,pm_ex_shelter,2025-05-01,-0.18639708394403431,0.04415115596569489
cu_size,Four-person minus one-person CUs,pm_ex_shelter,2025-06-01,-0.1666450237212347,0.036688699974117306
cu_size,Four-person minus one-person CUs,pm_ex_shelter,2025-07-01,-0.13333944165319078,0.03488515242736301
cu_size,Four-person minus one-person CUs,pm_ex_shelter,2025-08-01,-0.12399092044996785,0.02845958739729515
cu_size,Four-person minus one-person CUs,pm_ex_shelter,2025-09-01,-0.08998028571323147,0.02286996133303766
cu_size,Four-person minus one-person CUs,pm_ex_shelter,2025-11-01,-0.12772570806633965,0.027031716969700022
cu_size,Four-person minus one-person CUs,pm_ex_shelter,2025-12-01,-0.1732215643329038,0.03639806218345779
cu_size,Four-person minus one-person CUs,pm_ex_shelter,2026-01-01,-0.25064106728776014,0.05136191782945252
cu_size,Four-person minus one-person CUs,pm_ex_shelter,2026-02-01,-0.20472810001108677,0.06189726253858892
cu_size,Four-person minus one-person CUs,pm_ex_shelter,2026-03-01,0.0026050779100561527,0.08963238815799278
cu_size,Four-person minus one-person CUs,pm_ex_shelter,2026-04-01,0.038990235061420186,0.10868341072391671
cu_size,Four-person minus one-person CUs,pm_ex_shelter,2026-05-01,0.10222767364169716,0.13403971834797512
cu_size,Four-person minus one-person CUs,pm_ex_shelter,2026-06-01,0.0638134148203573,0.10337142839335883
cu_size,Four-person minus one-person CUs,pm_ex_shelter,2026-07-01,0.044506736676508396,0.09508137504647378
cu_size,Four-person minus one-person CUs,pm_oer_all_in,2014-12-01,-0.5313718948208646,0.04002496708417066
cu_size,Four-person minus one-person CUs,pm_oer_all_in,2015-01-01,-0.6949665708607999,0.05379392049886186
cu_size,Four-person minus one-person CUs,pm_oer_all_in,2015-02-01,-0.6607963689956642,0.045440432450919915
cu_size,Four-person minus one-person CUs,pm_oer_all_in,2015-03-01,-0.6253613493430565,0.04358038400248979
cu_size,Four-person minus one-person CUs,pm_oer_all_in,2015-04-01,-0.6821823128001725,0.04831825717045681
cu_size,Four-person minus one-person CUs,pm_oer_all_in,2015-05-01,-0.6077339822314065,0.04277298219778477
cu_size,Four-person minus one-person CUs,pm_oer_all_in,2015-06-01,-0.5680507674814206,0.04329299493074514
cu_size,Four-person minus one-person CUs,pm_oer_all_in,2015-07-01,-0.5424097557501506,0.04337546309922187
cu_size,Four-person minus one-person CUs,pm_oer_all_in,2015-08-01,-0.550504961733933,0.04411546658411801
cu_size,Four-person minus one-person CUs,pm_oer_all_in,2015-09-01,-0.6574557109936374,0.049184020312639104
cu_size,Four-person minus one-person CUs,pm_oer_all_in,2015-10-01,-0.640834026247683,0.045057284487714906
cu_size,Four-person minus one-person CUs,pm_oer_all_in,2015-11-01,-0.5429556451689299,0.04070026214071707
cu_size,Four-person minus one-person CUs,pm_oer_all_in,2015-12-01,-0.45798209283842706,0.036992343228152945
cu_size,Four-person minus one-person CUs,pm_oer_all_in,2016-01-01,-0.29191326183459765,0.030757743869071645
cu_size,Four-person minus one-person CUs,pm_oer_all_in,2016-02-01,-0.3798416521074044,0.03789125803113967
cu_size,Four-person minus one-person CUs,pm_oer_all_in,2016-03-01,-0.46323893615460854,0.0365962181680767
cu_size,Four-person minus one-person CUs,pm_oer_all_in,2016-04-01,-0.42541686935775314,0.035421126218595785
cu_size,Four-person minus one-person CUs,pm_oer_all_in,2016-05-01,-0.5056665883384825,0.039652073518125455
cu_size,Four-person minus one-person CUs,pm_oer_all_in,2016-06-01,-0.5505438489124215,0.042947750051696786
cu_size,Four-person minus one-person CUs,pm_oer_all_in,2016-07-01,-0.616419182298622,0.04414008984808813
cu_size,Four-person minus one-person CUs,pm_oer_all_in,2016-08-01,-0.6022909527376274,0.04312108232553751
cu_size,Four-person minus one-person CUs,pm_oer_all_in,2016-09-01,-0.5072223690254729,0.038709218628679175
cu_size,Four-person minus one-person CUs,pm_oer_all_in,2016-10-01,-0.4355995954677505,0.03720446125341676
cu_size,Four-person minus one-person CUs,pm_oer_all_in,2016-11-01,-0.4531876451532302,0.037261128487838316
cu_size,Four-person minus one-person CUs,pm_oer_all_in,2016-12-01,-0.3926651218847166,0.03691789905857673
cu_size,Four-person minus one-person CUs,pm_oer_all_in,2017-01-01,-0.28858215651446084,0.045367793334997915
cu_size,Four-person minus one-person CUs,pm_oer_all_in,2017-02-01,-0.2656488354395803,0.058598036362828815
cu_size,Four-person minus one-person CUs,pm_oer_all_in,2017-03-01,-0.32486109070641866,0.049444814845438424
cu_size,Four-person minus one-person CUs,pm_oer_all_in,2017-04-01,-0.3526483667874336,0.04572255902405116
cu_size,Four-person minus one-person CUs,pm_oer_all_in,2017-05-01,-0.420395232270554,0.04010920195214347
cu_size,Four-person minus one-person CUs,pm_oer_all_in,2017-06-01,-0.45614564185392226,0.03968885519743982
cu_size,Four-person minus one-person CUs,pm_oer_all_in,2017-07-01,-0.4284046589862145,0.041449346381987814
cu_size,Four-person minus one-person CUs,pm_oer_all_in,2017-08-01,-0.35285161960567635,0.04340272924781312
cu_size,Four-person minus one-person CUs,pm_oer_all_in,2017-09-01,-0.219209564515932,0.05065117544047819
cu_size,Four-person minus one-person CUs,pm_oer_all_in,2017-10-01,-0.30389670320960516,0.04554733822549627
cu_size,Four-person minus one-person CUs,pm_oer_all_in,2017-11-01,-0.222364481505255,0.046599480653221885
cu_size,Four-person minus one-person CUs,pm_oer_all_in,2017-12-01,-0.23228557496830504,0.03834084190326159
cu_size,Four-person minus one-person CUs,pm_oer_all_in,2018-01-01,-0.25681089198839047,0.03594628587803719
cu_size,Four-person minus one-person CUs,pm_oer_all_in,2018-02-01,-0.2039991232143823,0.03802450946785089
cu_size,Four-person minus one-person CUs,pm_oer_all_in,2018-03-01,-0.19416978719399847,0.035140608680765704
cu_size,Four-person minus one-person CUs,pm_oer_all_in,2018-04-01,-0.17309370132467805,0.039057176211482594
cu_size,Four-person minus one-person CUs,pm_oer_all_in,2018-05-01,-0.056118354259582226,0.046499187404290605
cu_size,Four-person minus one-person CUs,pm_oer_all_in,2018-06-01,2.5715725948671775e-5,0.046899017713187
cu_size,Four-person minus one-person CUs,pm_oer_all_in,2018-07-01,0.03070147146655433,0.044504744294607386
cu_size,Four-person minus one-person CUs,pm_oer_all_in,2018-08-01,-0.04316045498136134,0.03775759568063025
cu_size,Four-person minus one-person CUs,pm_oer_all_in,2018-09-01,-0.17845819191142365,0.030173338489170216
cu_size,Four-person minus one-person CUs,pm_oer_all_in,2018-10-01,-0.08830639171506505,0.033635774616701114
cu_size,Four-person minus one-person CUs,pm_oer_all_in,2018-11-01,-0.19778786632098644,0.023627176046761993
cu_size,Four-person minus one-person CUs,pm_oer_all_in,2018-12-01,-0.2539272605259102,0.022528403908033533
cu_size,Four-person minus one-person CUs,pm_oer_all_in,2019-01-01,-0.3498721000623872,0.03002671484739944
cu_size,Four-person minus one-person CUs,pm_oer_all_in,2019-02-01,-0.36301201605943856,0.029445015066267632
cu_size,Four-person minus one-person CUs,pm_oer_all_in,2019-03-01,-0.2797651374742305,0.027797540916095324
cu_size,Four-person minus one-person CUs,pm_oer_all_in,2019-04-01,-0.2552717994790177,0.029674779862721743
cu_size,Four-person minus one-person CUs,pm_oer_all_in,2019-05-01,-0.3220490335895665,0.02929997672846493
cu_size,Four-person minus one-person CUs,pm_oer_all_in,2019-06-01,-0.38288816041649465,0.03081515237253616
cu_size,Four-person minus one-person CUs,pm_oer_all_in,2019-07-01,-0.3620715774084182,0.029396117643805928
cu_size,Four-person minus one-person CUs,pm_oer_all_in,2019-08-01,-0.36488038796369526,0.02826969950211616
cu_size,Four-person minus one-person CUs,pm_oer_all_in,2019-09-01,-0.3839073035834639,0.03038237430858865
cu_size,Four-person minus one-person CUs,pm_oer_all_in,2019-10-01,-0.3741287148260275,0.031455049116213156
cu_size,Four-person minus one-person CUs,pm_oer_all_in,2019-11-01,-0.2758045294671829,0.03242915089320029
cu_size,Four-person minus one-person CUs,pm_oer_all_in,2019-12-01,-0.19817426123238668,0.03410211833221749
cu_size,Four-person minus one-person CUs,pm_oer_all_in,2020-01-01,-0.15664320313328872,0.036986965199959525
cu_size,Four-person minus one-person CUs,pm_oer_all_in,2020-02-01,-0.15922816667623962,0.031196711000528538
cu_size,Four-person minus one-person CUs,pm_oer_all_in,2020-03-01,-0.3298045339533262,0.037550941385893766
cu_size,Four-person minus one-person CUs,pm_oer_all_in,2020-04-01,-0.6191472287809363,0.06158475932068353
cu_size,Four-person minus one-person CUs,pm_oer_all_in,2020-05-01,-0.6481589696120893,0.06529410463011855
cu_size,Four-person minus one-person CUs,pm_oer_all_in,2020-06-01,-0.5044226277860497,0.05914225313994454
cu_size,Four-person minus one-person CUs,pm_oer_all_in,2020-07-01,-0.4350111355438502,0.050535553718772185
cu_size,Four-person minus one-person CUs,pm_oer_all_in,2020-08-01,-0.3147719713838093,0.0463283198908257
cu_size,Four-person minus one-person CUs,pm_oer_all_in,2020-09-01,-0.23482647183821204,0.05361763560090036
cu_size,Four-person minus one-person CUs,pm_oer_all_in,2020-10-01,-0.2443266042823966,0.05935271442615394
cu_size,Four-person minus one-person CUs,pm_oer_all_in,2020-11-01,-0.25198283485121653,0.05491285833269739
cu_size,Four-person minus one-person CUs,pm_oer_all_in,2020-12-01,-0.20463927447060826,0.04957577418386895
cu_size,Four-person minus one-person CUs,pm_oer_all_in,2021-01-01,-0.1495135786166779,0.048705359110417054
cu_size,Four-person minus one-person CUs,pm_oer_all_in,2021-02-01,-0.09673649495349768,0.04486147207764504
cu_size,Four-person minus one-person CUs,pm_oer_all_in,2021-03-01,0.1134726231106109,0.038700060815025604
cu_size,Four-person minus one-person CUs,pm_oer_all_in,2021-04-01,0.5487805888485298,0.0754334744235298
cu_size,Four-person minus one-person CUs,pm_oer_all_in,2021-05-01,0.8051067166971348,0.11213166688538445
cu_size,Four-person minus one-person CUs,pm_oer_all_in,2021-06-01,1.0323816759097104,0.1838901208678785
cu_size,Four-person minus one-person CUs,pm_oer_all_in,2021-07-01,1.0566249659317517,0.184714603919352
cu_size,Four-person minus one-person CUs,pm_oer_all_in,2021-08-01,0.9705938251892476,0.1531297212447694
cu_size,Four-person minus one-person CUs,pm_oer_all_in,2021-09-01,0.8774277459127511,0.12371507449640776
cu_size,Four-person minus one-person CUs,pm_oer_all_in,2021-10-01,1.0191717286491153,0.13335816151666072
cu_size,Four-person minus one-person CUs,pm_oer_all_in,2021-11-01,1.1647384376635816,0.15883886805871053
cu_size,Four-person minus one-person CUs,pm_oer_all_in,2021-12-01,1.2285349044310667,0.18740070286030125
cu_size,Four-person minus one-person CUs,pm_oer_all_in,2022-01-01,1.1740856470723093,0.22475625591631584
cu_size,Four-person minus one-person CUs,pm_oer_all_in,2022-02-01,1.1878140384790292,0.22686919531285832
cu_size,Four-person minus one-person CUs,pm_oer_all_in,2022-03-01,1.214046242763466,0.19499906084420363
cu_size,Four-person minus one-person CUs,pm_oer_all_in,2022-04-01,0.9530630044088495,0.1412771350116878
cu_size,Four-person minus one-person CUs,pm_oer_all_in,2022-05-01,0.8258473271299582,0.11711416902414296
cu_size,Four-person minus one-person CUs,pm_oer_all_in,2022-06-01,0.6756830538259262,0.11243008279065689
cu_size,Four-person minus one-person CUs,pm_oer_all_in,2022-07-01,0.49973895149262226,0.09549255827382777
cu_size,Four-person minus one-person CUs,pm_oer_all_in,2022-08-01,0.34021890353708173,0.07465315635020692
cu_size,Four-person minus one-person CUs,pm_oer_all_in,2022-09-01,0.2426188834653722,0.07036644021709425
cu_size,Four-person minus one-person CUs,pm_oer_all_in,2022-10-01,0.05090396520937013,0.0736269425584555
cu_size,Four-person minus one-person CUs,pm_oer_all_in,2022-11-01,-0.1643519604513699,0.09270892059752729
cu_size,Four-person minus one-person CUs,pm_oer_all_in,2022-12-01,-0.4078377268998956,0.11609432548679613
cu_size,Four-person minus one-person CUs,pm_oer_all_in,2023-01-01,-0.41813001903208136,0.1290739704138943
cu_size,Four-person minus one-person CUs,pm_oer_all_in,2023-02-01,-0.5210312870383538,0.1322508675232657
cu_size,Four-person minus one-person CUs,pm_oer_all_in,2023-03-01,-0.6423727304994964,0.10972228616138886
cu_size,Four-person minus one-person CUs,pm_oer_all_in,2023-04-01,-0.5231554080700196,0.09499884456344324
cu_size,Four-person minus one-person CUs,pm_oer_all_in,2023-05-01,-0.6017314104143079,0.09188720929307564
cu_size,Four-person minus one-person CUs,pm_oer_all_in,2023-06-01,-0.7499239460317941,0.09548867998858583
cu_size,Four-person minus one-person CUs,pm_oer_all_in,2023-07-01,-0.6833140360936962,0.09459860624206437
cu_size,Four-person minus one-person CUs,pm_oer_all_in,2023-08-01,-0.5480272417387688,0.09872960877003246
cu_size,Four-person minus one-person CUs,pm_oer_all_in,2023-09-01,-0.5286292494656841,0.0965307670359365
cu_size,Four-person minus one-person CUs,pm_oer_all_in,2023-10-01,-0.6196237843029584,0.09000193941892375
cu_size,Four-person minus one-person CUs,pm_oer_all_in,2023-11-01,-0.6609842172017544,0.07844017295499633
cu_size,Four-person minus one-person CUs,pm_oer_all_in,2023-12-01,-0.5883618642113619,0.0736070097814249
cu_size,Four-person minus one-person CUs,pm_oer_all_in,2024-01-01,-0.602941123829015,0.06793060727503068
cu_size,Four-person minus one-person CUs,pm_oer_all_in,2024-02-01,-0.5229978961907022,0.06404058156354338
cu_size,Four-person minus one-person CUs,pm_oer_all_in,2024-03-01,-0.5088347726579512,0.06841871555267932
cu_size,Four-person minus one-person CUs,pm_oer_all_in,2024-04-01,-0.5525418271048022,0.08073131597714293
cu_size,Four-person minus one-person CUs,pm_oer_all_in,2024-05-01,-0.581097138541109,0.08909046192954517
cu_size,Four-person minus one-person CUs,pm_oer_all_in,2024-06-01,-0.6398093742292721,0.08947010580393892
cu_size,Four-person minus one-person CUs,pm_oer_all_in,2024-07-01,-0.6814893844062864,0.09107084825786516
cu_size,Four-person minus one-person CUs,pm_oer_all_in,2024-08-01,-0.6994145026363752,0.08783489753618386
cu_size,Four-person minus one-person CUs,pm_oer_all_in,2024-09-01,-0.6142486057773233,0.07197186088528168
cu_size,Four-person minus one-person CUs,pm_oer_all_in,2024-10-01,-0.5370577376115016,0.06492973692199097
cu_size,Four-person minus one-person CUs,pm_oer_all_in,2024-11-01,-0.4102249044726003,0.05871310245629083
cu_size,Four-person minus one-person CUs,pm_oer_all_in,2024-12-01,-0.35845456904342043,0.05551271278363779
cu_size,Four-person minus one-person CUs,pm_oer_all_in,2025-01-01,-0.2707644683447974,0.04358183635152611
cu_size,Four-person minus one-person CUs,pm_oer_all_in,2025-02-01,-0.3194007379250241,0.041616907433048626
cu_size,Four-person minus one-person CUs,pm_oer_all_in,2025-03-01,-0.3920178392465612,0.0423659189720288
cu_size,Four-person minus one-person CUs,pm_oer_all_in,2025-04-01,-0.42129699581943125,0.039914546708096445
cu_size,Four-person minus one-person CUs,pm_oer_all_in,2025-05-01,-0.40089711582917964,0.03712391403053578
cu_size,Four-person minus one-person CUs,pm_oer_all_in,2025-06-01,-0.3317046708247062,0.032786514055569066
cu_size,Four-person minus one-person CUs,pm_oer_all_in,2025-07-01,-0.26904085465027094,0.029707980441295898
cu_size,Four-person minus one-person CUs,pm_oer_all_in,2025-08-01,-0.22189151856972789,0.023994619743103587
cu_size,Four-person minus one-person CUs,pm_oer_all_in,2025-09-01,-0.16455739720573348,0.019006430247398735
cu_size,Four-person minus one-person CUs,pm_oer_all_in,2025-11-01,-0.1616735979039996,0.023980212622936106
cu_size,Four-person minus one-person CUs,pm_oer_all_in,2025-12-01,-0.19036934280407536,0.027427964888050157
cu_size,Four-person minus one-person CUs,pm_oer_all_in,2026-01-01,-0.2775207176189953,0.03825172462879086
cu_size,Four-person minus one-person CUs,pm_oer_all_in,2026-02-01,-0.23303333397677317,0.04402963369220013
cu_size,Four-person minus one-person CUs,pm_oer_all_in,2026-03-01,0.03194647165563058,0.05724608237837778
cu_size,Four-person minus one-person CUs,pm_oer_all_in,2026-04-01,0.10363276927469744,0.0684022582035659
cu_size,Four-person minus one-person CUs,pm_oer_all_in,2026-05-01,0.20123483516960583,0.08338246698183878
cu_size,Four-person minus one-person CUs,pm_oer_all_in,2026-06-01,0.07979320388442623,0.06600845951174199
cu_size,Four-person minus one-person CUs,pm_oer_all_in,2026-07-01,0.042989271907956095,0.060858392025681426
