date,se_F,se_N,se_gap,basket,pair,gap_12m,z
2014-01-01,0.011904235106517414,0.011965590040596838,0.01687857098485745,all_in,fam,-0.22052511068895164,-13.0653898891556
2014-02-01,0.015633395199405143,0.01567344674863583,0.022137298354657168,all_in,fam,-0.27739386827585477,-12.530610729086444
2014-03-01,0.01529006032245674,0.0157112802341751,0.021923281489347052,all_in,fam,-0.22669323514339368,-10.340296695709004
2014-04-01,0.014652625401404381,0.014507979537001569,0.02061991516471242,all_in,fam,-0.13771507971300778,-6.678741333945176
2014-05-01,0.01560171813424728,0.015225270966989474,0.0217995982705818,all_in,fam,-0.13829118928136985,-6.343749438171599
2014-06-01,0.016001204098274803,0.015445408806938891,0.02223958600801984,all_in,fam,-0.1782812745171558,-8.016393580926623
2014-07-01,0.015152048676907264,0.014923908655356363,0.02126752521241688,all_in,fam,-0.1906428153158446,-8.96403382207062
2014-08-01,0.015699695122243403,0.016349310451243895,0.022666724050081567,all_in,fam,-0.1958061456243776,-8.638484555233864
2014-09-01,0.01622862756789801,0.016974838303140203,0.023484324306977514,all_in,fam,-0.17246214443733532,-7.343713286487636
2014-10-01,0.01783991163194091,0.017838602735065837,0.02522851946854906,all_in,fam,-0.15239173936900663,-6.040455111089044
2014-11-01,0.02000534007195902,0.020822275015052537,0.02887526221867449,all_in,fam,-0.24489168159940178,-8.481020180693738
2014-12-01,0.026397262806735364,0.027719535058729084,0.03827777563495514,all_in,fam,-0.3643199300668032,-9.517792610031066
2015-01-01,0.03944290673017554,0.037481006391231884,0.054411108529645785,all_in,fam,-0.44213104793228153,-8.12574968384236
2015-02-01,0.03305695081255882,0.03167990003751179,0.04578622132706162,all_in,fam,-0.4262053530134535,-9.308594172228576
2015-03-01,0.03160943225303357,0.03006363101039769,0.043623137403085356,all_in,fam,-0.3739929210207382,-8.57326967487411
2015-04-01,0.035446581225714986,0.03314981751054486,0.048532159663192784,all_in,fam,-0.3992688568279501,-8.226892427594956
2015-05-01,0.030389293165486754,0.028818943173387044,0.04188126818434241,all_in,fam,-0.3425783156238871,-8.179750291132834
2015-06-01,0.030622615504383555,0.02905809871308743,0.042215135687912284,all_in,fam,-0.30763315856665585,-7.287271580527984
2015-07-01,0.03022611446160685,0.02857770804759335,0.04159691566329937,all_in,fam,-0.29050864780247876,-6.983898761964994
2015-08-01,0.030650920588441776,0.02887431933400958,0.0421094437142231,all_in,fam,-0.3178261187168019,-7.547620929731051
2015-09-01,0.03482153268966586,0.032596900473859186,0.047697977518550504,all_in,fam,-0.39930635698833816,-8.37155740687415
2015-10-01,0.031148287896431176,0.029473475326975578,0.042882415821975314,all_in,fam,-0.4142365699500772,-9.659823543285533
2015-11-01,0.027916152804096813,0.026521508856709192,0.03850586993457214,all_in,fam,-0.3569179834979952,-9.269183740153334
2015-12-01,0.024827161138777743,0.024054606764357687,0.03456894613375881,all_in,fam,-0.3094883319747832,-8.95278469807177
2016-01-01,0.017752262068842565,0.018853968941244057,0.025896234347840268,all_in,fam,-0.21018847441660604,-8.116565196056609
2016-02-01,0.023890860031753024,0.023542240809099176,0.0335411731364666,all_in,fam,-0.2664005595266916,-7.942493795396079
2016-03-01,0.02302673425024675,0.022741989236511585,0.03236400106082521,all_in,fam,-0.36912720394159937,-11.405487326732509
2016-04-01,0.021665102197438193,0.021920607276224573,0.030820280280748763,all_in,fam,-0.36432287922025797,-11.82088144239962
2016-05-01,0.024898749357780626,0.024564700831500995,0.03497673864903254,all_in,fam,-0.4300500058505241,-12.295314613685953
2016-06-01,0.02716568520136848,0.0274569520155179,0.03862458629477218,all_in,fam,-0.4757869674939519,-12.31824112918329
2016-07-01,0.0282456748769244,0.027937084590733803,0.03972780946242486,all_in,fam,-0.5097799750065857,-12.831816853349114
2016-08-01,0.029198350790497252,0.028611936844944168,0.04088014944816133,all_in,fam,-0.4708386756209215,-11.51753802216343
2016-09-01,0.025654778358195966,0.026045752899397374,0.036558841566775975,all_in,fam,-0.3951463600035954,-10.808503307793465
2016-10-01,0.023412882441116546,0.024135274889190244,0.03362550457879139,all_in,fam,-0.3338456805922263,-9.928347091713018
2016-11-01,0.02226340329320897,0.02340216916904404,0.03230047442395581,all_in,fam,-0.33094842339420616,-10.245930726910828
2016-12-01,0.022728281897401746,0.023817364726927807,0.03292175056924016,all_in,fam,-0.27548811480500035,-8.367966770952869
2017-01-01,0.027814988035433624,0.02443359201978454,0.03702261441876565,all_in,fam,-0.22208174562095007,-5.9985430285653605
2017-02-01,0.03602478897284319,0.03229971886169532,0.04838447332649638,all_in,fam,-0.2088509112487369,-4.3164861967065296
2017-03-01,0.029794643819068593,0.026099058399106503,0.03960911068965237,all_in,fam,-0.2464491111248135,-6.222030912428356
2017-04-01,0.02673854964436803,0.023979281422472402,0.03591595710297115,all_in,fam,-0.3051193920370787,-8.495371323735034
2017-05-01,0.023000520213640834,0.02093425790412434,0.03110091773717446,all_in,fam,-0.3310919827809622,-10.645730315064398
2017-06-01,0.022759368122665442,0.020552184448850513,0.030665634233822275,all_in,fam,-0.3458331289880823,-11.277546922758571
2017-07-01,0.024209774789257513,0.020843550905267242,0.031946311362769805,all_in,fam,-0.3487502948225085,-10.916762528926633
2017-08-01,0.025427256550564624,0.02220993668022155,0.033761319035660944,all_in,fam,-0.322268015836924,-9.545480598566755
2017-09-01,0.030289217344045067,0.026867690468205353,0.04048838695737449,all_in,fam,-0.2705297942517282,-6.681663918509213
2017-10-01,0.026634271635478584,0.023713040457405077,0.0356608007942473,all_in,fam,-0.32342765116943895,-9.069556599009784
2017-11-01,0.026876278197367744,0.025640690672784742,0.037145381246121774,all_in,fam,-0.2812066222779963,-7.570433061778203
2017-12-01,0.02144325162683107,0.021152334577588368,0.0301203303171435,all_in,fam,-0.25410221522335075,-8.43623600896316
2018-01-01,0.02064781285314907,0.021615655502042717,0.029892620132762827,all_in,fam,-0.2555592480980362,-8.549242152846242
2018-02-01,0.022502927637288103,0.02339203059017755,0.03245872528890848,all_in,fam,-0.206747283951203,-6.369544155261418
2018-03-01,0.02052624554257991,0.021133779117760588,0.029461218166813387,all_in,fam,-0.1671575262634395,-5.673815838739968
2018-04-01,0.02369063828138934,0.023919782430963408,0.03366604125412217,all_in,fam,-0.11498067882917962,-3.4153311332707124
2018-05-01,0.029647019142318928,0.029775860186575957,0.04201841969750343,all_in,fam,-0.04898005519808901,-1.1656805646357808
2018-06-01,0.02988085744375968,0.03044585939691382,0.04265930140064337,all_in,fam,-0.01702360524700186,-0.3990596350165527
2018-07-01,0.028387383267292877,0.029437956632875607,0.04089543763652915,all_in,fam,-0.00494623274307493,-0.12094827758137969
2018-08-01,0.02351528083172453,0.024317263366149592,0.0338274700533982,all_in,fam,-0.047867292824332885,-1.4150420574986005
2018-09-01,0.017736905239978427,0.01822483316892504,0.025431129576311086,all_in,fam,-0.08790663455249259,-3.4566547383871216
2018-10-01,0.020822332322912297,0.021730622188396158,0.030096336389345026,all_in,fam,-0.051273700123699584,-1.703652546289719
2018-11-01,0.01358875315945454,0.013827084753853506,0.019386657401904893,all_in,fam,-0.13608600544077198,-7.019570347769206
2018-12-01,0.013752285113617512,0.01399366541955851,0.01962009219450239,all_in,fam,-0.2011941837433806,-10.254497366722662
2019-01-01,0.016159034934895882,0.016780026365413127,0.023295572430209677,all_in,fam,-0.2532649690613953,-10.871807070641523
2019-02-01,0.017160242593189875,0.015929052100058825,0.023413855442099157,all_in,fam,-0.26086168900070206,-11.141338497019209
2019-03-01,0.018376306561825477,0.016370340860940743,0.024610499847779934,all_in,fam,-0.24235976590092356,-9.847819727350494
2019-04-01,0.021174134240468493,0.0197858418891939,0.028979708419816102,all_in,fam,-0.25505917799151234,-8.801302425013526
2019-05-01,0.022048321808632133,0.020851497445534443,0.030346555657901817,all_in,fam,-0.3132322288946332,-10.321837918797613
2019-06-01,0.02331884210472776,0.02288088794118115,0.03266961019176864,all_in,fam,-0.3454104204102304,-10.57283568376519
2019-07-01,0.025788869823899548,0.025710664643819204,0.03641571203781373,all_in,fam,-0.33009341334158115,-9.064587642795926
2019-08-01,0.02901952119240281,0.02891908417736935,0.040968842306002375,all_in,fam,-0.32700144175523693,-7.9817105719711225
2019-09-01,0.030097586944800775,0.030337300742806404,0.04273425506849656,all_in,fam,-0.3602729376514846,-8.430542127715142
2019-10-01,0.033195106691078745,0.03272390793980581,0.04661297307708431,all_in,fam,-0.37220138968212524,-7.984931342324213
2019-11-01,0.035670740320971464,0.03489776870193146,0.04990246462269861,all_in,fam,-0.3159357302783494,-6.331064661175935
2019-12-01,0.03745171608479519,0.03685227814556837,0.052542567906550236,all_in,fam,-0.2899240020960425,-5.51788794585921
2020-01-01,0.04546119413146361,0.041816452543896314,0.06176840515356175,all_in,fam,-0.27045009681720966,-4.378453614673176
2020-02-01,0.04269806282655182,0.04024095794338852,0.058672474511833314,all_in,fam,-0.268809398287817,-4.581524821040271
2020-03-01,0.04292286596265338,0.04035568251433643,0.05891479893580073,all_in,fam,-0.38253106334786846,-6.492953727376908
2020-04-01,0.051827301185442785,0.0465862953489533,0.06968753161438929,all_in,fam,-0.5679166013262016,-8.149472196385508
2020-05-01,0.05407645961834859,0.048246673199684356,0.07247071794657499,all_in,fam,-0.5656082455868683,-7.804645263813056
2020-06-01,0.05281342689422712,0.04610275569476174,0.07010507929503225,all_in,fam,-0.46910066690839525,-6.691393428630447
2020-07-01,0.046947539747620996,0.04182150451206047,0.06287376025025661,all_in,fam,-0.4038778290097911,-6.423630897885461
2020-08-01,0.04266600123715643,0.0375819151462509,0.05685761169473298,all_in,fam,-0.30934178949908464,-5.440639877030582
2020-09-01,0.04296566089187802,0.03590334824112077,0.055991949696354085,all_in,fam,-0.2593531317341302,-4.63197179488497
2020-10-01,0.04437522093647631,0.03512039661006039,0.05659154080963892,all_in,fam,-0.23870772769376547,-4.2180814354697285
2020-11-01,0.040483224885936496,0.031372857937456214,0.05121667416309963,all_in,fam,-0.1984127046875006,-3.873986507902775
2020-12-01,0.03670504045529592,0.027724900893807546,0.04599924047629874,all_in,fam,-0.15641218296351678,-3.400320991041334
2021-01-01,0.03609997380237056,0.027559192208085732,0.04541714636229421,all_in,fam,-0.1474387214770445,-3.2463228821317953
2021-02-01,0.033098339343615224,0.026412850243143573,0.04234546876906473,all_in,fam,-0.13351530557017544,-3.1530010046249473
2021-03-01,0.027548460965042963,0.025308855158785986,0.03740930166403677,all_in,fam,0.02297068126781987,0.6140366231402445
2021-04-01,0.053849293916506336,0.04988801830515509,0.07340681729731766,all_in,fam,0.35337231490815135,4.8138896075128415
2021-05-01,0.080070978373032,0.06781601809733703,0.10493032873384558,all_in,fam,0.513483270621129,4.893563918241147
2021-06-01,0.13377325640746143,0.09896908823217412,0.1664036194178609,all_in,fam,0.6618179207404928,3.977184649322939
2021-07-01,0.13459003807751732,0.09994616498096422,0.1676416244376965,all_in,fam,0.6903271482697093,4.117874367927443
2021-08-01,0.11260120923305457,0.08558442859790145,0.14143453163628544,all_in,fam,0.6013044864864092,4.2514687150994375
2021-09-01,0.09061948053207014,0.07150726512271656,0.11543474007954761,all_in,fam,0.5516043363752221,4.7784950699859
2021-10-01,0.09450883170865516,0.07705466396592815,0.12193990532158458,all_in,fam,0.6329642581383244,5.190788499212353
2021-11-01,0.1116353584105569,0.09039478051620797,0.14364424663740247,all_in,fam,0.6980181448253964,4.859353306278851
2021-12-01,0.13212121969897853,0.10099276192498526,0.1662995930722096,all_in,fam,0.7471218118942478,4.4926256167676675
2022-01-01,0.14197945074791174,0.10872136440987426,0.17882533241636478,all_in,fam,0.720725432171033,4.030331846345711
2022-02-01,0.14122904994688934,0.10808519093369393,0.17784277620435987,all_in,fam,0.7502888000003871,4.21883202688102
2022-03-01,0.11978657162464451,0.09491360448050704,0.152831328781334,all_in,fam,0.7572731519898568,4.9549602036984055
2022-04-01,0.0871133408046486,0.07400539869187613,0.11430456325838612,all_in,fam,0.5874745240960202,5.139554426781989
2022-05-01,0.07681337884192672,0.07332051500010099,0.10618942079601616,all_in,fam,0.49951258565368306,4.70397693018044
2022-06-01,0.08128187244746024,0.08547933319946865,0.11795532710645577,all_in,fam,0.3702089225298799,3.138551955315786
2022-07-01,0.07352995672543962,0.07127977404429918,0.10240830397898097,all_in,fam,0.23724221580094884,2.3166306498898974
2022-08-01,0.06000404776478883,0.059808022749108826,0.08472004091899966,all_in,fam,0.1408567060580559,1.6626137632856925
2022-09-01,0.06422833826904316,0.062259503834309546,0.08945124512547067,all_in,fam,0.020053654465890247,0.2241853027060894
2022-10-01,0.05892498287923915,0.056800651859168806,0.0818441669207105,all_in,fam,-0.10585888611231908,-1.2934200456200344
2022-11-01,0.06260823496874202,0.056871095877725944,0.08458198763468915,all_in,fam,-0.27573625623642517,-3.259987899874547
2022-12-01,0.07323757814599022,0.0604311763164973,0.09495088163722129,all_in,fam,-0.4280922849443147,-4.50856566640346
2023-01-01,0.07987980170824802,0.06768644351959413,0.10470070370957509,all_in,fam,-0.4207059200850738,-4.018176623263702
2023-02-01,0.07956818820988569,0.06747243629670895,0.10432461950478056,all_in,fam,-0.49014523702075596,-4.698270066523421
2023-03-01,0.06558860123587765,0.05582232935462456,0.08612779497151399,all_in,fam,-0.5412289711953067,-6.284022148416936
2023-04-01,0.0587648984471856,0.04609176467295542,0.07468442983765182,all_in,fam,-0.5180571898759201,-6.9366157176544965
2023-05-01,0.06106615898898222,0.04662478109505825,0.07683063181980058,all_in,fam,-0.5711981317250148,-7.434510405494376
2023-06-01,0.06661816018749733,0.05129773856813281,0.08407994558140221,all_in,fam,-0.6471110639508559,-7.696378244255091
2023-07-01,0.06723754884675473,0.04981335699680504,0.08367949874497858,all_in,fam,-0.6218944196528908,-7.431861196350789
2023-08-01,0.06883206930887358,0.04891126113941981,0.08444030572889995,all_in,fam,-0.5651446553913253,-6.692830521075469
2023-09-01,0.07132943596264951,0.049773936453709554,0.08697892379678904,all_in,fam,-0.49396325585369105,-5.679114368070929
2023-10-01,0.06443640179154177,0.045727010776662115,0.07901271663732352,all_in,fam,-0.5723240532046536,-7.243442290836294
2023-11-01,0.057068726252882895,0.039857943621251044,0.06960959119145373,all_in,fam,-0.6002119709890508,-8.62254698979961
2023-12-01,0.053533683536337,0.03515778183841178,0.0640462715289972,all_in,fam,-0.5585632212142366,-8.721244935567327
2024-01-01,0.04193855963424854,0.0359459015576316,0.05523541095154777,all_in,fam,-0.5330819857791713,-9.651091149603072
2024-02-01,0.038505281747489316,0.032619850763437354,0.0504649520586561,all_in,fam,-0.45743318869195804,-9.064373788768831
2024-03-01,0.038279838816174507,0.033266857845752014,0.05071518402531704,all_in,fam,-0.46158890608523073,-9.101591859645138
2024-04-01,0.04249747734985013,0.038295051135043175,0.05720617556292848,all_in,fam,-0.4448129330791639,-7.775610389998132
2024-05-01,0.04652155231608209,0.04266572681515091,0.06312383919378677,all_in,fam,-0.46203682869316864,-7.319529904934024
2024-06-01,0.04608318345546419,0.04278153232519328,0.06288019803945855,all_in,fam,-0.5049945629236996,-8.031058722283376
2024-07-01,0.04739869888845721,0.044229305169485124,0.06482953101861895,all_in,fam,-0.5389784840979628,-8.313780396516657
2024-08-01,0.046159890396628954,0.042773279803746074,0.06293082667976284,all_in,fam,-0.5050552666534536,-8.025562245090738
2024-09-01,0.039691287037006175,0.03609636480681575,0.05365021732407746,all_in,fam,-0.4600433906734258,-8.574865370898785
2024-10-01,0.03526828884764267,0.0319729277174073,0.047603784566600464,all_in,fam,-0.3907533760853843,-8.208451904463553
2024-11-01,0.032007403105066355,0.02920601087529711,0.043329723340660556,all_in,fam,-0.26334043957909614,-6.0775933764612295
2024-12-01,0.02952796082531744,0.026996854416492695,0.0400091316937369,all_in,fam,-0.24627301842776728,-6.1554202253861785
2025-01-01,0.027447973421095326,0.022906298888074484,0.035750381447964406,all_in,fam,-0.21562415147684533,-6.031380442490993
2025-02-01,0.026843236770821413,0.022339160486624286,0.034922735453877814,all_in,fam,-0.29244087314137523,-8.373939479271309
2025-03-01,0.03176508179948936,0.02184435651777881,0.03855121701586184,all_in,fam,-0.3375329535635352,-8.755442232203922
2025-04-01,0.029014413646161433,0.021740081866597837,0.03625558382921085,all_in,fam,-0.3644085637654726,-10.051101796680252
2025-05-01,0.026415362930199558,0.020397554199108794,0.03337411595892454,all_in,fam,-0.33742226623443283,-10.110298251786444
2025-06-01,0.02776351760409548,0.01971827539545322,0.03405324205305356,all_in,fam,-0.28437933588534303,-8.351020893760765
2025-07-01,0.030170918379067876,0.019661182626047415,0.03601175388801779,all_in,fam,-0.21564132169760164,-5.988081623798726
2025-08-01,0.025649678357188843,0.018547384836429908,0.03165298538997344,all_in,fam,-0.1930587967021058,-6.099228692762108
2025-09-01,0.02034401920212554,0.017787536788596785,0.027023611570294166,all_in,fam,-0.16164161496985407,-5.981495646849046
2025-11-01,0.028772154636621715,0.01904692079082168,0.03450539195612053,all_in,fam,-0.18498798324300125,-5.3611326449571965
2025-12-01,0.024986589007007152,0.019849995511763238,0.03191162722303755,all_in,fam,-0.13967935472776194,-4.37706776127433
2026-01-01,0.03081829751873736,0.02672129340013764,0.040789643084116985,all_in,fam,-0.20773926098607287,-5.092941376262352
2026-02-01,0.032260384414816996,0.02768467448249615,0.042510864538298214,all_in,fam,-0.12382918125968256,-2.912883155978264
2026-03-01,0.04272249640476654,0.03657925643461382,0.056242810210412914,all_in,fam,0.07629912738083,1.3566023300646493
2026-04-01,0.05323422734032974,0.04232717257543842,0.06801082633487743,all_in,fam,0.10055496872365399,1.4785141446235777
2026-05-01,0.06731118510017894,0.05217372177447384,0.08516391773157665,all_in,fam,0.15097031934308003,1.7727028460446694
2026-06-01,0.050955454725622316,0.04039145162401666,0.06502251710438642,all_in,fam,0.07723368132686037,1.187799008193889
2026-07-01,0.04531816896660017,0.03632433341787714,0.05807920141271253,all_in,fam,0.02873168518700009,0.49469835135700096
2014-01-01,0.026529311262351068,0.013004208725426352,0.029545114666035096,all_in,par,0.22709035319294912,7.686223450471525
2014-02-01,0.03510921251302058,0.017099234148559,0.039051768356268925,all_in,par,0.2673178762906847,6.845218220387517
2014-03-01,0.03270421021274528,0.016746556436522692,0.036742516491403684,all_in,par,0.2895245537167357,7.879823740011742
2014-04-01,0.03011849174889266,0.016089667555461748,0.03414675602855114,all_in,par,0.21069876750643424,6.1703889918639
2014-05-01,0.031467881989552096,0.017158965702165813,0.03584212188021909,all_in,par,0.1691388020335971,4.718995225752612
2014-06-01,0.03345510141686723,0.01754129993641482,0.03777487278962218,all_in,par,0.2148171053824255,5.6867724367675905
2014-07-01,0.030973671873483072,0.016619464515399023,0.03515074608176622,all_in,par,0.24978938011022134,7.106232667982965
2014-08-01,0.03348366942833429,0.017182268801262647,0.03763491038311122,all_in,par,0.2808740265486165,7.463124627889631
2014-09-01,0.03559828867708617,0.017727619328847463,0.039768161182102545,all_in,par,0.2925316254705601,7.355925362780225
2014-10-01,0.03935381701024093,0.019492437291223286,0.04391671691768182,all_in,par,0.2769878239399004,6.30711590893943
2014-11-01,0.0458921169018016,0.02179388665381177,0.050804132599699195,all_in,par,0.3253320330114384,6.403652938528167
2014-12-01,0.06172512746696285,0.028752115111304526,0.06809313830472581,all_in,par,0.34888567004148774,5.123653847178818
2015-01-01,0.07754214011595521,0.043668144321964524,0.08899264195587382,all_in,par,0.44341783244622457,4.98263477407592
2015-02-01,0.06575769072195964,0.03658513701435507,0.07524989129190839,all_in,par,0.4557405633566769,6.056361750594085
2015-03-01,0.06206437049113369,0.0350029843095351,0.07125443842340115,all_in,par,0.3793869042813425,5.3243968049679475
2015-04-01,0.06803868872274607,0.039296561148930494,0.07857151443902788,all_in,par,0.3851267062833674,4.901607268652418
2015-05-01,0.059769322277608485,0.033647187799105,0.06858939518841718,all_in,par,0.3676605891990925,5.360312453391921
2015-06-01,0.06052016923381202,0.03389099754812605,0.06936346732175615,all_in,par,0.3827157352935595,5.517540429722998
2015-07-01,0.0593336903711826,0.033472416133080024,0.06812407397425262,all_in,par,0.3712392658523189,5.44945779362268
2015-08-01,0.06039424051712355,0.03394045200146073,0.06927783606395069,all_in,par,0.3918986895484644,5.656912972667058
2015-09-01,0.06791632065771103,0.03858136731013554,0.0781098490281515,all_in,par,0.3641418634135474,4.661919949202658
2015-10-01,0.06154967042786096,0.03449224591775146,0.0705554885053526,all_in,par,0.30782514597387234,4.362880230791961
2015-11-01,0.055596396047554265,0.03089715491045878,0.06360497964025612,all_in,par,0.2429248814082463,3.8192745722458676
2015-12-01,0.05040154882260617,0.027447813652019874,0.057390753593184,all_in,par,0.21915828930993975,3.818703808342535
2016-01-01,0.043455926265406473,0.019356131193429132,0.04757181247715589,all_in,par,0.11454126720418234,2.4077549548734423
2016-02-01,0.05430457249285365,0.026264116024839034,0.06032238708968507,all_in,par,0.13072713559345583,2.167141287016636
2016-03-01,0.05328124300964656,0.02527026678008615,0.058970138543077345,all_in,par,0.18955826464930325,3.2144788757929073
2016-04-01,0.05123202585906557,0.023718575068042914,0.05645610043992013,all_in,par,0.18734186797308983,3.318363587163741
2016-05-01,0.05721484637970246,0.02734654189552641,0.06341428860987666,all_in,par,0.20376929823537893,3.2133025963432824
2016-06-01,0.06313138525729833,0.029795784079880122,0.06980945891095464,all_in,par,0.16452480616944154,2.3567695371955386
2016-07-01,0.06583986036572839,0.030975452080721617,0.07276239306526204,all_in,par,0.2158480403515517,2.966478028807454
2016-08-01,0.06658867945686428,0.03208359027776301,0.07391487669556371,all_in,par,0.13325287129177799,1.8027882511474944
2016-09-01,0.06055168164660456,0.028087932188143063,0.06674906804471108,all_in,par,0.09064115907411185,1.3579389455055304
2016-10-01,0.056827203445466885,0.02555558404372754,0.06230905975256331,all_in,par,0.10261371600690516,1.6468506572623056
2016-11-01,0.05549796061831189,0.024227426230202596,0.06055569184256428,all_in,par,0.14806143752517098,2.445045759036302
2016-12-01,0.05655708297212907,0.024730668706712207,0.06172770535989044,all_in,par,0.12583989171193188,2.0386290236814864
2017-01-01,0.06979920784521926,0.03025264789879255,0.07607333383458643,all_in,par,0.13520948429783797,1.7773571563438635
2017-02-01,0.08989088446062671,0.03921479144572409,0.09807227425345746,all_in,par,0.14796062206714478,1.5086896188902088
2017-03-01,0.07800439255919021,0.03221542845263801,0.08439501815223033,all_in,par,0.16720095028577298,1.981170855182218
2017-04-01,0.0701290402151118,0.028909498637702372,0.07585407960667694,all_in,par,0.19182362926213337,2.52885052797145
2017-05-01,0.06303883758814854,0.02469729586372408,0.06770414660451228,all_in,par,0.2924521531818103,4.319560438301415
2017-06-01,0.06338926339440838,0.024387633778645435,0.06791874111765478,all_in,par,0.35199078804390993,5.18252815425658
2017-07-01,0.0675182212638019,0.02593310302244924,0.07232728416718463,all_in,par,0.3655658241706883,5.054328091812245
2017-08-01,0.070948466181060793,0.02720832894460025,0.07598669631851813,all_in,par,0.3467776576145498,4.563662778033414
2017-09-01,0.0816463833448981,0.032596400837599224,0.08791278212448685,all_in,par,0.26972846671819983,3.068137080865637
2017-10-01,0.07322118438818087,0.02857154140910058,0.07859818586774081,all_in,par,0.2830398374480403,3.601098859003167
2017-11-01,0.07198723169306956,0.028955998473484817,0.07759259870907877,all_in,par,0.25205592965669155,3.2484532526321948
2017-12-01,0.05836393961083031,0.023030337317517472,0.06274349276104482,all_in,par,0.26764372933321123,4.265681069948047
2018-01-01,0.05518574463315285,0.022219155649471713,0.05949081684168582,all_in,par,0.26336619471567513,4.427005859014055
2018-02-01,0.05814216434503224,0.02428703353181778,0.06301088217522731,all_in,par,0.22739954055086553,3.6088931419574304
2018-03-01,0.05294215878507125,0.02216104272986297,0.05739323994773696,all_in,par,0.19208889893203018,3.3468906635511235
2018-04-01,0.0642220759920824,0.025445791607778177,0.06907939892094662,all_in,par,0.200992967301028,2.9095934597091846
2018-05-01,0.07479596497590431,0.03206033048039872,0.08137752249355523,all_in,par,0.07417113040919521,0.9114449314313945
2018-06-01,0.07003161943248636,0.03251189841998125,0.07721043491140157,all_in,par,0.038248513902527925,0.4953801121107247
2018-07-01,0.061350848731314675,0.031071626321254688,0.06877043407090247,all_in,par,-8.047604526106866e-4,-0.011702128443467099
2018-08-01,0.05068497335900654,0.025735805244590702,0.0568445089343791,all_in,par,0.0583130203540394,1.0258338306934016
2018-09-01,0.045236280341048755,0.01916097635149192,0.04912701979396253,all_in,par,0.10705821519343406,2.179212491261092
2018-10-01,0.0466166672487267,0.02272907116788773,0.05186255240087412,all_in,par,0.09994191802957797,1.9270535946066067
2018-11-01,0.02922481516950395,0.01487565995660897,0.032792912051788387,all_in,par,0.11435163320892006,3.487083825563573
2018-12-01,0.032369342633817,0.014970103603584506,0.03566340343331657,all_in,par,0.05877787601029638,1.6481286235117534
2019-01-01,0.03354722367897206,0.01791175374654378,0.038029556122098095,all_in,par,0.07108095211463272,1.8690976009927507
2019-02-01,0.03627141522394995,0.01898272286600299,0.040938482260040626,all_in,par,0.0501369067488211,1.2246889474395317
2019-03-01,0.040782295013872025,0.02023089436740267,0.0455245502284591,all_in,par,0.037144411999090465,0.8159204607774488
2019-04-01,0.04739415808518229,0.02328573803177361,0.052805604023509076,all_in,par,-0.004322078713681066,-0.08184886421821583
2019-05-01,0.04848294565315411,0.02428454783259417,0.054224858530384834,all_in,par,0.02234085130718988,0.4120038652506804
2019-06-01,0.04904660029332733,0.025780623755465,0.055409471767507976,all_in,par,0.028106972342700765,0.5072593447675249
2019-07-01,0.0550439513082457,0.028474625721773724,0.06197290444718257,all_in,par,0.001024322962761559,0.016528561504399963
2019-08-01,0.060472373354188244,0.032101595404968056,0.06846473812578707,all_in,par,-0.04785204585395775,-0.6989298018790551
2019-09-01,0.062228210703346776,0.033315950453415163,0.07058542882177976,all_in,par,-0.06539057928811598,-0.9264033721920116
2019-10-01,0.06834590919588295,0.036763071463095036,0.07760597095077484,all_in,par,-0.10688422462530323,-1.3772680544529166
2019-11-01,0.07503085967544722,0.039447521329347,0.08476872561662077,all_in,par,-0.1299880013475363,-1.5334429107195318
2019-12-01,0.0793744020178799,0.04139694980896157,0.0895209648584157,all_in,par,-0.09687663642035105,-1.08216702728315
2020-01-01,0.11768756185279952,0.04918435379592962,0.127551804664535,all_in,par,-0.09757534608387797,-0.7649860097276083
2020-02-01,0.1161826860503763,0.0459216656657173,0.12492884340853486,all_in,par,-0.08324256574581135,-0.6663198303501175
2020-03-01,0.12713110705764802,0.04558333623596264,0.135056132493508,all_in,par,0.010518929925140696,0.07788561489902229
2020-04-01,0.152727507897347,0.05506819846922953,0.16235208083415698,all_in,par,0.1431423158827494,0.8816783569837309
2020-05-01,0.15933829991908194,0.05746654248209533,0.16938446601134882,all_in,par,0.1544034699246355,0.9115562575513294
2020-06-01,0.15295174525656888,0.05626324393206778,0.16297174293352118,all_in,par,0.10228509083818338,0.6276246973679794
2020-07-01,0.13974136713658353,0.049816554806362545,0.14835544756420896,all_in,par,0.05348966558198498,0.3605507344705653
2020-08-01,0.1331000849294823,0.044939280437717326,0.1404819260064981,all_in,par,-0.04834290723596535,-0.3441218995938966
2020-09-01,0.12080091035538607,0.045942403310063294,0.12924227003807437,all_in,par,-0.024195437331364644,-0.18720993777219128
2020-10-01,0.10790617704946565,0.04826200560270683,0.11820729347306085,all_in,par,0.05844746229872744,0.49444886674482125
2020-11-01,0.09361375578675564,0.04423787143836865,0.10353996591606526,all_in,par,0.06590059937443549,0.6364749958277739
2020-12-01,0.08480463595294874,0.040131197491395584,0.09382078283198005,all_in,par,0.06844917085004898,0.7295736486513006
2021-01-01,0.0899199147471758,0.03910397832223437,0.09805463879269119,all_in,par,0.0895103910692363,0.912862381334969
2021-02-01,0.07791745785175073,0.03604999244790061,0.08585296846104416,all_in,par,0.1808009776237407,2.1059374051321154
2021-03-01,0.07036104113278074,0.029771724473840033,0.07640046915716624,all_in,par,0.12698786214329072,1.6621345856143799
2021-04-01,0.15106250133239363,0.057558396394484145,0.16165657519663093,all_in,par,-0.12250712433150568,-0.7578233312347127
2021-05-01,0.2143258949651658,0.08599551275343752,0.2309346605998024,all_in,par,-0.19796374160525598,-0.8572283653354086
2021-06-01,0.3286323408401688,0.14479033064656738,0.35911482188129074,all_in,par,-0.3569905843375576,-0.994084795685667
2021-07-01,0.32605847472830723,0.14583629696725697,0.35718672211501945,all_in,par,-0.355765605821623,-0.9960213630423281
2021-08-01,0.27329640247893466,0.12204634101544369,0.29930959383752775,all_in,par,-0.14283794121423554,-0.4772247337042304
2021-09-01,0.22132752457614827,0.09819430442702501,0.2421321840584452,all_in,par,-0.054858239349475646,-0.2265631872227036
2021-10-01,0.23184154842865262,0.10235405050629967,0.25343017822043495,all_in,par,-0.15796909806071735,-0.623323943383392
2021-11-01,0.2743213929685389,0.12086965382788063,0.29976941114241673,all_in,par,-0.28011126347093906,-0.9344224362433753
2021-12-01,0.31943694561469227,0.1431937232533139,0.3500634293992883,all_in,par,-0.3998296880383778,-1.1421635465449471
2022-01-01,0.2893962660952527,0.1554515451660311,0.328504766669193,all_in,par,-0.4042579743822152,-1.2306000259329763
2022-02-01,0.2851105756102156,0.1546631991998953,0.32435897630794025,all_in,par,-0.4819548444893851,-1.48586868159254
2022-03-01,0.2495313600805919,0.13099885823876267,0.28182725298226474,all_in,par,-0.4185406595492278,-1.4850964735321974
2022-04-01,0.19005808056966006,0.09514721835998736,0.21254427103892148,all_in,par,-0.27476637490315703,-1.292748910897915
2022-05-01,0.17778411572094174,0.08367603626233194,0.19649140145882285,all_in,par,-0.1644791252698674,-0.8370805238738959
2022-06-01,0.21167414636205106,0.08761634752038015,0.22909074313667724,all_in,par,0.04722097803024994,0.2061234661152483
2022-07-01,0.17255515067004484,0.07989741359599954,0.1901548756200905,all_in,par,0.10590844424791612,0.5569588678836197
2022-08-01,0.12626156999752386,0.065745552873352,0.14235329915692976,all_in,par,-0.005225906725870644,-0.03671082269831782
2022-09-01,0.1284996849399588,0.07054729858161521,0.1465915767253775,all_in,par,0.08065308799347548,0.5501891022331371
2022-10-01,0.11734756721114979,0.06462139906576253,0.13396408752942654,all_in,par,0.29565989469415577,2.207008610641349
2022-11-01,0.12565517983501223,0.06843522437776718,0.14308250820769325,all_in,par,0.6216874323406341,4.34495760612622
2022-12-01,0.15576350243658807,0.0796966953794066,0.1749680883638811,all_in,par,0.8853049647440825,5.059808180008882
2023-01-01,0.1701841676687215,0.08734858317762435,0.19129146846692843,all_in,par,1.0735605986780472,5.612171871970602
2023-02-01,0.17172671347432714,0.08688210443715001,0.19245405735427218,all_in,par,1.292596474140928,6.716389833036868
2023-03-01,0.14337793605361374,0.07164950950160698,0.16028376324136834,all_in,par,1.2808150436104393,7.990921960583641
2023-04-01,0.11852049325746135,0.06460645060780643,0.13498555767981577,all_in,par,1.3622220086827008,10.091612999917192
2023-05-01,0.11983617182933347,0.06753031656002308,0.13755381395441738,all_in,par,1.4119001294456535,10.264347376900282
2023-06-01,0.13216883307869898,0.0738302447627789,0.15139189370345044,all_in,par,1.4436762656064972,9.536020920871762
2023-07-01,0.12930943663193703,0.07461914690729521,0.14929483409428956,all_in,par,1.5217027468579003,10.192601479411165
2023-08-01,0.12724760186715967,0.07631728526901574,0.1483788401753279,all_in,par,1.6729803522818054,11.275060179099478
2023-09-01,0.12972318110579242,0.0792512208877149,0.15201598510814446,all_in,par,1.6217822699735596,10.668498242601398
2023-10-01,0.11882568204609172,0.0715797136491395,0.1387198548147009,all_in,par,1.5577103304523776,11.229180801357778
2023-11-01,0.10342728369025599,0.06352916890278698,0.12138022208343306,all_in,par,1.3486248390016997,11.11074618132348
2023-12-01,0.09179552437520076,0.05968527494256852,0.10949315202462698,all_in,par,1.1843957096486113,10.817075659509916
2024-01-01,0.09725219117939048,0.045701192418983995,0.1074550495682251,all_in,par,1.018523517939851,9.47860079198207
2024-02-01,0.08701396486677077,0.04194337841153009,0.09659542988365663,all_in,par,0.879304177997664,9.102958380709449
2024-03-01,0.08066723156473196,0.04203856922505041,0.09096396842050947,all_in,par,0.8041923373312887,8.840778951217887
2024-04-01,0.08175879951257087,0.047447601674378476,0.09452923464403613,all_in,par,0.7349402653688442,7.774740461364898
2024-05-01,0.0827440124698232,0.052461147174834535,0.09797317777078533,all_in,par,0.6594325884683894,6.730746143716754
2024-06-01,0.07988879243310977,0.05212002541394563,0.09538719099318752,all_in,par,0.6560907252092463,6.878184779087412
2024-07-01,0.07965934627068211,0.05380205568943195,0.09612633689411644,all_in,par,0.6533139956838241,6.796409982869234
2024-08-01,0.07744012859492051,0.05236172239785829,0.09348113975165365,all_in,par,0.5692945455174181,6.08994014225578
2024-09-01,0.07109056852658449,0.044413747241337405,0.08382392186870292,all_in,par,0.5389961696884438,6.430099638295343
2024-10-01,0.06289400283825565,0.0394818409885069,0.07425948667248011,all_in,par,0.4447630829853333,5.989309957755989
2024-11-01,0.055248014657598044,0.036039371643095265,0.06596347043656291,all_in,par,0.3915560860153544,5.935953390928908
2024-12-01,0.050091163161707856,0.03333114705164388,0.06016718366909944,all_in,par,0.44363853932811725,7.373430369750884
2025-01-01,0.06116016871262303,0.030019952902905784,0.06813049103924905,all_in,par,0.35912411378715703,5.2711217592761885
2025-02-01,0.05703160025730363,0.029430697118444208,0.06417763910262263,all_in,par,0.29798128422418024,4.643070209355882
2025-03-01,0.05351104535580265,0.035297637854233316,0.06410425269168477,all_in,par,0.37329297813541995,5.823217063785245
2025-04-01,0.05084523535316097,0.032145677350518584,0.06015465510201162,all_in,par,0.3756741548126996,6.245138537917355
2025-05-01,0.04806185505712117,0.029214937264635872,0.05624459503728633,all_in,par,0.3591321241389833,6.38518463686872
2025-06-01,0.04489205541082422,0.030881250531581292,0.05448805624540852,all_in,par,0.3160801341516084,5.800906766209763
2025-07-01,0.04343445712118822,0.033770232222977224,0.05501800296090496,all_in,par,0.22604665662744328,4.10859435934214
2025-08-01,0.03568752569225083,0.02873310153781642,0.04581692497339309,all_in,par,0.11939851349587194,2.6059914227157175
2025-09-01,0.03886618555462288,0.022508245769169283,0.044913266494118455,all_in,par,-0.016027426371301168,-0.3568528326346518
2025-11-01,0.04421687184181112,0.03209995648251226,0.05464008566660863,all_in,par,0.20358180116077929,3.7258689966730993
2025-12-01,0.055295427960443885,0.027364445967551228,0.061696006811135434,all_in,par,0.11952524567591105,1.9373254745935695
2026-01-01,0.07405863709287734,0.03345252128777446,0.08126347831937489,all_in,par,0.22410685582949785,2.757780745598065
2026-02-01,0.08102326628771137,0.03487925445307699,0.088211859016415,all_in,par,0.18255539406624166,2.069510790292614
2026-03-01,0.10811552149890168,0.04613631722398225,0.11754797214742325,all_in,par,0.009405170128484741,0.08001133457827081
2026-04-01,0.13432190052700851,0.05750437034562615,0.14611339969364376,all_in,par,0.04682758705989443,0.3204879713844036
2026-05-01,0.16421957925994712,0.07292220310560894,0.17968226934811832,all_in,par,0.06624359429532323,0.3686707349347987
2026-06-01,0.12871976915204028,0.05503181589092879,0.13999028441576802,all_in,par,0.1398547204520817,0.9990316187708876
2026-07-01,0.11671695181371444,0.048853598760308176,0.12652873567896789,all_in,par,0.19663330461485717,1.5540604555929531
2014-01-01,0.013004208725426352,0.011965590040596838,0.01767158141180594,all_in,mk,-0.24953190526149083,-14.120519236313783
2014-02-01,0.017099234148559,0.01567344674863583,0.023195705237167706,all_in,mk,-0.3118382723791502,-13.443793546724125
2014-03-01,0.016746556436522692,0.0157112802341751,0.022962828202954897,all_in,mk,-0.2639880849661047,-11.49632278014144
2014-04-01,0.016089667555461748,0.014507979537001569,0.021664691834672716,all_in,mk,-0.16540694987088322,-7.634862805025539
2014-05-01,0.017158965702165813,0.015225270966989474,0.022939899302009924,all_in,mk,-0.16109808813002946,-7.022615313569164
2014-06-01,0.01754129993641482,0.015445408806938891,0.023372159863237544,all_in,mk,-0.20657970622917077,-8.83870842224143
2014-07-01,0.016619464515399023,0.014923908655356363,0.02233673320635826,all_in,mk,-0.22325843993113992,-9.995124975015965
2014-08-01,0.017182268801262647,0.016349310451243895,0.0237177215050265,all_in,mk,-0.2316261770038519,-9.76595399160764
2014-09-01,0.017727619328847463,0.016974838303140203,0.024544115842423046,all_in,mk,-0.20882647391626818,-8.50820926925891
2014-10-01,0.019492437291223286,0.017838602735065837,0.026422922985388474,all_in,mk,-0.18634079460939645,-7.052240008133864
2014-11-01,0.02179388665381177,0.020822275015052537,0.03014200776792541,all_in,mk,-0.2842024282007083,-9.428782262578162
2014-12-01,0.028752115111304526,0.027719535058729084,0.0399381615406345,all_in,mk,-0.4059905783737716,-10.165479899737058
2015-01-01,0.043668144321964524,0.037481006391231884,0.057547655630994114,all_in,mk,-0.4951927937823064,-8.60491688762391
2015-02-01,0.03658513701435507,0.03167990003751179,0.04839512699379838,all_in,mk,-0.4806320173938117,-9.931413496557257
2015-03-01,0.0350029843095351,0.03006363101039769,0.046141421955797006,all_in,mk,-0.4191349693173696,-9.083702919231584
2015-04-01,0.039296561148930494,0.03314981751054486,0.05141138122161337,all_in,mk,-0.4449972395731083,-8.655617277717317
2015-05-01,0.033647187799105,0.028818943173387044,0.044301972105304205,all_in,mk,-0.38606678015238316,-8.714437796013149
2015-06-01,0.03389099754812605,0.02905809871308743,0.044642724106248484,all_in,mk,-0.35303595584388336,-7.908028976987768
2015-07-01,0.033472416133080024,0.02857770804759335,0.04401236234331847,all_in,mk,-0.3345489518634337,-7.601249604685709
2015-08-01,0.03394045200146073,0.02887431933400958,0.04456097619067405,all_in,mk,-0.3646184988465917,-8.182462100614863
2015-09-01,0.03858136731013554,0.032596900473859186,0.05050821541118114,all_in,mk,-0.44304746011242235,-8.771790024763847
2015-10-01,0.03449224591775146,0.029473475326975578,0.04536960189709053,all_in,mk,-0.4512809537083329,-9.946769088517673
2015-11-01,0.03089715491045878,0.026521508856709192,0.04071884838250452,all_in,mk,-0.3863112308475247,-9.487282823389211
2015-12-01,0.027447813652019874,0.024054606764357687,0.0364966653389579,all_in,mk,-0.33619438916134836,-9.211646763861518
2016-01-01,0.019356131193429132,0.018853968941244057,0.02702095408409251,all_in,mk,-0.22368524593892047,-8.278214205271386
2016-02-01,0.026264116024839034,0.023542240809099176,0.03527096387795237,all_in,mk,-0.28163299417460763,-7.9848397437943115
2016-03-01,0.02527026678008615,0.022741989236511585,0.033996830110619644,all_in,mk,-0.3912699331669156,-11.509012219486134
2016-04-01,0.023718575068042914,0.021920607276224573,0.03229680830386892,all_in,mk,-0.3857630065356332,-11.944307403571568
2016-05-01,0.02734654189552641,0.024564700831500995,0.03675945974283255,all_in,mk,-0.4529718316791831,-12.322592193904718
2016-06-01,0.029795784079880122,0.0274569520155179,0.040517563635012535,all_in,mk,-0.4940683839226079,-12.193931213960443
2016-07-01,0.030975452080721617,0.027937084590733803,0.04171281969652612,all_in,mk,-0.5348324954500994,-12.821777557623147
2016-08-01,0.03208359027776301,0.028611936844944168,0.04298836697445534,all_in,mk,-0.48623046817435345,-11.310745264254457
2016-09-01,0.028087932188143063,0.026045752899397374,0.03830552412775721,all_in,mk,-0.4059692110191859,-10.598189693611575
2016-10-01,0.02555558404372754,0.024135274889190244,0.03515109343665996,all_in,mk,-0.3463119899593581,-9.852097220912638
2016-11-01,0.024227426230202596,0.02340216916904404,0.03368426492528023,all_in,mk,-0.3498185502632589,-10.385221439127148
2016-12-01,0.024730668706712207,0.023817364726927807,0.03433471766618533,all_in,mk,-0.2920997463821129,-8.507416581141378
2017-01-01,0.03025264789879255,0.02443359201978454,0.038887313148089776,all_in,mk,-0.2397271627771147,-6.164662543390211
2017-02-01,0.03921479144572409,0.03229971886169532,0.050804248903769764,all_in,mk,-0.22811608242248038,-4.490098512322534
2017-03-01,0.03221542845263801,0.026099058399106503,0.04146076072272444,all_in,mk,-0.2682229950076831,-6.469321602694843
2017-04-01,0.028909498637702372,0.023979281422472402,0.03756015240945443,all_in,mk,-0.33004096651285675,-8.786997531718766
2017-05-01,0.02469729586372408,0.02093425790412434,0.03237591044243721,all_in,mk,-0.36951440113175416,-11.413251274855504
2017-06-01,0.024387633778645435,0.020552184448850513,0.03189277295784894,all_in,mk,-0.3924736181268651,-12.306036187119181
2017-07-01,0.02593310302244924,0.020843550905267242,0.03327130064655472,all_in,mk,-0.39753398421737973,-11.948254997315376
2017-08-01,0.02720832894460025,0.02220993668022155,0.035122278560722996,all_in,mk,-0.3686861620120885,-10.497216499626186
2017-09-01,0.032596400837599224,0.026867690468205353,0.04224213700395296,all_in,mk,-0.3067283532770526,-7.261194035906597
2017-10-01,0.02857154140910058,0.023713040457405077,0.037130058796431754,all_in,mk,-0.3615504148975157,-9.737404857873836
2017-11-01,0.028955998473484817,0.025640690672784742,0.03867680009739541,all_in,mk,-0.3155412116053302,-8.15841048925295
2017-12-01,0.023030337317517472,0.021152334577588368,0.031270076671490246,all_in,mk,-0.29080994352257417,-9.299943411642264
2018-01-01,0.022219155649471713,0.021615655502042717,0.030998829664334752,all_in,mk,-0.2926027554821964,-9.439154918124093
2018-02-01,0.02428703353181778,0.02339203059017755,0.033720128898143964,all_in,mk,-0.23990368992179434,-7.114554355543973
2018-03-01,0.02216104272986297,0.021133779117760588,0.030622678437280858,all_in,mk,-0.19636226626302822,-6.412315195262986
2018-04-01,0.025445791607778177,0.023919782430963408,0.03492340622120214,all_in,mk,-0.14561353799265042,-4.169511332037477
2018-05-01,0.03206033048039872,0.029775860186575957,0.04375461850322663,all_in,mk,-0.06393093185841359,-1.461124197750669
2018-06-01,0.03251189841998125,0.03044585939691382,0.04454182184518079,all_in,mk,-0.026225951085478982,-0.5887938570774133
2018-07-01,0.031071626321254688,0.029437956632875607,0.0428023276582799,all_in,mk,-0.008181069765611504,-0.19113609500227535
2018-08-01,0.025735805244590702,0.024317263366149592,0.03540707512921935,all_in,mk,-0.057506378428584526,-1.624149360508119
2018-09-01,0.01916097635149192,0.01822483316892504,0.026444045809550076,all_in,mk,-0.10350444740596654,-3.914092728147773
2018-10-01,0.02272907116788773,0.021730622188396158,0.031445677236302615,all_in,mk,-0.06535085388024164,-2.07821422922948
2018-11-01,0.01487565995660897,0.013827084753853506,0.020309444402417998,all_in,mk,-0.15062718205469672,-7.416607715608576
2018-12-01,0.014970103603584506,0.01399366541955851,0.020492112477160606,all_in,mk,-0.20799541401967936,-10.150023051625338
2019-01-01,0.01791175374654378,0.016780026365413127,0.024543842549625043,all_in,mk,-0.2610441603598801,-10.635830955649121
2019-02-01,0.01898272286600299,0.015929052100058825,0.02478060669583901,all_in,mk,-0.2652136291827478,-10.702467152560905
2019-03-01,0.02023089436740267,0.016370340860940743,0.026024548926127253,all_in,mk,-0.24441530791694532,-9.39172120180594
2019-04-01,0.02328573803177361,0.0197858418891939,0.030556589059457667,all_in,mk,-0.25157530547117446,-8.233095159333846
2019-05-01,0.02428454783259417,0.020851497445534443,0.03200818972004952,all_in,mk,-0.31210435786863666,-9.750765682107241
2019-06-01,0.025780623755465,0.02288088794118115,0.034469923037305075,all_in,mk,-0.3455888459231504,-10.0258084576846
2019-07-01,0.028474625721773724,0.025710664643819204,0.03836460069415597,all_in,mk,-0.3271482971064943,-8.527347898510211
2019-08-01,0.032101595404968056,0.02891908417736935,0.043206780222576645,all_in,mk,-0.31882700144623133,-7.379096516885007
2019-09-01,0.033315950453415163,0.030337300742806404,0.04505889890991452,all_in,mk,-0.35029829914072774,-7.77423123101772
2019-10-01,0.036763071463095036,0.03272390793980581,0.04921765510722264,all_in,mk,-0.3571863225870553,-7.2572803765012885
2019-11-01,0.039447521329347,0.03489776870193146,0.052668407982421436,all_in,mk,-0.2989194419291463,-5.675497957502596
2019-12-01,0.04139694980896157,0.03685227814556837,0.055423802269458373,all_in,mk,-0.2772977601147364,-5.003225126392006
2020-01-01,0.04918435379592962,0.041816452543896314,0.06455785282736028,all_in,mk,-0.25799719049990344,-3.9963719237973416
2020-02-01,0.0459216656657173,0.04024095794338852,0.061058448012666376,all_in,mk,-0.2586933966157501,-4.236815789390601
2020-03-01,0.04558333623596264,0.04035568251433643,0.06088038808679477,all_in,mk,-0.384293461613594,-6.312270234968311
2020-04-01,0.05506819846922953,0.0465862953489533,0.07213036390443599,all_in,mk,-0.5862416494265554,-8.127529346770727
2020-05-01,0.05746654248209533,0.048246673199684356,0.07503429202493755,all_in,mk,-0.5857038957562066,-7.80581624681084
2020-06-01,0.05626324393206778,0.04610275569476174,0.07273937517198129,all_in,mk,-0.4825057659657572,-6.633350435372109
2020-07-01,0.049816554806362545,0.04182150451206047,0.06504404179037168,all_in,mk,-0.4113371830983814,-6.323979441869043
2020-08-01,0.044939280437717326,0.0375819151462509,0.05858275575900989,all_in,mk,-0.3041607674942437,-5.191984630177874
2020-09-01,0.045942403310063294,0.03590334824112077,0.058307416653695994,all_in,mk,-0.25698230689286117,-4.4073691074182
2020-10-01,0.04826200560270683,0.03512039661006039,0.059688051089339875,all_in,mk,-0.24653560113230277,-4.1304012550735365
2020-11-01,0.04423787143836865,0.031372857937456214,0.054233250728325716,all_in,mk,-0.20676056509996155,-3.8124317152903338
2020-12-01,0.040131197491395584,0.027724900893807546,0.048776870970418405,all_in,mk,-0.16475650210783233,-3.3777587374916243
2021-01-01,0.03910397832223437,0.027559192208085732,0.04783962997126952,all_in,mk,-0.1584199101855921,-3.311478585447514
2021-02-01,0.03604999244790061,0.026412850243143573,0.04469049802206752,all_in,mk,-0.15534459724770855,-3.4760095349799336
2021-03-01,0.029771724473840033,0.025308855158785986,0.03907548755415156,all_in,mk,0.007570381271460036,0.19373734648784247
2021-04-01,0.057558396394484145,0.04988801830515509,0.07616943852963637,all_in,mk,0.3671585633124419,4.820287117773438
2021-05-01,0.08599551275343752,0.06781601809733703,0.10951822005632204,all_in,mk,0.5356087058707937,4.8905899456304684
2021-06-01,0.14479033064656738,0.09896908823217412,0.17538278214879072,all_in,mk,0.702070399031185,4.003074819713857
2021-07-01,0.14583629696725697,0.09994616498096422,0.17679779808448998,all_in,mk,0.7300490873062948,4.129288346438632
2021-08-01,0.12204634101544369,0.08558442859790145,0.1490637574116769,all_in,mk,0.6160888805327058,4.133056158186205
2021-09-01,0.09819430442702501,0.07150726512271656,0.12147185018446759,all_in,mk,0.5566325831131813,4.582399809238742
2021-10-01,0.10235405050629967,0.07705466396592815,0.12811624757987664,all_in,mk,0.6503055741187591,5.075902443312766
2021-11-01,0.12086965382788063,0.09039478051620797,0.1509327319074465,all_in,mk,0.7297814296069127,4.835143579422005
2021-12-01,0.1431937232533139,0.10099276192498526,0.17522551281244236,all_in,mk,0.7929335299573292,4.525217345524726
2022-01-01,0.1554515451660311,0.10872136440987426,0.18969849228091215,all_in,mk,0.7670260044141166,4.043395364883964
2022-02-01,0.1546631991998953,0.10808519093369393,0.18868787371190435,all_in,mk,0.805467120787883,4.26878052596904
2022-03-01,0.13099885823876267,0.09491360448050704,0.1617692590554261,all_in,mk,0.8052326152315992,4.977661515750077
2022-04-01,0.09514721835998736,0.07400539869187613,0.12053958767635908,all_in,mk,0.6188785633999938,5.134234945797577
2022-05-01,0.08367603626233194,0.07332051500010099,0.11125455929738397,all_in,mk,0.51827002014433,4.658416009351956
2022-06-01,0.08761634752038015,0.08547933319946865,0.1224064571705178,all_in,mk,0.3648134691767826,2.9803449720677784
2022-07-01,0.07989741359599954,0.07127977404429918,0.10707195191616037,all_in,mk,0.22516046922944533,2.1028893673830735
2022-08-01,0.065745552873352,0.059808022749108826,0.08887900375105834,all_in,mk,0.14149207387370666,1.5919628697685737
2022-09-01,0.07054729858161521,0.062259503834309546,0.09409127034352321,all_in,mk,0.011117809741612916,0.1181598431078916
2022-10-01,0.06462139906576253,0.056800651859168806,0.0860362671717168,all_in,mk,-0.1391702371836825,-1.6175764216492268
2022-11-01,0.06843522437776718,0.056871095877725944,0.08898146707022106,all_in,mk,-0.3459904012365733,-3.8883422877657186
2022-12-01,0.0796966953794066,0.0604311763164973,0.10001745010443684,all_in,mk,-0.528195311689994,-5.281031571375393
2023-01-01,0.08734858317762435,0.06768644351959413,0.11050443257837926,all_in,mk,-0.5437378395460213,-4.920507049890108
2023-02-01,0.08688210443715001,0.06747243629670895,0.1100046804969738,all_in,mk,-0.6396682139766297,-5.814918156998117
2023-03-01,0.07164950950160698,0.05582232935462456,0.09082832524271846,all_in,mk,-0.6899269366795302,-7.59594471037371
2023-04-01,0.06460645060780643,0.04609176467295542,0.07936273830209006,all_in,mk,-0.6764145561601431,-8.523074816110892
2023-05-01,0.06753031656002308,0.04662478109505825,0.0820622560429521,all_in,mk,-0.7356621654259987,-8.964683654821124
2023-06-01,0.0738302447627789,0.05129773856813281,0.08990196340423462,all_in,mk,-0.815932037374234,-9.075797752107842
2023-07-01,0.07461914690729521,0.04981335699680504,0.08971837950199307,all_in,mk,-0.8003335164795233,-8.92050793741481
2023-08-01,0.07631728526901574,0.04891126113941981,0.09064568107240877,all_in,mk,-0.7623704401163334,-8.41044417226391
2023-09-01,0.0792512208877149,0.049773936453709554,0.09358525932160093,all_in,mk,-0.6871398601311363,-7.3423941453195685
2023-10-01,0.0715797136491395,0.045727010776662115,0.08493888933028133,all_in,mk,-0.7594998730914071,-8.941721266664125
2023-11-01,0.06352916890278698,0.039857943621251044,0.07499740642978038,all_in,mk,-0.7643780226484043,-10.192059419602554
2023-12-01,0.05968527494256852,0.03515778183841178,0.06927049638025813,all_in,mk,-0.7044834512766496,-10.170036135000544
2024-01-01,0.045701192418983995,0.0359459015576316,0.05814384599687178,all_in,mk,-0.6587305261709586,-11.329324967708521
2024-02-01,0.04194337841153009,0.032619850763437354,0.053134749989077135,all_in,mk,-0.565910106965628,-10.650470870418355
2024-03-01,0.04203856922505041,0.033266857845752014,0.05360900235425788,all_in,mk,-0.5609365944968525,-10.463477585165325
2024-04-01,0.047447601674378476,0.038295051135043175,0.06097364878442207,all_in,mk,-0.5357039746906933,-8.7858277365805
2024-05-01,0.052461147174834535,0.04266572681515091,0.06762053096186643,all_in,mk,-0.5436928055028378,-8.040351026072912
2024-06-01,0.05212002541394563,0.04278153232519328,0.06742964153279991,all_in,mk,-0.5859622827655953,-8.689980688694076
2024-07-01,0.05380205568943195,0.044229305169485124,0.06964834981666243,all_in,mk,-0.6193332237776517,-8.892288552534874
2024-08-01,0.05236172239785829,0.042773279803746074,0.06761141499510218,all_in,mk,-0.5747364116899911,-8.500582508613752
2024-09-01,0.044413747241337405,0.03609636480681575,0.05723223301850219,all_in,mk,-0.5255614455221824,-9.182962428746707
2024-10-01,0.0394818409885069,0.0319729277174073,0.05080436865727489,all_in,mk,-0.44454520754981797,-8.750137425163372
2024-11-01,0.036039371643095265,0.02920601087529711,0.046387793434017874,all_in,mk,-0.3105791621362597,-6.695277769097346
2024-12-01,0.03333114705164388,0.026996854416492695,0.04289283753919306,all_in,mk,-0.29973250324901723,-6.987938323621946
2025-01-01,0.030019952902905784,0.022906298888074484,0.037761039459242696,all_in,mk,-0.258756017361117,-6.852460129981453
2025-02-01,0.029430697118444208,0.022339160486624286,0.03694866742014868,all_in,mk,-0.32818648654779903,-8.882227951983834
2025-03-01,0.035297637854233316,0.02184435651777881,0.041510229459308344,all_in,mk,-0.3824380995871346,-9.213104927835465
2025-04-01,0.032145677350518584,0.021740081866597837,0.03880690314737856,all_in,mk,-0.4095704566922098,-10.554061867208713
2025-05-01,0.029214937264635872,0.020397554199108794,0.035631064770536826,all_in,mk,-0.3805250987316322,-10.679588195924103
2025-06-01,0.030881250531581292,0.01971827539545322,0.036639623619317184,all_in,mk,-0.3223947946467298,-8.799074957657492
2025-07-01,0.033770232222977224,0.019661182626047415,0.039076728197849395,all_in,mk,-0.2428067454284477,-6.21358943356498
2025-08-01,0.02873310153781642,0.018547384836429908,0.034199365611851607,all_in,mk,-0.20734184660955446,-6.062739553791642
2025-09-01,0.022508245769169283,0.017787536788596785,0.02868828319385827,all_in,mk,-0.15954793948544932,-5.561432115240906
2025-11-01,0.03209995648251226,0.01904692079082168,0.03732549259944222,all_in,mk,-0.20984902890766044,-5.622136890721071
2025-12-01,0.027364445967551228,0.019849995511763238,0.03380584601704344,all_in,mk,-0.1543559735988076,-4.565955057624886
2026-01-01,0.03345252128777446,0.02672129340013764,0.04281470193152398,all_in,mk,-0.23495446637606943,-5.4877052922579175
2026-02-01,0.03487925445307699,0.02768467448249615,0.04453092849250131,all_in,mk,-0.14658478029303534,-3.291752165412836
2026-03-01,0.04613631722398225,0.03657925643461382,0.05887785465097347,all_in,mk,0.07341287759110582,1.2468674007620628
2026-04-01,0.05750437034562615,0.04232717257543842,0.07140267604983636,all_in,mk,0.09332719199661721,1.3070545413659058
2026-05-01,0.07292220310560894,0.05217372177447384,0.08966462485047204,all_in,mk,0.14119665370622148,1.5747197285628096
2026-06-01,0.05503181589092879,0.04039145162401666,0.06826397384088008,all_in,mk,0.059693535913352136,0.8744515233246573
2026-07-01,0.048853598760308176,0.03632433341787714,0.060878003499509496,all_in,mk,0.004771614065579577,0.0783799367799245
2014-01-01,0.01217204905811181,0.012763511163865145,0.017637063120122656,ex_shelter,fam,-0.10294188097768053,-5.836679285919834
2014-02-01,0.016732025273652605,0.018118234105712366,0.024662341268978264,ex_shelter,fam,-0.13713903009211492,-5.560665493856272
2014-03-01,0.015865570530148095,0.0175976423859958,0.02369374064584357,ex_shelter,fam,-0.12659306697617723,-5.3428907182025975
2014-04-01,0.01489733907288101,0.015475642322770449,0.02148083370716116,ex_shelter,fam,-0.05474627033201784,-2.548610127444301
2014-05-01,0.015512782138337906,0.015912011362886943,0.022222477703536542,ex_shelter,fam,-0.08150108015247959,-3.6675064427900987
2014-06-01,0.01629721410175514,0.016382561618286353,0.023108169824877862,ex_shelter,fam,-0.11061366389815142,-4.786777349154957
2014-07-01,0.015012706996242575,0.015086395634441651,0.021283343360335348,ex_shelter,fam,-0.0931098316254042,-4.3747746793827575
2014-08-01,0.014945065204433243,0.015992209050390723,0.021888483827715438,ex_shelter,fam,-0.056112864870949686,-2.5635793375463933
2014-09-01,0.01532933054633975,0.01659399075080855,0.022590903125746537,ex_shelter,fam,-0.0016077710276007906,-0.07116895763978716
2014-10-01,0.01634674094004729,0.017750678285269314,0.024130945256001672,ex_shelter,fam,0.030511717977077524,1.264422825271997
2014-11-01,0.019732555892791163,0.02235987697238902,0.02982176822863628,ex_shelter,fam,0.017990143485535626,0.6032554256209608
2014-12-01,0.0272508819653796,0.03149131947615285,0.04164509299113372,ex_shelter,fam,-0.0349006406620056,-0.838049291171855
2015-01-01,0.04305767082645422,0.044004255546010035,0.06156571710910092,ex_shelter,fam,-0.014546124710490549,-0.2362698819005598
2015-02-01,0.0359578598658003,0.036811828701102625,0.05145948327031525,ex_shelter,fam,0.012480355258548403,0.24252779984185696
2015-03-01,0.03485766804386368,0.03592880320985602,0.050059324022091574,ex_shelter,fam,0.07536720655330065,1.505557816163089
2015-04-01,0.03927864687264982,0.040036759508099,0.05608702356210106,ex_shelter,fam,0.061608461893492006,1.098444131649765
2015-05-01,0.033870737475156426,0.034646459300824314,0.048452079410430275,ex_shelter,fam,0.11960709781866363,2.468564802048843
2015-06-01,0.03413534639225945,0.035080108123326154,0.04894727632119885,ex_shelter,fam,0.15107103458761317,3.0864032882292363
2015-07-01,0.03357828505641638,0.034058838902336096,0.04782787612580385,ex_shelter,fam,0.1500997444740637,3.138331797950833
2015-08-01,0.03406656621203438,0.03410600684181793,0.04820529676470267,ex_shelter,fam,0.12045960632326436,2.498887350725085
2015-09-01,0.038877536796943855,0.038986992908734294,0.055058591368318,ex_shelter,fam,0.05959880812446139,1.0824615494750187
2015-10-01,0.034571615444920066,0.03451800362867894,0.04885375286486114,ex_shelter,fam,0.015753244349392403,0.3224571998177684
2015-11-01,0.030932065025648593,0.030906178079057604,0.04372624486741771,ex_shelter,fam,0.011170249982728198,0.25545870715853825
2015-12-01,0.027475581401276723,0.02780761993661658,0.03909183162602514,ex_shelter,fam,0.02672950112582173,0.683761799179211
2016-01-01,0.019807335048397684,0.02212127362880329,0.029693118204053126,ex_shelter,fam,0.07264505898167961,2.4465284677229864
2016-02-01,0.027065439094602333,0.028648180543431823,0.039411371986175434,ex_shelter,fam,0.060343989632460904,1.5311314118581847
2016-03-01,0.0260838369024407,0.027443983498265958,0.03786210213136906,ex_shelter,fam,-0.029495607354734776,-0.7790271985531787
2016-04-01,0.024251674969998853,0.025500542277021178,0.035191211904005426,ex_shelter,fam,-0.05799313570815645,-1.647943693054678
2016-05-01,0.02774116346386033,0.028530575000485912,0.03979404302388702,ex_shelter,fam,-0.11515168166905676,-2.8936914401970943
2016-06-01,0.029389338687892144,0.030978488038810877,0.04270128744759791,ex_shelter,fam,-0.167664595982997,-3.9264529480229684
2016-07-01,0.0317826848083398,0.03314305786003653,0.045919509339059826,ex_shelter,fam,-0.16881907883181668,-3.6764129508722045
2016-08-01,0.03267046561788058,0.03369359479248466,0.046932053585255214,ex_shelter,fam,-0.1681598155471864,-3.5830483156189374
2016-09-01,0.028326485776654593,0.03005988080699039,0.041303586171003166,ex_shelter,fam,-0.15176749845264847,-3.6744387720792044
2016-10-01,0.02544662251360512,0.027104297532816728,0.03717759462495348,ex_shelter,fam,-0.09878383341490604,-2.6570797387898426
2016-11-01,0.02432533139201757,0.02622183898223676,0.03576739558511113,ex_shelter,fam,-0.1030452956585659,-2.8809840351210956
2016-12-01,0.024657326688082303,0.026919423640354375,0.036505330138648054,ex_shelter,fam,-0.09312744341369861,-2.551064270888621
2017-01-01,0.030258532135120378,0.028810107545430765,0.041780390899935335,ex_shelter,fam,-0.09845599430375884,-2.3565120426843884
2017-02-01,0.040167920386634026,0.03931622795509143,0.05620700675897697,ex_shelter,fam,-0.11880708576790244,-2.1137415532081762
2017-03-01,0.03250666350369944,0.03084837233909886,0.044814118847908015,ex_shelter,fam,-0.11001960264416244,-2.4550209950027457
2017-04-01,0.028522510367489283,0.027972571532926382,0.039949948132985316,ex_shelter,fam,-0.15790346429005453,-3.9525323979001366
2017-05-01,0.0236423093699188,0.02303128486014256,0.03300604300203195,ex_shelter,fam,-0.1433985021000117,-4.344613563376369
2017-06-01,0.023207998363812394,0.02248716081189252,0.03231537698116229,ex_shelter,fam,-0.1185149443335698,-3.6674473704161366
2017-07-01,0.024913321549574746,0.022937155664859703,0.033864239259527314,ex_shelter,fam,-0.12800843553095742,-3.7800475761446117
2017-08-01,0.026588263551664434,0.02497273165665327,0.0364770213297081,ex_shelter,fam,-0.11931935974036634,-3.2710828732934036
2017-09-01,0.032877997505973054,0.03176736485353575,0.04571791978798279,ex_shelter,fam,-0.11592832450919577,-2.5357305198227365
2017-10-01,0.028431160768331045,0.027525735964215536,0.03957268051328334,ex_shelter,fam,-0.1580200696115419,-3.9931606239941067
2017-11-01,0.029086195313774585,0.030326999013307192,0.04202063334820381,ex_shelter,fam,-0.13159317666648906,-3.1316323953530816
2017-12-01,0.0225366772013506,0.02429242216334749,0.033136439063969625,ex_shelter,fam,-0.07797801341751232,-2.3532405901242557
2018-01-01,0.02212680768640204,0.024314879300800066,0.032875659290780714,ex_shelter,fam,-0.06901320248589027,-2.0992188133925445
2018-02-01,0.0245317167803499,0.027214770638091093,0.036639444169845235,ex_shelter,fam,-0.05165890287250896,-1.4099259430093907
2018-03-01,0.022279092803849977,0.024553071481237157,0.03315435560111674,ex_shelter,fam,-0.039806674297437894,-1.2006469007075824
2018-04-01,0.0259641553044604,0.02812622331294547,0.0382782157176091,ex_shelter,fam,0.01463390663405395,0.3823037819216303
2018-05-01,0.03293512585253993,0.03628053724130503,0.0489999989534731,ex_shelter,fam,0.021471851393495278,0.43820105820580557
2018-06-01,0.03371460248065713,0.03770924897385485,0.050583217361106096,ex_shelter,fam,0.051680898316774915,1.0217004969816894
2018-07-01,0.03174955698744054,0.036369068586143014,0.048277774583366094,ex_shelter,fam,0.05430877723711092,1.1249229631189914
2018-08-01,0.02626408023460655,0.02982722270735493,0.03974248513875296,ex_shelter,fam,0.047613101614363273,1.1980403703525742
2018-09-01,0.01916342354673342,0.02099004298526808,0.028422151687634394,ex_shelter,fam,0.06922011297421093,2.4354283143287314
2018-10-01,0.02299818331476725,0.02580360445224752,0.03456504648496349,ex_shelter,fam,0.07528958051670198,2.17819989188947
2018-11-01,0.01430254752202052,0.015113160338954103,0.020807942739506726,ex_shelter,fam,0.04278956395455946,2.056405310714241
2018-12-01,0.014723583440185541,0.01577587419939448,0.021579205640505545,ex_shelter,fam,-0.020413668948893182,-0.9459879705013526
2019-01-01,0.017479177238107758,0.021033941552108103,0.027348644100552485,ex_shelter,fam,-0.044394679218551225,-1.6232862973142563
2019-02-01,0.018562358971071714,0.018977789112048702,0.026546518607009864,ex_shelter,fam,-0.03951530410004622,-1.4885305559280313
2019-03-01,0.019875112911374,0.01885234387590008,0.027393995379554493,ex_shelter,fam,-0.041209386786755786,-1.5043218857192482
2019-04-01,0.02308049162314845,0.022990526155215064,0.03257719119966996,ex_shelter,fam,-0.06613234701400295,-2.0300199181896605
2019-05-01,0.0241198059642601,0.0243957974944993,0.03430626728669523,ex_shelter,fam,-0.10463195763514843,-3.049937108014288
2019-06-01,0.025472134588265114,0.02673851146258285,0.03692936007727952,ex_shelter,fam,-0.1268403446024413,-3.4346748586222806
2019-07-01,0.028284765826470205,0.03035171522898538,0.041488005437712715,ex_shelter,fam,-0.153222490882432,-3.6931756363286707
2019-08-01,0.032288222938154656,0.035025120727385714,0.047637048843016304,ex_shelter,fam,-0.17108701665928816,-3.5914696819924834
2019-09-01,0.0333370637773399,0.03646766543381057,0.04940901176391581,ex_shelter,fam,-0.2119384681118719,-4.289469887083513
2019-10-01,0.03719147903717985,0.0400724342457065,0.0546718035128663,ex_shelter,fam,-0.2547572186660574,-4.659755162569377
2019-11-01,0.04005328947958961,0.04299133148652124,0.058758153316112276,ex_shelter,fam,-0.2691720301758016,-4.5810158247773085
2019-12-01,0.04235314236195775,0.04583237671735543,0.06240509132670062,ex_shelter,fam,-0.277053415849271,-4.439596352785578
2020-01-01,0.05130533683229421,0.05211099552014755,0.07312860891317435,ex_shelter,fam,-0.2883822522010471,-3.9434942970601767
2020-02-01,0.04800485937755082,0.04996294463465461,0.06928753394676412,ex_shelter,fam,-0.28092797176284545,-4.054524035718916
2020-03-01,0.04724741892971681,0.049143663513853277,0.06817197561375933,ex_shelter,fam,-0.29732525630532525,-4.361400027334917
2020-04-01,0.05562380069242693,0.05599143866104079,0.0789243207560504,ex_shelter,fam,-0.33032931443499614,-4.185393187684455
2020-05-01,0.05812170144665977,0.05804622066539015,0.08214314282147851,ex_shelter,fam,-0.29281461443881884,-3.5646872566732943
2020-06-01,0.05727787356451001,0.0556503478474977,0.07986060365173486,ex_shelter,fam,-0.3044330884693469,-3.8120559393334053
2020-07-01,0.05033724732358319,0.05020669071797427,0.07109536033361043,ex_shelter,fam,-0.2961497786941436,-4.165528907997367
2020-08-01,0.045447443627566135,0.04486954969372159,0.06386506574018501,ex_shelter,fam,-0.24781027950517842,-3.8802164631493032
2020-09-01,0.04448635177271123,0.04207411799211282,0.06123125753126126,ex_shelter,fam,-0.19458562157312898,-3.177880537138804
2020-10-01,0.04603057808621697,0.04125778825445397,0.06181439323167928,ex_shelter,fam,-0.1059738886501016,-1.714388560814846
2020-11-01,0.043010836174313546,0.037640740793029495,0.0571555543745459,ex_shelter,fam,-0.05660527766488954,-0.9903722968716157
2020-12-01,0.0390134405289773,0.03317981844701572,0.05121473317400935,ex_shelter,fam,-0.03628283277044009,-0.7084452172612907
2021-01-01,0.03845010840600414,0.03185545628420893,0.04993176275186583,ex_shelter,fam,-0.027245742847337162,-0.5456595430594737
2021-02-01,0.03294201011794752,0.02800247835353859,0.04323557360035084,ex_shelter,fam,-0.03214644740834327,-0.7435184671189933
2021-03-01,0.028421222265995437,0.029480368756892895,0.04094945686007937,ex_shelter,fam,-0.003851334600790679,-0.09405093244460713
2021-04-01,0.05665856305884811,0.059690257050134365,0.08229896448075506,ex_shelter,fam,0.12779299281504564,1.5527898026581972
2021-05-01,0.08475657239054751,0.0801484291830087,0.1166509634074999,ex_shelter,fam,0.20994662872186876,1.7997847817892136
2021-06-01,0.1454751072571702,0.1170351627733732,0.1867089611049109,ex_shelter,fam,0.3700012047189283,1.981700302595687
2021-07-01,0.1469160538173909,0.11768388356644255,0.18823874022250175,ex_shelter,fam,0.42199131763813735,2.2417878335741923
2021-08-01,0.12222368475100251,0.10052103619780567,0.1582501432302448,ex_shelter,fam,0.37626304849311953,2.3776474435519375
2021-09-01,0.09731544460334553,0.08324776167591533,0.12806438061536396,ex_shelter,fam,0.32898688023192957,2.5689179040347523
2021-10-01,0.0997552242357807,0.08843264928525774,0.13330955787917192,ex_shelter,fam,0.29002776818767284,2.1755962048163564
2021-11-01,0.11756960598477403,0.10406055962922059,0.15700704545262162,ex_shelter,fam,0.290461008571552,1.84998709920442
2021-12-01,0.1407898413424381,0.11632144952091257,0.18262655623943388,ex_shelter,fam,0.32653234188180136,1.7879784222273716
2022-01-01,0.15014816099181874,0.12370272050930008,0.19454262594770105,ex_shelter,fam,0.28241267267294745,1.4516750316142464
2022-02-01,0.1482945214323613,0.12379058400414646,0.19317187625257645,ex_shelter,fam,0.2585499375373992,1.3384450291270118
2022-03-01,0.12213364528531855,0.10758084173254844,0.1627583018422214,ex_shelter,fam,0.15490827418320663,0.9517688033718573
2022-04-01,0.08712228738657599,0.08449696280948124,0.12136733367548284,ex_shelter,fam,0.023948337340629067,0.19732111281824113
2022-05-01,0.07684586959040843,0.09136289252817564,0.11938369153373099,ex_shelter,fam,-0.10126538156058906,-0.8482346312098857
2022-06-01,0.09103910715445407,0.11384966377761327,0.14577333423419991,ex_shelter,fam,-0.2261671007053998,-1.551498440325437
2022-07-01,0.07881392941446566,0.09371431657481348,0.12245002491152354,ex_shelter,fam,-0.22707045473069343,-1.8543928830946628
2022-08-01,0.06311845927299518,0.07843287272609815,0.10067599229739463,ex_shelter,fam,-0.2596657746135147,-2.5792224013692144
2022-09-01,0.06719507868121935,0.08267418462717,0.10653731460264357,ex_shelter,fam,-0.32150038504290634,-3.017725632019345
2022-10-01,0.06463904613506175,0.07483088038028424,0.09888309736117214,ex_shelter,fam,-0.31431928913676543,-3.1786958289616383
2022-11-01,0.06963754148320825,0.07246060893813855,0.10049839317875382,ex_shelter,fam,-0.3009823849789983,-2.9948974850140035
2022-12-01,0.08161497654929041,0.07372954952402279,0.10998659404744086,ex_shelter,fam,-0.2840373878155056,-2.5824728029398822
2023-01-01,0.08926066159654497,0.08235541997645195,0.12144908772053703,ex_shelter,fam,-0.2260143955217675,-1.8609805949456175
2023-02-01,0.08799138637989708,0.08043789158286462,0.1192171903684742,ex_shelter,fam,-0.1725210025913526,-1.4471151522538657
2023-03-01,0.07079755112398177,0.06388632092269354,0.09536118312075519,ex_shelter,fam,-0.05449463908930863,-0.5714551487925905
2023-04-01,0.06372061013855165,0.051967909555433664,0.08222517728768376,ex_shelter,fam,0.03899276807604046,0.4742193250567921
2023-05-01,0.06672297571194431,0.05357457412823727,0.08556979888300954,ex_shelter,fam,0.10655808402706413,1.2452767847771808
2023-06-01,0.07343373005550685,0.059597970483442606,0.09457500090198438,ex_shelter,fam,0.12266476369239276,1.2970104416865937
2023-07-01,0.07360472419009216,0.056820859169192856,0.09298529700885397,ex_shelter,fam,0.1274133775693964,1.3702529503913317
2023-08-01,0.07511531600822048,0.05472211531749342,0.0929344963070004,ex_shelter,fam,0.15734497153928606,1.693073915411471
2023-09-01,0.07743173377731763,0.055441271844707846,0.0952334396077354,ex_shelter,fam,0.20525637653540096,2.1552973134315825
2023-10-01,0.07037915253593922,0.050997187641259364,0.08691339516435206,ex_shelter,fam,0.15946684201653127,1.8347786519555658
2023-11-01,0.062249625062867325,0.044888799185299276,0.07674646645133368,ex_shelter,fam,0.10413227774240807,1.3568348167330966
2023-12-01,0.05844951939170834,0.040033656831895845,0.07084518329749517,ex_shelter,fam,0.06550672415549519,0.9246461242173294
2024-01-01,0.04501383157982393,0.04127769910662646,0.06107449121387705,ex_shelter,fam,0.05649991364640172,0.9250983925276497
2024-02-01,0.041160605911238525,0.03703486118555993,0.05536945387137186,ex_shelter,fam,0.06366976305274274,1.1499077307255592
2024-03-01,0.04042330119330526,0.03691104863263904,0.0547400108743661,ex_shelter,fam,-0.020383628338649373,-0.3723716530753324
2024-04-01,0.045883389347760394,0.0439488949600817,0.06353574416224671,ex_shelter,fam,-0.05944615607482717,-0.9356332700381026
2024-05-01,0.05040140573692884,0.049541466281395934,0.07067289849418384,ex_shelter,fam,-0.09714933784423785,-1.374633557052042
2024-06-01,0.05015252612689434,0.050188338688946225,0.07095171046046174,ex_shelter,fam,-0.15892690273668908,-2.239930534518291
2024-07-01,0.05175387919541807,0.05206878884464142,0.07341405031410392,ex_shelter,fam,-0.21139882880476524,-2.8795418302121987
2024-08-01,0.04997064959422771,0.049539780175747145,0.07036515928163908,ex_shelter,fam,-0.1642511627220511,-2.334268328230878
2024-09-01,0.043173727681904216,0.042232750495434866,0.06039516517371962,ex_shelter,fam,-0.1261868093074714,-2.089352830553734
2024-10-01,0.03861692353369959,0.03740071845285684,0.05375946915658178,ex_shelter,fam,-0.1001343631010565,-1.8626367535252537
2024-11-01,0.03507729715345431,0.0343596589396122,0.04910196470649832,ex_shelter,fam,-0.0376821340835054,-0.7674261978873204
2024-12-01,0.032595677048735526,0.031875442345140864,0.04559081033458237,ex_shelter,fam,-0.040121474244592115,-0.8800342426499589
2025-01-01,0.029639706923772338,0.027105410377600968,0.040164854017726445,ex_shelter,fam,-0.027305451580939,-0.6798344534972778
2025-02-01,0.02867239265257429,0.02619902008357123,0.03883934543427277,ex_shelter,fam,-0.10164269292514128,-2.6170032421671383
2025-03-01,0.03003441426046557,0.024819681140993515,0.03896257963623362,ex_shelter,fam,-0.07324675978002126,-1.8799258279065472
2025-04-01,0.02891780268925465,0.025474755993273708,0.038538325149018844,ex_shelter,fam,-0.09411244952755027,-2.442048251023859
2025-05-01,0.02643022880518714,0.02398448575237029,0.0356905106646038,ex_shelter,fam,-0.0947864964943701,-2.655789864849846
2025-06-01,0.02186375035409004,0.021014235276691804,0.03032526444748884,ex_shelter,fam,-0.06685123414622574,-2.204473245797582
2025-07-01,0.021066083883174425,0.020087499754077587,0.02910820393880406,ex_shelter,fam,-0.016864146210116004,-0.5793605900786775
2025-08-01,0.017414134080924897,0.019762912660802958,0.026340553954443627,ex_shelter,fam,-0.04558030850025929,-1.7304233076909128
2025-09-01,0.014701715576544018,0.017675213685149915,0.02299029403268492,ex_shelter,fam,-0.0482799367653719,-2.1000138883275317
2025-11-01,0.013662178183918747,0.01675760898257416,0.021621114021761124,ex_shelter,fam,-0.0690309637794817,-3.192757029540833
2025-12-01,0.01907951078468474,0.018612484563140127,0.026654311347247953,ex_shelter,fam,-0.020952177806132788,-0.7860708736073233
2026-01-01,0.026782014137368776,0.023765620949482535,0.0358061589725665,ex_shelter,fam,-0.04079766214615255,-1.1394034802060276
2026-02-01,0.030759616926791803,0.02781932629494543,0.04147371395218445,ex_shelter,fam,0.044828734757040856,1.0808951136790992
2026-03-01,0.04386664385579351,0.041136899896173494,0.060137567096107444,ex_shelter,fam,0.11047031308417665,1.836960130223278
2026-04-01,0.05817562945523767,0.0518509678581809,0.07792898517460128,ex_shelter,fam,0.07562532691787194,0.9704390060826795
2026-05-01,0.07611140049945626,0.06702573716145042,0.10141693511452841,ex_shelter,fam,0.06845382602538308,0.6749743122100795
2026-06-01,0.05676530942274018,0.050770433052445565,0.0761573189272856,ex_shelter,fam,0.10019031714554316,1.315570434421465
2026-07-01,0.05091988157654704,0.04608555320357161,0.068678326667507,ex_shelter,fam,0.08089185542128341,1.177836725884512
2014-01-01,0.02787102022462853,0.013228771160788407,0.03085116131989458,ex_shelter,par,0.05690787645464823,1.844594304394979
2014-02-01,0.03983107024376824,0.018141869521925914,0.04376804298246134,ex_shelter,par,0.04176132851227976,0.9541511492532186
2014-03-01,0.03600897340628098,0.017241810143934208,0.03992400509485144,ex_shelter,par,0.14328928855520395,3.5890509535498083
2014-04-01,0.03207963494323208,0.01624450838300672,0.03595812885421893,ex_shelter,par,0.09835403594433689,2.7352378746703643
2014-05-01,0.033451994942299584,0.016908487435268283,0.037482434725725364,ex_shelter,par,0.10581566652660968,2.8230734556308072
2014-06-01,0.036113722184662946,0.017729887751051963,0.04023120492473373,ex_shelter,par,0.10870375277056699,2.7019760649459705
2014-07-01,0.032091448440316556,0.016358038986797097,0.03602008470965983,ex_shelter,par,0.13048107378117457,3.622453273858689
2014-08-01,0.03461670241988969,0.01620111233486522,0.03822031040316285,ex_shelter,par,0.16439810506372332,4.3013283599632635
2014-09-01,0.03688592904646038,0.016573635818512435,0.040438313093713346,ex_shelter,par,0.1637560005944172,4.049526008043969
2014-10-01,0.040075994862098674,0.017652106988780718,0.04379134897819797,ex_shelter,par,0.17277831550974732,3.945489680981671
2014-11-01,0.04968670735574521,0.02128148206690837,0.054052477897128894,ex_shelter,par,0.12767774390192166,2.3621071386387547
2014-12-01,0.07039693736649832,0.02934533302322931,0.07626845587021491,ex_shelter,par,0.10044043327211982,1.3169328279444659
2015-01-01,0.09062409843961362,0.047117111792390524,0.10214083141256197,ex_shelter,par,0.08895591828149696,0.870914374313156
2015-02-01,0.07594431296857158,0.039341309090212016,0.0855293942057346,ex_shelter,par,0.07595337480620357,0.8880382646403804
2015-03-01,0.07362909278668425,0.038122488595613215,0.08291301129082708,ex_shelter,par,-0.04681252126368385,-0.5645980110345221
2015-04-01,0.08186440153485755,0.04299464384068135,0.09246793843082815,ex_shelter,par,-0.04279549152590434,-0.4628143792555521
2015-05-01,0.07103826933437697,0.03704137276255309,0.08011553536086427,ex_shelter,par,-0.10743489899972536,-1.3409995766215195
2015-06-01,0.07240234810207848,0.03730919662284263,0.08144983832603032,ex_shelter,par,-0.08176832267186018,-1.003910190030765
2015-07-01,0.06952684574414755,0.03674851697629787,0.07864118373401906,ex_shelter,par,-0.08559715914021604,-1.088452068953127
2015-08-01,0.0700580338470951,0.03729966725338212,0.07936871728668511,ex_shelter,par,-0.0819248532680783,-1.0322058371204395
2015-09-01,0.0797172912249607,0.042573142735394046,0.09037322060551693,ex_shelter,par,-0.1569954281601782,-1.7371897018638975
2015-10-01,0.07003378946455163,0.037870524306844795,0.0796172611814829,ex_shelter,par,-0.19903319170612166,-2.499874885829558
2015-11-01,0.06288163238463156,0.03387054421604062,0.07142347973073494,ex_shelter,par,-0.1937039783702077,-2.712049022260855
2015-12-01,0.05631094365281288,0.030052776381811593,0.06382861226225618,ex_shelter,par,-0.20529369246091722,-3.2163270543532354
2016-01-01,0.05179657510066473,0.021365456492262642,0.05603006267426059,ex_shelter,par,-0.24964294968969902,-4.455517944733291
2016-02-01,0.06771815700099995,0.02931889638672487,0.0737925909082178,ex_shelter,par,-0.2650515512078955,-3.5918450341113908
2016-03-01,0.06500752413181358,0.028264929892782707,0.07088641940168967,ex_shelter,par,-0.23612508894362838,-3.331034222586224
2016-04-01,0.06030111571066847,0.02628619556675961,0.0657813699562829,ex_shelter,par,-0.22910417822381568,-3.4828125102300866
2016-05-01,0.06706128475805036,0.030140356734607986,0.07352317333664092,ex_shelter,par,-0.21275462869203565,-2.893708460023821
2016-06-01,0.07262562414682178,0.03186308780663532,0.07930786623840523,ex_shelter,par,-0.2367339846995442,-2.985000050157756
2016-07-01,0.07780311670116517,0.03448334449194217,0.08510244424083885,ex_shelter,par,-0.2533490130143701,-2.976988678461403
2016-08-01,0.07796719008710838,0.03551358293205364,0.08567436782813832,ex_shelter,par,-0.30229399808445745,-3.5284065204992854
2016-09-01,0.06896145837604259,0.03073734279656791,0.0755014369634405,ex_shelter,par,-0.2873918069494108,-3.8064415527425313
2016-10-01,0.06344489615151096,0.027561013432573105,0.06917271361676137,ex_shelter,par,-0.25925117686573795,-3.7478821244757166
2016-11-01,0.0611715480822903,0.026323016535029574,0.06659474074044733,ex_shelter,par,-0.23703801474415087,-3.559410429541356
2016-12-01,0.06283112858870082,0.02666128862012862,0.06825375469976475,ex_shelter,par,-0.22048736910935673,-3.2304064454657277
2017-01-01,0.08042479985288703,0.03262512372332843,0.08679024789306357,ex_shelter,par,-0.16601453193487714,-1.91282472357295
2017-02-01,0.10736455972246724,0.04327446076534294,0.11575762453907924,ex_shelter,par,-0.1373591532567442,-1.1866099861989858
2017-03-01,0.0903215778650028,0.03484115062186881,0.0968085389037533,ex_shelter,par,-0.17500008713842163,-1.8076926800063173
2017-04-01,0.07888506120552387,0.030588267160496122,0.08460788952149281,ex_shelter,par,-0.14018369250368146,-1.6568631282082837
2017-05-01,0.06878133233550376,0.02516810599080913,0.07324141749728509,ex_shelter,par,-0.08160469468683207,-1.1141878116962576
2017-06-01,0.06939461858107555,0.024598435027858405,0.07362537669739101,ex_shelter,par,-0.07046628218072559,-0.9570923143843505
2017-07-01,0.07415673575529533,0.026425431508264135,0.07872436019605783,ex_shelter,par,-0.0356835761368135,-0.4532723549349389
2017-08-01,0.0794806706511693,0.02817913248169962,0.08432817153585641,ex_shelter,par,-0.013502448058577698,-0.1601178800946306
2017-09-01,0.09470869777359654,0.03505015584991522,0.100986389474393,ex_shelter,par,-0.01977244865594141,-0.19579320301331385
2017-10-01,0.08371853496032412,0.030206046808458238,0.08900111437334807,ex_shelter,par,-0.00889273415713987,-0.09991711024915946
2017-11-01,0.0831580239253089,0.0310434412512318,0.08876346200932525,ex_shelter,par,0.022620615780244435,0.25484152226811496
2017-12-01,0.06587987476119224,0.023968609209253176,0.07010457992154485,ex_shelter,par,0.040935247118878415,0.5839168734009917
2018-01-01,0.05957240475949621,0.023715613208383095,0.0641194332373492,ex_shelter,par,0.03514556822834525,0.5481266201815577
2018-02-01,0.0650640875308928,0.026330536318147604,0.0701899752744576,ex_shelter,par,0.05907973856644766,0.8417119159172436
2018-03-01,0.05849471567982281,0.023933924997188556,0.06320177630600549,ex_shelter,par,0.09960990862705188,1.5760618521980823
2018-04-01,0.07231932486246606,0.02774530961850045,0.07745893721443224,ex_shelter,par,0.11311647255820567,1.4603411384933083
2018-05-01,0.08828436841179348,0.03531756531267787,0.09508659277461015,ex_shelter,par,0.09473028172488629,0.9962527729795887
2018-06-01,0.08392217386764834,0.03636961778459837,0.0914640933069889,ex_shelter,par,0.040766878599529655,0.44571456541640037
2018-07-01,0.07347965866293359,0.0344210539394823,0.08114227746080326,ex_shelter,par,0.01715941397235632,0.21147316182547843
2018-08-01,0.05942883661418429,0.028514835485813995,0.06591572243477613,ex_shelter,par,0.026774764291626063,0.40619693303247645
2018-09-01,0.04914561778686589,0.020623427966604782,0.05329744392319809,ex_shelter,par,-0.022513610438235077,-0.42241444956867563
2018-10-01,0.053922143466771794,0.024917558050095368,0.05940102907552185,ex_shelter,par,-0.02754543718985758,-0.4637198651026163
2018-11-01,0.030353239941738077,0.015591120654976634,0.03412333832201596,ex_shelter,par,-0.12537796514400235,-3.6742584784886074
2018-12-01,0.03340157390005622,0.015952401609131365,0.037015459690512204,ex_shelter,par,-0.20635460359625935,-5.574822123555908
2019-01-01,0.0398401701660972,0.019048432765447473,0.04415973221933478,ex_shelter,par,-0.22968816023725136,-5.2013032845494775
2019-02-01,0.04321776539016221,0.020195810919782124,0.047703731762061274,ex_shelter,par,-0.26806712176050684,-5.6194161726714285
2019-03-01,0.04696688637143137,0.021613856882123552,0.051701520526459044,ex_shelter,par,-0.282377088398289,-5.461678602929641
2019-04-01,0.055065603759854906,0.025086602648228554,0.06051081184273976,ex_shelter,par,-0.31284050712931943,-5.169993553257125
2019-05-01,0.05582406033283113,0.026286978795571264,0.06170357336688357,ex_shelter,par,-0.3603660400574693,-5.840278291741179
2019-06-01,0.05706619848784143,0.027820973480214426,0.06348667242217464,ex_shelter,par,-0.3588175684598349,-5.651856598716726
2019-07-01,0.06295415961958672,0.030925264153582217,0.07013984727939776,ex_shelter,par,-0.3511429761391627,-5.0063264999766295
2019-08-01,0.07048624008398527,0.03535663978600636,0.07885684509371789,ex_shelter,par,-0.40647814589998,-5.154633632843143
2019-09-01,0.07278994637003128,0.03650622621082555,0.08143144874499038,ex_shelter,par,-0.39935566610722617,-4.904194537393568
2019-10-01,0.08188434065148006,0.0407161088623706,0.09144860176525414,ex_shelter,par,-0.4121957307041013,-4.507403314510982
2019-11-01,0.08940684888402335,0.043817255324632765,0.09956674390354767,ex_shelter,par,-0.3347030575223897,-3.3615948900229515
2019-12-01,0.09531359392236319,0.04630904831899995,0.1059679628123926,ex_shelter,par,-0.2823611196094644,-2.664589486440927
2020-01-01,0.14399828464184847,0.0549890242632709,0.15414051631294545,ex_shelter,par,-0.2685821924395926,-1.7424503230176074
2020-02-01,0.14220254482182287,0.05113452142861971,0.1511168522552548,ex_shelter,par,-0.26544722647259267,-1.7565693204370079
2020-03-01,0.15407634643956977,0.04964455680477777,0.1618768128933515,ex_shelter,par,-0.32746573817439284,-2.0229317115980994
2020-04-01,0.18366259263381382,0.05828015142178884,0.1926876331857363,ex_shelter,par,-0.38211539425875296,-1.9830820896036572
2020-05-01,0.19211677381701897,0.060894862234565424,0.20153669399994217,ex_shelter,par,-0.42575614404027906,-2.112549013235283
2020-06-01,0.18399733810848898,0.06029500549931702,0.19362465782841884,ex_shelter,par,-0.3553478610025529,-1.8352407435495413
2020-07-01,0.16732570994973514,0.05269462256138938,0.17542695476200396,ex_shelter,par,-0.33908696754949563,-1.9329239797243467
2020-08-01,0.1598462024981361,0.0470664183924232,0.1666314982029681,ex_shelter,par,-0.3711848746851265,-2.2275792913594223
2020-09-01,0.1432150708328319,0.04663840283829186,0.15061771852262218,ex_shelter,par,-0.3279761208883958,-2.1775400935922096
2020-10-01,0.1270097122105847,0.04916836314357695,0.13619469494086106,ex_shelter,par,-0.27267348560475746,-2.002085952930536
2020-11-01,0.11182266263903629,0.046210583750506615,0.12099473513441115,ex_shelter,par,-0.21638799955683297,-1.7884083907985826
2020-12-01,0.10126820043456929,0.041943168152459145,0.10961057327612862,ex_shelter,par,-0.15393846079905238,-1.4044125142129664
2021-01-01,0.10792443870209129,0.04103127726743923,0.1154610331815844,ex_shelter,par,-0.1073890054420712,-0.9300887276245102
2021-02-01,0.0885885403251683,0.03532161234758087,0.0953705708055517,ex_shelter,par,-0.025653178719053926,-0.2689842212579125
2021-03-01,0.08256399998257456,0.030280230006882434,0.08794149431521092,ex_shelter,par,0.12392469449620247,1.4091720348987482
2021-04-01,0.18195256802557525,0.0596711840100825,0.19148730300536043,ex_shelter,par,0.14344312106515655,0.7490999080035142
2021-05-01,0.25424958064629843,0.08998389997150781,0.2697034510585672,ex_shelter,par,0.18186318220561049,0.674307953761104
2021-06-01,0.3858670308957416,0.15617673348463734,0.41627459400523914,ex_shelter,par,0.05329001120957244,0.12801648713853947
2021-07-01,0.38057164127422166,0.15804275908889498,0.41208286526205545,ex_shelter,par,0.07569676215890553,0.18369305918790815
2021-08-01,0.3176387654052837,0.13152499806984438,0.3437923943391788,ex_shelter,par,0.23510837068871915,0.6838672831626573
2021-09-01,0.25514501451339944,0.10469002863486512,0.27578792672379926,ex_shelter,par,0.31868757337474296,1.1555530264162273
2021-10-01,0.2644379848743169,0.1072053888651211,0.2853426768748609,ex_shelter,par,0.3088777677633381,1.0824800942720483
2021-11-01,0.31252469498220853,0.12627314006942103,0.3370706022137115,ex_shelter,par,0.20485938623122735,0.6077640259512789
2021-12-01,0.36543300330547845,0.15142785555823388,0.3955650077342878,ex_shelter,par,0.08047269245032851,0.2034373386848826
2022-01-01,0.33345338037312483,0.16278738991356043,0.37106723271818737,ex_shelter,par,0.05939168419886087,0.16005639669069563
2022-02-01,0.3271756844903299,0.1608202121984091,0.36456421817459983,ex_shelter,par,0.07050874786824757,0.19340556300695147
2022-03-01,0.2793766277292636,0.13223952882236023,0.30909317867681163,ex_shelter,par,0.26788773932369203,0.8666892633169233
2022-04-01,0.2097976078612857,0.09407178391479473,0.22992289314731068,ex_shelter,par,0.32096808309265334,1.3959814035873774
2022-05-01,0.20191624612612058,0.08238013118449627,0.2180748872833342,ex_shelter,par,0.4741353093209,2.1741857360443286
2022-06-01,0.2618340433240531,0.09650836648713283,0.2790536347110298,ex_shelter,par,0.6775614924233739,2.4280690453109974
2022-07-01,0.21215638702801878,0.08406230277832556,0.22820342527047527,ex_shelter,par,0.50990917885207665,2.2344501544957667
2022-08-01,0.1508108285694832,0.0680298166201444,0.16544473990787534,ex_shelter,par,0.2914129818011322,1.7613916402745702
2022-09-01,0.15477697976381982,0.0726382796816966,0.17097436398456428,ex_shelter,par,0.2759348655820162,1.6138961371245564
2022-10-01,0.14677056853989517,0.06986604968581428,0.16255111407869446,ex_shelter,par,0.39743049004821174,2.444957035826941
2022-11-01,0.15795945370269737,0.07521089300983413,0.174951042984577,ex_shelter,par,0.5509663666536158,3.1492602573520343
2022-12-01,0.19108200210584592,0.08799748601215436,0.21037083703127152,ex_shelter,par,0.6208881238828123,2.9513982671966916
2023-01-01,0.2016349881104759,0.09699164304448596,0.22374996592352978,ex_shelter,par,0.809577903162717,3.6182258165769
2023-02-01,0.1997804207688696,0.0955701884930039,0.22146303856665311,ex_shelter,par,0.9319568359518859,4.208182286234628
2023-03-01,0.15977049000680507,0.07705087570437005,0.17737938697555836,ex_shelter,par,0.7413662048504355,4.179551059969502
2023-04-01,0.12844314242828261,0.06989743408453541,0.14623027090330531,ex_shelter,par,0.7780004803551455,5.320379122251629
2023-05-01,0.12953870864777758,0.07352206091094857,0.1489488854564781,ex_shelter,par,0.7159221225763401,4.806495331484222
2023-06-01,0.1436571261050472,0.081004249603867165,0.16492137015756037,ex_shelter,par,0.6349839537357127,3.8502224007056833
2023-07-01,0.13807057671832138,0.08135593370963304,0.16025689409537447,ex_shelter,par,0.7879430335816395,4.916749685119363
2023-08-01,0.13514913730895092,0.0830312347104399,0.15861738635122516,ex_shelter,par,1.0234059241574278,6.452041278068399
2023-09-01,0.13810640876156738,0.08568533963648138,0.16252802087528262,ex_shelter,par,1.0719462705904292,6.595455139474055
2023-10-01,0.12538336256713956,0.07792034600383817,0.14762306029208522,ex_shelter,par,0.9522725060920889,6.4507029200447
2023-11-01,0.10767983411622024,0.06904635651389021,0.12791538618610326,ex_shelter,par,0.7738752264513593,6.0498994649905
2023-12-01,0.09643591481203911,0.06488816877323504,0.11623407466134317,ex_shelter,par,0.7243966994538997,6.232223223391976
2024-01-01,0.10971917244785329,0.0487243549834297,0.12005148716776914,ex_shelter,par,0.5937100430872366,4.945461793884658
2024-02-01,0.09765312145570314,0.044566710749731626,0.1073420879109986,ex_shelter,par,0.5038869630834775,4.694216154070613
2024-03-01,0.09006592921300792,0.04414243949885546,0.10030167780208199,ex_shelter,par,0.4897926893007165,4.883195376523899
2024-04-01,0.09294813212022857,0.05093543353562746,0.1059894978481443,ex_shelter,par,0.45875600117410986,4.328315639643743
2024-05-01,0.09402845790409095,0.0565247378277207,0.10971051400077371,ex_shelter,par,0.3729437492404397,3.399343742367387
2024-06-01,0.09010709293971361,0.0564711156535834,0.10634037380603181,ex_shelter,par,0.3291801442781406,3.095533074564657
2024-07-01,0.08990220947928936,0.058491234931574314,0.10725498511994043,ex_shelter,par,0.3131945214005061,2.9200929080384364
2024-08-01,0.08682253977353051,0.05632293804439555,0.10349119171542623,ex_shelter,par,0.24360196616106666,2.3538425070116933
2024-09-01,0.07996375245225014,0.04807468338801289,0.09330260922987321,ex_shelter,par,0.1514864537733862,1.6236036164879724
2024-10-01,0.0708274748750834,0.04299292062319126,0.08285482738436303,ex_shelter,par,0.10748948658088064,1.2973231611748774
2024-11-01,0.0632043391772907,0.039208618039110084,0.07437811653554312,ex_shelter,par,0.11182801539248999,1.5035069534067949
2024-12-01,0.057220955817355326,0.03656797855037358,0.0679076935251987,ex_shelter,par,0.16490558017179247,2.4283784592183286
2025-01-01,0.06777742507137817,0.03228144145737646,0.07507243709826067,ex_shelter,par,0.09776431032426647,1.3022663723612022
2025-02-01,0.06189836803585968,0.031293904379640816,0.0693593282610554,ex_shelter,par,0.03469880666342462,0.5002759907481351
2025-03-01,0.0567023130585192,0.03301275291068681,0.06561245431264082,ex_shelter,par,0.0063345749376830796,0.09654531299041298
2025-04-01,0.054487710447524595,0.03171435885590673,0.0630453102732829,ex_shelter,par,0.02172892331668841,0.34465566467196224
2025-05-01,0.052071129183458735,0.028946534638337632,0.05957603848871565,ex_shelter,par,0.0615162476484743,1.0325669381344673
2025-06-01,0.04453085752407464,0.023916103816542907,0.05054678321706628,ex_shelter,par,0.08526182216341827,1.6867902710499494
2025-07-01,0.04154383797539136,0.023096482524625303,0.04753249392506027,ex_shelter,par,0.03678871460490729,0.7739697955446727
2025-08-01,0.03335146271131573,0.01909717750746366,0.0384320472228043,ex_shelter,par,-0.03711013769314153,-0.9656039783153058
2025-09-01,0.02678157362785569,0.01617190502262396,0.0312855109922313,ex_shelter,par,-0.10312419106366377,-3.2962284390774754
2025-11-01,0.0341162168160972,0.01473428028548837,0.03716201374218417,ex_shelter,par,0.13066410626250136,3.516066356602711
2025-12-01,0.04545343588777182,0.020690839696710275,0.04994122226536656,ex_shelter,par,0.10025261617598868,2.0074121462884635
2026-01-01,0.07524348531088779,0.028587306543730238,0.0804910937753674,ex_shelter,par,0.11619679376329017,1.4435981462442216
2026-02-01,0.0884359708126466,0.03275466145040108,0.09430688617649123,ex_shelter,par,0.05055709556454069,0.5360912401447047
2026-03-01,0.1280886198262516,0.046631078365146586,0.13631269932948456,ex_shelter,par,0.028081023804960026,0.20600445844803306
2026-04-01,0.1667908891340838,0.06194154916875163,0.1779212078746182,ex_shelter,par,0.10699072337343463,0.6013376631797117
2026-05-01,0.2094886689389707,0.08132761908307881,0.22472134753855505,ex_shelter,par,0.16630762627587448,0.7400615388680035
2026-06-01,0.16076934698752735,0.06050619981600857,0.17177829649571777,ex_shelter,par,0.1540109296074288,0.8965680342002234
2026-07-01,0.14617217778517005,0.05420729823510326,0.1558997650428274,ex_shelter,par,0.17452246314080266,1.1194530222214216
2014-01-01,0.013228771160788407,0.012763511163865145,0.018382263289775207,ex_shelter,mk,-0.10941891782618729,-5.952418159903603
2014-02-01,0.018141869521925914,0.018118234105712366,0.025639770608567914,ex_shelter,mk,-0.1418230444011348,-5.531369471524933
2014-03-01,0.017241810143934208,0.0175976423859958,0.024636498017877227,ex_shelter,mk,-0.14233749262109185,-5.777505086875824
2014-04-01,0.01624450838300672,0.015475642322770449,0.022436121721632275,ex_shelter,mk,-0.06554562684077947,-2.9214330201098093
2014-05-01,0.016908487435268283,0.015912011362886943,0.023218291344568587,ex_shelter,mk,-0.09300574895056979,-4.005710307030257
2014-06-01,0.017729887751051963,0.016382561618286353,0.024139951218713176,ex_shelter,mk,-0.12223680070391207,-5.063672233486317
2014-07-01,0.016358038986797097,0.015086395634441651,0.022252747532214397,ex_shelter,mk,-0.1073171032753173,-4.822645074274926
2014-08-01,0.01620111233486522,0.015992209050390723,0.022764595124849483,ex_shelter,mk,-0.07406812879990898,-3.2536545628723856
2014-09-01,0.016573635818512435,0.01659399075080855,0.023453058079546854,ex_shelter,mk,-0.01900250771840195,-0.8102358188834156
2014-10-01,0.017652106988780718,0.017750678285269314,0.025033646572772666,ex_shelter,mk,0.01184341515476639,0.4730998786108788
2014-11-01,0.02128148206690837,0.02235987697238902,0.030868520813030792,ex_shelter,mk,0.004037027731706999,0.1307813793916168
2014-12-01,0.02934533302322931,0.03149131947615285,0.043044764752445286,ex_shelter,mk,-0.04591881442803647,-1.0667688554489756
2015-01-01,0.047117111792390524,0.044004255546010035,0.06447012276873049,ex_shelter,mk,-0.024317226680670156,-0.37718598377579915
2015-02-01,0.039341309090212016,0.036811828701102625,0.05387809697131963,ex_shelter,mk,0.004145967621793645,0.0769508920109154
2015-03-01,0.038122488595613215,0.03592880320985602,0.05238514137439375,ex_shelter,mk,0.08052898758983407,1.537248644883819
2015-04-01,0.04299464384068135,0.040036759508099,0.05874931072698976,ex_shelter,mk,0.0663988076973765,1.1302057313648195
2015-05-01,0.03704137276255309,0.034646459300824314,0.05071923144348785,ex_shelter,mk,0.13157038776800967,2.5940926946932827
2015-06-01,0.03730919662284263,0.035080108123326154,0.05121123059042992,ex_shelter,mk,0.16010083633951622,3.1262837173343576
2015-07-01,0.03674851697629787,0.034058838902336096,0.050104470931569924,ex_shelter,mk,0.1595781473185509,3.1849083395470723
2015-08-01,0.03729966725338212,0.03410600684181793,0.05054191211170347,ex_shelter,mk,0.12947459471693845,2.5617272736097645
2015-09-01,0.042573142735394046,0.038986992908734294,0.05772744666477059,ex_shelter,mk,0.07686032394457198,1.33143467077122
2015-10-01,0.037870524306844795,0.03451800362867894,0.05124128399820613,ex_shelter,mk,0.037783347148290236,0.7373614437454957
2015-11-01,0.03387054421604062,0.030906178079057604,0.045851996782530456,ex_shelter,mk,0.032746160445307204,0.7141708702593176
2015-12-01,0.030052776381811593,0.02780761993661658,0.04094426815556103,ex_shelter,mk,0.049659960822345806,1.2128672231646913
2016-01-01,0.021365456492262642,0.02212127362880329,0.030754405832061783,ex_shelter,mk,0.10083870855497334,3.278837806381808
2016-02-01,0.02931889638672487,0.028648180543431823,0.04099165688020642,ex_shelter,mk,0.0904461853644456,2.2064535139129546
2016-03-01,0.028264929892782707,0.027443983498265958,0.0393964274027102,ex_shelter,mk,-0.0027747178521053684,-0.07043069727470991
2016-04-01,0.02628619556675961,0.025500542277021178,0.03662296729917002,ex_shelter,mk,-0.03180459579188444,-0.8684330663890585
2016-05-01,0.030140356734607986,0.028530575000485912,0.04150222661433697,ex_shelter,mk,-0.09060146858557161,-2.1830507897201175
2016-06-01,0.03186308780663532,0.030978488038810877,0.04444010672516551,ex_shelter,mk,-0.14075299708380395,-3.167251553968444
2016-07-01,0.03448334449194217,0.03314305786003653,0.04782847824950829,ex_shelter,mk,-0.13978156862223257,-2.9225593984619325
2016-08-01,0.03551358293205364,0.03369359479248466,0.0489537833339978,ex_shelter,mk,-0.13351813763824438,-2.7274324586373218
2016-09-01,0.03073734279656791,0.03005988080699039,0.0429927979587767,ex_shelter,mk,-0.11899027950663665,-2.7676793592436
2016-10-01,0.027561013432573105,0.027104297532816728,0.038655561128742265,ex_shelter,mk,-0.06871027928887496,-1.777500501416485
2016-11-01,0.026323016535029574,0.02622183898223676,0.03715489253266374,ex_shelter,mk,-0.07499163730118052,-2.018351613727684
2016-12-01,0.02666128862012862,0.026919423640354375,0.037887724661355295,ex_shelter,mk,-0.06667364635069006,-1.7597690794743297
2017-01-01,0.03262512372332843,0.028810107545430765,0.043524946809178,ex_shelter,mk,-0.07865747302058246,-1.8071813703858715
2017-02-01,0.04327446076534294,0.03931622795509143,0.05846746732284475,ex_shelter,mk,-0.10248591395081164,-1.7528707611859857
2017-03-01,0.03484115062186881,0.03084837233909886,0.04653523237964358,ex_shelter,mk,-0.08905778748424797,-1.913771199372059
2017-04-01,0.030588267160496122,0.027972571532926382,0.04145005242513655,ex_shelter,mk,-0.14114216974412397,-3.4051143843314207
2017-05-01,0.02516810599080913,0.02303128486014256,0.034115592351205544,ex_shelter,mk,-0.13386738340057658,-3.923935484469057
2017-06-01,0.024598435027858405,0.02248716081189252,0.0333279973475708,ex_shelter,mk,-0.1106113489593108,-3.3188717523518707
2017-07-01,0.026425431508264135,0.022937155664859703,0.03499166387001288,ex_shelter,mk,-0.12428996460618347,-3.55198784110113
2017-08-01,0.02817913248169962,0.02497273165665327,0.03765236823649199,ex_shelter,mk,-0.11830404896813196,-3.1420081792749976
2017-09-01,0.03505015584991522,0.03176736485353575,0.04730411076049315,ex_shelter,mk,-0.11427341336849306,-2.4157184551480984
2017-10-01,0.030206046808458238,0.027525735964215536,0.040866507119724324,ex_shelter,mk,-0.15740976913569682,-3.851803842069062
2017-11-01,0.0310434412512318,0.030326999013307192,0.043398411421062585,ex_shelter,mk,-0.13461039685276344,-3.1017355807506095
2017-12-01,0.023968609209253176,0.02429242216334749,0.03412647069341031,ex_shelter,mk,-0.0831223862609809,-2.4357158701743957
2018-01-01,0.023715613208383095,0.024314879300800066,0.03396533034230803,ex_shelter,mk,-0.0731631272263833,-2.154053162122482
2018-02-01,0.026330536318147604,0.027214770638091093,0.03786741189578705,ex_shelter,mk,-0.05821032902499912,-1.5372143516223595
2018-03-01,0.023933924997188556,0.024553071481237157,0.03428827911887368,ex_shelter,mk,-0.05105070338915496,-1.4888674701978424
2018-04-01,0.02774530961850045,0.02812622331294547,0.039508057958802925,ex_shelter,mk,0.002033489303676639,0.051470241989547104
2018-05-01,0.03531756531267787,0.03628053724130503,0.050632082735484904,ex_shelter,mk,0.011510866652852947,0.22734333708902893
2018-06-01,0.03636961778459837,0.03770924897385485,0.052390233402514516,ex_shelter,mk,0.048439206156380976,0.9245846603549602
2018-07-01,0.0344210539394823,0.036369068586143014,0.05007512460422165,ex_shelter,mk,0.05360281537838407,1.0704479679690106
2018-08-01,0.028514835485813995,0.02982722270735493,0.04126450117494681,ex_shelter,mk,0.046035297943181064,1.1156150355000725
2018-09-01,0.020623427966604782,0.02099004298526808,0.029426309412108373,ex_shelter,mk,0.07321331725707036,2.4880224098691923
2018-10-01,0.024917558050095368,0.02580360445224752,0.03587074994905906,ex_shelter,mk,0.07893202643298736,2.2004565431467333
2018-11-01,0.015591120654976634,0.015113160338954103,0.021713835651698536,ex_shelter,mk,0.05624104800638907,2.5901019473724207
2018-12-01,0.015952401609131365,0.01577587419939448,0.022435626219344477,ex_shelter,mk,0.001357858775041798,0.06052243702790088
2019-01-01,0.019048432765447473,0.021033941552108103,0.02837727062346329,ex_shelter,mk,-0.020026992714372582,-0.7057406253092425
2019-02-01,0.020195810919782124,0.018977789112048702,0.02771330471612841,ex_shelter,mk,-0.010988184334714823,-0.39649491272399534
2019-03-01,0.021613856882123552,0.01885234387590008,0.028680475570256967,ex_shelter,mk,-0.011246814743115507,-0.39214184979481287
2019-04-01,0.025086602648228554,0.022990526155215064,0.034027957995209406,ex_shelter,mk,-0.03279038221113417,-0.9636306185563805
2019-05-01,0.026286978795571264,0.0243957974944993,0.035863075573511975,ex_shelter,mk,-0.06588403543679178,-1.8370994228239843
2019-06-01,0.027820973480214426,0.02673851146258285,0.038586973975960705,ex_shelter,mk,-0.0882308257875053,-2.286544310068787
2019-07-01,0.030925264153582217,0.03035171522898538,0.043331265620914654,ex_shelter,mk,-0.11527922750425024,-2.6604168111029867
2019-08-01,0.03535663978600636,0.035025120727385714,0.04976797222034822,ex_shelter,mk,-0.12683887122251214,-2.5486043646892362
2019-09-01,0.03650622621082555,0.03646766543381057,0.05160034083558274,ex_shelter,mk,-0.1681704033074105,-3.259094815735073
2019-10-01,0.0407161088623706,0.0400724342457065,0.057127939812922406,ex_shelter,mk,-0.20892579587226123,-3.657156140348019
2019-11-01,0.043817255324632765,0.04299133148652124,0.06138571859291061,ex_shelter,mk,-0.23101843257196109,-3.763390538831963
2019-12-01,0.04630904831899995,0.04583237671735543,0.06515469830927818,ex_shelter,mk,-0.24395678721063074,-3.744270076312988
2020-01-01,0.0549890242632709,0.05211099552014755,0.07575848892056541,ex_shelter,mk,-0.25688631582814203,-3.3908584963659116
2020-02-01,0.05113452142861971,0.04996294463465461,0.07149150381898209,ex_shelter,mk,-0.24983454351676926,-3.494604675673844
2020-03-01,0.04964455680477777,0.049143663513853277,0.06985471840831971,ex_shelter,mk,-0.2592679527161357,-3.7115309978152715
2020-04-01,0.05828015142178884,0.05599143866104079,0.08081842149584295,ex_shelter,mk,-0.28625408411491193,-3.5419410428553837
2020-05-01,0.060894862234565424,0.05804622066539015,0.0841281640124273,ex_shelter,mk,-0.24404326317475356,-2.900850934280508
2020-06-01,0.06029500549931702,0.0556503478474977,0.08205150153233128,ex_shelter,mk,-0.2635394067864727,-3.2118779286766443
2020-07-01,0.05269462256138938,0.05020669071797427,0.07278348054151856,ex_shelter,mk,-0.2571389763169618,-3.5329304727365933
2020-08-01,0.0470664183924232,0.04486954969372159,0.0650271038107033,ex_shelter,mk,-0.20542244118768593,-3.1590279921689195
2020-09-01,0.04663840283829186,0.04207411799211282,0.06281219645993143,ex_shelter,mk,-0.15716321327827742,-2.5021129993206577
2020-10-01,0.04916836314357695,0.04125778825445397,0.0641851464582579,ex_shelter,mk,-0.07507349792061913,-1.169639738524899
2020-11-01,0.046210583750506615,0.037640740793029495,0.059600699811416816,ex_shelter,mk,-0.032234631267824554,-0.5408431674429743
2020-12-01,0.041943168152459145,0.03317981844701572,0.05348018050495331,ex_shelter,mk,-0.019098912760728837,-0.35712132196262697
2021-01-01,0.04103127726743923,0.03185545628420893,0.05194550807598884,ex_shelter,mk,-0.014966061791055196,-0.2881107981302636
2021-02-01,0.03532161234758087,0.02800247835353859,0.045074994096207875,ex_shelter,mk,-0.028545279974157012,-0.6332841644577942
2021-03-01,0.030280230006882434,0.029480368756892895,0.04226090949461559,ex_shelter,mk,-0.0163964689611662,-0.3879819236558374
2021-04-01,0.0596711840100825,0.059690257050134365,0.08440128546341127,ex_shelter,mk,0.11275845867249057,1.3359803473772018
2021-05-01,0.08998389997150781,0.0801484291830087,0.12050258484607741,ex_shelter,mk,0.19039153401834152,1.5799788383090367
2021-06-01,0.15617673348463734,0.1170351627733732,0.1951625000027449,ex_shelter,mk,0.36446012192430377,1.8674700412178453
2021-07-01,0.15804275908889498,0.11768388356644255,0.19704570574288216,ex_shelter,mk,0.4141175143107301,2.1016317648205796
2021-08-01,0.13152499806984438,0.10052103619780567,0.1655394328719086,ex_shelter,mk,0.3511428203035294,2.12120347527853
2021-09-01,0.10469002863486512,0.08324776167591533,0.1337542220627778,ex_shelter,mk,0.2951532871104945,2.2066838904865653
2021-10-01,0.1072053888651211,0.08843264928525774,0.13897240323651033,ex_shelter,mk,0.2571889182267917,1.8506474108323108
2021-11-01,0.12627314006942103,0.10406055962922059,0.16362611641586497,ex_shelter,mk,0.26867772979648397,1.6420222864278244
2021-12-01,0.15142785555823388,0.11632144952091257,0.19094783334097185,ex_shelter,mk,0.31803193491690607,1.6655435641890872
2022-01-01,0.16278738991356043,0.12370272050930008,0.20445561223960462,ex_shelter,mk,0.27624781774875373,1.3511383459849209
2022-02-01,0.1608202121984091,0.12379058400414646,0.2029464198738893,ex_shelter,mk,0.2515276670363331,1.2393796707162026
2022-03-01,0.13223952882236023,0.10758084173254844,0.17047266787096246,ex_shelter,mk,0.12801672447884016,0.7509516104701377
2022-04-01,0.09407178391479473,0.08449696280948124,0.12644855575663444,ex_shelter,mk,-0.008578863424245853,-0.06784469283110607
2022-05-01,0.08238013118449627,0.09136289252817564,0.12301895847831662,ex_shelter,mk,-0.14960656765330427,-1.2161261118112456
2022-06-01,0.09650836648713283,0.11384966377761327,0.14925016162232566,ex_shelter,mk,-0.2954753480316725,-1.9797321813249795
2022-07-01,0.08406230277832556,0.09371431657481348,0.12589219149526013,ex_shelter,mk,-0.27914804993385367,-2.217357936328908
2022-08-01,0.0680298166201444,0.07843287272609815,0.10382567829510572,ex_shelter,mk,-0.28910554207763894,-2.784528325024843
2022-09-01,0.0726382796816966,0.08267418462717,0.11005153555895425,ex_shelter,mk,-0.3490089832940413,-3.1713231580224366
2022-10-01,0.06986604968581428,0.07483088038028424,0.10237639160074494,ex_shelter,mk,-0.35434724590546196,-3.4612203103169694
2022-11-01,0.07521089300983413,0.07246060893813855,0.10443762863557636,ex_shelter,mk,-0.3570211669247758,-3.41851085273644
2022-12-01,0.08799748601215436,0.07372954952402279,0.11480245649581995,ex_shelter,mk,-0.34751983588383606,-3.027111496490404
2023-01-01,0.09699164304448596,0.08235541997645195,0.12723912142091662,ex_shelter,mk,-0.31140110653289366,-2.4473691978959464
2023-02-01,0.0955701884930039,0.08043789158286462,0.12491563285227746,ex_shelter,mk,-0.2730114276526363,-2.185566541343098
2023-03-01,0.07705087570437005,0.06388632092269354,0.10009145541877025,ex_shelter,mk,-0.13673242390213058,-1.366074889510389
2023-04-01,0.06989743408453541,0.051967909555433664,0.08709945416111232,ex_shelter,mk,-0.04733955324038863,-0.5435114800239992
2023-05-01,0.07352206091094857,0.05357457412823727,0.09097103073844563,ex_shelter,mk,0.026102515812875815,0.28693217611136207
2023-06-01,0.081004249603867165,0.059597970483442606,0.10056642849197196,ex_shelter,mk,0.04986337752389547,0.4958252795849857
2023-07-01,0.08135593370963304,0.056820859169192856,0.09923405658588917,ex_shelter,mk,0.038589278085587875,0.3888713150831241
2023-08-01,0.0830312347104399,0.05472211531749342,0.09944192195629169,ex_shelter,mk,0.043030923726561365,0.4327241758810234
2023-09-01,0.08568533963648138,0.055441271844707846,0.10205739587299865,ex_shelter,mk,0.0843366779788024,0.8263651767457587
2023-10-01,0.07792034600383817,0.050997187641259364,0.09312514949612524,ex_shelter,mk,0.051036159275441584,0.5480384144517814
2023-11-01,0.06904635651389021,0.044888799185299276,0.08235534979672757,ex_shelter,mk,0.015360126233698868,0.18651036358428788
2023-12-01,0.06488816877323504,0.040033656831895845,0.07624413502740938,ex_shelter,mk,-0.017377845500698985,-0.22792370186181188
2024-01-01,0.0487243549834297,0.04127769910662646,0.0638585249758281,ex_shelter,mk,-0.010980275790339888,-0.17194690598469306
2024-02-01,0.044566710749731626,0.03703486118555993,0.05794629108134479,ex_shelter,mk,0.007216584027913697,0.1245391878107105
2024-03-01,0.04414243949885546,0.03691104863263904,0.057541119871541944,ex_shelter,mk,-0.07468337056180108,-1.2979130529355087
2024-04-01,0.05093543353562746,0.0439488949600817,0.06727498612169769,ex_shelter,mk,-0.11019850923905672,-1.6380309471890806
2024-05-01,0.0565247378277207,0.049541466281395934,0.07516250972262202,ex_shelter,mk,-0.13834101178344937,-1.840558707977951
2024-06-01,0.0564711156535834,0.050188338688946225,0.0755503556809415,ex_shelter,mk,-0.19498052049458092,-2.5808021515875823
2024-07-01,0.058491234931574314,0.05206878884464142,0.07830953540641442,ex_shelter,mk,-0.24549294627658202,-3.1349049001824807
2024-08-01,0.05632293804439555,0.049539780175747145,0.07500975383117965,ex_shelter,mk,-0.19000449929951202,-2.533063896292004
2024-09-01,0.04807468338801289,0.042232750495434866,0.06399047114428316,ex_shelter,mk,-0.14103080115561717,-2.2039344082594194
2024-10-01,0.04299292062319126,0.03740071845285684,0.05698425189911587,ex_shelter,mk,-0.11037862195504289,-1.9370022116014731
2024-11-01,0.039208618039110084,0.0343596589396122,0.05213350065920474,ex_shelter,mk,-0.04923990021288294,-0.9444963332649157
2024-12-01,0.03656797855037358,0.031875442345140864,0.048510420323462276,ex_shelter,mk,-0.057936109295120275,-1.1943023562527084
2025-01-01,0.03228144145737646,0.027105410377600968,0.04215204306204127,ex_shelter,mk,-0.037949208183762906,-0.9002934478859674
2025-02-01,0.031293904379640816,0.02619902008357123,0.04081295265796719,ex_shelter,mk,-0.1057402680817443,-2.590850727412453
2025-03-01,0.03301275291068681,0.024819681140993515,0.041302039013620735,ex_shelter,mk,-0.07452374925018823,-1.8043600517062008
2025-04-01,0.03171435885590673,0.025474755993273708,0.04067878747649768,ex_shelter,mk,-0.097123623422668,-2.387574198930623
2025-05-01,0.028946534638337632,0.02398448575237029,0.03759198617224333,ex_shelter,mk,-0.10209987177138835,-2.716000992966301
2025-06-01,0.023916103816542907,0.021014235276691804,0.031836741448015946,ex_shelter,mk,-0.0769384629125236,-2.416656335201616
2025-07-01,0.023096482524625303,0.020087499754077587,0.03060972315099222,ex_shelter,mk,-0.021559645428181895,-0.7043397720989526
2025-08-01,0.01909717750746366,0.019762912660802958,0.027482265292186194,ex_shelter,mk,-0.0421690199543745,-1.5344084450841855
2025-09-01,0.01617190502262396,0.017675213685149915,0.023957121923897304,ex_shelter,mk,-0.03760698447312638,-1.5697622023459044
2025-11-01,0.01473428028548837,0.01675760898257416,0.022314042088877162,ex_shelter,mk,-0.08389985843142433,-3.7599578820031776
2025-12-01,0.020690839696710275,0.018612484563140127,0.027830476621288597,ex_shelter,mk,-0.032277839295069555,-1.1598018867696647
2026-01-01,0.028587306543730238,0.023765620949482535,0.03717578290419295,ex_shelter,mk,-0.05356213733642701,-1.4407803454863055
2026-02-01,0.03275466145040108,0.02781932629494543,0.04297421043178145,ex_shelter,mk,0.03936590749213931,0.9160356198895132
2026-03-01,0.046631078365146586,0.041136899896173494,0.062182811150383356,ex_shelter,mk,0.10788966032553304,1.7350399303211288
2026-04-01,0.06194154916875163,0.0518509678581809,0.08077919522534861,ex_shelter,mk,0.06518533516159941,0.8069569767283863
2026-05-01,0.08132761908307881,0.06702573716145042,0.10538800248490433,ex_shelter,mk,0.051971758365509935,0.49314682070147703
2026-06-01,0.06050619981600857,0.050770433052445565,0.0789850434481593,ex_shelter,mk,0.08542479932913682,1.081531333020082
2026-07-01,0.05420729823510326,0.04608555320357161,0.07114990791300196,ex_shelter,mk,0.06369301632216384,0.8951946417139994
2014-01-01,0.013252855974992477,0.013005524420676396,0.018568302478974858,ex_housing,fam,-0.06644387368428539,-3.5783493811305958
2014-02-01,0.01961950437400742,0.021032270482157955,0.028762499083291586,ex_housing,fam,-0.10991031967111375,-3.821306325046064
2014-03-01,0.01680231999224702,0.01764038892694935,0.024361881672315486,ex_housing,fam,-0.09220989573066607,-3.7850071259254228
2014-04-01,0.016395022580653326,0.015429740396752246,0.022513854715070464,ex_housing,fam,-0.04312414242613194,-1.9154490855475421
2014-05-01,0.017674194892795116,0.016612820580860707,0.024256194523469138,ex_housing,fam,-0.06339794583232194,-2.613680632012623
2014-06-01,0.019018673677213663,0.017904388442591665,0.026120434030535364,ex_housing,fam,-0.08732737444705485,-3.343258934555499
2014-07-01,0.017122968632582156,0.01608897922798935,0.023495772117363267,ex_housing,fam,-0.0576445810895887,-2.453402288788357
2014-08-01,0.016946214841314023,0.01767349373747656,0.024485231841593715,ex_housing,fam,-0.022353113938744507,-0.9129222906018263
2014-09-01,0.017692303876047123,0.0187451997808662,0.02577596033646425,ex_housing,fam,0.017006153443466232,0.6597679861963586
2014-10-01,0.019524369894752664,0.02091566211335681,0.028612338971626097,ex_housing,fam,0.0354648087038445,1.2394935184786453
2014-11-01,0.02395245168519563,0.02720798205631755,0.03624905832305894,ex_housing,fam,0.007900606945199229,0.21795343963938102
2014-12-01,0.03370267563807192,0.03932077704900805,0.05178797015623305,ex_housing,fam,-0.052239910226026254,-1.008726738438093
2015-01-01,0.053864464164918184,0.05535879538517798,0.07723973541042044,ex_housing,fam,-0.08810761933997213,-1.1407032775527284
2015-02-01,0.043804020173278904,0.04504508764944603,0.06283193538868034,ex_housing,fam,-0.06220575735308431,-0.9900340800944222
2015-03-01,0.04171575756597786,0.04266389377966094,0.05966919022196992,ex_housing,fam,-0.013548218951320301,-0.2270555189524243
2015-04-01,0.04798810683741377,0.04905222209277608,0.06862200004428658,ex_housing,fam,-0.0159190442458379,-0.23198164197435556
2015-05-01,0.04008027617087646,0.04086290218818607,0.057238145612650566,ex_housing,fam,0.027487334930398344,0.48022755867064976
2015-06-01,0.04044480147864368,0.04154381427063395,0.05797991437385733,ex_housing,fam,0.05625172498536779,0.9701933090596497
2015-07-01,0.03918458131296152,0.039702347637049086,0.05578268387739326,ex_housing,fam,0.030603273490936722,0.5486160106279709
2015-08-01,0.040152915824251324,0.04030682113974223,0.05689372970354979,ex_housing,fam,-0.0054619120443355484,-0.09600200360910353
2015-09-01,0.04719413876560264,0.047431788450427656,0.06691084582810981,ex_housing,fam,-0.07892936985349763,-1.179619968581218
2015-10-01,0.04156824736016132,0.04170391424848735,0.05888238830279173,ex_housing,fam,-0.1216124129814089,-2.0653444346727188
2015-11-01,0.03660256468946949,0.036744784354389,0.051864505387570696,ex_housing,fam,-0.12531657891644565,-2.416230097635862
2015-12-01,0.03142907613247756,0.03179547355464804,0.04470725852817855,ex_housing,fam,-0.1275154797682143,-2.8522321423006187
2016-01-01,0.02072437952946879,0.022939190139639774,0.030914500661405022,ex_housing,fam,-0.060804857820295766,-1.966871743660642
2016-02-01,0.030685432008411607,0.031847943508121146,0.0442254139973763,ex_housing,fam,-0.08649836083118867,-1.95585191890618
2016-03-01,0.029908141257600607,0.03116102789692535,0.043191510428295415,ex_housing,fam,-0.1728925069700349,-4.002928011907876
2016-04-01,0.027439449879761286,0.029252378068377844,0.04010766799951407,ex_housing,fam,-0.1892899560982153,-4.719545302422187
2016-05-01,0.032708695401510834,0.03390130435871754,0.0471079313077025,ex_housing,fam,-0.24119518862910638,-5.120054774930631
2016-06-01,0.03499370741151453,0.037265230499310756,0.051120025064249015,ex_housing,fam,-0.29696159598540106,-5.809105054470764
2016-07-01,0.0387692249272599,0.04064788873349968,0.05617208968830909,ex_housing,fam,-0.2746659203939461,-4.889722314374062
2016-08-01,0.03995618849382051,0.041638923683710236,0.05770872520244716,ex_housing,fam,-0.26652900684480674,-4.618521825075846
2016-09-01,0.03432115187874105,0.037443632169499974,0.05079337610681558,ex_housing,fam,-0.22735321782236806,-4.476040681845152
2016-10-01,0.030720248766092702,0.033746852887363336,0.04563533459997816,ex_housing,fam,-0.17275384564499063,-3.78552819124226
2016-11-01,0.029134753945415086,0.032510525311855755,0.04365510443822914,ex_housing,fam,-0.16854729108033428,-3.8608839275330196
2016-12-01,0.029579794770193547,0.033732855865511356,0.04486501781444128,ex_housing,fam,-0.14218177176539282,-3.169100976476754
2017-01-01,0.0382440505094495,0.036171078859266556,0.05263985510250389,ex_housing,fam,-0.1353517074178967,-2.5712781153050424
2017-02-01,0.052088788135191313,0.05066683109336468,0.07266615183451228,ex_housing,fam,-0.1471774897537026,-2.025392648958214
2017-03-01,0.04227380561755343,0.0394307229987877,0.057808793082002825,ex_housing,fam,-0.16014921531979365,-2.770326221698126
2017-04-01,0.035716768011383855,0.03414224592872449,0.04941032760705516,ex_housing,fam,-0.20841537553575318,-4.218052897629324
2017-05-01,0.028284681488962873,0.027453361121981778,0.03941713134952897,ex_housing,fam,-0.18993703459462274,-4.81864174514294
2017-06-01,0.02725241463837348,0.026356429045288936,0.03791247097778228,ex_housing,fam,-0.1729612090323629,-4.562119127864886
2017-07-01,0.030656011982862337,0.028092325672789135,0.04158088301611026,ex_housing,fam,-0.18993001708174084,-4.567724475888442
2017-08-01,0.03407219787149209,0.031654155468827265,0.0465069911544361,ex_housing,fam,-0.1822310114267145,-3.9183573674241505
2017-09-01,0.04337952859579386,0.04122350294984206,0.059842799873075246,ex_housing,fam,-0.1810544567385719,-3.025501098253806
2017-10-01,0.036386694952277636,0.034817233859034485,0.05036101014817718,ex_housing,fam,-0.21580283122717425,-4.2851172085750004
2017-11-01,0.037472723322248484,0.0385580971214998,0.05376738646072354,ex_housing,fam,-0.17344525179459058,-3.225844944523951
2017-12-01,0.028216660373591176,0.030264840252262143,0.04137801926305242,ex_housing,fam,-0.10035467636624329,-2.425313684743067
2018-01-01,0.02856822013609982,0.030826702524106065,0.042028904223812294,ex_housing,fam,-0.09096749555477235,-2.164403218088968
2018-02-01,0.03206263006751206,0.03482909766495582,0.047340028422056944,ex_housing,fam,-0.06306759486804925,-1.3322255387295971
2018-03-01,0.02815259542918128,0.030669344250279992,0.04163144612118754,ex_housing,fam,-0.02965215268988519,-0.7122537277126746
2018-04-01,0.03374250810437392,0.035912761940323945,0.0492776148302261,ex_housing,fam,0.025958455346386522,0.5267798661891407
2018-05-01,0.043420491942513885,0.04683158088035355,0.06386341744913915,ex_housing,fam,0.0327010785555748,0.5120471133825238
2018-06-01,0.044673412607456754,0.048706372504421905,0.06609103204320221,ex_housing,fam,0.058655200442503386,0.887491065416588
2018-07-01,0.04199314809291605,0.046711751686427425,0.06281251652631054,ex_housing,fam,0.06650391325431215,1.0587684896601044
2018-08-01,0.034148703818871876,0.03764917170303735,0.0508290674952219,ex_housing,fam,0.05333739719659558,1.0493483320662822
2018-09-01,0.02470722476412909,0.02631820503861997,0.03609840539414498,ex_housing,fam,0.06547929476847791,1.8139110039220292
2018-10-01,0.030292057031564255,0.03292867298862645,0.044742666706349084,ex_housing,fam,0.10278562248120515,2.297261876584116
2018-11-01,0.018073080867707477,0.018320927513618482,0.025735046862400635,ex_housing,fam,0.044504486417684674,1.7293338013192634
2018-12-01,0.018152832410470488,0.019230675224095887,0.026445116639888036,ex_housing,fam,-0.0323283592683854,-1.2224699065846991
2019-01-01,0.021246118577038793,0.025508329676588046,0.03319747637214454,ex_housing,fam,-0.0780215952777441,-2.350226698051384
2019-02-01,0.02259355212881835,0.02307230702011565,0.03229241318062356,ex_housing,fam,-0.09780236072731707,-3.0286482518439195
2019-03-01,0.024834390016178976,0.02404042085297973,0.03456427002359622,ex_housing,fam,-0.10301001277828181,-2.9802455746341314
2019-04-01,0.028881907992244712,0.02934690259436877,0.04117529964864685,ex_housing,fam,-0.14020758531247957,-3.405138189858619
2019-05-01,0.030348957658485894,0.031937164702488086,0.044057255023326414,ex_housing,fam,-0.21723550134031822,-4.9307543383104875
2019-06-01,0.03159292394522037,0.03435803792624345,0.04667534267201112,ex_housing,fam,-0.24383404283250254,-5.224043978550535
2019-07-01,0.035632652995398396,0.0398182413916837,0.05343386853875422,ex_housing,fam,-0.2821343402735099,-5.280065770811356
2019-08-01,0.04075786664976797,0.04581657255852301,0.06132179070159866,ex_housing,fam,-0.30286920044306775,-4.939014288034676
2019-09-01,0.04186329740448115,0.04736638332984355,0.06321479209271924,ex_housing,fam,-0.348416877404234,-5.5116352655751735
2019-10-01,0.04683806197530797,0.0520185666884358,0.06999810947391388,ex_housing,fam,-0.41426750624098396,-5.918267069703769
2019-11-01,0.05105917176719401,0.05630456387938941,0.0760081767653985,ex_housing,fam,-0.4203219328577701,-5.529956785506199
2019-12-01,0.05529592682642084,0.06159344667607509,0.082773136928785,ex_housing,fam,-0.44992127287293293,-5.435595285702761
2020-01-01,0.06803184987989762,0.06473756323086191,0.09391104669393675,ex_housing,fam,-0.4523021109361869,-4.816282289029041
2020-02-01,0.06283665840561072,0.06092673009227847,0.08752435135047136,ex_housing,fam,-0.4480948952934938,-5.119659710463887
2020-03-01,0.05995094788394645,0.05985997481746803,0.08471914032455458,ex_housing,fam,-0.47311206526237104,-5.584476700895495
2020-04-01,0.069436866770994,0.07007709635114764,0.09865230813306297,ex_housing,fam,-0.4953012952520597,-5.020676197296809
2020-05-01,0.07285547410293604,0.07287456380475357,0.1030466989112057,ex_housing,fam,-0.4314077771532143,-4.186526901991825
2020-06-01,0.07234704627207698,0.07043767035961326,0.1009730682409106,ex_housing,fam,-0.4521918195503405,-4.478340882654578
2020-07-01,0.06318653282754769,0.062233620871457604,0.08868800086561364,ex_housing,fam,-0.4337955364385415,-4.891253971276896
2020-08-01,0.056962313615617904,0.056261232668351584,0.08006267216254027,ex_housing,fam,-0.3625372953359518,-4.528168815049566
2020-09-01,0.055778708234462224,0.05249611951433388,0.07659704208628745,ex_housing,fam,-0.2754355783388007,-3.5959035863097606
2020-10-01,0.05851866449222935,0.051972389858972436,0.07826597857055852,ex_housing,fam,-0.15632726713903367,-1.9973846873721914
2020-11-01,0.05587817229322028,0.048142732745043555,0.0737569851267763,ex_housing,fam,-0.07850765402566129,-1.0644097489982727
2020-12-01,0.051293042297578924,0.042881300442177195,0.06685642912804637,ex_housing,fam,-0.03885191955772527,-0.5811246586818802
2021-01-01,0.05065610644062982,0.041298521531796896,0.0653575473869446,ex_housing,fam,-0.024482514493762153,-0.3745935316209956
2021-02-01,0.04333772025585727,0.03629766542425269,0.05653033267393648,ex_housing,fam,0.006273882585361434,0.11098258737568037
2021-03-01,0.035198304042138286,0.036646316282283056,0.05081213540586473,ex_housing,fam,0.08025934274131785,1.579530993929736
2021-04-01,0.06815230926614198,0.07383002484751797,0.10047691191160775,ex_housing,fam,0.2527763632826696,2.5157656467890237
2021-05-01,0.10087813457708188,0.09831119470146828,0.14085982052871518,ex_housing,fam,0.36087589235513917,2.5619505335204678
2021-06-01,0.17344486792011976,0.14265519280329841,0.2245743223112875,ex_housing,fam,0.5591476511217941,2.4898111474505398
2021-07-01,0.1740353480344223,0.14280662353465304,0.22512670674717963,ex_housing,fam,0.6181222694873423,2.745663890430832
2021-08-01,0.14494846673229708,0.12243098440070709,0.18973508887227478,ex_housing,fam,0.5835164722452824,3.0754273008409743
2021-09-01,0.11609488520418762,0.10219645765459019,0.15466783223320857,ex_housing,fam,0.5280689600158706,3.414213236141092
2021-10-01,0.1186935793378222,0.10831486507096356,0.1606868873659731,ex_housing,fam,0.517114559625087,3.2181503301344714
2021-11-01,0.13771806629188904,0.12632234227961955,0.18687857004532785,ex_housing,fam,0.5050524993588166,2.7025704404540063
2021-12-01,0.16561860502104203,0.14133788960267307,0.2177290090145393,ex_housing,fam,0.5392143098121647,2.476538667275878
2022-01-01,0.1837803921699103,0.1564268461412916,0.24133916122303348,ex_housing,fam,0.542846098557769,2.2493079689462334
2022-02-01,0.1810830237900802,0.15692652289522407,0.23961843646294007,ex_housing,fam,0.4628621137733333,1.9316631917215628
2022-03-01,0.14812246682409327,0.13550394533530313,0.2007525451382558,ex_housing,fam,0.30914176209586586,1.5399145344979996
2022-04-01,0.10550762588441882,0.10433898761255889,0.14838626437706492,ex_housing,fam,0.13045126019484066,0.8791329894480694
2022-05-01,0.09343345061355221,0.10879190420101627,0.14340672269192334,ex_housing,fam,-0.014029038772854108,-0.09782692547121588
2022-06-01,0.11633615648396281,0.13926013641529766,0.18145932574510573,ex_housing,fam,-0.17667871703708293,-0.9736546540752715
2022-07-01,0.10118573813117865,0.11825501377322557,0.15563676263549442,ex_housing,fam,-0.18807063409804847,-1.2083946679006365
2022-08-01,0.07819594930471467,0.0968312974878147,0.12446247089319405,ex_housing,fam,-0.2149545400172741,-1.7270630935949738
2022-09-01,0.08453869692124803,0.10319856359377601,0.1334044032442755,ex_housing,fam,-0.3202305380187962,-2.4004495371297843
2022-10-01,0.08236486747085434,0.09381496786308208,0.1248407769466472,ex_housing,fam,-0.3504950729498191,-2.8075367802269366
2022-11-01,0.08517984910686675,0.08832128850233477,0.12270393920563936,ex_housing,fam,-0.33146619405726163,-2.701349249283333
2022-12-01,0.09816021578063869,0.08950565168001129,0.13284084328535803,ex_housing,fam,-0.2735024339822978,-2.0588730635711325
2023-01-01,0.10732654810235837,0.09976494662118611,0.14653338357485626,ex_housing,fam,-0.22233999570846485,-1.5173333904139525
2023-02-01,0.10619710740604862,0.09804689144058387,0.14453725659003447,ex_housing,fam,-0.16358446499133983,-1.1317806138754305
2023-03-01,0.08494343572045686,0.07743738535809015,0.11494318563139244,ex_housing,fam,-0.06864376806379191,-0.597197369176137
2023-04-01,0.07744538238814651,0.06363630627170547,0.10023655385712606,ex_housing,fam,0.017900812855220494,0.1785856772444086
2023-05-01,0.08160059936194136,0.06562407602284054,0.10471474189472856,ex_housing,fam,0.07492663866914828,0.715530949257109
2023-06-01,0.09102813717075511,0.07344358332367906,0.116961881346873,ex_housing,fam,0.12645883345488995,1.0811969848522862
2023-07-01,0.09191735636012871,0.07091609200688712,0.11609432589822886,ex_housing,fam,0.14683003253961324,1.2647477075522886
2023-08-01,0.09365476357474045,0.0683953485901184,0.11597042057785399,ex_housing,fam,0.14781225689249888,1.274568602545238
2023-09-01,0.09685821060568886,0.06924805796675482,0.11906639531749927,ex_housing,fam,0.21233170315694272,1.783305042457569
2023-10-01,0.08765509825215688,0.06339045609814424,0.10817470209769948,ex_housing,fam,0.15135351702725286,1.3991581589062831
2023-11-01,0.07744520783322263,0.055783972116790724,0.0954442861645365,ex_housing,fam,0.09652104125397187,1.0112815039297287
2023-12-01,0.07264188664322199,0.04907393604081225,0.08766467300814192,ex_housing,fam,0.01980377581735082,0.22590372082391197
2024-01-01,0.05479477748283023,0.04969113937973494,0.0739707845858696,ex_housing,fam,-0.010323639920450933,-0.13956374774512023
2024-02-01,0.049103105875663244,0.04444156990032949,0.06622815218502223,ex_housing,fam,0.023473860245126765,0.35443930519981315
2024-03-01,0.048500599198216525,0.04500445608912244,0.06616425916205661,ex_housing,fam,-0.025537122443863858,-0.38596551623612374
2024-04-01,0.05649863970924404,0.05500051125755014,0.07884892217137066,ex_housing,fam,-0.06035781431104059,-0.7654868658807866
2024-05-01,0.06194027736007164,0.0618331688559174,0.08752107592007194,ex_housing,fam,-0.10199705893367828,-1.1653999663672603
2024-06-01,0.0614345177163038,0.06259603568127071,0.08770669102209798,ex_housing,fam,-0.19248474572564067,-2.194641520304802
2024-07-01,0.06377513175642376,0.06538254990214973,0.0913353450875197,ex_housing,fam,-0.2659619821848258,-2.911928366066551
2024-08-01,0.06032302234984768,0.061555525598176425,0.08618555422510188,ex_housing,fam,-0.24162097436961627,-2.803497367302921
2024-09-01,0.051773944937525206,0.052384380034896136,0.07365232274704116,ex_housing,fam,-0.21321860243814772,-2.8949338525337054
2024-10-01,0.045878518473892446,0.046250894616485565,0.06514586487402362,ex_housing,fam,-0.1787194430154626,-2.7433735565728217
2024-11-01,0.042417446457393065,0.04352420548387487,0.06077496381708812,ex_housing,fam,-0.1437232732867555,-2.3648434200522677
2024-12-01,0.03953963440014884,0.04063631139932428,0.056698258285773524,ex_housing,fam,-0.13748065912353447,-2.424777467247711
2025-01-01,0.036875544693908954,0.03470491662906855,0.05063829612756609,ex_housing,fam,-0.13104919282587169,-2.5879463340499744
2025-02-01,0.035120352212453895,0.03291458815339951,0.04813324477774922,ex_housing,fam,-0.2034523013337619,-4.226856142219042
2025-03-01,0.0358376677697385,0.029667323899219764,0.04652406407995082,ex_housing,fam,-0.16009261877942826,-3.4410712379793775
2025-04-01,0.03438581241276079,0.0295042381452394,0.0453087647571259,ex_housing,fam,-0.1713337018998784,-3.7814692768231346
2025-05-01,0.031161510523336433,0.027460236045355708,0.04153437494127798,ex_housing,fam,-0.172244745700878,-4.14704075706931
2025-06-01,0.02494310421927621,0.02325785360638059,0.03410404964911799,ex_housing,fam,-0.12469701590449578,-3.656369762167547
2025-07-01,0.024447552931931057,0.02233316553400045,0.033112733610027374,ex_housing,fam,-0.0820329234479722,-2.4773830035926285
2025-08-01,0.019829545723413937,0.02206795615531095,0.029668258669320154,ex_housing,fam,-0.09321870011174127,-3.1420347635076546
2025-09-01,0.015982725243454742,0.01997710474450331,0.025583827316893425,ex_housing,fam,-0.11708045002043477,-4.5763461647165125
2025-11-01,0.014252358451278013,0.018151599755930007,0.02307835122193945,ex_housing,fam,-0.08647532091339283,-3.7470320163593405
2025-12-01,0.020163956961655367,0.019575050930215738,0.028102807320124264,ex_housing,fam,-0.052351445448239886,-1.8628546554760494
2026-01-01,0.028512653761329197,0.025822923358039408,0.038468101009389806,ex_housing,fam,-0.049952463148894566,-1.298542476445653
2026-02-01,0.03399993147696916,0.03135204066481861,0.04624873829940703,ex_housing,fam,0.035274347534230976,0.7627094020569906
2026-03-01,0.05358045427088796,0.050647907429058746,0.0737297470958447,ex_housing,fam,0.08846915891074225,1.1999113301682305
2026-04-01,0.07337970775119336,0.06539848515789717,0.09829315017130259,ex_housing,fam,0.04445242802810778,0.45224339590945367
2026-05-01,0.09713974190176673,0.08557121147534273,0.12945486352431756,ex_housing,fam,0.04848711508245174,0.374548423770449
2026-06-01,0.07275276305279077,0.0649577184412783,0.09753189076867065,ex_housing,fam,0.05658354583608638,0.5801543002000555
2026-07-01,0.06445953471588421,0.05854170406520152,0.08707561501732798,ex_housing,fam,0.05718991800596207,0.6567845428893189
2014-01-01,0.03261380129724063,0.01432261542440287,0.03562018174646556,ex_housing,par,-0.005655977851537486,-0.1587857662208224
2014-02-01,0.050498384494408466,0.021118167144429788,0.05473631171430157,ex_housing,par,-0.061367801819356416,-1.121153397029529
2014-03-01,0.04154426279653012,0.018142612638283144,0.04533299201078557,ex_housing,par,0.024706840424970622,0.5450079363632649
2014-04-01,0.03642856393756654,0.01782788794533152,0.04055704450702332,ex_housing,par,0.059697177447959326,1.4719311570551321
2014-05-01,0.03934473678178064,0.01921269603029241,0.043785111638318525,ex_housing,par,0.07365402321428682,1.6821705017608892
2014-06-01,0.043591535845381855,0.02063339181389755,0.04822819564430154,ex_housing,par,0.08383504646365392,1.7382994603813164
2014-07-01,0.037919922629134906,0.01860408161779775,0.04223780753118298,ex_housing,par,0.10816424487987142,2.5608394753922017
2014-08-01,0.04194287942454098,0.01827502600435908,0.04575130282168567,ex_housing,par,0.11834163679926846,2.5866287843321407
2014-09-01,0.04488035106268027,0.01903662287395928,0.04875078380861969,ex_housing,par,0.138241729283739,2.8356821877250784
2014-10-01,0.049630362062280726,0.021005395003116073,0.053892480529940424,ex_housing,par,0.15600712864678457,2.894784710459068
2014-11-01,0.06273937183126926,0.02573179992320158,0.06781116652196702,ex_housing,par,0.0865492841144011,1.2763279051742014
2014-12-01,0.09129767119822736,0.03611988408709517,0.09818304737929467,ex_housing,par,0.004712127408101896,0.04799328941072991
2015-01-01,0.11806771511820681,0.05869061301886424,0.1318505722769686,ex_housing,par,-0.03507738588590659,-0.26603893544141893
2015-02-01,0.09607701934770886,0.04772465552249884,0.1072773806143737,ex_housing,par,-0.050290011174247695,-0.46878485367780803
2015-03-01,0.09094348190727178,0.04546149182672817,0.10167332069195902,ex_housing,par,-0.12094245923448543,-1.1895201062715988
2015-04-01,0.10551935041098642,0.05226905426467392,0.11775562553389951,ex_housing,par,-0.16358137996949074,-1.389159789418289
2015-05-01,0.0874483409787976,0.0436614333824719,0.09774217669438348,ex_housing,par,-0.1727683029213778,-1.76759213641807
2015-06-01,0.08929643062206466,0.04403233045023896,0.09956253636142587,ex_housing,par,-0.1445856000149126,-1.4522088859814373
2015-07-01,0.08406643306688817,0.0427284324047513,0.09430208960758499,ex_housing,par,-0.1289544119844721,-1.36746081153752
2015-08-01,0.08573033673772566,0.04379606492864119,0.09626934060435642,ex_housing,par,-0.13251452311688894,-1.3764976708575516
2015-09-01,0.10099648325410157,0.05146574199838069,0.11335348353332554,ex_housing,par,-0.2359191617748002,-2.0812696215501907
2015-10-01,0.08799654513556993,0.04533950671067693,0.09899021580218882,ex_housing,par,-0.2862282196337995,-2.8914799034862857
2015-11-01,0.07764977583901986,0.03990872524893689,0.08730517761762567,ex_housing,par,-0.26796315557803263,-3.0692699206413927
2015-12-01,0.06690979417605447,0.03424074893311388,0.0751621543343624,ex_housing,par,-0.2372881196186949,-3.1570159439963295
2016-01-01,0.057377149776420076,0.02220265144208205,0.06152312611956849,ex_housing,par,-0.23895969143028495,-3.884062896379378
2016-02-01,0.07942424176387039,0.033102719643548814,0.08604650037953389,ex_housing,par,-0.26730758217028416,-3.1065479826749947
2016-03-01,0.07788762365319754,0.03223821890902889,0.08429581648438199,ex_housing,par,-0.27981050767286186,-3.3193878337331735
2016-04-01,0.07141006105074267,0.02957414404470273,0.07729182890349809,ex_housing,par,-0.2568571197000269,-3.3232118238620436
2016-05-01,0.0823861962691874,0.035354980318883525,0.08965188212778195,ex_housing,par,-0.2660117642083626,-2.967163186035656
2016-06-01,0.09007933530797943,0.03774356297338474,0.09766710395754166,ex_housing,par,-0.2834230119628023,-2.901929108966038
2016-07-01,0.09867926089411262,0.04185448802711154,0.10718859406961156,ex_housing,par,-0.3346239752537783,-3.1218244642378945
2016-08-01,0.0990473206577562,0.043220104004209656,0.10806641069090377,ex_housing,par,-0.3927958438254109,-3.6347634876937165
2016-09-01,0.08732819567965056,0.03703099876634114,0.09485519822495811,ex_housing,par,-0.3597780333687295,-3.792918470482574
2016-10-01,0.08022744455282206,0.033077559735417754,0.086778844297019,ex_housing,par,-0.30963730450248583,-3.5681197071798567
2016-11-01,0.07705931153199214,0.0313272949329056,0.08318375383209073,ex_housing,par,-0.275742132521839,-3.3148556036366665
2016-12-01,0.07991686761835272,0.031753367410058596,0.08599408160918683,ex_housing,par,-0.2466813410903601,-2.8685850988146018
2017-01-01,0.10730803814890545,0.04092810579900744,0.11484826901465121,ex_housing,par,-0.16818400190752314,-1.4644017132384284
2017-02-01,0.1462184666240449,0.05573986748507099,0.1564825000092349,ex_housing,par,-0.14080548922565939,-0.8998162044787735
2017-03-01,0.12340562019189832,0.044990171363803726,0.13135091402153046,ex_housing,par,-0.14545350815848845,-1.1073657860854045
2017-04-01,0.10424092554860238,0.03801169565939811,0.11095521423588875,ex_housing,par,-0.11961643608184858,-1.0780605211355478
2017-05-01,0.08660781521621666,0.0298819642050561,0.0916179318762358,ex_housing,par,-0.06700562266221954,-0.7313592578441481
2017-06-01,0.08594499337062422,0.028649083841520703,0.09059421554622085,ex_housing,par,-0.04580946504628702,-0.5056555186232082
2017-07-01,0.09646107242304192,0.032241390687871914,0.10170666530022175,ex_housing,par,0.012871692401672519,0.12655701928361676
2017-08-01,0.10672543505194385,0.0358603906452168,0.1125890141366121,ex_housing,par,0.06419030446502827,0.5701293768070631
2017-09-01,0.13170279053435602,0.04589521839717403,0.13947041301387458,ex_housing,par,0.06621384879310632,0.47475193743435273
2017-10-01,0.11299885872881306,0.03835315937861511,0.11933024305822772,ex_housing,par,0.030900875962647234,0.25895259383297337
2017-11-01,0.11286673505720762,0.03969543049070702,0.11964375071150374,ex_housing,par,0.05477116481564792,0.4577854212186753
2017-12-01,0.08696857836140529,0.029775137788894766,0.09192438442846143,ex_housing,par,0.06249732210910075,0.6798775156089102
2018-01-01,0.08381446906907647,0.03035992658281548,0.08914365018017337,ex_housing,par,0.0739523743171322,0.8295865624490673
2018-02-01,0.09241871311174933,0.03413514153563265,0.09852119782508484,ex_housing,par,0.1030519321127743,1.0459874056315612
2018-03-01,0.07959181759002981,0.030027021107264944,0.08506749922185743,ex_housing,par,0.11030947034835759,1.296728731388573
2018-04-01,0.09943200451220109,0.03584459517875757,0.10569559368698106,ex_housing,par,0.15045754581102244,1.4234987530000969
2018-05-01,0.12433825062699008,0.046254388822769436,0.13266299052240657,ex_housing,par,0.14904678409346506,1.1234993535615443
2018-06-01,0.12013841224517588,0.047850063816245555,0.12931692350195545,ex_housing,par,0.10711320967251581,0.8283000149697817
2018-07-01,0.10557082790784655,0.04520766955135128,0.11484308029399214,ex_housing,par,0.09109818691597216,0.79324053902739
2018-08-01,0.0829172963277684,0.03685188949967323,0.09073775283752117,ex_housing,par,0.0877657875893112,0.9672466514182724
2018-09-01,0.06707601104000936,0.026442905673988396,0.07210005906740233,ex_housing,par,0.031107418523035335,0.43144789235130504
2018-10-01,0.07516627187255526,0.03264951633896678,0.08195095694613548,ex_housing,par,0.017604616660160666,0.2148189272729516
2018-11-01,0.03966693213951844,0.01963521875201104,0.0442606746536978,ex_housing,par,-0.09642631567039484,-2.1786002229936368
2018-12-01,0.042693202379084465,0.01959385116146674,0.04697476485006791,ex_housing,par,-0.23554350620940134,-5.014256206735665
2019-01-01,0.04957979288475058,0.02308538497741716,0.05469086634942184,ex_housing,par,-0.2681425382107916,-4.90287603962277
2019-02-01,0.05371419194916351,0.024521404999988887,0.05904670795162981,ex_housing,par,-0.291218541420335,-4.932003011224554
2019-03-01,0.060608311011825816,0.02691457520234612,0.06631562200589655,ex_housing,par,-0.3056911736170731,-4.609640449272905
2019-04-01,0.07176545914622696,0.03125905795717574,0.0782777735429339,ex_housing,par,-0.35338553628001534,-4.514506740360851
2019-05-01,0.07253394805911344,0.03296558392915092,0.07967373058186783,ex_housing,par,-0.3961367191137377,-4.971986578520909
2019-06-01,0.07259704960459964,0.03440986407425915,0.08033909606724295,ex_housing,par,-0.3884209118491855,-4.834768261819643
2019-07-01,0.08176152663870875,0.03883265851812027,0.09051476457394793,ex_housing,par,-0.3804051672837483,-4.202686369172052
2019-08-01,0.09153832748669867,0.044492859299544434,0.10177858285371806,ex_housing,par,-0.43735706090655135,-4.297142371643607
2019-09-01,0.09365823285946347,0.04571418449192551,0.10421924604466914,ex_housing,par,-0.4546633833639513,-4.362566422415675
2019-10-01,0.10573020074234564,0.05112885706852173,0.11744375408743554,ex_housing,par,-0.4821748642614532,-4.105581161025213
2019-11-01,0.11728881429462512,0.055674884819097374,0.1298320405688011,ex_housing,par,-0.393044849184232,-3.027333218073763
2019-12-01,0.12952998090794338,0.06020197945186176,0.1428365999453031,ex_housing,par,-0.2749720474990447,-1.9250811599011786
2020-01-01,0.18689039994740442,0.07304163746068401,0.20065667792385775,ex_housing,par,-0.2730000986952641,-1.3605333324558386
2020-02-01,0.18274099774224475,0.06707069523879122,0.19466060314209938,ex_housing,par,-0.28013698428999145,-1.4391046763863953
2020-03-01,0.19569426086143224,0.06302647244691036,0.20559323909896315,ex_housing,par,-0.3807873653084659,-1.8521395303528068
2020-04-01,0.2341949670569498,0.0725723345441233,0.24518161908265057,ex_housing,par,-0.4915787234845759,-2.0049574895696605
2020-05-01,0.24587716441302662,0.07615263984326125,0.2574000865090919,ex_housing,par,-0.5554514929692722,-2.1579304828619494
2020-06-01,0.23519295150949776,0.07607846850293437,0.2471915407320828,ex_housing,par,-0.4455718701451339,-1.8025368862766404
2020-07-01,0.21361548159639546,0.06602528567541141,0.22358647617013794,ex_housing,par,-0.4332850567650537,-1.9378857978661723
2020-08-01,0.20425204173737987,0.05884565466211911,0.21255989185756977,ex_housing,par,-0.4693465730282176,-2.208067424792976
2020-09-01,0.18344041244095635,0.05828264810672359,0.19247662711830843,ex_housing,par,-0.44162894430632704,-2.2944549211934895
2020-10-01,0.16423739580163008,0.06232724481599931,0.17566618236318227,ex_housing,par,-0.3883626930309525,-2.210799414016008
2020-11-01,0.14657783062030766,0.05990507632897265,0.15834670378424565,ex_housing,par,-0.3249181520424749,-2.051941368386109
2020-12-01,0.13301821408640188,0.05507036199705682,0.14396732285217614,ex_housing,par,-0.24816485461762738,-1.7237582091627832
2021-01-01,0.1444064055041368,0.05394266360486632,0.1541525896876629,ex_housing,par,-0.17634250937748064,-1.1439477580933148
2021-02-01,0.11808297035799024,0.046380994914956813,0.1268652220975759,ex_housing,par,-0.0814827552735764,-0.6422781115765954
2021-03-01,0.10386397997155818,0.03743724878419803,0.11040504486689988,ex_housing,par,0.11653682024810319,1.0555389057501452
2021-04-01,0.2307336849007322,0.07130906905892725,0.24150158731967214,ex_housing,par,0.1614821927309107,0.6686589290080278
2021-05-01,0.3182444621324379,0.10652525061829365,0.33559971200412997,ex_housing,par,0.22694596808576772,0.6762400561385907
2021-06-01,0.47293078847400244,0.18571104294621957,0.5080867270051582,ex_housing,par,0.07355192027340696,0.14476253041867052
2021-07-01,0.461264130417607,0.1868138669970773,0.4976585364608075,ex_housing,par,0.10455508911644262,0.21009403327029383
2021-08-01,0.3853857844023177,0.1556639701410068,0.4156362284732287,ex_housing,par,0.2832921635248731,0.6815867918095115
2021-09-01,0.3106831096144523,0.12468718739839951,0.3347699050109334,ex_housing,par,0.410241322354743,1.2254426584174127
2021-10-01,0.32207549391574875,0.1273082403862377,0.3463235652555477,ex_housing,par,0.3839996039782356,1.1087885506574964
2021-11-01,0.3764995136984624,0.1475608521840111,0.4043835912997092,ex_housing,par,0.2773489894061232,0.6858561904421235
2021-12-01,0.4394904955915434,0.1777732671957682,0.474083568840725,ex_housing,par,0.13615904797430645,0.28720473967755455
2022-01-01,0.4208985254240593,0.19854194839757522,0.4653756267550471,ex_housing,par,0.058992350131914506,0.1267628701211837
2022-02-01,0.4104167902095135,0.19573526559707996,0.4547023596642525,ex_housing,par,0.14399607445521134,0.3166820479258928
2022-03-01,0.3457114536217561,0.15994028538395608,0.38091640034785706,ex_housing,par,0.4640630752122945,1.2182806379260829
2022-04-01,0.2561071807266377,0.11367268202331686,0.2802005829011081,ex_housing,par,0.5298518194629231,1.8909732948340263
2022-05-01,0.24626271265851643,0.09991043478540619,0.2657581957813153,ex_housing,par,0.7109516237206357,2.6751823086037847
2022-06-01,0.339530458205288,0.12287395943382662,0.3610802430984538,ex_housing,par,0.9395153957440616,2.6019573590679372
2022-07-01,0.27629834600450776,0.10754533506685739,0.29649076730898266,ex_housing,par,0.7148873506575448,2.411162267027821
2022-08-01,0.18750948366861503,0.08406686143134763,0.20549219852974468,ex_housing,par,0.376086527309738,1.830174235326506
2022-09-01,0.19596435541549648,0.09114755897139402,0.21612474661605685,ex_housing,par,0.35340875434184404,1.6352072581936703
2022-10-01,0.1904897190320636,0.08866064628990629,0.21011197790097166,ex_housing,par,0.5838662536797194,2.778833741477141
2022-11-01,0.19984280130168175,0.09155219982466796,0.21981571946710132,ex_housing,par,0.741408779827891,3.3728651509786762
2022-12-01,0.23999860046388283,0.10534628882702268,0.26210144752413894,ex_housing,par,0.7141268746450491,2.7246201094684137
2023-01-01,0.2574430777142924,0.1158044907271151,0.2822899543653187,ex_housing,par,0.9404774033208163,3.331600677875063
2023-02-01,0.254976587401903,0.11462923353337155,0.2795584398718245,ex_housing,par,1.0304825412230434,3.6861077837446516
2023-03-01,0.20070674708940883,0.09202185812445601,0.2207967859817924,ex_housing,par,0.7473560685506309,3.3848140733908156
2023-04-01,0.16282952915020862,0.08456633305293616,0.18348002684024972,ex_housing,par,0.8520370056830373,4.643758889488713
2023-05-01,0.16341640178770978,0.08957860211017446,0.18635784482885379,ex_housing,par,0.8064730581420099,4.327550894799486
2023-06-01,0.1823544047024614,0.1000896626068202,0.20801699323645695,ex_housing,par,0.7201326988265699,3.461893606009299
2023-07-01,0.17712135382421088,0.10125948686559909,0.2040231792243365,ex_housing,par,0.9443711893693085,4.628744601273526
2023-08-01,0.1766467863549184,0.1030091063260442,0.20448707322373821,ex_housing,par,1.3362306693960435,6.534548362057172
2023-09-01,0.18151838427193204,0.10663915872650795,0.21052513864759748,ex_housing,par,1.409019348372953,6.692879327497038
2023-10-01,0.1620905480132571,0.09663488085971987,0.18871048183397302,ex_housing,par,1.1967126341121848,6.341527097392763
2023-11-01,0.13728118414386745,0.08557644573040234,0.16176974866702037,ex_housing,par,0.9774502246089778,6.04223121234439
2023-12-01,0.12151498711316226,0.08029365717211007,0.14564670773891297,ex_housing,par,0.9929097265285014,6.817247996490222
2024-01-01,0.13867572924996152,0.05912548839472013,0.15075404227058994,ex_housing,par,0.8391213481843574,5.56616151411854
2024-02-01,0.12382232104378903,0.052881092581120864,0.1346416619818852,ex_housing,par,0.7514108153676702,5.580819519806325
2024-03-01,0.11469630316899773,0.05276923967949901,0.12625305785202612,ex_housing,par,0.7418418200857868,5.875832496312735
2024-04-01,0.11938130983034963,0.06262847877128239,0.13481180768024328,ex_housing,par,0.685021286221521,5.081315190478757
2024-05-01,0.12032401613603792,0.069347902372566,0.13887764551064533,ex_housing,par,0.5381283361454159,3.874837697361214
2024-06-01,0.11489522394542569,0.06905959137316049,0.13405274949100232,ex_housing,par,0.4477756020229595,3.3402940538195707
2024-07-01,0.11505021071140568,0.07194690539615552,0.13569417150645122,ex_housing,par,0.40739382004459923,3.002294170204877
2024-08-01,0.10889345531553953,0.06792359571874973,0.12834095007409585,ex_housing,par,0.30103800226519706,2.3456114520844435
2024-09-01,0.09900734955759857,0.05763410950212321,0.11456066447312202,ex_housing,par,0.18048916995714315,1.5754899012434511
2024-10-01,0.08647363833181387,0.051096791171357715,0.10044188466148317,ex_housing,par,0.12967538381405408,1.29104889111844
2024-11-01,0.07713479723525539,0.04747394998566879,0.0905734667094384,ex_housing,par,0.14815901037970036,1.6357882254302754
2024-12-01,0.07030337807067283,0.04441732447184279,0.08315926696036302,ex_housing,par,0.20617063534509317,2.479226223138333
2025-01-01,0.08721180392510157,0.03999944418947118,0.09594714315359776,ex_housing,par,0.146580304270727,1.5277193197516337
2025-02-01,0.0778972264113653,0.038205575061776915,0.08676199541495445,ex_housing,par,0.025902251422804667,0.2985437494714432
2025-03-01,0.06717307948111023,0.03933598102614188,0.077843060129112,ex_housing,par,-0.06461552474787968,-0.8300743141483278
2025-04-01,0.06394635887726965,0.03774203533024652,0.07425360627289519,ex_housing,par,-0.08980643390568144,-1.2094555189094365
2025-05-01,0.06114523040664294,0.034108100558315695,0.07001501071325797,ex_housing,par,-0.04351147312220416,-0.6214592082318267
2025-06-01,0.05006972528208557,0.027271469339073567,0.05701500179545335,ex_housing,par,-0.01894143446510288,-0.3322184314412029
2025-07-01,0.048660995841609475,0.02674550509937549,0.05552670131853552,ex_housing,par,-0.05938037113353278,-1.0694021024748117
2025-08-01,0.038233385522118433,0.02169194880900829,0.04395830310209405,ex_housing,par,-0.13900468138767774,-3.1621939787993303
2025-09-01,0.026321228932193082,0.017596484221346128,0.03166138577910009,ex_housing,par,-0.19164871780770198,-6.053074213012201
2025-11-01,0.03677142263171362,0.015336333922022327,0.039841444006560214,ex_housing,par,0.05254765138167361,1.318919348731969
2025-12-01,0.04843177922061554,0.02182770413588119,0.0531233085031233,ex_housing,par,0.04588480578777698,0.8637414927776808
2026-01-01,0.0798940589047621,0.030421380663647666,0.08548988858198467,ex_housing,par,0.041059778888330456,0.48028813195790043
2026-02-01,0.10001848042303606,0.036114573954574916,0.10633888695135806,ex_housing,par,0.009558075739435345,0.08988316516616765
2026-03-01,0.1619916857903756,0.0567474791955977,0.17164376673873877,ex_housing,par,0.043881451188054754,0.25565420767564073
2026-04-01,0.21843508726333938,0.07782233406185202,0.23188402926156254,ex_housing,par,0.1462962837793791,0.6309028019103401
2026-05-01,0.2782640243063896,0.10337839064474046,0.2968466925459732,ex_housing,par,0.223329909529979,0.7523409057198489
2026-06-01,0.2155008483279088,0.07719052023341906,0.22890826119638896,ex_housing,par,0.23979659113313456,1.0475663476706247
2026-07-01,0.19328596457844907,0.0683135794710068,0.20500294935235205,ex_housing,par,0.23752316663963047,1.1586329240141018
2014-01-01,0.01432261542440287,0.013005524420676396,0.019346342756504476,ex_housing,mk,-0.06592072795852388,-3.4073999819092697
2014-02-01,0.021118167144429788,0.021032270482157955,0.029804922163540817,ex_housing,mk,-0.1030634898025351,-3.45793521073538
2014-03-01,0.018142612638283144,0.01764038892694935,0.025304895076582092,ex_housing,mk,-0.09440062371781632,-3.7305281619277486
2014-04-01,0.01782788794533152,0.015429740396752246,0.02357775386465948,ex_housing,mk,-0.04916283147695655,-2.0851363433158214
2014-05-01,0.01921269603029241,0.016612820580860707,0.02539908455839074,ex_housing,mk,-0.07111792359493219,-2.8000191672828603
2014-06-01,0.02063339181389755,0.017904388442591665,0.027318564809466556,ex_housing,mk,-0.09639111007844203,-3.5284104692439824
2014-07-01,0.01860408161779775,0.01608897922798935,0.02459607906639497,ex_housing,mk,-0.06955514040805078,-2.827895463349778
2014-08-01,0.01827502600435908,0.01767349373747656,0.02542300053787168,ex_housing,mk,-0.035266928512456275,-1.387205592035467
2014-09-01,0.01903662287395928,0.0187451997808662,0.02671657772376424,ex_housing,mk,0.002398590864105543,0.08977912099767218
2014-10-01,0.021005395003116073,0.02091566211335681,0.02964273167029387,ex_housing,mk,0.019023981000731993,0.641775569550382
2014-11-01,0.02573179992320158,0.02720798205631755,0.0374486290118153,ex_housing,mk,-0.0012646754518064185,-0.033770941291533116
2014-12-01,0.03611988408709517,0.03932077704900805,0.053392598121865066,ex_housing,mk,-0.05274400527692791,-0.9878523827692972
2015-01-01,0.05869061301886424,0.05535879538517798,0.08067951588245978,ex_housing,mk,-0.08423058538984396,-1.0440145118440927
2015-02-01,0.04772465552249884,0.04504508764944603,0.06562547269229727,ex_housing,mk,-0.05672494512821702,-0.8643738902146615
2015-03-01,0.04546149182672817,0.04266389377966094,0.06234544948553875,ex_housing,mk,-6.001921047271708e-4,-0.00962687910151947
2015-04-01,0.05226905426467392,0.04905222209277608,0.07168106113864706,ex_housing,mk,0.0016636754697429978,0.023209414639176182
2015-05-01,0.0436614333824719,0.04086290218818607,0.05980048110386148,ex_housing,mk,0.04612445364765572,0.7713057285868112
2015-06-01,0.04403233045023896,0.04154381427063395,0.06053705170415859,ex_housing,mk,0.07190431067343184,1.1877735807951872
2015-07-01,0.0427284324047513,0.039702347637049086,0.05832662636961355,ex_housing,mk,0.04461342467666496,0.7648895102204512
2015-08-01,0.04379606492864119,0.04030682113974223,0.05952087981225518,ex_housing,mk,0.008881031713592336,0.14920867671320537
2015-09-01,0.05146574199838069,0.047431788450427656,0.06998926457000394,ex_housing,mk,-0.053525722142155896,-0.7647704611700692
2015-10-01,0.04533950671067693,0.04170391424848735,0.06160265686163791,ex_housing,mk,-0.09077663751843046,-1.473583156036898
2015-11-01,0.03990872524893689,0.036744784354389,0.05424836889940272,ex_housing,mk,-0.09629810585206622,-1.7751336640303388
2015-12-01,0.03424074893311388,0.03179547355464804,0.04672666290315265,ex_housing,mk,-0.10166363504814369,-2.175709300252307
2016-01-01,0.02220265144208205,0.022939190139639774,0.031924350820668766,ex_housing,mk,-0.034251564654264044,-1.0728977653036118
2016-02-01,0.033102719643548814,0.031847943508121146,0.04593562401335012,ex_housing,mk,-0.05671828439879345,-1.2347341658471778
2016-03-01,0.03223821890902889,0.03116102789692535,0.04483650764744538,ex_housing,mk,-0.14208269006836804,-3.1689062668658448
2016-04-01,0.02957414404470273,0.029252378068377844,0.0415972549410672,ex_housing,mk,-0.16090274547011507,-3.8681097033463776
2016-05-01,0.035354980318883525,0.03390130435871754,0.04898237510136725,ex_housing,mk,-0.21141647295286337,-4.316174389570629
2016-06-01,0.03774356297338474,0.037265230499310756,0.05304030495851829,ex_housing,mk,-0.2649771365070386,-4.995769475953648
2016-07-01,0.04185448802711154,0.04064788873349968,0.05834422873346252,ex_housing,mk,-0.23653754774062286,-4.054172158504515
2016-08-01,0.043220104004209656,0.041638923683710236,0.06001480946960129,ex_housing,mk,-0.2218019675364058,-3.695787248125031
2016-09-01,0.03703099876634114,0.037443632169499974,0.05266232486016519,ex_housing,mk,-0.18664502898120272,-3.5441851357076084
2016-10-01,0.033077559735417754,0.033746852887363336,0.047254365278262635,ex_housing,mk,-0.13779246224574493,-2.915973189658533
2016-11-01,0.0313272949329056,0.032510525311855755,0.04514790874299791,ex_housing,mk,-0.13686430686332685,-3.031465037338046
2016-12-01,0.031753367410058596,0.033732855865511356,0.04632690262387002,ex_housing,mk,-0.11331890691883562,-2.4460712998422616
2017-01-01,0.04092810579900744,0.036171078859266556,0.05462102882716534,ex_housing,mk,-0.11576322848052545,-2.1193893810903743
2017-02-01,0.05573986748507099,0.05066683109336468,0.07532636059373118,ex_housing,mk,-0.13084941313099563,-1.737099895702185
2017-03-01,0.044990171363803726,0.0394307229987877,0.05982388683086005,ex_housing,mk,-0.14346831361682355,-2.398177738307964
2017-04-01,0.03801169565939811,0.03414224592872449,0.051093854463724005,ex_housing,mk,-0.19483544735421354,-3.8132853627738004
2017-05-01,0.0298819642050561,0.027453361121981778,0.040578551251199135,ex_housing,mk,-0.1825233414106897,-4.498025084256698
2017-06-01,0.028649083841520703,0.026356429045288936,0.03892854167545752,ex_housing,mk,-0.16793265347867514,-4.313869624983877
2017-07-01,0.032241390687871914,0.028092325672789135,0.042763138743479076,ex_housing,mk,-0.19169424181277872,-4.4826981237903185
2017-08-01,0.0358603906452168,0.031654155468827265,0.04783255351402682,ex_housing,mk,-0.19009608756350715,-3.9741990255185056
2017-09-01,0.04589521839717403,0.04122350294984206,0.061690747014280345,ex_housing,mk,-0.18945821953386677,-3.0710962130189547
2017-10-01,0.03835315937861511,0.034817233859034485,0.0517996583764425,ex_housing,mk,-0.22007837309254707,-4.2486452611941266
2017-11-01,0.03969543049070702,0.0385580971214998,0.05533944393896242,ex_housing,mk,-0.1803552276850029,-3.2590719177433147
2017-12-01,0.029775137788894766,0.030264840252262143,0.0424560877359492,ex_housing,mk,-0.10798166539314202,-2.543372956658694
2018-01-01,0.03035992658281548,0.030826702524106065,0.04326673931120386,ex_housing,mk,-0.09948660669356624,-2.2993784204072045
2018-02-01,0.03413514153563265,0.03482909766495582,0.04876754998780136,ex_housing,mk,-0.07437698784351632,-1.525132754508292
2018-03-01,0.030027021107264944,0.030669344250279992,0.04292121472323817,ex_housing,mk,-0.04099265377655037,-0.9550674192442263
2018-04-01,0.03584459517875757,0.035912761940323945,0.050740136713566225,ex_housing,mk,0.010776956378744096,0.2123950993585458
2018-05-01,0.046254388822769436,0.04683158088035355,0.06582298575057982,ex_housing,mk,0.01771136750325919,0.2690757233403557
2018-06-01,0.047850063816245555,0.048706372504421905,0.06827839577610387,ex_housing,mk,0.047633622188736346,0.6976382741172604
2018-07-01,0.04520766955135128,0.046711751686427425,0.06500554693161677,ex_housing,mk,0.05688919905366685,0.8751437644776993
2018-08-01,0.03685188949967323,0.03764917170303735,0.0526832220884497,ex_housing,mk,0.04446502192194668,0.8440072599829693
2018-09-01,0.026442905673988396,0.02631820503861997,0.03730784337023904,ex_housing,mk,0.06351014767127516,1.7023269622156194
2018-10-01,0.03264951633896678,0.03292867298862645,0.04637120250716338,ex_housing,mk,0.10220840082522109,2.2041352239988177
2018-11-01,0.01963521875201104,0.018320927513618482,0.02685513359487509,ex_housing,mk,0.05508538052647616,2.0512048592820404
2018-12-01,0.01959385116146674,0.019230675224095887,0.02745428696783741,ex_housing,mk,-0.008113801816578281,-0.29553861027545786
2019-01-01,0.02308538497741716,0.025508329676588046,0.03440363182056598,ex_housing,mk,-0.050356234447312964,-1.4636894938868272
2019-02-01,0.024521404999988887,0.02307230702011565,0.03366943204754066,ex_housing,mk,-0.06794641504581644,-2.018044585660883
2019-03-01,0.02691457520234612,0.02404042085297973,0.03608789538212401,ex_housing,mk,-0.07203478036879041,-1.9960925846751525
2019-04-01,0.03125905795717574,0.02934690259436877,0.042876210143311874,ex_housing,mk,-0.10440101993116624,-2.434940485229696
2019-05-01,0.03296558392915092,0.031937164702488086,0.045898934770033005,ex_housing,mk,-0.17650482677884494,-3.8455103078793744
2019-06-01,0.03440986407425915,0.03435803792624345,0.048626263641680045,ex_housing,mk,-0.20328898417059094,-4.180641672751134
2019-07-01,0.03883265851812027,0.0398182413916837,0.055618951042889435,ex_housing,mk,-0.24219655765631565,-4.3545689574323445
2019-08-01,0.044492859299544434,0.04581657255852301,0.06386527107637971,ex_housing,mk,-0.25660062948427154,-4.017842955326845
2019-09-01,0.04571418449192551,0.04736638332984355,0.06582826849850666,ex_housing,mk,-0.3001512743389778,-4.559610653374346
2019-10-01,0.05112885706852173,0.0520185666884358,0.07293895602113158,ex_housing,mk,-0.3626895127438523,-4.972507594416012
2019-11-01,0.055674884819097374,0.05630456387938941,0.07918267937666673,ex_housing,mk,-0.3773327757307987,-4.7653448797287075
2019-12-01,0.06020197945186176,0.06159344667607509,0.08612799198495742,ex_housing,mk,-0.4184216217395287,-4.858137431238471
2020-01-01,0.07304163746068401,0.06473756323086191,0.09760139802281441,ex_housing,mk,-0.4210524832394036,-4.314000534510604
2020-02-01,0.06707069523879122,0.06092673009227847,0.09061205548685099,ex_housing,mk,-0.41598676409861923,-4.5908545155890925
2020-03-01,0.06302647244691036,0.05985997481746803,0.08692268296738807,ex_housing,mk,-0.42976712569131603,-4.944245978377789
2020-04-01,0.0725723345441233,0.07007709635114764,0.1008838102680117,ex_housing,mk,-0.439721994676745,-4.358697332193968
2020-05-01,0.07615263984326125,0.07287456380475357,0.10540363658257033,ex_housing,mk,-0.3689903805938144,-3.500736716088134
2020-06-01,0.07607846850293437,0.07043767035961326,0.10367930736382029,ex_housing,mk,-0.40212726139767785,-3.87856816969828
2020-07-01,0.06602528567541141,0.062233620871457604,0.09073236421085924,ex_housing,mk,-0.3851680058621909,-4.245100513054771
2020-08-01,0.05884565466211911,0.056261232668351584,0.08141337343444117,ex_housing,mk,-0.31011208407309976,-3.809104954026014
2020-09-01,0.05828264810672359,0.05249611951433388,0.07843920980221178,ex_housing,mk,-0.22615055837074127,-2.88313152237243
2020-10-01,0.06232724481599931,0.051972389858972436,0.08115303293165656,ex_housing,mk,-0.11310052312447638,-1.3936697007950962
2020-11-01,0.05990507632897265,0.048142732745043555,0.07685272204769801,ex_housing,mk,-0.042503542970906416,-0.5530518872776808
2020-12-01,0.05507036199705682,0.042881300442177195,0.06979649488404949,ex_housing,mk,-0.011543000527813874,-0.16538080525375756
2021-01-01,0.05394266360486632,0.041298521531796896,0.06793657952458353,ex_housing,mk,-0.004713964423719297,-0.06938772097016603
2021-02-01,0.046380994914956813,0.03629766542425269,0.05889581652844486,ex_housing,mk,0.016170702853712804,0.2745645413694681
2021-03-01,0.03743724878419803,0.036646316282283056,0.05238797661287427,ex_housing,mk,0.06907264065973973,1.3184826963285545
2021-04-01,0.07130906905892725,0.07383002484751797,0.10264431742203743,ex_housing,mk,0.23629627580143975,2.302088237674886
2021-05-01,0.10652525061829365,0.09831119470146828,0.1449576490666163,ex_housing,mk,0.336955693641916,2.3245113025188875
2021-06-01,0.18571104294621957,0.14265519280329841,0.23417748718849737,ex_housing,mk,0.551596458949688,2.355463223950684
2021-07-01,0.1868138669970773,0.14280662353465304,0.235144960881091,ex_housing,mk,0.6073117141946138,2.5827120084521886
2021-08-01,0.1556639701410068,0.12243098440070709,0.19804195904248784,ex_housing,mk,0.5536517889096704,2.795628722249158
2021-09-01,0.12468718739839951,0.10219645765459019,0.16121727779140188,ex_housing,mk,0.4850092145998186,3.0084195766372464
2021-10-01,0.1273082403862377,0.10831486507096356,0.16715112343499558,ex_housing,mk,0.4768481764135579,2.852796718407952
2021-11-01,0.1475608521840111,0.12632234227961955,0.19424607912717554,ex_housing,mk,0.47597559023395775,2.4503742488533327
2021-12-01,0.1777732671957682,0.14133788960267307,0.22711172045228178,ex_housing,mk,0.5250019558251218,2.3116462452030495
2022-01-01,0.19854194839757522,0.1564268461412916,0.25276127762617584,ex_housing,mk,0.5366586271255525,2.1231837098056205
2022-02-01,0.19573526559707996,0.15692652289522407,0.2508749245866249,ex_housing,mk,0.44888422371765024,1.789274972208928
2022-03-01,0.15994028538395608,0.13550394533530313,0.20962398262158394,ex_housing,mk,0.26420032711409647,1.2603535330737157
2022-04-01,0.11367268202331686,0.10433898761255889,0.1542987458613576,ex_housing,mk,0.07857982458372526,0.5092706628628839
2022-05-01,0.09991043478540619,0.10879190420101627,0.14770840666222085,ex_housing,mk,-0.08410831435581301,-0.5694213095680577
2022-06-01,0.12287395943382662,0.13926013641529766,0.18571859223393059,ex_housing,mk,-0.2698145146817321,-1.4528136975207875
2022-07-01,0.10754533506685739,0.11825501377322557,0.15984444743921633,ex_housing,mk,-0.2588472594107216,-1.6193697282425332
2022-08-01,0.08406686143134763,0.0968312974878147,0.12823235693104557,ex_housing,mk,-0.2516493339522743,-1.9624480121471508
2022-09-01,0.09114755897139402,0.10319856359377601,0.13768740332456844,ex_housing,mk,-0.35392865838317356,-2.570523154895026
2022-10-01,0.08866064628990629,0.09381496786308208,0.1290812085305022,ex_housing,mk,-0.407158704748543,-3.154283333598712
2022-11-01,0.09155219982466796,0.08832128850233477,0.1272102798340157,ex_housing,mk,-0.40424821788642706,-3.1777952097416278
2022-12-01,0.10534628882702268,0.08950565168001129,0.13823567648147128,ex_housing,mk,-0.3441572512033364,-2.4896413137564113
2023-01-01,0.1158044907271151,0.09976494662118611,0.1528519697187269,ex_housing,mk,-0.3176865583516708,-2.078393617931565
2023-02-01,0.11462923353337155,0.09804689144058387,0.1508411551984732,ex_housing,mk,-0.27089513379749963,-1.795896706313753
2023-03-01,0.09202185812445601,0.07743738535809015,0.12026874499958361,ex_housing,mk,-0.14964519119624597,-1.2442566952599703
2023-04-01,0.08456633305293616,0.06363630627170547,0.10583498552901316,ex_housing,mk,-0.07446925238820956,-0.7036354945954509
2023-05-01,0.08957860211017446,0.06562407602284054,0.11104433938686162,ex_housing,mk,-0.013672763419281253,-0.12312886451282691
2023-06-01,0.1000896626068202,0.07344358332367906,0.1241446756497003,ex_housing,mk,0.04605900554415232,0.3710107203801254
2023-07-01,0.10125948686559909,0.07091609200688712,0.12362271549279975,ex_housing,mk,0.04365365458289805,0.3531200104194492
2023-08-01,0.1030091063260442,0.0683953485901184,0.12364788592957864,ex_housing,mk,0.0039847829066630425,0.032226858362402584
2023-09-01,0.10663915872650795,0.06924805796675482,0.12715031933135046,ex_housing,mk,0.05928796489782506,0.46628246951800534
2023-10-01,0.09663488085971987,0.06339045609814424,0.11557097439713401,ex_housing,mk,0.019382119982913615,0.16770750687202185
2023-11-01,0.08557644573040234,0.055783972116790724,0.10215272687978222,ex_housing,mk,-0.012081631523064296,-0.11827027914078579
2023-12-01,0.08029365717211007,0.04907393604081225,0.09410272355575089,ex_housing,mk,-0.08916379780253836,-0.947515591827834
2024-01-01,0.05912548839472013,0.04969113937973494,0.07723362422397663,ex_housing,mk,-0.10224186308721572,-1.3237998878663972
2024-02-01,0.052881092581120864,0.04444156990032949,0.06907577786589847,ex_housing,mk,-0.05796173607930388,-0.8391036318379066
2024-03-01,0.05276923967949901,0.04500445608912244,0.06935411829322151,ex_housing,mk,-0.10524385234143008,-1.5174852616029342
2024-04-01,0.06262847877128239,0.05500051125755014,0.0833509603531769,ex_housing,mk,-0.13364510298594645,-1.6034020774285247
2024-05-01,0.069347902372566,0.0618331688559174,0.09291109909068634,ex_housing,mk,-0.1594822628316006,-1.7165038880439585
2024-06-01,0.06905959137316049,0.06259603568127071,0.09320671029297632,ex_housing,mk,-0.24024224138878836,-2.5775208741262916
2024-07-01,0.07194690539615552,0.06538254990214973,0.0972174625660969,ex_housing,mk,-0.30917710443088,-3.180263054291038
2024-08-01,0.06792359571874973,0.061555525598176425,0.09166622926155471,ex_housing,mk,-0.2726928950888885,-2.974845777836062
2024-09-01,0.05763410950212321,0.052384380034896136,0.07788333486531733,ex_housing,mk,-0.23059408365859735,-2.9607628391537264
2024-10-01,0.051096791171357715,0.046250894616485565,0.06892044196633242,ex_housing,mk,-0.19081853062383747,-2.7686782786020463
2024-11-01,0.04747394998566879,0.04352420548387487,0.06440599653948648,ex_housing,mk,-0.15864953729149978,-2.4632727667560244
2024-12-01,0.04441732447184279,0.04063631139932428,0.0602013996297413,ex_housing,mk,-0.15914713802831493,-2.6435787042680556
2025-01-01,0.03999944418947118,0.03470491662906855,0.052956461113798176,ex_housing,mk,-0.14647448654305784,-2.765941746528317
2025-02-01,0.038205575061776915,0.03291458815339951,0.05042852445897041,ex_housing,mk,-0.2064581656436859,-4.094075086643952
2025-03-01,0.03933598102614188,0.029667323899219764,0.04926935671013181,ex_housing,mk,-0.153738021412142,-3.120357797984546
2025-04-01,0.03774203533024652,0.0295042381452394,0.04790575434538711,ex_housing,mk,-0.16236212479219247,-3.3891987927297187
2025-05-01,0.034108100558315695,0.027460236045355708,0.04378843554367783,ex_housing,mk,-0.16807530323568187,-3.838349124577221
2025-06-01,0.027271469339073567,0.02325785360638059,0.035842165033488985,ex_housing,mk,-0.12305397729117651,-3.433218310785677
2025-07-01,0.02674550509937549,0.02233316553400045,0.034843827656986626,ex_housing,mk,-0.07603803183642288,-2.1822525523017933
2025-08-01,0.02169194880900829,0.02206795615531095,0.03094406779990896,ex_housing,mk,-0.07881901388373524,-2.547144557509247
2025-09-01,0.017596484221346128,0.01997710474450331,0.026621813817336713,ex_housing,mk,-0.09716689592067507,-3.649897658641044
2025-11-01,0.015336333922022327,0.018151599755930007,0.023763074545757986,ex_housing,mk,-0.09245273664795217,-3.8906050002042423
2025-12-01,0.02182770413588119,0.019575050930215738,0.029319469414778043,ex_housing,mk,-0.057362920308934306,-1.9564787990338386
2026-01-01,0.030421380663647666,0.025822923358039408,0.03990343058231627,ex_housing,mk,-0.05445055033035384,-1.364558122841807
2026-02-01,0.036114573954574916,0.03135204066481861,0.04782481474892402,ex_housing,mk,0.03456266634485061,0.7226931568120337
2026-03-01,0.0567474791955977,0.050647907429058746,0.07606238835322815,ex_housing,mk,0.08480877635137496,1.114989657667982
2026-04-01,0.07782233406185202,0.06539848515789717,0.10165273011474994,ex_housing,mk,0.030719786420063677,0.30220325991624497
2026-05-01,0.10337839064474046,0.08557121147534273,0.13419956738251576,ex_housing,mk,0.026883277043654452,0.20032312747348655
2026-06-01,0.07719052023341906,0.0649577184412783,0.10088548755397014,ex_housing,mk,0.03316932959185337,0.32878197247259133
2026-07-01,0.0683135794710068,0.05854170406520152,0.08996597276192368,ex_housing,mk,0.033777492826625455,0.3754474251727439
2014-01-01,0.012627912814522316,0.012730807556678521,0.017931470745489893,all_in_long,fam,-0.2412247272310486,-13.45259017817717
2014-02-01,0.01654687161501528,0.01665389957878328,0.023476612435017034,all_in_long,fam,-0.2956942795821593,-12.595270310000531
2014-03-01,0.01619453561235892,0.01666345356310775,0.023236472803543348,all_in_long,fam,-0.24590773443484704,-10.582834000405965
2014-04-01,0.015615642713247948,0.015430880654427697,0.021953595949616198,all_in_long,fam,-0.15328989097298518,-6.982450224773544
2014-05-01,0.016629246142944608,0.016191764457761274,0.02321002075695451,all_in_long,fam,-0.15040791903024875,-6.4803009271407666
2014-06-01,0.017031967233845233,0.016389911420347916,0.023637197469700777,all_in_long,fam,-0.19301358642940247,-8.165671360863147
2014-07-01,0.016046035303451844,0.01574403894962776,0.02247999135691602,all_in_long,fam,-0.20492408864472011,-9.115843747051743
2014-08-01,0.016414275337871646,0.017025130725362377,0.023649175695637667,all_in_long,fam,-0.21278278102589976,-8.997471360710037
2014-09-01,0.016906609747689993,0.017633690293956453,0.024429090988898058,all_in_long,fam,-0.18723601559413883,-7.664469205146819
2014-10-01,0.018735534877302906,0.01865442024816847,0.02643875303288548,all_in_long,fam,-0.16600652112546133,-6.278908877395859
2014-11-01,0.02108411052180719,0.02199192112833513,0.03046611743249694,all_in_long,fam,-0.2581472256312889,-8.473256436540023
2014-12-01,0.02786953581720737,0.029542078378573883,0.04061336506117669,all_in_long,fam,-0.37467318347922385,-9.22536664752715
2015-01-01,0.042012206027375064,0.040300096007761875,0.058216176390428066,all_in_long,fam,-0.45121476200175037,-7.750676701535131
2015-02-01,0.035131818834217614,0.03395989447530658,0.048862246442158655,all_in_long,fam,-0.43506962621858714,-8.904003763592955
2015-03-01,0.03369618760822729,0.03237678692857659,0.04672996245608698,all_in_long,fam,-0.37951717032008725,-8.12149529708539
2015-04-01,0.03794323115148335,0.03593315638900454,0.05225782733994548,all_in_long,fam,-0.4023866977618251,-7.700027311587901
2015-05-01,0.03260785184338695,0.03134266544735163,0.045228693096140686,all_in_long,fam,-0.34532372805393674,-7.635058729640871
2015-06-01,0.03282120339034594,0.03155567506573756,0.045530122126399654,all_in_long,fam,-0.3142469015034899,-6.9019560420041275
2015-07-01,0.032391611253622915,0.031015387054196725,0.044846078019459674,all_in_long,fam,-0.29586992521237754,-6.597453741305833
2015-08-01,0.032845481770266326,0.03133236486635856,0.045393201702892884,all_in_long,fam,-0.32254106427793694,-7.105492720893084
2015-09-01,0.037347297795514885,0.03542734115998051,0.051477346030001585,all_in_long,fam,-0.4054941110993804,-7.87713707818297
2015-10-01,0.03337292664355186,0.03201329869362949,0.04624503785276247,all_in_long,fam,-0.4154622333635505,-8.9839310908626
2015-11-01,0.029850882925225974,0.028753628384297788,0.04144691009807418,all_in_long,fam,-0.352883041906793,-8.514097699244163
2015-12-01,0.026516473925210098,0.02605773138805185,0.03717699227369274,all_in_long,fam,-0.304636107587819,-8.194210692062526
2016-01-01,0.018117968933841953,0.020034742278624437,0.027012065756964306,all_in_long,fam,-0.20673333716729747,-7.653370128273032
2016-02-01,0.024565882064652992,0.025001487807325043,0.035050776798728187,all_in_long,fam,-0.2665388057698337,-7.604362302735185
2016-03-01,0.022983446974075932,0.02362517390867422,0.03296039558356758,all_in_long,fam,-0.37115851386235743,-11.260742090346715
2016-04-01,0.0214298941368661,0.022478516042074015,0.031056787441251336,all_in_long,fam,-0.3682542272112066,-11.857447519574128
2016-05-01,0.024850114860037777,0.025191463571418014,0.03538556266935926,all_in_long,fam,-0.43643323269096923,-12.333652477677894
2016-06-01,0.026626048736020518,0.02788429313984489,0.038554899496714305,all_in_long,fam,-0.4792385106215269,-12.430028786934542
2016-07-01,0.027085203331390764,0.02785091150815284,0.038849472471807665,all_in_long,fam,-0.5168707845157661,-13.304447953337062
2016-08-01,0.0263781099608284,0.027000721821708856,0.03774710139863536,all_in_long,fam,-0.47648071654687874,-12.62297498064592
2016-09-01,0.022190464560695435,0.023944593493044074,0.03264598405572435,all_in_long,fam,-0.3998520267885386,-12.248122957666704
2016-10-01,0.021464386098336796,0.023249854260360765,0.031642939081357305,all_in_long,fam,-0.3432291065729176,-10.846941420025482
2016-11-01,0.021119647735811542,0.023179740490354324,0.03135825074338397,all_in_long,fam,-0.35113678247660207,-11.197588326915387
2016-12-01,0.022258194140725662,0.024058961570825273,0.032775918572523356,all_in_long,fam,-0.2976908359604069,-9.082608479811348
2017-01-01,0.028821656195163355,0.025753646685173905,0.03865149652234654,all_in_long,fam,-0.24015951297606808,-6.213459622118868
2017-02-01,0.0383973820729599,0.034673579140673205,0.051736022658118885,all_in_long,fam,-0.22643934698640678,-4.376821706661903
2017-03-01,0.031649454251057946,0.02797916044832839,0.04224359565405286,all_in_long,fam,-0.2658122816165065,-6.29236876030472
2017-04-01,0.028554153617305584,0.02585291671965873,0.03851899520644711,all_in_long,fam,-0.3327290462998844,-8.6380510321358
2017-05-01,0.02461970255100592,0.022545651053090546,0.03338317143573585,all_in_long,fam,-0.3571259129934612,-10.697782674152007
2017-06-01,0.024430352947746,0.022159231447638088,0.032982930183678864,all_in_long,fam,-0.3721042554863052,-11.281722194301455
2017-07-01,0.02606593930343704,0.022527681395347637,0.03445184495525248,all_in_long,fam,-0.37261544644897615,-10.815544042211526
2017-08-01,0.027664366183189883,0.024265823595329833,0.0367987411615844,all_in_long,fam,-0.34664805597639514,-9.420106368700301
2017-09-01,0.03319498675377314,0.029506367555444685,0.04441320605293174,all_in_long,fam,-0.2963599712039411,-6.672789414273285
2017-10-01,0.02905205095205014,0.025955348909719074,0.03895769245663522,all_in_long,fam,-0.35345007102978165,-9.072664440359649
2017-11-01,0.02936856609580471,0.02811765857778904,0.040658521842545675,all_in_long,fam,-0.3042815934938492,-7.483833147506225
2017-12-01,0.023325291453193633,0.02314384620825189,0.03285889284025929,all_in_long,fam,-0.2729442371365076,-8.306556111412602
2018-01-01,0.02248572160623607,0.023552267057939696,0.03256250849860408,all_in_long,fam,-0.27563088032533933,-8.46466973934626
2018-02-01,0.024593084066039207,0.025552632541675502,0.03546486731526237,all_in_long,fam,-0.22384917970357243,-6.311857244908922
2018-03-01,0.02245655904119952,0.023126391773663425,0.0322354934883871,all_in_long,fam,-0.18233387848067828,-5.656307962102843
2018-04-01,0.025957102970021434,0.0261767046154152,0.036864495915704516,all_in_long,fam,-0.12425534688602635,-3.3705966621692705
2018-05-01,0.03250167222061259,0.03259287003471211,0.04602883741998895,all_in_long,fam,-0.05101416987225438,-1.1083088935481227
2018-06-01,0.03277642016541035,0.03332230703952314,0.046740452129774825,all_in_long,fam,-0.017567194068623948,-0.37584561697966995
2018-07-01,0.031175873684325187,0.03220478704394339,0.04482280009690095,all_in_long,fam,-0.010145716217757617,-0.22635168253263793
2018-08-01,0.025742619180385624,0.02646521436601908,0.0369200489396439,all_in_long,fam,-0.05628173829124172,-1.524422093352311
2018-09-01,0.019335031959448974,0.019803410863251898,0.02767703999151059,all_in_long,fam,-0.09782708426553377,-3.534593449860982
2018-10-01,0.02259007713574186,0.02360130887214259,0.032670068342093246,all_in_long,fam,-0.06003556585596481,-1.8376320865730456
2018-11-01,0.013989570274730677,0.014701776911084746,0.02029409571316083,all_in_long,fam,-0.15294178749436504,-7.536270137682531
2018-12-01,0.013008096114531546,0.014316001795470708,0.019343176366171385,all_in_long,fam,-0.2277621947657682,-11.774808358987702
2019-01-01,0.01667250174083369,0.018055891548827085,0.024576157834802163,all_in_long,fam,-0.2731352100322493,-11.113828771292477
2019-02-01,0.016996695302454803,0.01571538336800218,0.023148670061318183,all_in_long,fam,-0.27936067519129804,-12.068109072845374
2019-03-01,0.0163695522827456,0.013689684305249158,0.021339393110276748,all_in_long,fam,-0.25496310066812633,-11.948001489570935
2019-04-01,0.017895242365050076,0.01582756033834264,0.023890403210656785,all_in_long,fam,-0.2606441332705822,-10.909993061746098
2019-05-01,0.01658817475931394,0.014175920821044796,0.02182027206452915,all_in_long,fam,-0.31766281149328,-14.558150812870476
2019-06-01,0.01704366666641723,0.01554937694192528,0.023070970866394404,all_in_long,fam,-0.34615168099438876,-15.003776087230017
2019-07-01,0.014987737104492912,0.014276045151611787,0.020698737369324052,all_in_long,fam,-0.3179181769388473,-15.359302901731988
2019-08-01,0.014682902048652413,0.014233089196570382,0.020449167236047776,all_in_long,fam,-0.2994340589372868,-14.642848556172238
2019-09-01,0.015698291854284396,0.015877666111307427,0.022327934259229,all_in_long,fam,-0.326807467928103,-14.63670862399735
2019-10-01,0.016698127561081834,0.015890626503224294,0.023050802040517702,all_in_long,fam,-0.32133427537208714,-13.940264412806966
2019-11-01,0.016138481225191105,0.015345808509582068,0.02226980949780683,all_in_long,fam,-0.2509587103631139,-11.269010199114131
2019-12-01,0.016579234375568897,0.0168542033352858,0.02364181005226132,all_in_long,fam,-0.206383863111137,-8.72961345408477
2020-01-01,0.02361997390556876,0.02224333842654899,0.032444865104631584,all_in_long,fam,-0.19659321643858974,-6.059301396525935
2020-02-01,0.0179030305925506,0.01840218877618737,0.025674093093081964,all_in_long,fam,-0.19716793031190338,-7.6796453762579615
2020-03-01,0.021643478044544247,0.019989075938517873,0.029461895708533473,all_in_long,fam,-0.3206710462020146,-10.884263842843419
2020-04-01,0.04069907746324944,0.03455199115297489,0.05338777949114229,all_in_long,fam,-0.5236131414194656,-9.80773402471889
2020-05-01,0.044719495300724346,0.0374126209036614,0.058305552590062884,all_in_long,fam,-0.526225316632356,-9.025303650445833
2020-06-01,0.04023088769891891,0.03318757068493063,0.05215303608621738,all_in_long,fam,-0.4315863433287048,-8.275382906092428
2020-07-01,0.03479612595824799,0.028851190464185356,0.04520134481299157,all_in_long,fam,-0.37203056284769165,-8.230519786233534
2020-08-01,0.03442755401507808,0.02767421502592803,0.04417146876392519,all_in_long,fam,-0.28518298098645367,-6.456271185153852
2020-09-01,0.04384782846317013,0.03289921783806046,0.054817794513203,all_in_long,fam,-0.24284288981497593,-4.430001096751286
2020-10-01,0.049246446386501934,0.03660260871120431,0.061359297960163615,all_in_long,fam,-0.2416343228382356,-3.9380229381879857
2020-11-01,0.04550398028187325,0.034116202326754934,0.05687290640272562,all_in_long,fam,-0.21482230948628445,-3.777234593306966
2020-12-01,0.04108055817434153,0.030591500067566585,0.05121964599935639,all_in_long,fam,-0.18673053596363065,-3.645681892568665
2021-01-01,0.03970644328362127,0.02993362510795192,0.04972548190152452,all_in_long,fam,-0.17506084288676504,-3.520545929216986
2021-02-01,0.0354010257307201,0.028231601760028983,0.045279752215797046,all_in_long,fam,-0.16552106034084524,-3.655520453203779
2021-03-01,0.02841357371940721,0.02668290541089942,0.03897830951535986,all_in_long,fam,-0.0056775528450847546,-0.14565928886288534
2021-04-01,0.055645603106587734,0.053113385132145204,0.0769250598003763,all_in_long,fam,0.3442235904850488,4.474791327797771
2021-05-01,0.08137431055500947,0.07110037468707,0.10806036136782475,all_in_long,fam,0.5091855658578837,4.712047594627931
2021-06-01,0.13580690544172522,0.1023692294184227,0.17006755921509356,all_in_long,fam,0.6615464368450619,3.8899037529454317
2021-07-01,0.13483221607428011,0.10217143706573537,0.16917070976850243,all_in_long,fam,0.6892732928799994,4.074424549162315
2021-08-01,0.11031203095436976,0.08614641598119992,0.1399640995387166,all_in_long,fam,0.5893107440723133,4.210442149197689
2021-09-01,0.08730303567057104,0.07141039271575507,0.11278858198024908,all_in_long,fam,0.5369528690854386,4.760702365949302
2021-10-01,0.09379582885271304,0.0790012286913974,0.12263299574306219,all_in_long,fam,0.6300312334928568,5.137534394192601
2021-11-01,0.11327772449530286,0.09431218680050726,0.14739956392719591,all_in_long,fam,0.7070790751133149,4.797022842364431
2021-12-01,0.13614623207723694,0.1060172018260377,0.17255562463116547,all_in_long,fam,0.7659001912221797,4.438569840069123
2022-01-01,0.1489694387909731,0.11406543106649064,0.1876241355958284,all_in_long,fam,0.7367980025208887,3.926989457838549
2022-02-01,0.14911188206474213,0.11454262177914634,0.18802756600278092,all_in_long,fam,0.7719851131297464,4.105701783739139
2022-03-01,0.12744207003862715,0.10152468486322426,0.16293784966148087,all_in_long,fam,0.7826507440087394,4.803369785686824
2022-04-01,0.09363701556549375,0.07989140883705628,0.12308748063869937,all_in_long,fam,0.6058878708548932,4.922416704858599
2022-05-01,0.08235939452817001,0.07884819431623712,0.11401801442744847,all_in_long,fam,0.5164220663065322,4.529302399272529
2022-06-01,0.08461878557689305,0.09024096527832588,0.12370840992783079,all_in_long,fam,0.3865092303660287,3.1243569502793793
2022-07-01,0.07206303984576488,0.07265052148400851,0.10232878374978703,all_in_long,fam,0.2525089155867235,2.467623539864941
2022-08-01,0.05157520999998259,0.056563260405939536,0.07654674855467364,all_in_long,fam,0.1541754352546647,2.0141343449035545
2022-09-01,0.04951818807307962,0.05335009590141574,0.07278931022293825,all_in_long,fam,0.028237924071294884,0.38794053666408024
2022-10-01,0.05235818229790702,0.05268282053502729,0.07427556013297212,all_in_long,fam,-0.11308083869003838,-1.5224501637900132
2022-11-01,0.06355550554606447,0.05831442074841733,0.08625470394383879,all_in_long,fam,-0.2986892187832657,-3.462874546271064
2022-12-01,0.07824858036190871,0.06498922380012402,0.1017174495295507,all_in_long,fam,-0.4657588681070246,-4.578947567611922
2023-01-01,0.08833483304339239,0.0753203170241804,0.11608700567000188,all_in_long,fam,-0.46482100242228874,-4.004074355605534
2023-02-01,0.08844164070730286,0.07608184118579224,0.1166634920153677,all_in_long,fam,-0.5443965595732347,-4.666383203251992
2023-03-01,0.07025365849419621,0.06253808554652482,0.09405630587921048,all_in_long,fam,-0.6004377834001984,-6.383812098375371
2023-04-01,0.05889510096527506,0.05043592311400288,0.07753976565654266,all_in_long,fam,-0.5802208311605161,-7.482880896630078
2023-05-01,0.055977653754399816,0.04811978134491073,0.07381741716241155,all_in_long,fam,-0.6384546100282495,-8.649105246036108
2023-06-01,0.05837708537725125,0.052072443498034686,0.07822674394987239,all_in_long,fam,-0.722747186357986,-9.239131655807144
2023-07-01,0.05655060427309037,0.05021851425385243,0.07562982227611041,all_in_long,fam,-0.702687819898995,-9.291147311355731
2023-08-01,0.05954174404218568,0.050556314743069194,0.0781099241068984,all_in_long,fam,-0.6468901153310336,-8.281791625424232
2023-09-01,0.060215241004699174,0.05136012091916277,0.07914377594027862,all_in_long,fam,-0.5722477923560065,-7.230483832207109
2023-10-01,0.05424941548017286,0.04639502559114569,0.07138275337603252,all_in_long,fam,-0.6479755116699071,-9.0774799377166
2023-11-01,0.04553035625915744,0.03830263396574134,0.0594987824228308,all_in_long,fam,-0.6685268248602938,-11.235974882803106
2023-12-01,0.0440991265961918,0.03313541530673821,0.05516057209725958,all_in_long,fam,-0.6190548182088307,-11.222777333007135
2024-01-01,0.035965261928100976,0.03393250476188842,0.04944608118923572,all_in_long,fam,-0.5893521848289618,-11.919087835766895
2024-02-01,0.03443456359805455,0.031470482966764475,0.04664901358388917,all_in_long,fam,-0.506588994706525,-10.859586426099305
2024-03-01,0.03791611150407854,0.03478903213057775,0.051457829998670636,all_in_long,fam,-0.5100032412191924,-9.911091105714481
2024-04-01,0.04467637456657972,0.04161749508031165,0.06105730374961783,all_in_long,fam,-0.48843280860437766,-7.999580371372603
2024-05-01,0.049845259797363456,0.046507612446975675,0.06817263336401744,all_in_long,fam,-0.4976592617101261,-7.299985891007084
2024-06-01,0.04932620718190082,0.0462827844026508,0.0676400092180217,all_in_long,fam,-0.5370519824418718,-7.939856730515969
2024-07-01,0.05044205138887267,0.04753993390654012,0.06931411013751727,all_in_long,fam,-0.5709864427838163,-8.237665341890633
2024-08-01,0.04836527983873156,0.04528278075785522,0.06625504152170457,all_in_long,fam,-0.5324136801969193,-8.035821395153835
2024-09-01,0.040606735895414414,0.037440370569952634,0.05523303674880924,all_in_long,fam,-0.48432598713110675,-8.768773466752183
2024-10-01,0.036108294121807064,0.03302315016390953,0.04893196655699671,all_in_long,fam,-0.4121262464471087,-8.422433747212217
2024-11-01,0.03300520956996505,0.029974356815253116,0.0445848172054728,all_in_long,fam,-0.27927082106731227,-6.263809937366564
2024-12-01,0.030660564178143977,0.027907387892894424,0.04145952839488838,all_in_long,fam,-0.2622122400883331,-6.324535040313235
2025-01-01,0.028856096367927513,0.024236725440089417,0.037684123416279657,all_in_long,fam,-0.22202551344336907,-5.8917521044805135
2025-02-01,0.0282686846287999,0.02364396787211268,0.03685316468608964,all_in_long,fam,-0.3014804711996222,-8.180585677447047
2025-03-01,0.033795816916787395,0.023309099636188893,0.041054492652117795,all_in_long,fam,-0.3547214718579328,-8.640259541476382
2025-04-01,0.03093611777571447,0.02319263132805147,0.038664473757595505,all_in_long,fam,-0.3818358441113334,-9.875625011870827
2025-05-01,0.028179580616242452,0.02169388395076635,0.035562808727329524,all_in_long,fam,-0.3592519349486789,-10.10189992874772
2025-06-01,0.029512209658700776,0.0207815767848643,0.03609493666159178,all_in_long,fam,-0.3066802830959281,-8.496490407261557
2025-07-01,0.03203655389024592,0.0204770643360407,0.03802171680743758,all_in_long,fam,-0.2334996308194448,-6.14121745217378
2025-08-01,0.027250294521013647,0.019094412268540223,0.03327424125901244,all_in_long,fam,-0.21251108799293927,-6.386654659942995
2025-09-01,0.021569699017389976,0.018526766533892534,0.028434011217240426,all_in_long,fam,-0.1774661777779185,-6.241334591241746
2025-11-01,0.031166246365975654,0.020677362222109866,0.03740171414533065,all_in_long,fam,-0.21119006338681245,-5.646534342415375
2025-12-01,0.027079733182485466,0.02164949140248914,0.03467005086845209,all_in_long,fam,-0.16386838221846833,-4.726511156278109
2026-01-01,0.03305167206086495,0.028336696978837488,0.0435359784740095,all_in_long,fam,-0.2403360650840236,-5.520401137360484
2026-02-01,0.03460276546233416,0.029421578327412094,0.04542004677361473,all_in_long,fam,-0.1469630599655769,-3.2356430784424073
2026-03-01,0.04669104285888686,0.039700417963215585,0.06128765511670699,all_in_long,fam,0.0742574045186517,1.211620910887308
2026-04-01,0.058693455630284386,0.0461580639773484,0.07466919447778414,all_in_long,fam,0.09819704140605623,1.3150944253894714
2026-05-01,0.07435914709265805,0.05689053246417308,0.09362593358896182,all_in_long,fam,0.1489050767379707,1.5904255480292067
2026-06-01,0.05541204974554944,0.043167384335632136,0.07024185595058992,all_in_long,fam,0.07107115375357687,1.0118063196332725
2026-07-01,0.04905638979794346,0.03884431944215837,0.06257324134909596,all_in_long,fam,0.018318382487381157,0.2927510560813519
2014-01-01,0.027522893990835205,0.013835011577268845,0.030804500303915267,all_in_long,par,0.21926427696579154,7.117930003815804
2014-02-01,0.03642257694047413,0.018149073325816268,0.0406938935661189,all_in_long,par,0.27031513088529024,6.642646038430454
2014-03-01,0.03380494373349272,0.017791806872519928,0.03820108130162883,all_in_long,par,0.27305944431670337,7.147950660366794
2014-04-01,0.031212944461391615,0.01720893929756392,0.03564260784085751,all_in_long,par,0.17763855035386467,4.983881963604124
2014-05-01,0.03261078225414519,0.018355748338579312,0.037421873500621636,all_in_long,par,0.13567190209280433,3.6254705978456854
2014-06-01,0.03459687534438271,0.01874147238045868,0.03934700205329819,all_in_long,par,0.17294312267333023,4.395331630071003
2014-07-01,0.0317954222427003,0.01766658645940786,0.03637385259660206,all_in_long,par,0.20792650288408154,5.716372834905738
2014-08-01,0.03396059052100152,0.018030377380124033,0.03845017837416137,all_in_long,par,0.2279942417189984,5.92960166531272
2014-09-01,0.03606114287239047,0.018533377750777156,0.04054493946371063,all_in_long,par,0.23725939151975073,5.8517633682030175
2014-10-01,0.04021703400780704,0.020543488090134912,0.045160211772030286,all_in_long,par,0.228414293832091,5.057865870628137
2014-11-01,0.047336679096445164,0.023035215383714315,0.05264392021548108,all_in_long,par,0.30463541481766665,5.7867159886790125
2014-12-01,0.06411827817716023,0.03042858355894497,0.07097219380720451,all_in_long,par,0.3626241836519939,5.10938388965487
2015-01-01,0.08112081063921073,0.046634037033751186,0.09356986335796351,all_in_long,par,0.48057373972317796,5.135988474031233
2015-02-01,0.06863822621491529,0.03898407947070735,0.07893645894077281,all_in_long,par,0.4913088209147043,6.2241051537837615
2015-03-01,0.06494797440229616,0.037414429580704914,0.07495384526367439,all_in_long,par,0.4231639869113679,5.645660811967041
2015-04-01,0.07153477968666463,0.042177017474568056,0.083042913652338,all_in_long,par,0.44770323851562877,5.391227484983893
2015-05-01,0.06295337764633926,0.036204357376505104,0.07262150680155506,all_in_long,par,0.4313875463510253,5.94021751063127
2015-06-01,0.06369934123537555,0.0364226519824723,0.0733772147962643,all_in_long,par,0.4432583931128109,6.040817907078392
2015-07-01,0.0624178080698656,0.035969478328973015,0.07204017029064436,all_in_long,par,0.43342451022653217,6.016428174418401
2015-08-01,0.06350872063877608,0.03647298373000761,0.07323684960007157,all_in_long,par,0.4592615243292797,6.270907703392404
2015-09-01,0.07147826305658918,0.04149768337371006,0.082651072678893,all_in_long,par,0.4465930124011752,5.4033540996646225
2015-10-01,0.0645736996613379,0.03707264452769736,0.07445900657562977,all_in_long,par,0.3989576620665014,5.358084675240337
2015-11-01,0.058148041276635705,0.03314891145872994,0.06693313854293736,all_in_long,par,0.32642401535939447,4.876867011846376
2015-12-01,0.052641545673010944,0.029417039163067708,0.06030335416844702,all_in_long,par,0.29272426833312215,4.854195465072265
2016-01-01,0.04437615580414452,0.019775880024872138,0.04858321350746415,all_in_long,par,0.19629096539464097,4.0403042784414325
2016-02-01,0.05523615022341043,0.027095175713284642,0.061523823340531546,all_in_long,par,0.25612891793469483,4.163085192495807
2016-03-01,0.05311515313235565,0.025280316662471634,0.05882443287298596,all_in_long,par,0.3230494768474479,5.491756759389047
2016-04-01,0.050923898016058185,0.02348735459153737,0.056079400985196926,all_in_long,par,0.3075442864385103,5.484086510119671
2016-05-01,0.056678348277020674,0.027376332815393766,0.06294361573527896,all_in_long,par,0.3327696090737242,5.286788901248515
2016-06-01,0.061733626684037195,0.029275309922615345,0.06832338131730052,all_in_long,par,0.3063895402553696,4.484402474644314
2016-07-01,0.06343634306992402,0.029761273899266638,0.07007070034038669,all_in_long,par,0.39153249795219613,5.587677817550345
2016-08-01,0.060814457970095874,0.029039968788725497,0.06739227022030575,all_in_long,par,0.3397292132805596,5.041070914661024
2016-09-01,0.0544239242325467,0.02424388951616816,0.059579608153647275,all_in_long,par,0.2763353408330005,4.638085905505978
2016-10-01,0.05369334928736867,0.023376196056682452,0.05856126962230097,all_in_long,par,0.2616185522356762,4.467433064942433
2016-11-01,0.053858424552285115,0.022941473906346276,0.058540935423426185,all_in_long,par,0.2990591880649651,5.108548162100111
2016-12-01,0.056061340801650345,0.024194489370876923,0.06105937477894989,all_in_long,par,0.26186886601373693,4.288757737231462
2017-01-01,0.0717202829398211,0.031391256375566313,0.07828927105168706,all_in_long,par,0.23341523758089178,2.9814460454841836
2017-02-01,0.09415408633179899,0.04191288326309142,0.10306154353783659,all_in_long,par,0.21139963357299507,2.0511980154400145
2017-03-01,0.08157030442994877,0.03430472763042606,0.08849027575158887,all_in_long,par,0.23071626652235722,2.6072499442766697
2017-04-01,0.07358670067489624,0.03095909206109336,0.07983400213858773,all_in_long,par,0.24440263778657823,3.061385264918923
2017-05-01,0.06628897610613414,0.026510392494437592,0.07139348193924118,all_in_long,par,0.34707667546087784,4.861461663352609
2017-06-01,0.06671871051321791,0.026265234416973517,0.07170250254715763,all_in_long,par,0.4117871596643452,5.7429956422165205
2017-07-01,0.0712421159553659,0.028012788366195362,0.07655165182964409,all_in_long,par,0.4077996870381684,5.327118060700695
2017-08-01,0.07540668873560147,0.029709770768934694,0.081048375586501,all_in_long,par,0.3436935486520687,4.240597620432907
2017-09-01,0.08719248177273024,0.03586968064172721,0.09428235713550756,all_in_long,par,0.24381169600029562,2.5859737007834522
2017-10-01,0.0779364287193841,0.03128482734874137,0.08398111301817923,all_in_long,par,0.2693543731130177,3.2073208300384284
2017-11-01,0.07675617215989058,0.03176304617487906,0.08306865273342443,all_in_long,par,0.2263999618624668,2.725456046446387
2017-12-01,0.061979997905376935,0.025146451881218525,0.0668869507644426,all_in_long,par,0.24815714460393323,3.710098035084217
2018-01-01,0.058947921114815824,0.024257513166726127,0.06374389656110176,all_in_long,par,0.2517744984269932,3.9497820498885656
2018-02-01,0.06242050338520626,0.026606344955049765,0.06785437962821302,all_in_long,par,0.19751483313679152,2.910863443435968
2018-03-01,0.05697242423716639,0.024299017706207,0.06193786713268569,all_in_long,par,0.1573984636343173,2.5412315748156495
2018-04-01,0.06895831457520162,0.027951789321638804,0.07440800813980807,all_in_long,par,0.1679721942884127,2.2574478001454263
2018-05-01,0.0802454305938835,0.03525076808625422,0.08764671004589193,all_in_long,par,0.028503959965298087,0.3252142601858458
2018-06-01,0.07526652521785163,0.03576812374737048,0.08333311763504773,all_in_long,par,-0.012914004542197155,-0.15496845562352826
2018-07-01,0.06625308733387161,0.03422411083554549,0.07457051256195925,all_in_long,par,-0.07562056200784983,-1.014081295807349
2018-08-01,0.054666013967325594,0.028253005169552155,0.06153539943956306,all_in_long,par,-0.015649870878498007,-0.2543230566638072
2018-09-01,0.04825158515102499,0.020947291997470807,0.052602324203536104,all_in_long,par,0.0885198040665891,1.6828116515170732
2018-10-01,0.04946602275189064,0.02473167682721105,0.05530409790943317,all_in_long,par,0.10022390127306657,1.8122328192965873
2018-11-01,0.029835457418216676,0.015342836795020154,0.03354932428936304,all_in_long,par,0.17213645841407388,5.130847254311185
2018-12-01,0.03136102798004712,0.014164712101245956,0.03441152633750037,all_in_long,par,0.15695421019168432,4.561094112836303
2019-01-01,0.03330568069780453,0.018615313409021134,0.03815492445360351,all_in_long,par,0.2010064180396398,5.2681644877600045
2019-02-01,0.03480758778590558,0.018934339899410655,0.03962420213581514,all_in_long,par,0.20208758469550947,5.100104829943024
2019-03-01,0.03598145096614276,0.01811267971002196,0.040283172416119076,all_in_long,par,0.20876361728097148,5.182402595418129
2019-04-01,0.040273598192361655,0.01974381740668906,0.04485288214985157,all_in_long,par,0.19983595089361206,4.455364768443835
2019-05-01,0.037008773822461184,0.018343950563371555,0.041305566962741326,all_in_long,par,0.2638441240422784,6.387616571884186
2019-06-01,0.03507855230256552,0.019006642129728694,0.03989683291555111,all_in_long,par,0.29686751613884343,7.440879248917263
2019-07-01,0.03280580738709892,0.016648465204730713,0.03678848178428356,all_in_long,par,0.30698478009851815,8.344589534805577
2019-08-01,0.03086022099286445,0.016403921958795985,0.034949132970056654,all_in_long,par,0.3104110815742578,8.881796347858142
2019-09-01,0.032736802659541236,0.017526350597904295,0.03713315518038302,all_in_long,par,0.2931729366449476,7.895179798775278
2019-10-01,0.03615400426248652,0.018546467623733735,0.040633526619407494,all_in_long,par,0.2729785178020139,6.718061180336563
2019-11-01,0.03882248211871166,0.017686314629561637,0.042661350693965754,all_in_long,par,0.2370938961929525,5.557580628277865
2019-12-01,0.041217107406108046,0.018073025811699735,0.04500537973306093,all_in_long,par,0.2667226017226687,5.926460421057939
2020-01-01,0.04554107712757742,0.026029395230944392,0.052454924668982855,all_in_long,par,0.2622344950762079,4.99923499520856
2020-02-01,0.035019326319477025,0.019683261978500878,0.040171930722636605,all_in_long,par,0.2847031766459507,7.08711708709391
2020-03-01,0.05710968984605885,0.0233869622588373,0.06171277564661404,all_in_long,par,0.40754412021644093,6.603885758601452
2020-04-01,0.10468620107854985,0.04418941625078134,0.11363056457152447,all_in_long,par,0.5732468627690501,5.0448298389666215
2020-05-01,0.11714280165096838,0.048417527308861265,0.1267544592089069,all_in_long,par,0.585725799992165,4.620948277857562
2020-06-01,0.10744706519589313,0.04336987726127898,0.11586983245378804,all_in_long,par,0.5107995022788359,4.408390790437677
2020-07-01,0.09423932593321717,0.03750162399852991,0.10142693111237396,all_in_long,par,0.437665088764283,4.315077701398464
2020-08-01,0.09489767308668552,0.03708655309692323,0.10188709819147046,all_in_long,par,0.29563270401495867,2.9015715361663696
2020-09-01,0.10100274400621588,0.0481208680475025,0.11188016910261767,all_in_long,par,0.251739936547124,2.2500854134053507
2020-10-01,0.10272333425639063,0.054460981546651376,0.11626728650731837,all_in_long,par,0.26187931056411706,2.252390319160267
2020-11-01,0.09396167277243268,0.050334809486511235,0.10659450734553398,all_in_long,par,0.20795621164690914,1.950909261889111
2020-12-01,0.08919877125484132,0.04525512221136432,0.10002223192740216,all_in_long,par,0.14225696234544394,1.422253429104606
2021-01-01,0.09523384856003334,0.043229981009153165,0.10458641006176236,all_in_long,par,0.11782570970053641,1.126587188822675
2021-02-01,0.08115846030452521,0.03869540679757457,0.08991123503895926,all_in_long,par,0.16034246032641253,1.7833417620938568
2021-03-01,0.07149043759412067,0.030761384396718338,0.07782766498746785,all_in_long,par,0.010515109094177966,0.135107600823835
2021-04-01,0.1557165940756463,0.05947077750371754,0.1666866252805434,all_in_long,par,-0.3763862939753615,-2.2580473588800616
2021-05-01,0.21882022855470473,0.08730158930011284,0.23559257186732097,all_in_long,par,-0.5561225941098646,-2.360526860851356
2021-06-01,0.3335458964063309,0.1469577263266705,0.3644851688842872,all_in_long,par,-0.802532421553348,-2.201824628447714
2021-07-01,0.3269796868302439,0.1460418604098371,0.3581116314664615,all_in_long,par,-0.8467212099727561,-2.364405776225268
2021-08-01,0.26947579231908303,0.11943347115639143,0.2947567754581091,all_in_long,par,-0.650516542490176,-2.2069604387520774
2021-09-01,0.21497689302238684,0.09448009509676736,0.2348223858644081,all_in_long,par,-0.5467919819421629,-2.328534308725972
2021-10-01,0.22984828985783584,0.10158884407136617,0.25129769117588024,all_in_long,par,-0.6030247867885077,-2.3996431641166884
2021-11-01,0.2767713997038735,0.12273188948855565,0.3027631489984743,all_in_long,par,-0.6797256730094023,-2.2450739968120352
2021-12-01,0.32615473842334286,0.147715913458726,0.3580459530352843,all_in_long,par,-0.7407045341240472,-2.06874153399816
2022-01-01,0.2997788504619899,0.16336283083016892,0.3414011916809291,all_in_long,par,-0.6923639949714797,-2.0280069661225957
2022-02-01,0.2973031477525715,0.1635508765342218,0.3393199830229567,all_in_long,par,-0.7289316399989865,-2.1482131217414056
2022-03-01,0.2620861173389495,0.13961253715473368,0.29695251039953763,all_in_long,par,-0.6006900675638462,-2.022848928792156
2022-04-01,0.20105846610265987,0.10248929471934229,0.22567357471273114,all_in_long,par,-0.35433018554176243,-1.57010046919673
2022-05-01,0.18763862107960771,0.08990336481056506,0.2080645744112105,all_in_long,par,-0.16068840094250092,-0.7723006254054704
2022-06-01,0.2206148097703001,0.09121043488925278,0.23872628201074197,all_in_long,par,0.14070315814456258,0.5893911510682822
2022-07-01,0.17226199452999413,0.07814597908944682,0.1891586339750316,all_in_long,par,0.28416080882653816,1.5022354668941338
2022-08-01,0.10713119033714412,0.05649664953910545,0.1211154959210336,all_in_long,par,0.2403821192363811,1.9847346320829866
2022-09-01,0.0889870001337899,0.054595590119287184,0.10440002228584212,all_in_long,par,0.4081298959580426,3.9092893566689386
2022-10-01,0.10117508452156611,0.05743422581782922,0.11634039721111256,all_in_long,par,0.5236795982358045,4.501270502674404
2022-11-01,0.1270855216570097,0.06946809925309394,0.14483282303632694,all_in_long,par,0.767439107465151,5.298792714084307
2022-12-01,0.16479384037079053,0.08523860592605975,0.18553336563640432,all_in_long,par,0.966712385462043,5.2104503259890205
2023-01-01,0.18153561388548736,0.09706007929823203,0.2058539241845048,all_in_long,par,1.0109697383374527,4.911102580834606
2023-02-01,0.18389483706891616,0.0970809113895856,0.2079471434207159,all_in_long,par,1.1059421462487062,5.318381046529592
2023-03-01,0.15147104482844168,0.07691957584509473,0.16988260231586128,all_in_long,par,0.9758230218507746,5.74410215377108
2023-04-01,0.12151886022775343,0.06463663479544463,0.1376398486948164,all_in_long,par,0.9332478978302028,6.780361259328742
2023-05-01,0.117719173414926,0.0614833455344978,0.1328081532422158,all_in_long,par,0.8947842798801897,6.7374197896440915
2023-06-01,0.1286319189314788,0.06403239190421216,0.14368826598219198,all_in_long,par,0.8453381793920967,5.88313996006371
2023-07-01,0.12405843402478897,0.06199049253748461,0.1386842320443202,all_in_long,par,0.799077454361008,5.761847923025897
2023-08-01,0.12260127136944925,0.06542356353246465,0.13896515536886134,all_in_long,par,0.8262366884149275,5.945639295129855
2023-09-01,0.12460257781088895,0.06626148020051109,0.1411254270338317,all_in_long,par,0.6533813456081061,4.629791805352499
2023-10-01,0.11353602472504776,0.05960044343319036,0.1282288647996214,all_in_long,par,0.68905028610311,5.373597334577234
2023-11-01,0.09532304205294763,0.050042762466377094,0.10766039393153948,all_in_long,par,0.5624455093631298,5.22425646817515
2023-12-01,0.08346335799477893,0.04880374400255532,0.09668473279909079,all_in_long,par,0.4505539890606647,4.660032416875042
2024-01-01,0.07225202393982724,0.03969584641292782,0.08243855400139016,all_in_long,par,0.4023640956593022,4.880775755146277
2024-02-01,0.06664695307562905,0.037923151707362705,0.07668103931014986,all_in_long,par,0.3700029438446162,4.825220773913544
2024-03-01,0.06879348799040502,0.04218921568921606,0.08069990031194087,all_in_long,par,0.4053438938033338,5.022854950706259
2024-04-01,0.07668635410994094,0.05045881637519213,0.09179808852400258,all_in_long,par,0.43689223027729707,4.759273720204558
2024-05-01,0.08241722502700449,0.05661005482574952,0.09998648552942672,all_in_long,par,0.45819924188135186,4.582611734527869
2024-06-01,0.08174332684347782,0.05604048558673575,0.09910856425272631,all_in_long,par,0.54768753806344606,5.526137344365576
2024-07-01,0.08276679030660364,0.05739614277631334,0.10072069689620025,all_in_long,par,0.6281717052784241,6.2367688532357874
2024-08-01,0.08045155204347201,0.05490988068338828,0.09740404110131891,all_in_long,par,0.6246713150593219,6.41319711170447
2024-09-01,0.07263546929938741,0.04539978658753554,0.08565659357303454,all_in_long,par,0.6685378601646086,7.80486162567957
2024-10-01,0.06425108124886271,0.04041693427722483,0.07590606048279326,all_in_long,par,0.5484930672137622,7.225945645513999
2024-11-01,0.05667185083068821,0.037176837023796386,0.06777769461754873,all_in_long,par,0.4620450566778622,6.817066577508396
2024-12-01,0.0516700134541444,0.03463543211908576,0.06220452916329535,all_in_long,par,0.48961010835810725,7.870972016729105
2025-01-01,0.06334704222749253,0.0316271355342874,0.07080341419081361,all_in_long,par,0.392535682000128,5.544021944227904
2025-02-01,0.05905558848097703,0.031069513113788503,0.0667298821815413,all_in_long,par,0.3283119888818131,4.920014514466357
2025-03-01,0.05580858026893737,0.03766147094213346,0.06732743887271807,all_in_long,par,0.4081255632245817,6.061801400111766
2025-04-01,0.05306375271129768,0.03438550258483035,0.06323072544117399,all_in_long,par,0.4156799919024179,6.574019023222203
2025-05-01,0.05023713766578001,0.03126501037309494,0.05917153770589595,all_in_long,par,0.3894343865210592,6.581447797701146
2025-06-01,0.04682335029304114,0.032919663949381804,0.057237491272810546,all_in_long,par,0.3452813393348464,6.032433142276187
2025-07-01,0.04518634655584109,0.0359679468686957,0.057753780110170176,all_in_long,par,0.2646999655362414,4.583249183539226
2025-08-01,0.03711332148296806,0.030630250905720077,0.048120794902469184,all_in_long,par,0.14915318785635456,3.099557855572772
2025-09-01,0.04044617003213764,0.023941600638285633,0.04700098840866805,all_in_long,par,0.0035913102847784373,0.07640925023857835
2025-11-01,0.04589329017144854,0.03491782184387235,0.05766670066061681,all_in_long,par,0.17097152117033776,2.964822318803162
2025-12-01,0.05724823343182951,0.029826654263731656,0.06455222332060627,all_in_long,par,0.05816669395553031,0.9010796369729751
2026-01-01,0.078466268844654255,0.03593241673452819,0.08630234016980862,all_in_long,par,0.1403706783098313,1.6264990964745305
2026-02-01,0.085688039503639,0.037476944916486024,0.09352519186962689,all_in_long,par,0.0628301611153459,0.6717993287084667
2026-03-01,0.11493974719407835,0.05061739006924133,0.12559166239229566,all_in_long,par,-0.20408394658222306,-1.6249800559590528
2026-04-01,0.14314097547083188,0.0636976472042289,0.15667395800864833,all_in_long,par,-0.20866919247592985,-1.3318690299788776
2026-05-01,0.1750853643195132,0.08094628576643081,0.19289164310119125,all_in_long,par,-0.2193682719966228,-1.137261669141062
2026-06-01,0.1352191984762957,0.060131034755251465,0.14798639456824775,all_in_long,par,-0.1397638029284165,-0.9444368405364509
2026-07-01,0.12196947856482404,0.0531402671285807,0.1330430069258508,all_in_long,par,-0.09158877285679878,-0.688414783858908
2014-01-01,0.013835011577268845,0.012730807556678521,0.01880109056380363,all_in_long,mk,-0.2699511460925841,-14.358270610764533
2014-02-01,0.018149073325816268,0.01665389957878328,0.024632117930987043,all_in_long,mk,-0.3314251575918359,-13.455000439686318
2014-03-01,0.017791806872519928,0.01666345356310775,0.02437660920716611,all_in_long,mk,-0.28222892547964396,-11.577858227988319
2014-04-01,0.01720893929756392,0.015430880654427697,0.023114057833241455,all_in_long,mk,-0.17776295340001802,-7.690685672005563
2014-05-01,0.018355748338579312,0.016191764457761274,0.024476656906630007,all_in_long,mk,-0.1699587108975109,-6.943706060261608
2014-06-01,0.01874147238045868,0.016389911420347916,0.024897228427163267,all_in_long,mk,-0.21713039167803316,-8.721066777101202
2014-07-01,0.01766658645940786,0.01574403894962776,0.02366396077530406,all_in_long,mk,-0.2334489775701165,-9.865169224492044
2014-08-01,0.018030377380124033,0.017025130725362377,0.02479817704359267,all_in_long,mk,-0.24309103885444827,-9.802778584374126
2014-09-01,0.018533377750777156,0.017633690293956453,0.02558189055242352,all_in_long,mk,-0.21771294285823917,-8.510432112595133
2014-10-01,0.020543488090134912,0.01865442024816847,0.027749275624866187,all_in_long,mk,-0.1947457196598279,-7.018046967875292
2014-11-01,0.023035215383714315,0.02199192112833513,0.03184753903661979,all_in_long,mk,-0.2957199772821717,-9.285489121848286
2014-12-01,0.03042858355894497,0.029542078378573883,0.042410294650349914,all_in_long,mk,-0.41888011425673666,-9.87684989482337
2015-01-01,0.046634037033751186,0.040300096007761875,0.06163465866134169,all_in_long,mk,-0.5098975658048288,-8.272903215162044
2015-02-01,0.03898407947070735,0.03395989447530658,0.051701381847610084,all_in_long,mk,-0.4949604398261087,-9.573447017045028
2015-03-01,0.037414429580704914,0.03237678692857659,0.049478236353653254,all_in_long,mk,-0.4309395736514898,-8.709679354196933
2015-04-01,0.042177017474568056,0.03593315638900454,0.05540841570670179,all_in_long,mk,-0.4567166428892988,-8.242730586394618
2015-05-01,0.036204357376505104,0.03134266544735163,0.047886513449929814,all_in_long,mk,-0.39751236021016156,-8.301133901214188
2015-06-01,0.0364226519824723,0.03155567506573756,0.04819097639901794,all_in_long,mk,-0.36795990475717577,-7.6354523658224585
2015-07-01,0.035969478328973015,0.031015387054196725,0.04749481661592235,all_in_long,mk,-0.3483976241183684,-7.3354873003461645
2015-08-01,0.03647298373000761,0.03133236486635856,0.04808321568164945,all_in_long,mk,-0.3784690664249468,-7.871126359990651
2015-09-01,0.04149768337371006,0.03542734115998051,0.05456330476657679,all_in_long,mk,-0.46013708228208605,-8.433086746680104
2015-10-01,0.03707264452769736,0.03201329869362949,0.04898195857174913,all_in_long,mk,-0.46437603340929723,-9.4805525738436085
2015-11-01,0.03314891145872994,0.028753628384297788,0.04388190374358219,all_in_long,mk,-0.39309084865842836,-8.957926049776695
2015-12-01,0.029417039163067708,0.02605773138805185,0.03929844218557934,all_in_long,mk,-0.34089684116141994,-8.674563728292336
2016-01-01,0.019775880024872138,0.020034742278624437,0.02815095609262745,all_in_long,mk,-0.23082392905970917,-8.199505846274274
2016-02-01,0.027095175713284642,0.025001487807325043,0.03686764081838696,all_in_long,mk,-0.2982108221036395,-8.088687409445333
2016-03-01,0.025280316662471634,0.02362517390867422,0.03460120305379485,all_in_long,mk,-0.41072688856640394,-11.870306588121881
2016-04-01,0.02348735459153737,0.022478516042074015,0.03251060610266118,all_in_long,mk,-0.4053137193972045,-12.46712282500409
2016-05-01,0.027376332815393766,0.025191463571418014,0.03720313743878716,all_in_long,mk,-0.47595518408242166,-12.793415202294241
2016-06-01,0.029275309922615345,0.02788429313984489,0.040429909410904956,all_in_long,mk,-0.5156995643750051,-12.755397474027188
2016-07-01,0.029761273899266638,0.02785091150815284,0.04076035691627503,all_in_long,mk,-0.5648935388139043,-13.8588957887253
2016-08-01,0.029039968788725497,0.027000721821708856,0.03965297928458158,all_in_long,mk,-0.5190394174103163,-13.089544008415439
2016-09-01,0.02424388951616816,0.023944593493044074,0.03407506032891647,all_in_long,mk,-0.43528060697846094,-12.774169811493396
2016-10-01,0.023376196056682452,0.023249854260360765,0.032969717396551516,all_in_long,mk,-0.37700434147303064,-11.434867243128496
2016-11-01,0.022941473906346276,0.023179740490354324,0.03261305864520743,all_in_long,mk,-0.3907124226626646,-11.980244690115281
2016-12-01,0.024194489370876923,0.024058961570825273,0.034120476957157614,all_in_long,mk,-0.3332161715651205,-9.765870857652832
2017-01-01,0.031391256375566313,0.025753646685173905,0.040603710352888955,all_in_long,mk,-0.2715959986819172,-6.688945328430881
2017-02-01,0.04191288326309142,0.034673579140673205,0.05439620275212284,all_in_long,mk,-0.2548619382932493,-4.685289145174811
2017-03-01,0.03430472763042606,0.02797916044832839,0.044267908886585335,all_in_long,mk,-0.2967964152846614,-6.704550152686355
2017-04-01,0.03095909206109336,0.02585291671965873,0.04033408836407318,all_in_long,mk,-0.3653944332356662,-9.059196527201898
2017-05-01,0.026510392494437592,0.022545651053090546,0.03480096682014532,all_in_long,mk,-0.40389580573718664,-11.605878877577116
2017-06-01,0.026265234416973517,0.022159231447638088,0.03436413940910732,all_in_long,mk,-0.42800779970397773,-12.45507110213112
2017-07-01,0.028012788366195362,0.022527681395347637,0.035947360697268754,all_in_long,mk,-0.428395384837188,-11.917297307163278
2017-08-01,0.029709770768934694,0.024265823595329833,0.038360144341520824,all_in_long,mk,-0.39382844679252127,-10.266604924274056
2017-09-01,0.03586968064172721,0.029506367555444685,0.04644631003273025,all_in_long,mk,-0.329826379677578,-7.101239677493275
2017-10-01,0.03128482734874137,0.025955348909719074,0.04064997612872376,all_in_long,mk,-0.39056306517695205,-9.607953124995209
2017-11-01,0.03176304617487906,0.02811765857778904,0.042420441136374484,all_in_long,mk,-0.33583409413318055,-7.916798721011204
2017-12-01,0.025146451881218525,0.02314384620825189,0.034175746656447084,all_in_long,mk,-0.3077627916415304,-9.005298252451567
2018-01-01,0.024257513166726127,0.023552267057939696,0.03381029767101146,all_in_long,mk,-0.31198549177067214,-9.227528689821762
2018-02-01,0.026606344955049765,0.025552632541675502,0.036889492022485156,all_in_long,mk,-0.2539601393848123,-6.884349050673202
2018-03-01,0.024299017706207,0.023126391773663425,0.03354507799894835,all_in_long,mk,-0.20797257702707128,-6.199794110885398
2018-04-01,0.027951789321638804,0.0261767046154152,0.03829520062362881,all_in_long,mk,-0.1519642656334641,-3.9682326547128595
2018-05-01,0.03525076808625422,0.03259287003471211,0.04800949726637963,all_in_long,mk,-0.06121935779177523,-1.275150986316332
2018-06-01,0.03576812374737048,0.03332230703952314,0.048884914061942064,all_in_long,mk,-0.021041012250444524,-0.43041933598949284
2018-07-01,0.03422411083554549,0.03220478704394339,0.04699402165200853,all_in_long,mk,-0.004272562672968938,-0.09091715334787331
2018-08-01,0.028253005169552155,0.02646521436601908,0.038712270309942856,all_in_long,mk,-0.05718653533235418,-1.4772198807897452
2018-09-01,0.020947291997470807,0.019803410863251898,0.02882644833908728,all_in_long,mk,-0.1119539044079243,-3.883721750629965
2018-10-01,0.02473167682721105,0.02360130887214259,0.03418592720936328,all_in_long,mk,-0.07466949962915415,-2.184217475567043
2018-11-01,0.015342836795020154,0.014701776911084746,0.02124958553153282,all_in_long,mk,-0.1748437620411325,-8.228102227296493
2018-12-01,0.014164712101245956,0.014316001795470708,0.020139190061149535,all_in_long,mk,-0.24636817309264814,-12.233271166545888
2019-01-01,0.018615313409021134,0.018055891548827085,0.025933474756366287,all_in_long,mk,-0.29692068622699797,-11.449321350742183
2019-02-01,0.018934339899410655,0.01571538336800218,0.02460655404215905,all_in_long,mk,-0.3024132215080355,-12.289946044045951
2019-03-01,0.01811267971002196,0.013689684305249158,0.022704110259052796,all_in_long,mk,-0.27814247019677385,-12.25075402749466
2019-04-01,0.01974381740668906,0.01582756033834264,0.02530474248145108,all_in_long,mk,-0.2822584667948824,-11.154370252998383
2019-05-01,0.018343950563371555,0.014175920821044796,0.023183124323437315,all_in_long,mk,-0.34646861836324927,-14.944863062006782
2019-06-01,0.019006642129728694,0.01554937694192528,0.02455678253211636,all_in_long,mk,-0.37993462735195216,-15.47167780856707
2019-07-01,0.016648465204730713,0.014276045151611787,0.02193118462017015,all_in_long,mk,-0.35338552432935266,-16.11338057882853
2019-08-01,0.016403921958795985,0.014233089196570382,0.021717953027571398,all_in_long,mk,-0.33641082641029385,-15.489987752676932
2019-09-01,0.017526350597904295,0.015877666111307427,0.023648958675231785,all_in_long,mk,-0.3623977514644938,-15.324046882624186
2019-10-01,0.018546467623733735,0.015890626503224294,0.024423011116223525,all_in_long,mk,-0.3549843686865506,-14.53483221201764
2019-11-01,0.017686314629561637,0.015345808509582068,0.02341579731695266,all_in_long,mk,-0.28167690382281396,-12.029353517630785
2019-12-01,0.018073025811699735,0.0168542033352858,0.024712313369199653,all_in_long,mk,-0.24180521124179677,-9.784806773418964
2020-01-01,0.026029395230944392,0.02224333842654899,0.034238801387412816,all_in_long,mk,-0.23148222254560924,-6.760815600008383
2020-02-01,0.019683261978500878,0.01840218877618737,0.026945711233306403,all_in_long,mk,-0.23534550225188244,-8.734061617975861
2020-03-01,0.0233869622588373,0.019989075938517873,0.030765454012123963,all_in_long,mk,-0.37443899788327517,-12.170761326509835
2020-04-01,0.04418941625078134,0.03455199115297489,0.056094069216095145,all_in_long,mk,-0.598166958477564,-10.663639968304013
2020-05-01,0.048417527308861265,0.0374126209036614,0.06118791672859445,all_in_long,mk,-0.602516265504005,-9.846981196900858
2020-06-01,0.04336987726127898,0.03318757068493063,0.054610997991482176,all_in_long,mk,-0.498023121099489,-9.119465664721362
2020-07-01,0.03750162399852991,0.028851190464185356,0.0473155681961848,all_in_long,mk,-0.42913371272865763,-9.069609202394826
2020-08-01,0.03708655309692323,0.02767421502592803,0.046273908392443,all_in_long,mk,-0.3240385584479366,-7.002619180117827
2020-09-01,0.0481208680475025,0.03289921783806046,0.058292164790830193,all_in_long,mk,-0.2758752424968147,-4.732629908097221
2020-10-01,0.054460981546651376,0.03660260871120431,0.06561820993817365,all_in_long,mk,-0.27566710354591795,-4.201076253156787
2020-11-01,0.050334809486511235,0.034116202326754934,0.06080714026529664,all_in_long,mk,-0.24139590217793216,-3.9698611236236623
2020-12-01,0.04525512221136432,0.030591500067566585,0.05462477425810972,all_in_long,mk,-0.20443992409209244,-3.742622772701725
2021-01-01,0.043229981009153165,0.02993362510795192,0.052581871116908284,all_in_long,mk,-0.189945681033854,-3.612379647189369
2021-02-01,0.03869540679757457,0.028231601760028983,0.047899455583196894,all_in_long,mk,-0.18566234369206125,-3.876084632519112
2021-03-01,0.030761384396718338,0.02668290541089942,0.040721495689250806,all_in_long,mk,-0.007654864713546594,-0.1879809320355401
2021-04-01,0.05947077750371754,0.053113385132145204,0.07973584549681692,all_in_long,mk,0.38882551579451086,4.876420553037629
2021-05-01,0.08730158930011284,0.07110037468707,0.11259143295547545,all_in_long,mk,0.5748900727346129,5.105984155667994
2021-06-01,0.1469577263266705,0.1023692294184227,0.1790978292968015,all_in_long,mk,0.7562473501164346,4.222537777736989
2021-07-01,0.1460418604098371,0.10217143706573537,0.1782336319106017,all_in_long,mk,0.788839340779468,4.42587256020869
2021-08-01,0.11943347115639143,0.08614641598119992,0.14726017458522353,all_in_long,mk,0.6652250468953458,4.517345227717096
2021-09-01,0.09448009509676736,0.07141039271575507,0.11843113001788241,all_in_long,mk,0.600659171092488,5.071801400542172
2021-10-01,0.10158884407136617,0.0790012286913974,0.1286914425069003,all_in_long,mk,0.700680343382575,5.444653737135671
2021-11-01,0.12273188948855565,0.09431218680050726,0.15478341408731366,all_in_long,mk,0.7870528029937827,5.084865246284104
2021-12-01,0.147715913458726,0.1060172018260377,0.1818230958155994,all_in_long,mk,0.8531848355003646,4.692389774100228
2022-01-01,0.16336283083016892,0.11406543106649064,0.19924441538279242,all_in_long,mk,0.8184004809475685,4.107520300507499
2022-02-01,0.1635508765342218,0.11454262177914634,0.1996719845625641,all_in_long,mk,0.857835270506424,4.296222489027421
2022-03-01,0.13961253715473368,0.10152468486322426,0.17262364312966774,all_in_long,mk,0.8534799053655497,4.944165757899403
2022-04-01,0.10248929471934229,0.07989140883705628,0.12994880814396828,all_in_long,mk,0.6476042304002441,4.983533436357287
2022-05-01,0.08990336481056506,0.07884819431623712,0.11958115550199637,all_in_long,mk,0.5353583130622397,4.476945475353782
2022-06-01,0.09121043488925278,0.09024096527832588,0.12830734681634812,all_in_long,mk,0.3702185646277787,2.885404256372697
2022-07-01,0.07814597908944682,0.07265052148400851,0.10670001087041481,all_in_long,mk,0.21956458707137472,2.057774739479941
2022-08-01,0.05649664953910545,0.056563260405939536,0.0799454428775939,all_in_long,mk,0.12650899353126022,1.5824415873830446
2022-09-01,0.054595590119287184,0.05335009590141574,0.07633420722823724,all_in_long,mk,-0.018500086783502567,-0.24235644090974579
2022-10-01,0.05743422581782922,0.05268282053502729,0.07793696090315104,all_in_long,mk,-0.17311646361897193,-2.2212370307086573
2022-11-01,0.06946809925309394,0.05831442074841733,0.09069944035693471,all_in_long,mk,-0.38680030270887844,-4.264638251202885
2022-12-01,0.08523860592605975,0.06498922380012402,0.10718777519083375,all_in_long,mk,-0.5768290028110634,-5.381481253660645
2023-01-01,0.09706007929823203,0.0753203170241804,0.1228568644805903,all_in_long,mk,-0.5816328901974588,-4.734231926367849
2023-02-01,0.0970809113895856,0.07608184118579224,0.1233415984753428,all_in_long,mk,-0.6728633513634952,-5.455283210862612
2023-03-01,0.07691957584509473,0.06253808554652482,0.09913442031914918,all_in_long,mk,-0.7133368548844832,-7.19565265614099
2023-04-01,0.06463663479544463,0.05043592311400288,0.08198583352043994,all_in_long,mk,-0.6876682285263946,-8.387646975071025
2023-05-01,0.0614833455344978,0.04811978134491073,0.07807506090165071,all_in_long,mk,-0.7411900392665594,-9.49330081471494
2023-06-01,0.06403239190421216,0.052072443498034686,0.08253294242198463,all_in_long,mk,-0.8198621254840832,-9.933756163595753
2023-07-01,0.06199049253748461,0.05021851425385243,0.07977919740699524,all_in_long,mk,-0.7945329640139942,-9.959149625944063
2023-08-01,0.06542356353246465,0.050556314743069194,0.08268121688561866,all_in_long,mk,-0.7429837089965474,-8.986124503034254
2023-09-01,0.06626148020051109,0.05136012091916277,0.0838358263464597,all_in_long,mk,-0.6495411157850794,-7.7477749560287945
2023-10-01,0.05960044343319036,0.04639502559114569,0.07552953897010088,all_in_long,mk,-0.730994029247567,-9.678253557683414
2023-11-01,0.050042762466377094,0.03830263396574134,0.06301880547883942,all_in_long,mk,-0.7378903552563099,-11.709050173984654
2023-12-01,0.04880374400255532,0.03313541530673821,0.05898950055914167,all_in_long,mk,-0.6760476683873806,-11.46047452477732
2024-01-01,0.03969584641292782,0.03393250476188842,0.05222236208612489,all_in_long,mk,-0.6402215365051811,-12.259528503313016
2024-02-01,0.037923151707362705,0.031470482966764475,0.04928038893496134,all_in_long,mk,-0.5532166637440383,-11.22589889609345
2024-03-01,0.04218921568921606,0.03478903213057775,0.05468278227242617,all_in_long,mk,-0.5612025350116179,-10.262874559230404
2024-04-01,0.05045881637519213,0.04161749508031165,0.06540724766220576,all_in_long,mk,-0.5436886848533273,-8.312361462772369
2024-05-01,0.05661005482574952,0.046507612446975675,0.07326429091237048,all_in_long,mk,-0.5556217702318289,-7.583800557032535
2024-06-01,0.05604048558673575,0.0462827844026508,0.07268171817492618,all_in_long,mk,-0.6058994062104084,-8.336338510217447
2024-07-01,0.05739614277631334,0.04753993390654012,0.07452759570412257,all_in_long,mk,-0.6496356932243375,-8.716713414497043
2024-08-01,0.05490988068338828,0.04528278075785522,0.07117320584200153,all_in_long,mk,-0.6102372956840796,-8.573975114156788
2024-09-01,0.04539978658753554,0.037440370569952634,0.0588465969331205,all_in_long,mk,-0.5671641621789236,-9.638011231533218
2024-10-01,0.04041693427722483,0.03302315016390953,0.05219249968259452,all_in_long,mk,-0.4797322864686482,-9.191594374404572
2024-11-01,0.037176837023796386,0.029974356815253116,0.047755410976998494,all_in_long,mk,-0.33598209618852515,-7.035477013282363
2024-12-01,0.03463543211908576,0.027907387892894424,0.04447960720465355,all_in_long,mk,-0.3221087824836877,-7.241718232844196
2025-01-01,0.0316271355342874,0.024236725440089417,0.0398458851346342,all_in_long,mk,-0.26982498374650277,-6.7717151428509705
2025-02-01,0.031069513113788503,0.02364396787211268,0.03904294893915382,all_in_long,mk,-0.3413684445262355,-8.74340831831731
2025-03-01,0.03766147094213346,0.023309099636188893,0.044291088487131855,all_in_long,mk,-0.4045120558719528,-9.133034876518739
2025-04-01,0.03438550258483035,0.02319263132805147,0.041476028449337926,all_in_long,mk,-0.4325152273559896,-10.428077217766827
2025-05-01,0.03126501037309494,0.02169388395076635,0.03805424384348022,all_in_long,mk,-0.4066347536272552,-10.685661113114547
2025-06-01,0.032919663949381804,0.0207815767848643,0.038930427793763565,all_in_long,mk,-0.34881964814243993,-8.960077448681899
2025-07-01,0.0359679468686957,0.0204770643360407,0.041388444833934834,all_in_long,mk,-0.2657984788084322,-6.422045570325492
2025-08-01,0.030630250905720077,0.019094412268540223,0.03609444348412017,all_in_long,mk,-0.2306223587354328,-6.389414449259915
2025-09-01,0.023941600638285633,0.018526766533892534,0.0302727818233561,all_in_long,mk,-0.17769016638029544,-5.86963455876406
2025-11-01,0.03491782184387235,0.020677362222109866,0.040580877156423625,all_in_long,mk,-0.23244016393493272,-5.727825030468552
2025-12-01,0.029826654263731656,0.02164949140248914,0.0368555258075995,all_in_long,mk,-0.1711664062113094,-4.644253540293146
2026-01-01,0.03593241673452819,0.028336696978837488,0.04576141352771196,all_in_long,mk,-0.257975929248655,-5.637411726638017
2026-02-01,0.037476944916486024,0.029421578327412094,0.047646098177598684,all_in_long,mk,-0.15598873278150904,-3.273903609065071
2026-03-01,0.05061739006924133,0.039700417963215585,0.06432917972332418,all_in_long,mk,0.09641434076919086,1.4987652754762766
2026-04-01,0.0636976472042289,0.0461580639773484,0.07866356926488524,all_in_long,mk,0.1207523525751153,1.5350479733318958
2026-05-01,0.08094628576643081,0.05689053246417308,0.0989385357857989,all_in_long,mk,0.17231769484509218,1.7416640894924758
2026-06-01,0.060131034755251465,0.043167384335632136,0.07402137806821377,all_in_long,mk,0.08590531256220668,1.1605473284088466
2026-07-01,0.0531402671285807,0.03884431944215837,0.06582377339093648,all_in_long,mk,0.027642293814755803,0.4199439258910972
2014-01-01,0.013011597654304223,0.013814154015337326,0.018977157971544513,ex_shelter_long,fam,-0.11874525437682859,-6.257272798955583
2014-02-01,0.017861681265165113,0.01963569491446222,0.02654430583745199,ex_shelter_long,fam,-0.14399701721812264,-5.424779917015341
2014-03-01,0.01693236719144385,0.01898570779259699,0.02543938205011596,ex_shelter_long,fam,-0.14482360803738104,-5.692890171312982
2014-04-01,0.016021064318057478,0.016765373946994993,0.02318948609749498,ex_shelter_long,fam,-0.07431616275805908,-3.204735216882922
2014-05-01,0.016671698572408265,0.01722342650920169,0.02397064775943928,ex_shelter_long,fam,-0.09898610769785154,-4.129471539160735
2014-06-01,0.017504078515139153,0.01771036571210955,0.02490079955183812,ex_shelter_long,fam,-0.13324875862599228,-5.351183938836861
2014-07-01,0.01602523988766264,0.016177813672297144,0.0227712531203862,ex_shelter_long,fam,-0.11232404341885438,-4.932712434622015
2014-08-01,0.015687258043049997,0.016825948371085937,0.023004404002183718,ex_shelter_long,fam,-0.0766246400435211,-3.3308682996632917
2014-09-01,0.016004262185441757,0.017394271714501502,0.02363677424223255,ex_shelter_long,fam,-0.01689819370402912,-0.7149111605016135
2014-10-01,0.017227035130857816,0.01878855083320756,0.025490790137063894,ex_shelter_long,fam,0.020318146244857616,0.7970779303272676
2014-11-01,0.02091447129242543,0.024058449142648933,0.031878269786660515,ex_shelter_long,fam,0.02328836792921951,0.7305405244723961
2014-12-01,0.028968184355935057,0.03430361263951048,0.04489870315500242,ex_shelter_long,fam,-0.008588996323921627,-0.19129720282276524
2015-01-01,0.04636838725755744,0.048539675644941806,0.06712769509362712,ex_shelter_long,fam,0.03193549453665012,0.4757424561070915
2015-02-01,0.03866978640103468,0.040537728083762194,0.056023742988974674,ex_shelter_long,fam,0.05795054323658455,1.0343925654519204
2015-03-01,0.0376214112971065,0.039892210510055266,0.054833922414547515,ex_shelter_long,fam,0.12797799314037128,2.333920090064878
2015-04-01,0.04254692872898733,0.044748569340675684,0.0617468671456843,ex_shelter_long,fam,0.124934239043617,2.023329195776843
2015-05-01,0.0367772158409208,0.03891037737240303,0.05354046201026369,ex_shelter_long,fam,0.18081961543198188,3.3772516829854555
2015-06-01,0.03701460813957548,0.03931151511042402,0.05399515196759264,ex_shelter_long,fam,0.20381796702685362,3.7747456873384326
2015-07-01,0.0364024082082885,0.038132151679023334,0.05271808337785918,ex_shelter_long,fam,0.20462139499333176,3.881427052776159
2015-08-01,0.036917903057531905,0.03815082239388095,0.05308876355213758,ex_shelter_long,fam,0.17686639944947125,3.331522296159219
2015-09-01,0.04215753230608801,0.0436527139519964,0.060686217261530444,ex_shelter_long,fam,0.12323351256593451,2.030667227697736
2015-10-01,0.03743650973456195,0.03863978283144198,0.05380079068533241,ex_shelter_long,fam,0.08923791305345263,1.6586728915450935
2015-11-01,0.03341963837460998,0.034522564219339656,0.04804872182866195,ex_shelter_long,fam,0.08605623169084531,1.7910202064836442
2015-12-01,0.029654223223416896,0.031059439636399032,0.042942540044940906,ex_shelter_long,fam,0.09810199725841517,2.2844945165271526
2016-01-01,0.020461916072914366,0.024186791592513593,0.03168108105659713,ex_shelter_long,fam,0.13815857267398535,4.360917243548917
2016-02-01,0.028292498923137847,0.031520611251620013,0.04235580750017063,ex_shelter_long,fam,0.14145950786467187,3.3397901306474207
2016-03-01,0.026437512336698585,0.029368374406422044,0.0395151043757811,ex_shelter_long,fam,0.051792385364901605,1.3106984324871296
2016-04-01,0.024245732657866517,0.026473850957258457,0.03589875118473997,ex_shelter_long,fam,0.011581856190057138,0.322625601388062
2016-05-01,0.027907853451060123,0.029524731600456884,0.040627060690195956,ex_shelter_long,fam,-0.04376865077007075,-1.0773275257058632
2016-06-01,0.028642591035619863,0.03129389176364976,0.0424229381696836,ex_shelter_long,fam,-0.08721244587539534,-2.0557851397883455
2016-07-01,0.03076776788655859,0.03331055082272866,0.04534587452938508,ex_shelter_long,fam,-0.08076041764402131,-1.7809871015209302
2016-08-01,0.029548568349838003,0.0313073143466612,0.043049574017935494,ex_shelter_long,fam,-0.06953387899277796,-1.6152048093160798
2016-09-01,0.024080438298342718,0.026256458849489104,0.03562680367301009,ex_shelter_long,fam,-0.06540045142715556,-1.8357092044353445
2016-10-01,0.02285791055939364,0.024863261312714012,0.03377374480636609,ex_shelter_long,fam,-0.029336326206252927,-0.8686133674084981
2016-11-01,0.02283902010749075,0.025086730881650737,0.03392587369248927,ex_shelter_long,fam,-0.05216938208185695,-1.5377461625522277
2016-12-01,0.02392526432690489,0.026517594383637537,0.035715558024583524,ex_shelter_long,fam,-0.055417623056497334,-1.551638168955742
2017-01-01,0.03135032859142468,0.03065786262594175,0.04384914644073948,ex_shelter_long,fam,-0.07619096763644695,-1.7375701426575376
2017-02-01,0.0431715081650175,0.04294364041584484,0.06089281870144914,ex_shelter_long,fam,-0.11218076337282668,-1.8422658987562512
2017-03-01,0.03470852383186045,0.03354977791874206,0.04827286220003675,ex_shelter_long,fam,-0.10023696215910594,-2.0764661051946
2017-04-01,0.030575014933694765,0.030621747684626006,0.04327265845145819,ex_shelter_long,fam,-0.16066525630911155,-3.712858466723056
2017-05-01,0.025371139263307835,0.025083221282620572,0.03567720136769517,ex_shelter_long,fam,-0.1405910456856896,-3.9406410899984805
2017-06-01,0.025020317409027628,0.024601632595164267,0.03508926630176157,ex_shelter_long,fam,-0.11093336055649772,-3.161461388291513
2017-07-01,0.026999833422145608,0.025181187278939057,0.03691995663053538,ex_shelter_long,fam,-0.12468564665883974,-3.377188329514884
2017-08-01,0.029277922969078822,0.02785280841360672,0.04041009415861827,ex_shelter_long,fam,-0.1336152640508681,-3.3064823735970417
2017-09-01,0.036536783693737904,0.03571902947431392,0.05109584747579688,ex_shelter_long,fam,-0.14501323206215222,-2.838062958655147
2017-10-01,0.03141087657561951,0.03079474555304189,0.04398817478511009,ex_shelter_long,fam,-0.1871449910372469,-4.254438652012338
2017-11-01,0.03223384017920043,0.034045330157516755,0.046883952032999054,ex_shelter_long,fam,-0.15806879653716965,-3.371490449992647
2017-12-01,0.02486587314321788,0.027186557711646568,0.03684318888727323,ex_shelter_long,fam,-0.09422813810886499,-2.5575456673191033
2018-01-01,0.024391590779394446,0.027128122938929418,0.036481293219115855,ex_shelter_long,fam,-0.08295170512915284,-2.273814818759959
2018-02-01,0.027185110616538898,0.030508105254216548,0.04086287710668219,ex_shelter_long,fam,-0.0716967120608869,-1.7545683793558076
2018-03-01,0.024702381353073167,0.027597094914407767,0.0370379169531372,ex_shelter_long,fam,-0.06095488845261343,-1.6457428890976118
2018-04-01,0.02883748792580025,0.031590527590483655,0.04277338124717035,ex_shelter_long,fam,7.082740073771632e-4,0.016558756561337283
2018-05-01,0.03658855171507298,0.040736327510792265,0.054755552190377005,ex_shelter_long,fam,0.009131090216474291,0.1667609922867152
2018-06-01,0.03751015918145665,0.04235525686084468,0.05657720234835182,ex_shelter_long,fam,0.03892088013051076,0.6879251450234457
2018-07-01,0.03538991329192397,0.040887053404286236,0.054075845799162976,ex_shelter_long,fam,0.026980729494163747,0.49894234838914664
2018-08-01,0.02920119508014629,0.03335225913503081,0.04432925651890641,ex_shelter_long,fam,0.01903284254349824,0.42935172024328316
2018-09-01,0.02114236886853766,0.02333226903774375,0.03148641833907067,ex_shelter_long,fam,0.06489602458534804,2.0610799198084804
2018-10-01,0.025251791947669307,0.028650011484049335,0.038190000714906185,ex_shelter_long,fam,0.07447999490493018,1.950248586297078
2018-11-01,0.014662252893104381,0.016249887276111184,0.021886993772276448,ex_shelter_long,fam,0.059555472024763745,2.721043951691563
2018-12-01,0.013686850546030117,0.01616236424195978,0.021179043787648795,ex_shelter_long,fam,0.0011993550182554102,0.056629328041469494
2019-01-01,0.018289337326274052,0.0243393393022451,0.03044508659051661,ex_shelter_long,fam,0.003776600084970383,0.12404629146782463
2019-02-01,0.018589002590169212,0.020252107331359723,0.027489977603814664,ex_shelter_long,fam,0.0209023527624419,0.7603626697586459
2019-03-01,0.017351292793523685,0.015866528005581294,0.02351199848074345,ex_shelter_long,fam,0.03155780813737241,1.3422001606209082
2019-04-01,0.019004143506968375,0.017924255666135962,0.02612348391042924,ex_shelter_long,fam,0.02837135908917432,1.0860480625958036
2019-05-01,0.017282000055472972,0.015522860447350679,0.02322986703331063,ex_shelter_long,fam,0.007387317278784167,0.3180094517196793
2019-06-01,0.017841156701777414,0.01738417187845499,0.02491016467944446,ex_shelter_long,fam,0.004310275403218711,0.17303279439077707
2019-07-01,0.014604378859214432,0.014000183811805655,0.020230991785570338,ex_shelter_long,fam,0.006586029878064004,0.32554162187745334
2019-08-01,0.014821076054835272,0.015925291350063934,0.021754981039008803,ex_shelter_long,fam,0.029144389000679283,1.3396651069665633
2019-09-01,0.015833966691056862,0.017248298236961376,0.02341406186983931,ex_shelter_long,fam,-0.0010959164398194332,-0.0468059085993589
2019-10-01,0.017327480020039573,0.018100351000739777,0.02505721992150869,ex_shelter_long,fam,-0.013961849370036639,-0.5571986602572788
2019-11-01,0.0157923856578749,0.015053285329568,0.021817443571152877,ex_shelter_long,fam,-0.018424175959808053,-0.8444699719158931
2019-12-01,0.01649412245918337,0.017345740923720578,0.023935973009079285,ex_shelter_long,fam,-0.004558296378842641,-0.19043706212041636
2020-01-01,0.02509585839383664,0.02439194760796531,0.03499670293946596,ex_shelter_long,fam,-0.03159020531946499,-0.9026623271942729
2020-02-01,0.017784348439587108,0.018401441367760715,0.025590937728652695,ex_shelter_long,fam,-0.019525349938631642,-0.7629790727351986
2020-03-01,0.020477257320547712,0.01965102837401622,0.028380996873406606,ex_shelter_long,fam,-0.023592946338446552,-0.8312937858977559
2020-04-01,0.04164131866304772,0.040132471897458694,0.0578326440740677,ex_shelter_long,fam,-0.04513876226693858,-0.7805066323636916
2020-05-01,0.04645526342456164,0.04395816980944812,0.0639563303578441,ex_shelter_long,fam,-0.0063660321794056784,-0.09953717081306714
2020-06-01,0.04138361285782965,0.03807595760226756,0.0562350598870171,ex_shelter_long,fam,-0.04271301308838016,-0.7595441913673723
2020-07-01,0.03482235635730362,0.03256444778221372,0.0476764067609501,ex_shelter_long,fam,-0.05724503255311042,-1.2006993907938048
2020-08-01,0.03533581501087748,0.03256096823136471,0.04805035353300636,ex_shelter_long,fam,-0.037916055989262176,-0.7890900524429479
2020-09-01,0.045820638187241455,0.039434825007291126,0.06045358804274369,ex_shelter_long,fam,-0.02999113324957392,-0.49610179015956335
2020-10-01,0.05222854112696519,0.04468485335463165,0.06873541028884624,ex_shelter_long,fam,0.005067595611385478,0.07372612733509502
2020-11-01,0.04937973583737692,0.042733926643422696,0.06530349759189441,ex_shelter_long,fam,0.00943508913573421,0.1444806095180009
2020-12-01,0.04440437188179798,0.037937649277716264,0.05840388236184318,ex_shelter_long,fam,-0.02513390814331551,-0.430346530519967
2021-01-01,0.04277139852277511,0.03537702798864286,0.05550609552925939,ex_shelter_long,fam,-0.03281074576351184,-0.5911196860571113
2021-02-01,0.03522471459272665,0.03016353883314618,0.046374773240176255,ex_shelter_long,fam,-0.071439657391692,-1.540485319932542
2021-03-01,0.029163411448222754,0.03187482879927682,0.04320311653436054,ex_shelter_long,fam,-0.09397417174137335,-2.175171128375271
2021-04-01,0.05801597677164218,0.06532056569031305,0.08736492352695233,ex_shelter_long,fam,-0.01684087658420097,-0.19276473788711682
2021-05-01,0.08497346156779557,0.08566352512789974,0.12065955705269243,ex_shelter_long,fam,0.018420259703932906,0.1526630807693809
2021-06-01,0.14647542360815716,0.1217162598509267,0.19044657422302821,ex_shelter_long,fam,0.16215754696307094,0.8514595110184101
2021-07-01,0.14562769698472905,0.12040954621386364,0.18896000886035283,ex_shelter_long,fam,0.20310510542742577,1.0748576201513973
2021-08-01,0.11760267347260561,0.10098117879950876,0.15500834583867623,ex_shelter_long,fam,0.13632455583956204,0.8794659094126506
2021-09-01,0.0912947503367692,0.08288589559676042,0.12330775777675178,ex_shelter_long,fam,0.10123628932108275,0.8210050295811125
2021-10-01,0.09676939289656872,0.09099227141600096,0.13283037626617517,ex_shelter_long,fam,0.08379498006219066,0.6308419987780218
2021-11-01,0.1175760142936218,0.10944358558432629,0.16063006431775997,ex_shelter_long,fam,0.11119207649841201,0.692224565623349
2021-12-01,0.14404228207239037,0.12284809376095329,0.18931411243043145,ex_shelter_long,fam,0.18700577092067938,0.9878068175683399
2022-01-01,0.15759908923361107,0.13136277026583001,0.20516737152670486,ex_shelter_long,fam,0.15920486467240202,0.7759755534601647
2022-02-01,0.15690486113284602,0.13316117549882414,0.205793668773717,ex_shelter_long,fam,0.1568565552254828,0.762203017032348
2022-03-01,0.13039087373227776,0.1174354896632989,0.1754789850242062,ex_shelter_long,fam,0.06742258451870597,0.38422027862427777
2022-04-01,0.09442398263399497,0.0933922752458346,0.13280815325897244,ex_shelter_long,fam,-0.030754204180416522,-0.23156864564215893
2022-05-01,0.08327229001586174,0.10073975638145846,0.13070108186346963,ex_shelter_long,fam,-0.13387820835388808,-1.0243083411791287
2022-06-01,0.09627666035886255,0.12326952011282748,0.15641154023505605,ex_shelter_long,fam,-0.2333580499110468,-1.491949056702307
2022-07-01,0.07783930644426973,0.09656841080550758,0.12403392920175595,ex_shelter_long,fam,-0.18771914440580773,-1.5134499536853356
2022-08-01,0.05294898758905483,0.07340610092613728,0.09050994939720237,ex_shelter_long,fam,-0.1812928508258409,-2.003015713004526
2022-09-01,0.04880302830055357,0.06962400431552243,0.08502492310042109,ex_shelter_long,fam,-0.21191579390362847,-2.4923961842733964
2022-10-01,0.05724869215614195,0.06951802949945705,0.09005647771857442,ex_shelter_long,fam,-0.25879509523660715,-2.8736977260574106
2022-11-01,0.0713347366681861,0.07518508854524976,0.1036409291500057,ex_shelter_long,fam,-0.28908820982904704,-2.7893247600147664
2022-12-01,0.08811098500579947,0.08076042049783365,0.11952318267883905,ex_shelter_long,fam,-0.30370219726065795,-2.540948044169065
2023-01-01,0.10024241173296201,0.09436976150177426,0.13767422778407887,ex_shelter_long,fam,-0.30182081473280054,-2.1922826050360036
2023-02-01,0.09962938323439137,0.09393135174202061,0.13692739990136535,ex_shelter_long,fam,-0.2916085442101979,-2.1296580846511066
2023-03-01,0.07700057642976973,0.07410113683618198,0.10686471471412526,ex_shelter_long,fam,-0.19404433736844862,-1.8157942767876032
2023-04-01,0.06449974021561014,0.058538085087389925,0.08710294997059341,ex_shelter_long,fam,-0.14111271666474856,-1.6200681689011593
2023-05-01,0.06060294613158454,0.055087772682887316,0.08189859448726336,ex_shelter_long,fam,-0.09160054629486769,-1.118462983013868
2023-06-01,0.06317143577014842,0.05967955344879164,0.08690385145152754,ex_shelter_long,fam,-0.09833652511841429,-1.1315554313868765
2023-07-01,0.0602050615349553,0.0562611005340555,0.08240121884857562,ex_shelter_long,fam,-0.15029598020868118,-1.8239533626908138
2023-08-01,0.0643032029284485,0.05705627466410116,0.08596697264300156,ex_shelter_long,fam,-0.1782805866789472,-2.073826507992785
2023-09-01,0.0640510763866752,0.057907814197404615,0.086347294870267,ex_shelter_long,fam,-0.17161887251284647,-1.9875419695625236
2023-10-01,0.05810037235943572,0.05176112586342236,0.0778130285938938,ex_shelter_long,fam,-0.16795277479830784,-2.1584145718688497
2023-11-01,0.047776509941440524,0.04154156961827529,0.06331111204626387,ex_shelter_long,fam,-0.1790436543158469,-2.827997306144501
2023-12-01,0.04690284945158555,0.0362113955485357,0.059254893926583056,ex_shelter_long,fam,-0.19392360681536047,-3.2727019485619575
2024-01-01,0.0379187473377758,0.03769149457548328,0.05346475626989956,ex_shelter_long,fam,-0.15824595532978325,-2.9598181375957204
2024-02-01,0.03640312315372858,0.034939004483554324,0.05045712446867498,ex_shelter_long,fam,-0.11611162278104548,-2.301193815615284
2024-03-01,0.040335955388285306,0.0396015107216674,0.05652671004511125,ex_shelter_long,fam,-0.172220452395222,-3.0467092858894693
2024-04-01,0.04905335129778132,0.049485694723977756,0.06967829831345097,ex_shelter_long,fam,-0.1790818675785344,-2.5701240115383777
2024-05-01,0.054864534662640664,0.05558963732232971,0.07810457695536319,ex_shelter_long,fam,-0.17648556777623003,-2.259605962363661
2024-06-01,0.05436840830427584,0.05546350031525394,0.07766674763861703,ex_shelter_long,fam,-0.205977715679051,-2.6520708274983296
2024-07-01,0.0556031134977634,0.05693663095157022,0.07958320284306522,ex_shelter_long,fam,-0.23475865933735296,-2.949851865101324
2024-08-01,0.05254155882287417,0.0528216090435687,0.07450327365619021,ex_shelter_long,fam,-0.1513162208201413,-2.0310009667282447
2024-09-01,0.0441802473486897,0.04396584311514464,0.06232888268384823,ex_shelter_long,fam,-0.08855142857575604,-1.4207125936288132
2024-10-01,0.039528827844319214,0.03888468946149584,0.055448600570824076,ex_shelter_long,fam,-0.067129132587751,-1.2106551273914923
2024-11-01,0.036200340604795093,0.03565731623539931,0.05081248725475312,ex_shelter_long,fam,-0.011884125936800771,-0.23388199591999115
2024-12-01,0.033953496822559895,0.03338046725561438,0.047614026721993684,ex_shelter_long,fam,-0.025816422736357758,-0.5422020466173414
2025-01-01,0.031199609901875872,0.028958591082072948,0.042567777196935545,ex_shelter_long,fam,-0.007280583025148779,-0.1710350764021784
2025-02-01,0.030213542728463733,0.027960288196872324,0.041165955354599285,ex_shelter_long,fam,-0.08430532172691851,-2.0479379380539378
2025-03-01,0.03227341316459242,0.02697201763366315,0.042060229820141536,ex_shelter_long,fam,-0.06376213948737774,-1.515972208426777
2025-04-01,0.031200726544140907,0.0277784617149389,0.041774732460311284,ex_shelter_long,fam,-0.08095467309578996,-1.9378860935303936
2025-05-01,0.02850926429767042,0.026110725709390825,0.03865938628412857,ex_shelter_long,fam,-0.0934307432393977,-2.4167673680260995
2025-06-01,0.023410905034418464,0.02248632838636953,0.032460829299791584,ex_shelter_long,fam,-0.06997524133742772,-2.1556824901536635
2025-07-01,0.022666880283585326,0.021182955027242146,0.031024265430087985,ex_shelter_long,fam,-0.01033702084971555,-0.33319147790975545
2025-08-01,0.018750379788110352,0.020529350242796316,0.02780343438479819,ex_shelter_long,fam,-0.04787939272077324,-1.7220675711541513
2025-09-01,0.015618576561638677,0.01843242435971032,0.02415976410456467,ex_shelter_long,fam,-0.048745613023237766,-2.0176361330460146
2025-11-01,0.015087445749235455,0.018791706897915907,0.024098947432892235,ex_shelter_long,fam,-0.1076043071175592,-4.465104022372858
2025-12-01,0.021035671167892928,0.021068831681577343,0.029772388716902763,ex_shelter_long,fam,-0.06165652426854962,-2.070929707885521
2026-01-01,0.02960102192771822,0.026584598087689957,0.03978644687138151,ex_shelter_long,fam,-0.10142612537198392,-2.54926321266803
2026-02-01,0.03404790644399513,0.031363751680469225,0.04629195235344024,ex_shelter_long,fam,-0.019192417857483157,-0.41459512683648675
2026-03-01,0.04970937112273386,0.047850216560658014,0.06899757098854682,ex_shelter_long,fam,0.023282873046803765,0.33744482179914104
2026-04-01,0.06604449030929031,0.05993011211400624,0.08918235833510628,ex_shelter_long,fam,-0.03861746381306208,-0.4330168492288062
2026-05-01,0.08606152424984088,0.07652960250813627,0.11516668796253234,ex_shelter_long,fam,-0.06760731654533725,-0.5870388194833929
2026-06-01,0.06339031723200919,0.057063157419013584,0.08529089197213198,ex_shelter_long,fam,-0.026370087746507842,-0.3091782385758614
2026-07-01,0.05671060880839275,0.05203115748866527,0.07696320225295229,ex_shelter_long,fam,-0.05341615892926477,-0.694048030300295
2014-01-01,0.029202884409158924,0.014176283536405194,0.0324619080264739,ex_shelter_long,par,0.04826777304145491,1.4869049903687344
2014-02-01,0.04181558688623709,0.01940912177385209,0.04610051317146766,ex_shelter_long,par,0.04158811629046966,0.9021182939067411
2014-03-01,0.03758627128773654,0.018449534213816454,0.04187019347963551,ex_shelter_long,par,0.12998422125873876,3.1044571437664708
2014-04-01,0.03359450827262262,0.017525271741324205,0.03789097696928078,ex_shelter_long,par,0.06973926337430214,1.8405242871104013
2014-05-01,0.0350105539609407,0.018228979597657104,0.0394719468207959,ex_shelter_long,par,0.07944251790723555,2.012632370729205
2014-06-01,0.03772415672751588,0.019106942660833334,0.04228696322327431,ex_shelter_long,par,0.0715664759404877,1.6924004583308137
2014-07-01,0.03320441813519922,0.017522241177148092,0.03754413828505445,ex_shelter_long,par,0.09305563225179281,2.478566202405992
2014-08-01,0.035273247397657935,0.017063458122747652,0.039183715815159045,ex_shelter_long,par,0.11845997283213006,3.0231939561561774
2014-09-01,0.03752441629735435,0.017358287231200253,0.04134479355442475,ex_shelter_long,par,0.11531691381430065,2.789152004411432
2014-10-01,0.04120240339458735,0.01865993698256468,0.04523086660327865,ex_shelter_long,par,0.1325607585660471,2.9307587610191437
2014-11-01,0.05177661658279795,0.022607370977338174,0.05649700210868768,ex_shelter_long,par,0.1081863652409254,1.9149045294969609
2014-12-01,0.0740116600132378,0.031245627222438635,0.0803368846697375,ex_shelter_long,par,0.11138866578900286,1.3865196073624002
2015-01-01,0.09620882862153794,0.050835558371290474,0.10881356854569811,ex_shelter_long,par,0.11801109316142977,1.0845255305809496
2015-02-01,0.08049916891226518,0.04238857330753688,0.09097751009240594,ex_shelter_long,par,0.10293125491046551,1.1313923057019053
2015-03-01,0.07845722165476966,0.04121837499166405,0.08862556102355061,ex_shelter_long,par,-0.015437546826801984,-0.1741884242933
2015-04-01,0.08765483457829011,0.04665370325354747,0.09929722076784157,ex_shelter_long,par,0.005808292415210303,0.058494007891622464
2015-05-01,0.07628781275861349,0.040289265821597794,0.08627314365395897,ex_shelter_long,par,-0.06192063456170738,-0.7177278112186413
2015-06-01,0.07767011623762562,0.040523406764019984,0.08760589850077731,ex_shelter_long,par,-0.037255713789474676,-0.4252649014169304
2015-07-01,0.07452423877682772,0.039908398163030025,0.0845372249911515,ex_shelter_long,par,-0.03921574413708884,-0.46388728919353034
2015-08-01,0.07501388517750447,0.04049425952630705,0.0852459267297138,ex_shelter_long,par,-0.032153542560020565,-0.37718567670650877
2015-09-01,0.08540310956796904,0.04624939487730302,0.097122076019797,ex_shelter_long,par,-0.0964463100914914,-0.9930420975745221
2015-10-01,0.07470838716324636,0.04109521185441325,0.08526523060364419,ex_shelter_long,par,-0.13363211623201865,-1.5672521529110517
2015-11-01,0.06678745243871041,0.03667802127517785,0.07619606976685481,ex_shelter_long,par,-0.13564718872438597,-1.7802386545584314
2015-12-01,0.05972696345727759,0.03251113667274812,0.06800208946481777,ex_shelter_long,par,-0.15909917590747336,-2.339621872792401
2016-01-01,0.05373397841413875,0.022076217746206616,0.05809216665084078,ex_shelter_long,par,-0.19332871610320268,-3.327965322161118
2016-02-01,0.07050696037011059,0.030696300352880783,0.07689924782458288,ex_shelter_long,par,-0.16821954887682455,-2.1875317852335185
2016-03-01,0.06590023769348831,0.028684081180297125,0.07187223275518949,ex_shelter_long,par,-0.13320639869726092,-1.8533777731796266
2016-04-01,0.060248721731327774,0.026314255676379204,0.06574457028577206,ex_shelter_long,par,-0.139247594652947,-2.118009046947591
2016-05-01,0.06653741005526144,0.0304098123215192,0.07315725269781546,ex_shelter_long,par,-0.11349924240956488,-1.5514421089373969
2016-06-01,0.07041286707795787,0.031116114411078033,0.07698171488205144,ex_shelter_long,par,-0.12416489031354949,-1.6129140602257352
2016-07-01,0.07473397218404933,0.03346361776420456,0.08188394416657667,ex_shelter_long,par,-0.11421159512750023,-1.3947984099930428
2016-08-01,0.06957037332381824,0.03222167368729882,0.07666989695849477,ex_shelter_long,par,-0.13454720270180687,-1.7548895725612357
2016-09-01,0.058731584600811335,0.026169055084757715,0.06429788856371056,ex_shelter_long,par,-0.13685365864154475,-2.1284316125861764
2016-10-01,0.05738592523121648,0.024774658189283982,0.06250542458889967,ex_shelter_long,par,-0.13110378129042033,-2.097478453313363
2016-11-01,0.057231891154593977,0.02475835965567283,0.06235756359874029,ex_shelter_long,par,-0.11792110256980681,-1.8910473046799567
2016-12-01,0.060686316843094244,0.025911261557758088,0.06598653292524904,ex_shelter_long,par,-0.11323952718242936,-1.7161005763207702
2017-01-01,0.08275595877172963,0.033838900132052714,0.08940704599960368,ex_shelter_long,par,-0.09283679007203727,-1.0383610042596507
2017-02-01,0.11355146017681607,0.046619891637125946,0.1227491279176533,ex_shelter_long,par,-0.09688730651022937,-0.7893115670461347
2017-03-01,0.09510046648311418,0.03727667177308861,0.10214523475808603,ex_shelter_long,par,-0.13703301066918527,-1.3415506948877756
2017-04-01,0.0832331806518296,0.03286598367089446,0.08948706746829735,ex_shelter_long,par,-0.10770220738907099,-1.2035505289881885
2017-05-01,0.07276333920356427,0.02706255205803064,0.07763301653257183,ex_shelter_long,par,-0.047731794448102605,-0.6148388479542873
2017-06-01,0.07365366165431957,0.026577865872977488,0.078302265800237,ex_shelter_long,par,-0.03473553764294923,-0.4436083335259514
2017-07-01,0.07896230382621428,0.028711131555052137,0.08402008391280553,ex_shelter_long,par,-0.01623084964263999,-0.1931782127173791
2017-08-01,0.08557444027520898,0.031133411073618434,0.0910619246089946,ex_shelter_long,par,-0.03238252823944965,-0.3556099695728491
2017-09-01,0.10270719365867186,0.03909174008422511,0.10989509439484792,ex_shelter_long,par,-0.05581331755055707,-0.5078781528684296
2017-10-01,0.09035491024633466,0.033487989851894065,0.09636106718973048,ex_shelter_long,par,-0.032908543444554184,-0.34151285788231034
2017-11-01,0.09003465872280181,0.03452115655756924,0.09642587838025432,ex_shelter_long,par,-0.008822302356237266,-0.09149309816444316
2017-12-01,0.07096362485798179,0.02654243905507668,0.07576501253201791,ex_shelter_long,par,0.016069806561436195,0.21210062566339807
2018-01-01,0.06451078781200394,0.026199824111844898,0.0696281015655102,ex_shelter_long,par,0.01691270528345612,0.24290056605297006
2018-02-01,0.07104092835308946,0.029235047215439243,0.07682123070452433,ex_shelter_long,par,0.027407417807223666,0.3567687936768439
2018-03-01,0.06405426329858309,0.02658259911158362,0.06935115876646457,ex_shelter_long,par,0.06993828304491245,1.0084659620529917
2018-04-01,0.07893388309065018,0.030880912266502487,0.08475959321622452,ex_shelter_long,par,0.08413589603288862,0.992641574131381
2018-05-01,0.096304679162857093,0.039324873935521594,0.10402421323281186,ex_shelter_long,par,0.05988728567041246,0.5757052498573717
2018-06-01,0.09180595429496737,0.0405579003734029,0.10036571390025835,ex_shelter_long,par,-0.0027093079317142,-0.02699435720057411
2018-07-01,0.08092781270626577,0.038450226832884085,0.08959760495080586,ex_shelter_long,par,-0.045063171314696504,-0.5029506239529363
2018-08-01,0.06541166938719628,0.031771454762652515,0.07271940476760756,ex_shelter_long,par,-0.03738700032454023,-0.5141268749932625
2018-09-01,0.05313323203140986,0.022810907354611255,0.0578228141864809,ex_shelter_long,par,-0.04261767650024506,-0.7370391271998858
2018-10-01,0.05793600938759494,0.027432013297183925,0.0641022350413491,ex_shelter_long,par,-0.03302793828159345,-0.5152384820948724
2018-11-01,0.03065774324216593,0.016017185953446735,0.034589701741556865,ex_shelter_long,par,-0.08512580862913843,-2.4610159771012516
2018-12-01,0.030918646871142267,0.014852822326634398,0.03430115239185069,ex_shelter_long,par,-0.13071066981775736,-3.8106786712160656
2019-01-01,0.041264255472777484,0.01996291478037532,0.04583946712442427,ex_shelter_long,par,-0.13127291939440955,-2.8637531723065006
2019-02-01,0.04335189409862676,0.02023152572841573,0.04784037369459082,ex_shelter_long,par,-0.15207742520555456,-3.1788511138396385
2019-03-01,0.04124892247077331,0.018857952516944873,0.04535521996563587,ex_shelter_long,par,-0.15201593435312244,-3.3516745033603588
2019-04-01,0.04614669777518909,0.020619618969452396,0.050543905686047275,ex_shelter_long,par,-0.15565339195522387,-3.0795679487466328
2019-05-01,0.041405956852574234,0.01876484515462623,0.045459571891454706,ex_shelter_long,par,-0.17882760312466495,-3.933772265864215
2019-06-01,0.040618093923087316,0.019449542697566567,0.04503458965161343,ex_shelter_long,par,-0.15590246133947439,-3.4618381680733035
2019-07-01,0.03268447413008468,0.015944417100998257,0.03636618327307363,ex_shelter_long,par,-0.11913019400489055,-3.2758508945066374
2019-08-01,0.0327845814559756,0.016193764781050404,0.036565924014408384,ex_shelter_long,par,-0.13747748099264268,-3.7597157653795716
2019-09-01,0.03626880195156259,0.017260171637652536,0.04016639789628758,ex_shelter_long,par,-0.13222328256357052,-3.2918879832087558
2019-10-01,0.04177280021442349,0.018820595260867285,0.045816827080533626,ex_shelter_long,par,-0.13431033039594809,-2.931462935219559
2019-11-01,0.03843164841946137,0.017153685277003037,0.04208610838292794,ex_shelter_long,par,-0.07138076754977796,-1.6960648131280598
2019-12-01,0.040020768899917285,0.01792478292513233,0.04385156537974103,ex_shelter_long,par,-0.031504059896780845,-0.7184249780815212
2020-01-01,0.049475956916019366,0.027586842067437726,0.056647190292278014,ex_shelter_long,par,-0.018559895084102607,-0.32764017047166133
2020-02-01,0.035000615665256224,0.019545938193283457,0.04008848708547925,ex_shelter_long,par,-0.008024674715390034,-0.20017404743360126
2020-03-01,0.06333838619670341,0.021628772553325504,0.06692947757278728,ex_shelter_long,par,-0.056917810323353635,-0.8504146810567028
2020-04-01,0.12377047888005833,0.04421391676058581,0.13143059718920466,ex_shelter_long,par,-0.09530751433153295,-0.7251546928173073
2020-05-01,0.1403199096026484,0.049209095747777744,0.14869839318301117,ex_shelter_long,par,-0.14145463671297875,-0.9512855766967359
2020-06-01,0.12646487399318723,0.04378529632239369,0.13383017794261706,ex_shelter_long,par,-0.08184199832945716,-0.6115361989920457
2020-07-01,0.10981001841327935,0.036678356619720354,0.11577366707610214,ex_shelter_long,par,-0.0810182029967299,-0.6997981928262993
2020-08-01,0.11281155471136467,0.03711888510744106,0.11876135107018038,ex_shelter_long,par,-0.14151437906102515,-1.1915861329111959
2020-09-01,0.12029538533582625,0.049242346716744455,0.1299838006955751,ex_shelter_long,par,-0.14992486423437423,-1.153411913116016
2020-10-01,0.12277300875310986,0.05666733192654845,0.1352198143245464,ex_shelter_long,par,-0.1490261626508005,-1.1021029972213756
2020-11-01,0.11453498934482581,0.05362579475209626,0.1264673461689353,ex_shelter_long,par,-0.13363813371223277,-1.056700703861681
2020-12-01,0.10859918355770261,0.04803439958547399,0.11874799456385177,ex_shelter_long,par,-0.11716733063413809,-0.9866889210590942
2021-01-01,0.11597502233298668,0.045832721397819055,0.1247030238441188,ex_shelter_long,par,-0.109859893575881,-0.8809721704359631
2021-02-01,0.09288478114786305,0.037858204976623414,0.10030367018678056,ex_shelter_long,par,-0.07565752015419314,-0.7542846638942267
2021-03-01,0.0850696981231665,0.03103884988086398,0.09055530763402822,ex_shelter_long,par,0.005329798533537655,0.05885683205977937
2021-04-01,0.19114347238767332,0.06075375611227581,0.20056631301932817,ex_shelter_long,par,-0.07756648198991023,-0.38673733800169774
2021-05-01,0.26309128563502293,0.0897155789932445,0.2779674615691238,ex_shelter_long,par,-0.12698105821198347,-0.45681986479703973
2021-06-01,0.39287855751358586,0.15700181856855297,0.4230876173888676,ex_shelter_long,par,-0.3393434763473646,-0.8020643063053009
2021-07-01,0.3812421397702664,0.1564329038886187,0.41208836741121085,ex_shelter_long,par,-0.35469774506682317,-0.8607322436570521
2021-08-01,0.3120018549616591,0.12622122823887852,0.33656642131627934,ex_shelter_long,par,-0.2109718614686562,-0.6268357391196818
2021-09-01,0.2462547283898186,0.0978623746671776,0.26498761410647553,ex_shelter_long,par,-0.11969844170038879,-0.4517133455614736
2021-10-01,0.26147978695396373,0.1037425817235998,0.2813080202343475,ex_shelter_long,par,-0.0864958922368384,-0.30747751935683104
2021-11-01,0.31533854695094354,0.1261302685988559,0.33962809637889496,ex_shelter_long,par,-0.15444641094133438,-0.4547515726408904
2021-12-01,0.37347624379650735,0.15493529147751472,0.40433828562921253,ex_shelter_long,par,-0.23072008416720102,-0.5706115210143039
2022-01-01,0.34480596750002424,0.17109035920992616,0.38491955813937195,ex_shelter_long,par,-0.2125274625017095,-0.5521347460987093
2022-02-01,0.3414662174159844,0.17037252934432373,0.38160971737046057,ex_shelter_long,par,-0.1564338449458358,-0.4099315028552387
2022-03-01,0.29436968203050706,0.14136774843959968,0.3265552786246515,ex_shelter_long,par,0.11269843536418733,0.34511288820330155
2022-04-01,0.22411259729064684,0.1021113303505656,0.24627866340859086,ex_shelter_long,par,0.2524376436729323,1.0250081764254313
2022-05-01,0.2165802370450726,0.08937095839966097,0.2342950432334704,ex_shelter_long,par,0.48883493615166174,2.0864075031435787
2022-06-01,0.2785413101205682,0.10194548006582714,0.2966110961335306,ex_shelter_long,par,0.7771293230044432,2.620027818024007
2022-07-01,0.21605979707464637,0.08270032212385187,0.23134644840871502,ex_shelter_long,par,0.6609706147110206,2.8570597009697654
2022-08-01,0.12850229979071198,0.056907499767479434,0.14053933464083174,ex_shelter_long,par,0.48625850703849594,3.459945987941374
2022-09-01,0.10527643498052115,0.05283918009567996,0.11779264287463627,ex_shelter_long,par,0.532572834485423,4.521274177133685
2022-10-01,0.12844585488127944,0.061839802573211373,0.14255700199736404,ex_shelter_long,par,0.5837034289930081,4.094526545976333
2022-11-01,0.1617680631628179,0.0770288214096962,0.17917127444770914,ex_shelter_long,par,0.6718876334605994,3.7499740710762697
2022-12-01,0.20506573948166892,0.0950586943751102,0.22602679683051813,ex_shelter_long,par,0.6842849058595002,3.0274503530331325
2023-01-01,0.21846912277549757,0.1094151569913096,0.24433672295774198,ex_shelter_long,par,0.7444136142936042,3.0466710254698413
2023-02-01,0.21809961733235084,0.1087448588867029,0.2437065600569808,ex_shelter_long,par,0.7442723990841005,3.0539694906451547
2023-03-01,0.17223615920465837,0.08399345309473308,0.19162514109675055,ex_shelter_long,par,0.4267179686846312,2.2268370749388438
2023-04-01,0.13406160339872156,0.07072900433114371,0.1515754121205384,ex_shelter_long,par,0.3431831892495074,2.264108567797232
2023-05-01,0.1270740829882772,0.06649637747624515,0.14342102629940576,ex_shelter_long,par,0.1901929885213649,1.3261164937163257
2023-06-01,0.13884487147323507,0.06914251130336052,0.15510830153075142,ex_shelter_long,par,0.023298283407346965,0.15020655359782856
2023-07-01,0.13092252141406696,0.06593435324845115,0.14658801298778956,ex_shelter_long,par,0.07411596997661807,0.5056073035302808
2023-08-01,0.13036795630253792,0.0706923659693541,0.14830109452342397,ex_shelter_long,par,0.20786875011646888,1.4016669990499382
2023-09-01,0.1329755731698088,0.07034275693224208,0.1504347250892149,ex_shelter_long,par,0.15999062442588752,1.063521898491226
2023-10-01,0.11919311734746878,0.06384732619029464,0.13521642017394686,ex_shelter_long,par,0.10999311831736414,0.813459771940903
2023-11-01,0.09600732022367024,0.05259317252910108,0.10946893318748546,ex_shelter_long,par,-0.0021558299309498707,-0.019693531928895478
2023-12-01,0.08466201515841544,0.05193653876956859,0.09932301279183323,ex_shelter_long,par,-0.004057925795097894,-0.04085584680765498
2024-01-01,0.07731406320384546,0.04175048825475001,0.08786676071529112,ex_shelter_long,par,-0.019866599020934572,-0.2260991398705024
2024-02-01,0.07136992576707558,0.039984837502907364,0.0818074173540015,ex_shelter_long,par,-0.004539773998590846,-0.0554934276796209
2024-03-01,0.07575528551182296,0.04471251719126372,0.08796631444227311,ex_shelter_long,par,0.08933446659347144,1.015553137128374
2024-04-01,0.08838961156431169,0.055084873887619665,0.10414925234347516,ex_shelter_long,par,0.16111699598779783,1.5469817820338068
2024-05-01,0.0955603439074535,0.0619252769415915,0.1138706250619693,ex_shelter_long,par,0.1676652512111243,1.4724188184606832
2024-06-01,0.09397915173529148,0.061452752818349575,0.11228767425607368,ex_shelter_long,par,0.21182597711240092,1.8864579618002302
2024-07-01,0.09488507600566877,0.06295608495173122,0.11387118283855288,ex_shelter_long,par,0.2789433044873002,2.449639123208085
2024-08-01,0.09073181493759483,0.05924507587515146,0.10836162262222918,ex_shelter_long,par,0.29228689686353615,2.6973285356062653
2024-09-01,0.08102830086205497,0.04915006435458398,0.09476979670048598,ex_shelter_long,par,0.266308357578815,2.8100551742288307
2024-10-01,0.07165743114362615,0.04400919730708589,0.08409278735847409,ex_shelter_long,par,0.1968219929580739,2.340533583683619
2024-11-01,0.06452627609647175,0.04047544808774138,0.07617021862106967,ex_shelter_long,par,0.16875623715046917,2.2155146749675865
2024-12-01,0.059047758815174045,0.03811611441869672,0.07028140578754913,ex_shelter_long,par,0.19668517280626574,2.7985378294910257
2025-01-01,0.07017188410135211,0.03404893602050377,0.07799630351793573,ex_shelter_long,par,0.11939755113921091,1.5308103814401246
2025-02-01,0.06388779511084425,0.03305372382381643,0.07193190545749739,ex_shelter_long,par,0.05373754706725631,0.7470613592880334
2025-03-01,0.0593761231847919,0.03557607546688695,0.06921835847577736,ex_shelter_long,par,0.02578937229953393,0.37257994652616333
2025-04-01,0.057176756472504135,0.03432612421694442,0.06668931162092724,ex_shelter_long,par,0.04790455860481657,0.7183243827303808
2025-05-01,0.05484259250269002,0.03131888676140241,0.0631552263901386,ex_shelter_long,par,0.08327358791195838,1.318554182634696
2025-06-01,0.046550507296791534,0.025692742797158406,0.05317016797067296,ex_shelter_long,par,0.109162435575616,2.053076748522342
2025-07-01,0.04316551796122954,0.024962435045599623,0.04986366517081361,ex_shelter_long,par,0.06937954367087773,1.391384757482433
2025-08-01,0.03463973840602219,0.02067598095697771,0.040341141101497786,ex_shelter_long,par,-0.012219623193288065,-0.30290722720370383
2025-09-01,0.027155817392186598,0.017271097531626815,0.03218274736850087,ex_shelter_long,par,-0.08376146335249413,-2.6026821884845153
2025-11-01,0.03616558259341749,0.01634724506098042,0.039688559880714375,ex_shelter_long,par,0.10191048340759679,2.5677546303996164
2025-12-01,0.048111538026081875,0.022913618472556675,0.053289342299760206,ex_shelter_long,par,0.048404291139592104,0.9083296781429767
2026-01-01,0.08222032153799093,0.03163131785506664,0.08809495753480373,ex_shelter_long,par,0.04015345954544447,0.4557974788691057
2026-02-01,0.0964609895929027,0.03631167918202739,0.10306920276329183,ex_shelter_long,par,-0.06101914096718897,-0.5920210822560178
2026-03-01,0.14106690611194353,0.05301669404691493,0.15070050380692188,ex_shelter_long,par,-0.16395108570748107,-1.0879265932483935
2026-04-01,0.18350533456780857,0.07057405527039068,0.19660850717136205,ex_shelter_long,par,-0.12126308827278276,-0.6167743706384538
2026-05-01,0.22983624885320209,0.09228162189768234,0.24767034345471772,ex_shelter_long,par,-0.0881914999378397,-0.35608421544408286
2026-06-01,0.17421240069072097,0.0678055704936948,0.1869426541600384,ex_shelter_long,par,-0.09763371780444619,-0.5222656019469137
2026-07-01,0.15790256458796634,0.06058750442974632,0.1691273650137121,ex_shelter_long,par,-0.08845306105802475,-0.5229967430217657
2014-01-01,0.014176283536405194,0.013814154015337326,0.01979388456225845,ex_shelter_long,mk,-0.12434913600478659,-6.282199717476707
2014-02-01,0.01940912177385209,0.01963569491446222,0.027609319491904483,ex_shelter_long,mk,-0.1487688486099037,-5.388356227089379
2014-03-01,0.018449534213816454,0.01898570779259699,0.026473428434803492,ex_shelter_long,mk,-0.15940205780231587,-6.021209462721374
2014-04-01,0.017525271741324205,0.016765373946994993,0.02425310110459764,ex_shelter_long,mk,-0.08213452580676517,-3.3865576798834605
2014-05-01,0.018228979597657104,0.01722342650920169,0.02507871842598163,ex_shelter_long,mk,-0.10783273496024481,-4.299770551613586
2014-06-01,0.019106942660833334,0.01771036571210955,0.02605249146436936,ex_shelter_long,mk,-0.14096538680214987,-5.4108217248604005
2014-07-01,0.017522241177148092,0.016177813672297144,0.023848492427944134,ex_shelter_long,mk,-0.1226441399374778,-5.142637016072817
2014-08-01,0.017063458122747652,0.016825948371085937,0.02396401764506971,ex_shelter_long,mk,-0.0897454503870021,-3.7450085255410452
2014-09-01,0.017358287231200253,0.017394271714501502,0.024573783267514117,ex_shelter_long,mk,-0.029107201813194372,-1.184481912952871
2014-10-01,0.01865993698256468,0.01878855083320756,0.026480235848747827,ex_shelter_long,mk,0.005878050415586422,0.2219787787828324
2014-11-01,0.022607370977338174,0.024058449142648933,0.03301366683142631,ex_shelter_long,mk,0.01130813478040782,0.34252889381083235
2014-12-01,0.031245627222438635,0.03430361263951048,0.04640072263063564,ex_shelter_long,mk,-0.0210396965338977,-0.45343467388170455
2015-01-01,0.050835558371290474,0.048539675644941806,0.07028765259017432,ex_shelter_long,mk,0.018711918205238653,0.2662191368709109
2015-02-01,0.04238857330753688,0.040537728083762194,0.05865235327965511,ex_shelter_long,mk,0.046423341754298075,0.7915000704737462
2015-03-01,0.04121837499166405,0.039892210510055266,0.05736151058272437,ex_shelter_long,mk,0.12971435180124669,2.261348253968627
2015-04-01,0.04665370325354747,0.044748569340675684,0.06464520465825231,ex_shelter_long,mk,0.12433927859725191,1.923410703927276
2015-05-01,0.040289265821597794,0.03891037737240303,0.05601109182747808,ex_shelter_long,mk,0.18786862978555918,3.354132612951388
2015-06-01,0.040523406764019984,0.03931151511042402,0.056458318395426164,ex_shelter_long,mk,0.20803335128067868,3.6847245400339803
2015-07-01,0.039908398163030025,0.038132151679023334,0.05519729373448467,ex_shelter_long,mk,0.20907221936499187,3.7877259050179375
2015-08-01,0.04049425952630705,0.03815082239388095,0.055635153490516745,ex_shelter_long,mk,0.18047585291268708,3.243917587887126
2015-09-01,0.04624939487730302,0.0436527139519964,0.06359690214068232,ex_shelter_long,mk,0.13401890298443409,2.107318099991281
2015-10-01,0.04109521185441325,0.03863978283144198,0.056407882912054993,ex_shelter_long,mk,0.1042757822050322,1.8486030111714633
2015-11-01,0.03667802127517785,0.034522564219339656,0.05036948168227295,ex_shelter_long,mk,0.10140153554829556,2.0131542386703347
2015-12-01,0.03251113667274812,0.031059439636399032,0.04496290469132552,ex_shelter_long,mk,0.11611994016023086,2.582572032598982
2016-01-01,0.022076217746206616,0.024186791592513593,0.03274691248831887,ex_shelter_long,mk,0.1601522575757297,4.890606332210938
2016-02-01,0.030696300352880783,0.031520611251620013,0.04399786118699434,ex_shelter_long,mk,0.16045366679311446,3.6468515165129016
2016-03-01,0.028684081180297125,0.029368374406422044,0.04105213670972147,ex_shelter_long,mk,0.066684648308446,1.6243892194935263
2016-04-01,0.026314255676379204,0.026473850957258457,0.03732699875839189,ex_shelter_long,mk,0.027546161861302654,0.7379688369697738
2016-05-01,0.0304098123215192,0.029524731600456884,0.042384743263455524,ex_shelter_long,mk,-0.030477699047315454,-0.7190723996573922
2016-06-01,0.031116114411078033,0.03129389176364976,0.044130717621157306,ex_shelter_long,mk,-0.07315974331849606,-1.6577963663890558
2016-07-01,0.03346361776420456,0.03331055082272866,0.04721659146933814,ex_shelter_long,mk,-0.06781062549066075,-1.436160963348998
2016-08-01,0.03222167368729882,0.0313073143466612,0.044926430826534886,ex_shelter_long,mk,-0.05446108404458805,-1.2122281481666626
2016-09-01,0.026169055084757715,0.026256458849489104,0.03707048792967255,ex_shelter_long,mk,-0.0502540299725851,-1.355634435347153
2016-10-01,0.024774658189283982,0.024863261312714012,0.03509936540024844,ex_shelter_long,mk,-0.014230340431686805,-0.40543013440311604
2016-11-01,0.02475835965567283,0.025086730881650737,0.03524656634578774,ex_shelter_long,mk,-0.03802751380070912,-1.078899811903344
2016-12-01,0.025911261557758088,0.026517594383637537,0.03707527865586012,ex_shelter_long,mk,-0.04148875451845946,-1.119040935701821
2017-01-01,0.033838900132052714,0.03065786262594175,0.04566153417197185,ex_shelter_long,mk,-0.06483431552124497,-1.419889118860177
2017-02-01,0.046619891637125946,0.04294364041584484,0.0633843083769378,ex_shelter_long,mk,-0.10038930096127885,-1.583819458347284
2017-03-01,0.03727667177308861,0.03354977791874206,0.050151150105211886,ex_shelter_long,mk,-0.08336135070590167,-1.6622021734500254
2017-04-01,0.03286598367089446,0.030621747684626006,0.04492064462935054,ex_shelter_long,mk,-0.1473426715806303,-3.2800658315655293
2017-05-01,0.02706255205803064,0.025083221282620572,0.03689918310486735,ex_shelter_long,mk,-0.13482711928478608,-3.653932362177446
2017-06-01,0.026577865872977488,0.024601632595164267,0.03621633996843732,ex_shelter_long,mk,-0.10707891734298425,-2.9566465699268325
2017-07-01,0.028711131555052137,0.025181187278939057,0.038189282108315584,ex_shelter_long,mk,-0.12319294220641819,-3.2258512180723438
2017-08-01,0.031133411073618434,0.02785280841360672,0.041774013711923685,ex_shelter_long,mk,-0.1301520442367865,-3.1156221936039823
2017-09-01,0.03909174008422511,0.03571902947431392,0.05295293390738155,ex_shelter_long,mk,-0.13864892787265326,-2.61834269872865
2017-10-01,0.033487989851894065,0.03079474555304189,0.04549463504631236,ex_shelter_long,mk,-0.18338358197493854,-4.030883680861684
2017-11-01,0.03452115655756924,0.034045330157516755,0.04848499515939468,ex_shelter_long,mk,-0.15710841074654258,-3.2403511690585476
2017-12-01,0.02654243905507668,0.027186557711646568,0.037994867958727654,ex_shelter_long,mk,-0.09628833782517887,-2.534245886306886
2018-01-01,0.026199824111844898,0.027128122938929418,0.03771426570518479,ex_shelter_long,mk,-0.08486702011172298,-2.250263090766098
2018-02-01,0.029235047215439243,0.030508105254216548,0.042254378138736316,ex_shelter_long,mk,-0.07449663419123453,-1.7630512498997215
2018-03-01,0.02658259911158362,0.027597094914407767,0.038317544587851624,ex_shelter_long,mk,-0.06888814533658749,-1.797822539976325
2018-04-01,0.030880912266502487,0.031590527590483655,0.04417682849477238,ex_shelter_long,mk,-0.00898654541396926,-0.20342214957854374
2018-05-01,0.039324873935521594,0.040736327510792265,0.05662061540738671,ex_shelter_long,mk,0.0027522181107464405,0.04860805717041689
2018-06-01,0.0405579003734029,0.04235525686084468,0.05864222937821349,ex_shelter_long,mk,0.040518421669344384,0.690942723340556
2018-07-01,0.038450226832884085,0.040887053404286236,0.05612638487899603,ex_shelter_long,mk,0.03348239430143174,0.59655355272956
2018-08-01,0.031771454762652515,0.03335225913503081,0.04606298434910098,ex_shelter_long,mk,0.02476013482399786,0.5375278040247322
2018-09-01,0.022810907354611255,0.02333226903774375,0.03263023556136721,ex_shelter_long,mk,0.07109748050184717,2.178883458200452
2018-10-01,0.027432013297183925,0.028650011484049335,0.0396653313558961,ex_shelter_long,mk,0.0788172814831345,1.9870571803862822
2018-11-01,0.016017185953446735,0.016249887276111184,0.02281685960761497,ex_shelter_long,mk,0.06887989964914354,3.0188159472285725
2018-12-01,0.014852822326634398,0.01616236424195978,0.02195058880659809,ex_shelter_long,mk,0.015289969255172231,0.6965630575967168
2019-01-01,0.01996291478037532,0.0243393393022451,0.03147890411368128,ex_shelter_long,mk,0.017806745418735836,0.5656723421638021
2019-02-01,0.02023152572841573,0.020252107331359723,0.028626255163057248,ex_shelter_long,mk,0.037163617822510986,1.2982354000138787
2019-03-01,0.018857952516944873,0.015866528005581294,0.02464485918164766,ex_shelter_long,mk,0.047633392862689306,1.9327922513820068
2019-04-01,0.020619618969452396,0.017924255666135962,0.027321193744608018,ex_shelter_long,mk,0.044849405113067675,1.6415609629765515
2019-05-01,0.01876484515462623,0.015522860447350679,0.024353205336156956,ex_shelter_long,mk,0.02652106512555097,1.0890174315647647
2019-06-01,0.019449542697566567,0.01738417187845499,0.026086282660512026,ex_shelter_long,mk,0.020749581084045232,0.7954211550216315
2019-07-01,0.015944417100998257,0.014000183811805655,0.0212186140795046,ex_shelter_long,mk,0.018926734357860298,0.8919873035507033
2019-08-01,0.016193764781050404,0.015925291350063934,0.022712395786627388,ex_shelter_long,mk,0.04355776337119366,1.9177969501940264
2019-09-01,0.017260171637652536,0.017248298236961376,0.02440117450108478,ex_shelter_long,mk,0.012796354381516828,0.5244155104479891
2019-10-01,0.018820595260867285,0.018100351000739777,0.02611201854172445,ex_shelter_long,mk,5.139534535736345e-4,0.019682639729762263
2019-11-01,0.017153685277003037,0.015053285329568,0.02282214533727839,ex_shelter_long,mk,-0.010530318013590723,-0.4614078938665849
2019-12-01,0.01792478292513233,0.017345740923720578,0.024943387322213285,ex_shelter_long,mk,-8.153668286769999e-4,-0.03268869693375112
2020-01-01,0.027586842067437726,0.02439194760796531,0.03682391835972207,ex_shelter_long,mk,-0.029256276639921808,-0.7944911335650328
2020-02-01,0.019545938193283457,0.018401441367760715,0.02684505064749911,ex_shelter_long,mk,-0.018380338033319177,-0.6846825612166052
2020-03-01,0.021628772553325504,0.01965102837401622,0.029222708949032727,ex_shelter_long,mk,-0.016814682431420813,-0.5753977997299042
2020-04-01,0.04421391676058581,0.040132471897458694,0.059711688436287935,ex_shelter_long,mk,-0.03401293763681812,-0.5696194250663293
2020-05-01,0.049209095747777744,0.04395816980944812,0.06598375404075031,ex_shelter_long,mk,0.009923184377802485,0.15038829666578404
2020-06-01,0.04378529632239369,0.03807595760226756,0.05802525933909731,ex_shelter_long,mk,-0.03308091639013799,-0.5701123401588682
2020-07-01,0.036678356619720354,0.03256444778221372,0.04904839552609146,ex_shelter_long,mk,-0.04764227742004579,-0.9713320264411569
2020-08-01,0.03711888510744106,0.03256096823136471,0.049376393993317814,ex_shelter_long,mk,-0.021488232944699703,-0.43519243117688466
2020-09-01,0.049242346716744455,0.039434825007291126,0.06308656064113614,ex_shelter_long,mk,-0.01263030088256567,-0.2002058878183632
2020-10-01,0.05666733192654845,0.04468485335463165,0.07216593813565061,ex_shelter_long,mk,0.022147479094680733,0.3068965729102007
2020-11-01,0.05362579475209626,0.042733926643422696,0.06857050640880076,ex_shelter_long,mk,0.02466727868952745,0.3597359853588816
2020-12-01,0.04803439958547399,0.037937649277716264,0.06120922133352122,ex_shelter_long,mk,-0.011841190586903139,-0.19345435751227752
2021-01-01,0.045832721397819055,0.03537702798864286,0.0578979486686646,ex_shelter_long,mk,-0.02019067602876401,-0.34872869407360474
2021-02-01,0.037858204976623414,0.03016353883314618,0.04840540010154602,ex_shelter_long,mk,-0.062471448624923376,-1.290588415628613
2021-03-01,0.03103884988086398,0.03187482879927682,0.044490616009558885,ex_shelter_long,mk,-0.09395626446493388,-2.111822062538923
2021-04-01,0.06075375611227581,0.06532056569031305,0.0892064750107995,ex_shelter_long,mk,-0.008020851715007105,-0.08991333548417967
2021-05-01,0.0897155789932445,0.08566352512789974,0.12404484935470478,ex_shelter_long,mk,0.03228351791886297,0.26025681910055476
2021-06-01,0.15700181856855297,0.1217162598509267,0.19865653512011916,ex_shelter_long,mk,0.1995129439021026,1.0043110023109263
2021-07-01,0.1564329038886187,0.12040954621386364,0.1974074776660053,ex_shelter_long,mk,0.24219851238438395,1.2268963427725914
2021-08-01,0.12622122823887852,0.10098117879950876,0.16164466254680177,ex_shelter_long,mk,0.15944162354657454,0.9863710996359724
2021-09-01,0.0978623746671776,0.08288589559676042,0.12824631013941926,ex_shelter_long,mk,0.11438456673047437,0.8919131209788765
2021-10-01,0.1037425817235998,0.09099227141600096,0.137993176353474,ex_shelter_long,mk,0.09317217223172669,0.6751940544731223
2021-11-01,0.1261302685988559,0.10944358558432629,0.16699324262488374,ex_shelter_long,mk,0.12792273478850014,0.7660353962696111
2021-12-01,0.15493529147751472,0.12284809376095329,0.19772859855347788,ex_shelter_long,mk,0.21203165684955394,1.0723368212828739
2022-01-01,0.17109035920992616,0.13136277026583001,0.21570370517562926,ex_shelter_long,mk,0.18252625090764418,0.8461896876506063
2022-02-01,0.17037252934432373,0.13316117549882414,0.21623759482432997,ex_shelter_long,mk,0.17462728784309967,0.8075713567983669
2022-03-01,0.14136774843959968,0.1174354896632989,0.18378230200794832,ex_shelter_long,mk,0.0575603075628095,0.31319831634451994
2022-04-01,0.1021113303505656,0.0933922752458346,0.13837933683016432,ex_shelter_long,mk,-0.05573724112333345,-0.40278586673486416
2022-05-01,0.08937095839966097,0.10073975638145846,0.13466872955912793,ex_shelter_long,mk,-0.18387178478660537,-1.3653636251604664
2022-06-01,0.10194548006582714,0.12326952011282748,0.15996329421057426,ex_shelter_long,mk,-0.3137254904441047,-1.9612342443455761
2022-07-01,0.08270032212385187,0.09656841080550758,0.12714087165380822,ex_shelter_long,mk,-0.2560875464280965,-2.014203167691009
2022-08-01,0.056907499767479434,0.07340610092613728,0.09288121006405937,ex_shelter_long,mk,-0.23128078141549935,-2.4900707178124293
2022-09-01,0.05283918009567996,0.06962400431552243,0.08740412421683308,ex_shelter_long,mk,-0.26634186021325945,-3.0472459120180155
2022-10-01,0.061839802573211373,0.06951802949945705,0.09304255804620347,ex_shelter_long,mk,-0.31851854033810767,-3.423363964046822
2022-11-01,0.0770288214096962,0.07518508854524976,0.10763938343990977,ex_shelter_long,mk,-0.35824377820785624,-3.3281849705860465
2022-12-01,0.0950586943751102,0.08076042049783365,0.12473331910635392,ex_shelter_long,mk,-0.3744412304397926,-3.0019343117176662
2023-01-01,0.1094151569913096,0.09436976150177426,0.144489890529873,ex_shelter_long,mk,-0.3803186718406515,-2.6321472765045897
2023-02-01,0.1087448588867029,0.09393135174202061,0.143696009597943,ex_shelter_long,mk,-0.3715877311850635,-2.585929367313362
2023-03-01,0.08399345309473308,0.07410113683618198,0.11200838648597565,ex_shelter_long,mk,-0.2411465950317604,-2.152933388268689
2023-04-01,0.07072900433114371,0.058538085087389925,0.0918112164137555,ex_shelter_long,mk,-0.17852964411952943,-1.9445297763507405
2023-05-01,0.06649637747624515,0.055087772682887316,0.0863506277720362,ex_shelter_long,mk,-0.11260358527225289,-1.3040274075311176
2023-06-01,0.06914251130336052,0.05967955344879164,0.09133638907457703,ex_shelter_long,mk,-0.10169754507243223,-1.113439518496787
2023-07-01,0.06593435324845115,0.0562611005340555,0.08667554656069174,ex_shelter_long,mk,-0.1582505238638232,-1.825780512996401
2023-08-01,0.0706923659693541,0.05705627466410116,0.09084508288779555,ex_shelter_long,mk,-0.20067285752278785,-2.208956733196475
2023-09-01,0.07034275693224208,0.057907814197404615,0.0911121199289624,ex_shelter_long,mk,-0.1900198505493389,-2.0855606333986314
2023-10-01,0.06384732619029464,0.05176112586342236,0.08219303627618908,ex_shelter_long,mk,-0.1811910147321516,-2.2044570068357694
2023-11-01,0.05259317252910108,0.04154156961827529,0.06702047301404106,ex_shelter_long,mk,-0.1794189647223554,-2.6770769684774742
2023-12-01,0.05193653876956859,0.0362113955485357,0.06331405236545369,ex_shelter_long,mk,-0.1934471760552725,-3.055359257983997
2024-01-01,0.04175048825475001,0.03769149457548328,0.05624724022424304,ex_shelter_long,mk,-0.15516955531895693,-2.7587052218088655
2024-02-01,0.039984837502907364,0.034939004483554324,0.05309916444197344,ex_shelter_long,mk,-0.11387477106528099,-2.144568040985332
2024-03-01,0.04471251719126372,0.0396015107216674,0.05972845925534487,ex_shelter_long,mk,-0.1803063364099744,-3.0187675801103055
2024-04-01,0.055084873887619665,0.049485694723977756,0.07404847948155102,ex_shelter_long,mk,-0.1956256999980699,-2.641859783857
2024-05-01,0.0619252769415915,0.05558963732232971,0.0832162706561701,ex_shelter_long,mk,-0.19405886817172036,-2.331982275119316
2024-06-01,0.061452752818349575,0.05546350031525394,0.08278067827804593,ex_shelter_long,mk,-0.22855707830669036,-2.7609954769760017
2024-07-01,0.06295608495173122,0.05693663095157022,0.08488373564214115,ex_shelter_long,mk,-0.2650824357270709,-3.1228884275855173
2024-08-01,0.05924507587515146,0.0528216090435687,0.0793731780729742,ex_shelter_long,mk,-0.1827854162123721,-2.3028612517483253
2024-09-01,0.04915006435458398,0.04396584311514464,0.06594485716782818,ex_shelter_long,mk,-0.11662805177037328,-1.7685693286673971
2024-10-01,0.04400919730708589,0.03888468946149584,0.058726727493799466,ex_shelter_long,mk,-0.08757297361412508,-1.4911945097463721
2024-11-01,0.04047544808774138,0.03565731623539931,0.05394169165881543,ex_shelter_long,mk,-0.0299525800525835,-0.5552769876413116
2024-12-01,0.03811611441869672,0.03338046725561438,0.050666495562475246,ex_shelter_long,mk,-0.0473232950586322,-0.9340155566962264
2025-01-01,0.03404893602050377,0.028958591082072948,0.04469821072019633,ex_shelter_long,mk,-0.020431851258218003,-0.4571066923935308
2025-02-01,0.03305372382381643,0.027960288196872324,0.04329349113519592,ex_shelter_long,mk,-0.09058504089152208,-2.0923477990870545
2025-03-01,0.03557607546688695,0.02697201763366315,0.04464467360006423,ex_shelter_long,mk,-0.06732253720387327,-1.507963476381568
2025-04-01,0.03432612421694442,0.0277784617149389,0.04415796348344684,ex_shelter_long,mk,-0.08704850235059514,-1.9712979377598867
2025-05-01,0.03131888676140241,0.026110725709390825,0.0407755155092439,ex_shelter_long,mk,-0.10341709181531655,-2.536254674496308
2025-06-01,0.025692742797158406,0.02248632838636953,0.03414311053112448,ex_shelter_long,mk,-0.08308545365589559,-2.433447110220254
2025-07-01,0.024962435045599623,0.021182955027242146,0.03273897901725012,ex_shelter_long,mk,-0.01895177429798167,-0.5788749333934944
2025-08-01,0.02067598095697771,0.020529350242796316,0.029136753592751304,ex_shelter_long,mk,-0.04740520410557725,-1.626989910000502
2025-09-01,0.017271097531626815,0.01843242435971032,0.025259554186948908,ex_shelter_long,mk,-0.04026928124207796,-1.5942197927976207
2025-11-01,0.01634724506098042,0.018791706897915907,0.024907040555251215,ex_shelter_long,mk,-0.11947702869010701,-4.79691790058604
2025-12-01,0.022913618472556675,0.021068831681577343,0.031127633702749197,ex_shelter_long,mk,-0.06723605614982198,-2.160011801471555
2026-01-01,0.03163131785506664,0.026584598087689957,0.04131925852108513,ex_shelter_long,mk,-0.10597897116766397,-2.5648807592610385
2026-02-01,0.03631167918202739,0.031363751680469225,0.04798148564282496,ex_shelter_long,mk,-0.012614644508102124,-0.26290650110348324
2026-03-01,0.05301669404691493,0.047850216560658014,0.07141717631330755,ex_shelter_long,mk,0.041268611413025624,0.5778527455633362
2026-04-01,0.07057405527039068,0.05993011211400624,0.09258680043778118,ex_shelter_long,mk,-0.024841820358334488,-0.26830844397769554
2026-05-01,0.09228162189768234,0.07652960250813627,0.1198861034487323,ex_shelter_long,mk,-0.05723210073314,-0.4773872791487843
2026-06-01,0.0678055704936948,0.057063157419013584,0.08862166396882051,ex_shelter_long,mk,-0.014459960709700681,-0.1631650779519112
2026-07-01,0.06058750442974632,0.05203115748866527,0.07986292658445981,ex_shelter_long,mk,-0.04274289954708799,-0.5352032710933129
2014-01-01,0.011940754087065174,0.011754020160931187,0.016755255835448783,pm_all_in,fam,-0.23614940133687146,-14.094049273616852
2014-02-01,0.01559503807233434,0.015372245993470434,0.021897743248136904,pm_all_in,fam,-0.29785183486343847,-13.601942058060262
2014-03-01,0.015313833480137878,0.015483712662189047,0.021777485016930335,pm_all_in,fam,-0.2506283072331472,-11.508597390300249
2014-04-01,0.014772694352187752,0.014364667180493071,0.020605245973525643,pm_all_in,fam,-0.1597608216477031,-7.75340521792215
2014-05-01,0.015803209646549153,0.015122494159421232,0.021873071680367926,pm_all_in,fam,-0.15999553366590202,-7.314726344974459
2014-06-01,0.016165207634541337,0.0153431739918651,0.022287371446908656,pm_all_in,fam,-0.19957182725047762,-8.954480241238093
2014-07-01,0.015267024055104952,0.014742845980357355,0.021223419401682007,pm_all_in,fam,-0.21163112296729292,-9.971584642506789
2014-08-01,0.015508094151774527,0.015895425034495286,0.022207330349404062,pm_all_in,fam,-0.2148147721698468,-9.673147055049387
2014-09-01,0.01595628473838944,0.016476378595958956,0.02293630472177099,pm_all_in,fam,-0.18737071012489004,-8.16917600275161
2014-10-01,0.017662408860672746,0.017396414304179326,0.02479104510512266,pm_all_in,fam,-0.16299271242481428,-6.574660799238936
2014-11-01,0.01998723764117497,0.020455883324547078,0.0285995250155013,pm_all_in,fam,-0.2502056444594336,-8.7485944023132909
2014-12-01,0.026407157981415356,0.02748120670626205,0.038112395814062006,pm_all_in,fam,-0.3642390750509872,-9.556971354621506
2015-01-01,0.03934685702982266,0.037327210541422164,0.054235558491906054,pm_all_in,fam,-0.4441053342036261,-8.18845323165434
2015-02-01,0.03285047467459952,0.03140761445923941,0.0454487836181204,pm_all_in,fam,-0.4260100751966367,-9.373409831518279
2015-03-01,0.031461535111146535,0.029818533066037056,0.04334712338506734,pm_all_in,fam,-0.37362296178587995,-8.619325404061055
2015-04-01,0.03545330428644008,0.03308973013882991,0.04849605164843318,pm_all_in,fam,-0.4007890746126175,-8.264365056316214
2015-05-01,0.030470349075287163,0.028847376113159084,0.0419596625508823,pm_all_in,fam,-0.34400728988821516,-8.198523748160639
2015-06-01,0.03062348342280934,0.028984999034396823,0.04216548239936386,pm_all_in,fam,-0.3091210750528872,-7.331140484178378
2015-07-01,0.030251876352831036,0.028568134320314496,0.04160906537535431,pm_all_in,fam,-0.29204066420105423,-7.018678779889981
2015-08-01,0.03072023227798901,0.0289292977415835,0.042197593995804854,pm_all_in,fam,-0.3177306967237836,-7.529592724063162
2015-09-01,0.034878312810169815,0.03266370367487077,0.04778508388863435,pm_all_in,fam,-0.399335052568095,-8.35689759379237
2015-10-01,0.031258941567363724,0.02964727670407496,0.0430822752867098,pm_all_in,fam,-0.4144943239200227,-9.620994275757011
2015-11-01,0.027950872691322234,0.026636260994039655,0.0386101241120655,pm_all_in,fam,-0.35669993931610744,-9.238507969588222
2015-12-01,0.02472618059523207,0.024034794090567618,0.034482681650417145,pm_all_in,fam,-0.31034586763112326,-9.000050250655866
2016-01-01,0.01692435071835242,0.01843719679874723,0.025027262595688153,pm_all_in,fam,-0.2097669733897911,-8.38153883541107
2016-02-01,0.02277811465329613,0.022926305413620104,0.03231807523781839,pm_all_in,fam,-0.2677021485375075,-8.283356807841214
2016-03-01,0.02143820778822719,0.02179445294614331,0.030571145421669426,pm_all_in,fam,-0.3687325379713613,-12.061456412097549
2016-04-01,0.02008952224856162,0.020918640847009756,0.029003076372371903,pm_all_in,fam,-0.361524544109848,-12.465041275905248
2016-05-01,0.023217084195512674,0.023405837251765756,0.03296765408696333,pm_all_in,fam,-0.4303073267954316,-13.05240966373739
2016-06-01,0.025125289582648626,0.02610739555260358,0.036233634638993324,pm_all_in,fam,-0.4743648327253158,-13.091836837555944
2016-07-01,0.025775807795668914,0.02630162440700247,0.036826182451705394,pm_all_in,fam,-0.5081928790374945,-13.79977084792726
2016-08-01,0.02584920487457912,0.026302279930263173,0.036878060173738667,pm_all_in,fam,-0.46920466286841656,-12.723138382493968
2016-09-01,0.022535663010648965,0.0239625273816289,0.03289466257381046,pm_all_in,fam,-0.3922094043050661,-11.923192810536047
2016-10-01,0.021329886094347227,0.02278814132505388,0.03121319313765344,pm_all_in,fam,-0.3308581741791272,-10.5999463983069
2016-11-01,0.020811619155982716,0.022492359539739312,0.030643591981988155,pm_all_in,fam,-0.3315581241747356,-10.819819176864792
2016-12-01,0.021785448099450565,0.023230228884718266,0.031847280620647234,pm_all_in,fam,-0.2763572646774515,-8.677578094321921
2017-01-01,0.027469306506030255,0.02423397585584999,0.03663124875982467,pm_all_in,fam,-0.2216077705538222,-6.0496919448968
2017-02-01,0.035950474210408354,0.0322511197070642,0.04829670090505791,pm_all_in,fam,-0.20902510625822046,-4.327937568015751
2017-03-01,0.02991292689179449,0.02618104548523532,0.0397521111129183,pm_all_in,fam,-0.24636415311150017,-6.197511181524114
2017-04-01,0.026855908663589535,0.024068137338155292,0.03606265471475122,pm_all_in,fam,-0.3078185678742962,-8.535660236582215
2017-05-01,0.023248653741100668,0.021105454012759393,0.03139968295792643,pm_all_in,fam,-0.3297324173409111,-10.501138428140546
2017-06-01,0.023024352822082865,0.02072679230942197,0.03097935994034849,pm_all_in,fam,-0.34489242249071683,-11.132974443462214
2017-07-01,0.02457215093598236,0.02105447103365914,0.03235863643801899,pm_all_in,fam,-0.3455859349535739,-10.679867046175534
2017-08-01,0.025718406709061087,0.02242055864885527,0.03411917193865404,pm_all_in,fam,-0.32051599318918544,-9.394014419970985
2017-09-01,0.030584188216573167,0.027094630853733065,0.040859657242405215,pm_all_in,fam,-0.2733883015584748,-6.690910301487927
2017-10-01,0.026886973315533025,0.023914998434992497,0.0359838364299289,pm_all_in,fam,-0.327626201444442,-9.104815771448562
2017-11-01,0.027127540253049115,0.025865846426526028,0.03748260198467323,pm_all_in,fam,-0.2813829818227198,-7.507029046109935
2017-12-01,0.021615156953263753,0.021341340488698717,0.0303754477163514,pm_all_in,fam,-0.2532154434715661,-8.336188023831424
2018-01-01,0.020869680512962906,0.021724105925379496,0.030124414400453534,pm_all_in,fam,-0.25708666634394195,-8.534163118539208
2018-02-01,0.022672434152245072,0.023482653704456517,0.032641603750295636,pm_all_in,fam,-0.20809522102995803,-6.375153090573049
2018-03-01,0.02071004198948366,0.021251997338307616,0.029674117174291983,pm_all_in,fam,-0.17022695773847296,-5.736546659118412
2018-04-01,0.023992498681157354,0.024100134908165698,0.03400671250734367,pm_all_in,fam,-0.11664178446479934,-3.4299635532135255
2018-05-01,0.029935427848096722,0.029963283747834968,0.042354789733888135,pm_all_in,fam,-0.04806406255264406,-1.1347963914973216
2018-06-01,0.03013655894025121,0.03061338154256929,0.04295801804355221,pm_all_in,fam,-0.01738714196533042,-0.40474730346504306
2018-07-01,0.02849493947745079,0.029490002483047915,0.04100758249731086,pm_all_in,fam,-0.009948456394570648,-0.24260041164882215
2018-08-01,0.023541262319971303,0.024273975198340052,0.033814448147904595,pm_all_in,fam,-0.052303372193107656,-1.546775862327618
2018-09-01,0.017801701255790357,0.018224203172723642,0.02547591311182228,pm_all_in,fam,-0.0915373149539711,-3.593092602890554
2018-10-01,0.02073813920030685,0.02168032932017999,0.03000178489561512,pm_all_in,fam,-0.05487048765500102,-1.8289074415376054
2018-11-01,0.012972695254527468,0.01356781178754304,0.0187716898245478,pm_all_in,fam,-0.14188287853120762,-7.558343434040069
2018-12-01,0.012085017945371042,0.013185270596790036,0.01788572110513065,pm_all_in,fam,-0.21150396536460114,-11.825297069176019
2019-01-01,0.015244826703993108,0.016361931020171572,0.022363307625296265,pm_all_in,fam,-0.2558166359630798,-11.439123418116948
2019-02-01,0.015556475331907422,0.01429067869057211,0.02112409577211332,pm_all_in,fam,-0.2594402670369922,-12.281721775731041
2019-03-01,0.015089839781891065,0.012528165721708428,0.019612705091183427,pm_all_in,fam,-0.23254794170666226,-11.857004968233598
2019-04-01,0.01650634755880454,0.01450768726531786,0.021975725233091138,pm_all_in,fam,-0.23483966630803987,-10.686321557862279
2019-05-01,0.015291813720474109,0.013077211157523569,0.020120959681887422,pm_all_in,fam,-0.2892781448506465,-14.376955643475108
2019-06-01,0.015578251870251093,0.014253116596400562,0.021114764124743873,pm_all_in,fam,-0.31657237444238095,-14.992939185685602
2019-07-01,0.013856149475505885,0.013342020095699512,0.019235445888297252,pm_all_in,fam,-0.2924262600123573,-15.202468490229693
2019-08-01,0.013653325132362407,0.013525104864191173,0.019218266018487896,pm_all_in,fam,-0.28192017357082655,-14.669386577312462
2019-09-01,0.014535639585643141,0.01498492345146733,0.02087660769881092,pm_all_in,fam,-0.30793029591369425,-14.75001592003059
2019-10-01,0.016033632207820128,0.015560346515712316,0.022342823131034435,pm_all_in,fam,-0.30883136684118906,-13.82239679515785
2019-11-01,0.016325668302399957,0.015713977377275593,0.02265957922234029,pm_all_in,fam,-0.2456968121691716,-10.84295563295089
2019-12-01,0.017332794562808444,0.017484202878579328,0.024619567779630976,pm_all_in,fam,-0.20738910763102858,-8.423750956449046
2020-01-01,0.02405149808415504,0.022318879487598947,0.03281168910120414,pm_all_in,fam,-0.19597937184883119,-5.972852273601454
2020-02-01,0.019182588467951598,0.01915452694487044,0.027108441541567038,pm_all_in,fam,-0.19912002630191328,-7.345314410516382
2020-03-01,0.02189401873655478,0.020444730768448986,0.029955551616202572,pm_all_in,fam,-0.32041777263736027,-10.696440404190401
2020-04-01,0.038229854580176616,0.03272558300302622,0.05032380713051637,pm_all_in,fam,-0.5169788623042293,-10.273047525268279
2020-05-01,0.04182210031573564,0.03536507222465994,0.05477021460862527,pm_all_in,fam,-0.5210106327742325,-9.512663707769793
2020-06-01,0.038605259588185906,0.031965923832784675,0.05012171539716704,pm_all_in,fam,-0.43022127269559673,-8.583530497440108
2020-07-01,0.0331379180274269,0.027778085422162046,0.043240532384712795,pm_all_in,fam,-0.371898787134084,-8.600698618261339
2020-08-01,0.03173273613193759,0.025739713404885747,0.040859507933709044,pm_all_in,fam,-0.2844008219300198,-6.960456361624206
2020-09-01,0.0395950057813287,0.03007535510498503,0.04972214262795201,pm_all_in,fam,-0.2439136577086609,-4.905533929496059
2020-10-01,0.04459989293753666,0.03328563246654146,0.05565144902639473,pm_all_in,fam,-0.23598234763464454,-4.240363041090292
2020-11-01,0.04132562882442739,0.030979186881162028,0.05164801658875494,pm_all_in,fam,-0.20784335849524105,-4.024227302864012
2020-12-01,0.037667365063487994,0.027972229442670277,0.04691775794749218,pm_all_in,fam,-0.17656765043869704,-3.7633437351439945
2021-01-01,0.03646081981512899,0.027325455393585343,0.04556393194247096,pm_all_in,fam,-0.16580380372277492,-3.6389265950998015
2021-02-01,0.03265840402732766,0.025797822871023404,0.041618493707688047,pm_all_in,fam,-0.1550813618331759,-3.7262608042089767
2021-03-01,0.0265789577120181,0.024570438973673125,0.03619595922774035,pm_all_in,fam,4.5872454490503145e-4,0.012673363400008141
2021-04-01,0.05251482743188877,0.04929726334154159,0.07202796174518863,pm_all_in,fam,0.334612008417734,4.645584857745687
2021-05-01,0.07774082441333424,0.06667705113228892,0.10241808887185279,pm_all_in,fam,0.49592034192535994,4.84211673336205
2021-06-01,0.13008066532157825,0.09675772102433185,0.16212043692368608,pm_all_in,fam,0.6432253288888079,3.9675770747619516
2021-07-01,0.12973281212174287,0.09696199455569221,0.16196367163420788,pm_all_in,fam,0.6701669627064533,4.137760992600943
2021-08-01,0.10677000924807045,0.08210123154255007,0.1346864770332808,pm_all_in,fam,0.5772083000540995,4.285569811967629
2021-09-01,0.08509325291875208,0.06835078070269252,0.10914527435927894,pm_all_in,fam,0.5307477241547787,4.862764121217836
2021-10-01,0.09079752456996149,0.07505807893305032,0.11780452317781678,pm_all_in,fam,0.6183183024691008,5.248680490271136
2021-11-01,0.10922467045740372,0.08926633040536729,0.14106206570360666,pm_all_in,fam,0.6910994498639411,4.899257971424072
2021-12-01,0.13077899175313154,0.1003698122104848,0.16485522098839828,pm_all_in,fam,0.7447123498046659,4.517371942118079
2022-01-01,0.14128232208300415,0.10857791484385268,0.17818489870077275,pm_all_in,fam,0.719549492853865,4.038218154851663
2022-02-01,0.1416950525460206,0.10900978744757443,0.1787753385548043,pm_all_in,fam,0.7537754540664743,4.216327935160931
2022-03-01,0.12121435239696016,0.09668112763304104,0.1550488944411111,pm_all_in,fam,0.7628206299602027,4.9198714554519345
2022-04-01,0.0885046942669692,0.07591800378465081,0.11660456340099193,pm_all_in,fam,0.5945635126947568,5.098972933418651
2022-05-01,0.07647156406636407,0.07282789098541927,0.10560209191176156,pm_all_in,fam,0.5086580627696051,4.816742297061946
2022-06-01,0.07587110304250651,0.08173639052303418,0.11152247223147715,pm_all_in,fam,0.3837120970760175,3.4406706504818225
2022-07-01,0.06469969449546699,0.06634069894682976,0.09266681609163369,pm_all_in,fam,0.25590297341073764,2.761538425553412
2022-08-01,0.04662983710794922,0.051833344339620425,0.06972113950692099,pm_all_in,fam,0.16238742170471276,2.329098790598411
2022-09-01,0.045047308481803966,0.04867671981216074,0.06632256820363946,pm_all_in,fam,0.04228197967139913,0.6375202410976434
2022-10-01,0.04740401350978467,0.04763275695540118,0.06720133951051993,pm_all_in,fam,-0.08997254034368574,-1.338850400885255
2022-11-01,0.057733084301919486,0.05271944743458331,0.07818215372334236,pm_all_in,fam,-0.2634237578317933,-3.3693591860356293
2022-12-01,0.07171068735394123,0.05921134160697367,0.09299680454549197,pm_all_in,fam,-0.422391075409978,-4.54199558226061
2023-01-01,0.08070568371534825,0.06843754488794371,0.10581637365857487,pm_all_in,fam,-0.4199491377238962,-3.9686593218446156
2023-02-01,0.08083573621470842,0.06914096348503052,0.10637146741966215,pm_all_in,fam,-0.4942574052510196,-4.6465223921472285
2023-03-01,0.06442815580482252,0.056985478664498816,0.08601355729786168,pm_all_in,fam,-0.5484321143922166,-6.376112459725587
2023-04-01,0.05392324348845356,0.04590837654443709,0.07081874910827549,pm_all_in,fam,-0.5292208568894896,-7.472891904379144
2023-05-01,0.0517385578255235,0.04422861642192813,0.06806650333653912,pm_all_in,fam,-0.5871024048394347,-8.62542331485198
2023-06-01,0.054200473643805085,0.0479764911496417,0.0723839419087166,pm_all_in,fam,-0.6689702556047505,-9.241970497384477
2023-07-01,0.05226372364474078,0.04601811258893361,0.06963593537435686,pm_all_in,fam,-0.6483439330172258,-9.310479273837338
2023-08-01,0.054251077673158385,0.04579866345584579,0.07099786618653331,pm_all_in,fam,-0.5938621755182893,-8.364507377701043
2023-09-01,0.05482385271948446,0.04638120498208263,0.07181135705859965,pm_all_in,fam,-0.5241307672307238,-7.298716925834191
2023-10-01,0.04967492148341503,0.04218658869609757,0.06517135943186358,pm_all_in,fam,-0.5974250270425419,-9.166987343069735
2023-11-01,0.0418493869758006,0.03503605440761863,0.054579266197924664,pm_all_in,fam,-0.6200733712394157,-11.360969365011243
2023-12-01,0.0404589075958567,0.030299769670748482,0.05054700036550617,pm_all_in,fam,-0.5729765710950296,-11.335520742117769
2024-01-01,0.033147561991658796,0.031319377466296955,0.04560333618132836,pm_all_in,fam,-0.5500499103784584,-12.061615584249042
2024-02-01,0.03171949383501279,0.02895339991440203,0.042946777012398844,pm_all_in,fam,-0.469473215921723,-10.931512178112571
2024-03-01,0.034916600457837024,0.03181697137066168,0.04723863519126828,pm_all_in,fam,-0.47219907881794754,-9.996035594720784
2024-04-01,0.04136932975850971,0.03814740047712159,0.05627295627413059,pm_all_in,fam,-0.45279692926010195,-8.046439342094038
2024-05-01,0.046470969708880844,0.042877751266614646,0.06323015561712145,pm_all_in,fam,-0.46404391024932323,-7.338965177616446
2024-06-01,0.04625477117893421,0.042922438681255504,0.06310181930152015,pm_all_in,fam,-0.5036005120624631,-7.980760580865396
2024-07-01,0.047380178051127646,0.04413840831643514,0.06475399880211961,pm_all_in,fam,-0.5329353335898457,-8.230153248426118
2024-08-01,0.045522465109910655,0.04217946295579118,0.06205966423468623,pm_all_in,fam,-0.4980865616694752,-8.025930655794394
2024-09-01,0.03836127370483992,0.03510414041590198,0.05199892301381833,pm_all_in,fam,-0.4562165386164052,-8.773576685331907
2024-10-01,0.03406810021288046,0.030929445229885753,0.04601375918508906,pm_all_in,fam,-0.39020687890241046,-8.480221694837281
2024-11-01,0.030968381191212608,0.02789958478665046,0.04168245991867261,pm_all_in,fam,-0.2671760534714629,-6.40979572685381
2024-12-01,0.02869297353526609,0.02586413268093214,0.03862952354912421,pm_all_in,fam,-0.2508108906749129,-6.492725450158941
2025-01-01,0.026943697656278364,0.022428808461007088,0.03505730012955195,pm_all_in,fam,-0.20988281357225969,-5.986850464714953
2025-02-01,0.02649895745536876,0.022034306887613757,0.034463102388481895,pm_all_in,fam,-0.287772000730957,-8.350147862112811
2025-03-01,0.031567505129789376,0.021691189489687183,0.038301632884209964,pm_all_in,fam,-0.33894823517288675,-8.84944608491143
2025-04-01,0.028821356242336584,0.02158259163990037,0.03600664990723757,pm_all_in,fam,-0.3660422664909735,-10.165962882800619
2025-05-01,0.02623218134790348,0.020060537988800482,0.033023514692857914,pm_all_in,fam,-0.34291641494337277,-10.38400721827275
2025-06-01,0.02752226499563596,0.019183248795524483,0.03354805664775532,pm_all_in,fam,-0.29209980669211433,-8.706906923374905
2025-07-01,0.02986950837269758,0.018930046040699432,0.03536289260693547,pm_all_in,fam,-0.22905443514058543,-6.477253930739327
2025-08-01,0.02535488888007648,0.01756970402775355,0.030847445433031976,pm_all_in,fam,-0.20648313882662972,-6.693686816786586
2025-09-01,0.020072231520508375,0.017076384756001525,0.026353318473161805,pm_all_in,fam,-0.169441762445266,-6.429617682411622
2025-11-01,0.029018210337215647,0.01899848800067868,0.034684277093328914,pm_all_in,fam,-0.19721106720234083,-5.685892390713022
2025-12-01,0.025246441530225573,0.01989252886495453,0.032141803225428214,pm_all_in,fam,-0.15436429560033993,-4.802602222336373
2026-01-01,0.030731819587747268,0.02602633132540666,0.040271760048869114,pm_all_in,fam,-0.22725994408254735,-5.643158973105997
2026-02-01,0.03221065608537497,0.02699162874229958,0.04202468783480058,pm_all_in,fam,-0.14336074818672717,-3.411345939088936
2026-03-01,0.042790970566743816,0.036384406048179885,0.05616842676738208,pm_all_in,fam,0.06176962353781068,1.0997214465989156
2026-04-01,0.05339615848180992,0.042197126007291835,0.06805694074736116,pm_all_in,fam,0.0855457546627525,1.2569732597930425
2026-05-01,0.06762331672967366,0.052082383578736166,0.08535506806724699,pm_all_in,fam,0.13304422564077711,1.5587150084158825
2026-06-01,0.05038340980589701,0.03956503348474862,0.06406153181370423,pm_all_in,fam,0.061157161073999156,0.9546627959482579
2026-07-01,0.04443634841857877,0.03544443991422219,0.05684098329207752,pm_all_in,fam,0.014287852158001435,0.25136532358321945
2014-01-01,0.026414090809906195,0.013055285467485765,0.029464294866015647,pm_all_in,par,0.18857198126458474,6.400016770198874
2014-02-01,0.034773989103834946,0.017067587481063056,0.03873671205222988,pm_all_in,par,0.22754311745980527,5.874094764496326
2014-03-01,0.03244514492665538,0.016789372632523725,0.036531773330970504,pm_all_in,par,0.2494982911612098,6.829624417648866
2014-04-01,0.03001589220238517,0.016244048342714198,0.034129501772889134,pm_all_in,par,0.16552723726597218,4.849975202317756
2014-05-01,0.03142827872238583,0.01740892082519405,0.03592780577421678,pm_all_in,par,0.12353552465187434,3.4384377779209756
2014-06-01,0.033312841153839035,0.01775305483415083,0.0377480640786422,pm_all_in,par,0.1617221475867181,4.284250107496778
2014-07-01,0.030633893751526725,0.01678041361128316,0.03492875215843769,pm_all_in,par,0.1930555964527736,5.5271254918317325
2014-08-01,0.03259059684065797,0.016999482899882346,0.03675771240561221,pm_all_in,par,0.21326223021740365,5.801836302110099
2014-09-01,0.03459362423631554,0.017454011392426555,0.03874740444843182,pm_all_in,par,0.21805587370316015,5.627625303092664
2014-10-01,0.03854003034916786,0.019324179570330554,0.0431133141312653,pm_all_in,par,0.20383288079943718,4.727840689278392
2014-11-01,0.045299205203471894,0.021805737184020926,0.05027432909751106,pm_all_in,par,0.25359502883610663,5.044225022759407
2014-12-01,0.06116548153285479,0.028793579114003976,0.06760389285640588,pm_all_in,par,0.2809590568938036,4.15595973874722
2015-01-01,0.07728414735372315,0.043559016175948984,0.08871430167908993,pm_all_in,par,0.3807997592272794,4.292428075517775
2015-02-01,0.06532898357112443,0.03635264923436816,0.07476223111165994,pm_all_in,par,0.3983125781329866,5.327724603859042
2015-03-01,0.061559904419041765,0.03484239140927313,0.07073622884490342,pm_all_in,par,0.32624014340350005,4.612065821586498
2015-04-01,0.06777460238366348,0.039309610252164395,0.0783494874676328,pm_all_in,par,0.33880144989755223,4.32423313601784
2015-05-01,0.0596240292113269,0.03374402373721961,0.06851046633450399,pm_all_in,par,0.3267865201356135,4.76987732852482
2015-06-01,0.06026167193649148,0.03389849692183864,0.06914171821802831,pm_all_in,par,0.3471741389593719,5.021196289403872
2015-07-01,0.05918669128331321,0.03350498017999911,0.06801211746393696,pm_all_in,par,0.33989203254558564,4.997521694951073
2015-08-01,0.06031187979285248,0.03402296853659846,0.06924655393728886,pm_all_in,par,0.364358444147439,5.261755617144641
2015-09-01,0.06783840478010222,0.03864991903595835,0.07807602323757999,pm_all_in,par,0.3471253983982847,4.445992303450265
2015-10-01,0.06151629846506097,0.034624493595294514,0.07059115053300274,pm_all_in,par,0.298751385808671,4.232136515029584
2015-11-01,0.05542118542981747,0.030946979504023246,0.0634761635172499,pm_all_in,par,0.24316769753283118,3.8308505753777857
2015-12-01,0.050041992397766064,0.027346542888860643,0.05702661142931755,pm_all_in,par,0.22881102212539695,4.012355221368887
2016-01-01,0.042493346559032155,0.01839592488808688,0.04630436863055303,pm_all_in,par,0.13700938562262177,2.958886810783957
2016-02-01,0.05288788567997379,0.02499022500084082,0.05849478435972413,pm_all_in,par,0.165101373788068,2.822497349041371
2016-03-01,0.05102671185901783,0.023460443850071212,0.05616153264277583,pm_all_in,par,0.23217480773970456,4.134053983471009
2016-04-01,0.04893397188018439,0.021922635498476648,0.0536202904800948,pm_all_in,par,0.23003072679610437,4.289994043980377
2016-05-01,0.05455653859313666,0.025447263401241378,0.060199494332399246,pm_all_in,par,0.25250269036225514,4.194432082236922
2016-06-01,0.05991377513507055,0.027490055558535564,0.06591937200510309,pm_all_in,par,0.2187157248141336,3.317927919537855
2016-07-01,0.062048236732506645,0.028178969879620545,0.06814717914257162,pm_all_in,par,0.27728862144119626,4.068966976036925
2016-08-01,0.061323044281711946,0.028301201244023088,0.06753868337354155,pm_all_in,par,0.20125593578530498,2.9798616989940836
2016-09-01,0.055885630358294656,0.024542955472513846,0.061037368421891704,pm_all_in,par,0.14870993190598814,2.436375219817828
2016-10-01,0.053816287903170425,0.023177192676284968,0.05859500920753034,pm_all_in,par,0.1511728531673917,2.57996124946361
2016-11-01,0.053516503930930194,0.022560341387706257,0.058077406936941654,pm_all_in,par,0.18915444319538288,3.256936787841784
2016-12-01,0.055318349055411595,0.023643201828856424,0.06015912844229375,pm_all_in,par,0.1594083090916687,2.6497775685792626
2017-01-01,0.06922041960833153,0.029857977846832584,0.07538544509290525,pm_all_in,par,0.15570948666527862,2.065511273076411
2017-02-01,0.08976906140874245,0.039129584343437135,0.0979265477646217,pm_all_in,par,0.1570414346336646,1.6036655862834324
2017-03-01,0.07825038517344966,0.03234697799597322,0.08467260339250948,pm_all_in,par,0.16452590902140685,1.9430831512139561
2017-04-01,0.0704003973283923,0.02903757287051825,0.07615376932369247,pm_all_in,par,0.18706717079246538,2.456440074519939
2017-05-01,0.06350899084077506,0.024975401066636337,0.06824340683211082,pm_all_in,par,0.27786330028871653,4.071650481522744
2017-06-01,0.06392871022609924,0.024680140180157337,0.06852728880150434,pm_all_in,par,0.3311913173814851,4.8329843945936855
2017-07-01,0.06821112917521725,0.02633789595862444,0.07311937436059954,pm_all_in,par,0.3354981802314638,4.588362293376616
2017-08-01,0.0714673932462527,0.027538619350043883,0.07658958057804689,pm_all_in,par,0.30977799653613136,4.044649340003358
2017-09-01,0.08218976934355726,0.03293068345077644,0.08854144847065913,pm_all_in,par,0.2366987307828028,2.6733099002919523
2017-10-01,0.07369157290983482,0.028856596075077547,0.07914007237149637,pm_all_in,par,0.2500795546232837,3.159961156585372
2017-11-01,0.07246873473069419,0.029239165613005578,0.07814503387428079,pm_all_in,par,0.21620187652100498,2.766674551179146
2017-12-01,0.0586421657159877,0.02322825222396469,0.06307499743354322,pm_all_in,par,0.23020177752772764,3.6496517938073914
2018-01-01,0.0558972385104423,0.02245014700977925,0.06023711790793094,pm_all_in,par,0.22820056704431213,3.7883712728936323
2018-02-01,0.05885250395316981,0.02445665167646807,0.0637318211946117,pm_all_in,par,0.18948775378424543,2.9732047544291103
2018-03-01,0.05375363572081873,0.022342560730407017,0.05821205522225105,pm_all_in,par,0.15141546661887606,2.6011015422970125
2018-04-01,0.06520309686165986,0.025760013698374017,0.07010721892994624,pm_all_in,par,0.15927789710064033,2.2719186345103313
2018-05-01,0.07569339710486399,0.03236572331639709,0.08232272111068852,pm_all_in,par,0.0342102918569509,0.41556318104394085
2018-06-01,0.0708657273672498,0.032783478528684885,0.07808141763396795,pm_all_in,par,-0.0024465585239941134,-0.031333428594536444
2018-07-01,0.061919547315862106,0.031180372636751434,0.06932709410878235,pm_all_in,par,-0.03897925694795745,-0.5622514177039416
2018-08-01,0.051087019532775224,0.02575474615968492,0.05721180397865429,pm_all_in,par,0.019068086897422454,0.3332893838575122
2018-09-01,0.045475450687509376,0.019227246418124937,0.04937310624272485,pm_all_in,par,0.09472560964385313,1.9185669457005452
2018-10-01,0.046416706752993774,0.022635202785682408,0.05164167959064057,pm_all_in,par,0.11352428309980844,2.1983073362389893
2018-11-01,0.02829395830696496,0.014185510865433699,0.03165085773228917,pm_all_in,par,0.1570598132076606,4.962260882030799
2018-12-01,0.02984479890082823,0.01311445327258237,0.032599093638775056,pm_all_in,par,0.13341543382601184,4.092611754926849
2019-01-01,0.03126848759351118,0.016949810120467406,0.035567040634630565,pm_all_in,par,0.16577292617678818,4.660858008393873
2019-02-01,0.032677100956055305,0.01725995354221314,0.03695536392963255,pm_all_in,par,0.16769017005020537,4.537640878588223
2019-03-01,0.03392738274820065,0.016635591914878716,0.03778637609643562,pm_all_in,par,0.1794280829279682,4.748486133468978
2019-04-01,0.038033630731948036,0.018142964330788953,0.04213934291564669,pm_all_in,par,0.16219047020586963,3.8489083830884074
2019-05-01,0.035089241521051015,0.016832651932464134,0.03891777282427836,pm_all_in,par,0.21205555410279686,5.448810112034693
2019-06-01,0.03307229699852052,0.01728813070137479,0.03731831041065722,pm_all_in,par,0.24236672761386302,6.494579335098967
2019-07-01,0.03152569113854501,0.015291831964386434,0.0350386832884737,pm_all_in,par,0.23935206124707786,6.831080359855159
2019-08-01,0.030263738544917502,0.015116720264689174,0.033829116191174576,pm_all_in,par,0.22003723824559618,6.504374427109628
2019-09-01,0.03179592429902466,0.016098299100346113,0.03563896794175599,pm_all_in,par,0.2028449301136659,5.6916611739478835
2019-10-01,0.03592849392814648,0.01768429432317316,0.040044861613613716,pm_all_in,par,0.16662069926696166,4.1608509195176495
2019-11-01,0.039568556766217705,0.017833561926695184,0.04340168908642456,pm_all_in,par,0.14813857368476402,3.4131983524830067
2019-12-01,0.04273939326037265,0.0188820654826252,0.046724598801433634,pm_all_in,par,0.1767299341395523,3.7823745665662036
2020-01-01,0.04781253541023364,0.026471530212933008,0.05465144512425148,pm_all_in,par,0.17874147776513194,3.270571845973305
2020-02-01,0.039784650443404825,0.02103262617418961,0.045002108558234444,pm_all_in,par,0.19350193780567349,4.2998415853175995
2020-03-01,0.0602183258920404,0.023458870173615,0.06462635192444725,pm_all_in,par,0.28694060248115605,4.4399938095934885
2020-04-01,0.1036103549980845,0.04113559707554523,0.11147754486707491,pm_all_in,par,0.4122716087150202,3.6982480122486567
2020-05-01,0.11489676306849068,0.044914161405274836,0.12336347943518763,pm_all_in,par,0.4160342491342339,3.372426353723339
2020-06-01,0.10642568769320039,0.041386088958466655,0.11418947131959557,pm_all_in,par,0.3572171543833047,3.128284510430203
2020-07-01,0.09348000426117618,0.035447064606883766,0.09997502481077016,pm_all_in,par,0.30028436449889284,3.0035937982237306
2020-08-01,0.09225991006289022,0.03385801227601718,0.09827642647194454,pm_all_in,par,0.187289816871683,1.9057450865406624
2020-09-01,0.09663350131971787,0.04312029526486455,0.10581773689243697,pm_all_in,par,0.15776130488922568,1.4908777065378842
2020-10-01,0.0967710067821314,0.049075304599054584,0.10850351733984161,pm_all_in,par,0.1939802374773647,1.7877783341327382
2020-11-01,0.08833884118833948,0.04551028702777378,0.09937271802586975,pm_all_in,par,0.15685149067925508,1.5784160260004345
2020-12-01,0.08375647520217101,0.041357360263024334,0.09341080444047933,pm_all_in,par,0.12005578511178339,1.2852451687029633
2021-01-01,0.09012217951771825,0.039535554098292625,0.0984127394135681,pm_all_in,par,0.09829092622717361,0.9987622213636125
2021-02-01,0.07703020540163422,0.035560895758242034,0.08484238240022797,pm_all_in,par,0.14819458973514,1.746704719300077
2021-03-01,0.06828912183940251,0.028695827718121795,0.07407330619072494,pm_all_in,par,0.04860546298897095,0.6561805525977328
2021-04-01,0.14875730912674529,0.056047603180818195,0.15896562786006452,pm_all_in,par,-0.2515381675630257,-1.5823431200136653
2021-05-01,0.21042758537313205,0.08335468694502607,0.2263355308423096,pm_all_in,par,-0.3715715623241467,-1.6416846305188584
2021-06-01,0.32242937332004873,0.1406169905806398,0.3517582107350376,pm_all_in,par,-0.5694037549547781,-1.6187362158937133
2021-07-01,0.31744231591814637,0.14037646864302633,0.34709534264256964,pm_all_in,par,-0.6048442645145924,-1.742588246531001
2021-08-01,0.2626415209749195,0.11550719959014935,0.28691894621508995,pm_all_in,par,-0.4245629124399519,-1.4797311855511857
2021-09-01,0.21067430068747747,0.09202720410508335,0.22989707972385456,pm_all_in,par,-0.3281592433142855,-1.4274180590221524
2021-10-01,0.22452165372927213,0.09822348615568195,0.24506698314114578,pm_all_in,par,-0.377522324352042,-1.5404862764993883
2021-11-01,0.2696715894701919,0.11818047299736213,0.29443062063117675,pm_all_in,par,-0.44400971569564884,-1.5080283251239848
2021-12-01,0.3169384720006355,0.1416904579878725,0.34716880752583557,pm_all_in,par,-0.5075433170717245,-1.4619496512052115
2022-01-01,0.2888531407037768,0.15464621143151852,0.3276455212643045,pm_all_in,par,-0.4647144242696726,-1.4183451141845382
2022-02-01,0.2872411885777828,0.1551271727627226,0.32645358038308137,pm_all_in,par,-0.49486041940840586,-1.515867642890316
2022-03-01,0.2539597158625974,0.13250315669907767,0.28644829169717795,pm_all_in,par,-0.3805105430205078,-1.3283742792321094
2022-04-01,0.19511794629174714,0.09657083524977966,0.21770838106501367,pm_all_in,par,-0.18298505132650078,-0.8405053146385598
2022-05-01,0.18054550794403673,0.08312304677323223,0.19876146845813747,pm_all_in,par,-0.021042116834335545,-0.10586617716988427
2022-06-01,0.2082053937255293,0.0812603240436665,0.22350106541151957,pm_all_in,par,0.23633541671834735,1.057424116897146
2022-07-01,0.16289933444746382,0.06977124980187041,0.17721235979000358,pm_all_in,par,0.3424820472433634,1.9326081298686175
2022-08-01,0.10216122242701439,0.05084455026840569,0.11411434467137924,pm_all_in,par,0.28013365184469485,2.454850462940568
2022-09-01,0.084514208920154,0.04950980484036793,0.09794831435369757,pm_all_in,par,0.4146937817063545,4.233802127608537
2022-10-01,0.095434830093755807,0.05183066020045559,0.10860121606979882,pm_all_in,par,0.5299060775280298,4.879375173731527
2022-11-01,0.11928765862635342,0.06293098269958343,0.1348697671240397,pm_all_in,par,0.7600238951326777,5.635242881628793
2022-12-01,0.15448224360414176,0.07795302035259134,0.1730359412696129,pm_all_in,par,0.9361153739362305,5.409947592781542
2023-01-01,0.17117106063957988,0.08830932440324314,0.19260858957231364,pm_all_in,par,1.0073563533107288,5.230069726109091
2023-02-01,0.1734010719932411,0.08836982496180888,0.19462054807287416,pm_all_in,par,1.113682042528641,5.722325075929964
2023-03-01,0.143139817427124,0.07027084002626204,0.15945845318159493,pm_all_in,par,0.9932854684003622,6.229117670351323
2023-04-01,0.11474018729013727,0.058951204458501126,0.1289982755174804,pm_all_in,par,0.9710500436082459,7.527620347736045
2023-05-01,0.11179909784237418,0.05663839319998165,0.12532735480590215,pm_all_in,par,0.9256981929558483,7.386242168675003
2023-06-01,0.1223224427101019,0.05927246119111751,0.1359264677912977,pm_all_in,par,0.8727742682083539,6.420929509831866
2023-07-01,0.11755584842644075,0.057111780989851174,0.1306948087228144,pm_all_in,par,0.85174075851779385,6.5170205828467
2023-08-01,0.11526315724258811,0.0593648686856448,0.12965254741652182,pm_all_in,par,0.9043410308033462,6.975111934346032
2023-09-01,0.11683575067219569,0.060077696800415775,0.13137702344009078,pm_all_in,par,0.7604807359705701,5.788536808472882
2023-10-01,0.10697838380102934,0.05437260993395192,0.12000314709085767,pm_all_in,par,0.7631001904780277,6.359001484354936
2023-11-01,0.09018699381063001,0.04583070184860775,0.10116396139206192,pm_all_in,par,0.6099078869076013,6.0289047454745015
2023-12-01,0.07891659668829576,0.04460145476457016,0.09064832596346792,pm_all_in,par,0.49722633203137523,5.485223546563473
2024-01-01,0.06926199450616383,0.036402536016850305,0.07824556544258564,pm_all_in,par,0.426498467370684,5.45076855101311
2024-02-01,0.06371576448084336,0.03477803283678541,0.07258932573991045,pm_all_in,par,0.3820702402082432,5.263449361373205
2024-03-01,0.06535348304009413,0.03871532486491891,0.07596021409177359,pm_all_in,par,0.4010517018491422,5.279760024959904
2024-04-01,0.07271221268345697,0.04660776883893148,0.08636752855945082,pm_all_in,par,0.41344173893089753,4.787004396522777
2024-05-01,0.0782109570741829,0.05268084602119879,0.09429859672322242,pm_all_in,par,0.41758998471206343,4.4283796283601085
2024-06-01,0.07768941405808195,0.05248282540963766,0.09375549061077228,pm_all_in,par,0.48561862189957505,5.179628614132373
2024-07-01,0.07869190959392108,0.05384636160635494,0.09535117877499043,pm_all_in,par,0.5579932685291888,5.851980811332606
2024-08-01,0.07651545397353834,0.051631179897152796,0.09230597724063605,pm_all_in,par,0.5459656541868085,5.914737815553476
2024-09-01,0.06908501157353057,0.04287696057283737,0.08130911739823218,pm_all_in,par,0.5782150893578031,7.11131922052292
2024-10-01,0.061121516963505,0.03810342018523805,0.0720257625140674,pm_all_in,par,0.4729625353107503,6.566574497817716
2024-11-01,0.05385174470247124,0.034836629798719466,0.0641373618356194,pm_all_in,par,0.410644699586471,6.402581706415228
2024-12-01,0.04907142672284866,0.03236263660602698,0.05878218410972548,pm_all_in,par,0.44951470069563015,7.647124847497087
2025-01-01,0.06034186584088131,0.029449291826205082,0.06714463167092294,pm_all_in,par,0.36286727458605395,5.404263387197848
2025-02-01,0.05647979676240535,0.029041101535378255,0.06350868460856958,pm_all_in,par,0.2945763678854352,4.638363551395085
2025-03-01,0.05331035821625698,0.035066391482157205,0.06380945153130173,pm_all_in,par,0.367103111981093,5.753114988004725
2025-04-01,0.050660552196427774,0.03191994668083359,0.059877997168861975,pm_all_in,par,0.36941337318259215,6.169434360685266
2025-05-01,0.047842904562969385,0.029005940657350612,0.0559489777425749,pm_all_in,par,0.3525103401234686,6.30056802369818
2025-06-01,0.04459304793345726,0.030608365177160493,0.054087077410542604,pm_all_in,par,0.31545132513848273,5.832286384122416
2025-07-01,0.04310490264556397,0.03342946024583084,0.05454870708285516,pm_all_in,par,0.2276598702193322,4.173515421246097
2025-08-01,0.03529244140412965,0.0284098139663035,0.04530644490427271,pm_all_in,par,0.1268774440729148,2.80042815853224
2025-09-01,0.03848783588734255,0.02220950711877458,0.04443619828191777,pm_all_in,par,-0.0028310023191924216,-0.06370937273327519
2025-11-01,0.04366400116507735,0.03241393283842903,0.05438021735703218,pm_all_in,par,0.15931880054886882,2.9297198189346054
2025-12-01,0.054572715009612215,0.02772213698916333,0.06121027775436321,pm_all_in,par,0.04805725680545603,0.7851174438108214
2026-01-01,0.07509537589863595,0.03328948439359198,0.08214319967318437,pm_all_in,par,0.11761248881112518,1.431798241108932
2026-02-01,0.0820818595997437,0.03476148576837695,0.08913917527202679,pm_all_in,par,0.04396696270072553,0.49323950515080683
2026-03-01,0.10848843437142991,0.046213559461323626,0.11792130202151496,pm_all_in,par,-0.16424313597378504,-1.3928198990189116
2026-04-01,0.13425438645172041,0.05771753599078644,0.14613539695219505,pm_all_in,par,-0.13407535179266183,-0.917473484104071
2026-05-01,0.164162844410851,0.07331769898053657,0.1797913359115557,pm_all_in,par,-0.12366295516137438,-0.6878137621837772
2026-06-01,0.12680286395788753,0.05445299130887364,0.13800034264597605,pm_all_in,par,-0.061750221820067175,-0.44746426447998205
2026-07-01,0.11410450388016011,0.04793375232175154,0.12376381707664197,pm_all_in,par,-0.015210860555892047,-0.12290232246531772
2014-01-01,0.013055285467485765,0.011754020160931187,0.017566942493818377,pm_all_in,mk,-0.2603355687460285,-14.819628904553985
2014-02-01,0.017067587481063056,0.015372245993470434,0.022969729848378893,pm_all_in,mk,-0.32737258488857446,-14.252348070679597
2014-03-01,0.016789372632523725,0.015483712662189047,0.022839185432036977,pm_all_in,mk,-0.28300533042617815,-12.391218209962995
2014-04-01,0.016244048342714198,0.014364667180493071,0.021684390002182922,pm_all_in,mk,-0.18192185202334787,-8.389530533486724
2014-05-01,0.01740892082519405,0.015122494159421232,0.023059929616102568,pm_all_in,mk,-0.17725635528971218,-7.686769137661871
2014-06-01,0.01775305483415083,0.0153431739918651,0.02346452522615814,pm_all_in,mk,-0.22142849871114034,-9.436734669759817
2014-07-01,0.01678041361128316,0.014742845980357355,0.022336825839099794,pm_all_in,mk,-0.2373843068689485,-10.627486133388567
2014-08-01,0.016999482899882346,0.015895425034495286,0.02327330994703271,pm_all_in,mk,-0.24244218381370697,-10.417176773113775
2014-09-01,0.017454011392426555,0.016476378595958956,0.02400236582764979,pm_all_in,mk,-0.21472056169309361,-8.945808227193334
2014-10-01,0.019324179570330554,0.017396414304179326,0.02600113741183327,pm_all_in,mk,-0.18810491190082157,-7.234487819567998
2014-11-01,0.021805737184020926,0.020455883324547078,0.029898717977968153,pm_all_in,mk,-0.28089303102203367,-9.39481857479705
2014-12-01,0.028793579114003976,0.02748120670626205,0.03980310189202229,pm_all_in,mk,-0.39780088843945904,-9.99421827772649
2015-01-01,0.043559016175948984,0.037327210541422164,0.057364697654744445,pm_all_in,mk,-0.48968691344273285,-8.536380970574722
2015-02-01,0.03635264923436816,0.03140761445923941,0.04804116310391779,pm_all_in,mk,-0.4735704371812144,-9.857597247527806
2015-03-01,0.03484239140927313,0.029818533066037056,0.045859973324537985,pm_all_in,mk,-0.41240646815241533,-8.992732403787766
2015-04-01,0.039309610252164395,0.03308973013882991,0.05138264005320919,pm_all_in,mk,-0.44097675489918053,-8.582212872723705
2015-05-01,0.03374402373721961,0.028847376113159084,0.04439403390763338,pm_all_in,mk,-0.38260565689641757,-8.618402591944456
2015-06-01,0.03389849692183864,0.028984999034396823,0.04460087737459756,pm_all_in,mk,-0.35026278771116415,-7.853271243284026
2015-07-01,0.03350498017999911,0.028568134320314496,0.04403092090117653,pm_all_in,mk,-0.33231607389473394,-7.5473341709247395
2015-08-01,0.03402296853659846,0.0289292977415835,0.04465945203272827,pm_all_in,mk,-0.3612024515052714,-8.087928424212809
2015-09-01,0.03864991903595835,0.03266370367487077,0.05060369333601948,pm_all_in,mk,-0.44101650487065047,-8.71510508022024
2015-10-01,0.034624493595294514,0.02964727670407496,0.045583073313441434,pm_all_in,mk,-0.4504422605566494,-9.881787861456546
2015-11-01,0.030946979504023246,0.026636260994039655,0.0408314332367238,pm_all_in,mk,-0.38612081382931596,-9.456459967759319
2015-12-01,0.027346542888860643,0.024034794090567618,0.036407481853985436,pm_all_in,mk,-0.3382146295361155,-9.289701245819394
2016-01-01,0.01839592488808688,0.01843719679874723,0.026044966467320886,pm_all_in,mk,-0.22608748485566377,-8.680659471738618
2016-02-01,0.02499022500084082,0.022926305413620104,0.03391351980422021,pm_all_in,mk,-0.2872972252421002,-8.471465860831964
2016-03-01,0.023460443850071212,0.02179445294614331,0.03202172082921215,pm_all_in,mk,-0.3963076567263024,-12.376213597014644
2016-04-01,0.021922635498476648,0.020918640847009756,0.030301674575594885,pm_all_in,mk,-0.3884203406360198,-12.818444725456047
2016-05-01,0.025447263401241378,0.023405837251765756,0.034574505521674556,pm_all_in,mk,-0.45947515227930946,-13.289420784088067
2016-06-01,0.027490055558535564,0.02610739555260358,0.03791172980953886,pm_all_in,mk,-0.4996033055305604,-13.178066736613445
2016-07-01,0.028178969879620545,0.02630162440700247,0.03854646274204145,pm_all_in,mk,-0.5411462891302565,-14.038805395755412
2016-08-01,0.028301201244023088,0.026302279930263173,0.038636354918452374,pm_all_in,mk,-0.49335560007115475,-12.769206647792041
2016-09-01,0.024542955472513846,0.0239625273816289,0.034301011382189765,pm_all_in,mk,-0.41053518885190154,-11.968603032651835
2016-10-01,0.023177192676284968,0.02278814132505388,0.03250356358007943,pm_all_in,mk,-0.3496382207019977,-10.756919617154892
2016-11-01,0.022560341387706257,0.022492359539739312,0.03185710660425322,pm_all_in,mk,-0.35580354390862823,-11.168733819069594
2016-12-01,0.023643201828856424,0.023230228884718266,0.033145807076558544,pm_all_in,mk,-0.29739895379814474,-8.972445688567104
2017-01-01,0.029857977846832584,0.02423397585584999,0.0384549662187326,pm_all_in,mk,-0.24193920201494024,-6.291494332325903
2017-02-01,0.039129584343437135,0.0322511197070642,0.05070758417879465,pm_all_in,mk,-0.22946006241610917,-4.525162579369474
2017-03-01,0.03234697799597322,0.02618104548523532,0.041614590328056054,pm_all_in,mk,-0.2677377164576278,-6.433746297800804
2017-04-01,0.02903757287051825,0.024068137338155292,0.03771545933883031,pm_all_in,mk,-0.33206363517510606,-8.804443615332739
2017-05-01,0.024975401066636337,0.021105454012759393,0.03269878969509485,pm_all_in,mk,-0.3661701119679561,-11.198277226232792
2017-06-01,0.024680140180157337,0.02072679230942197,0.03222901237627567,pm_all_in,mk,-0.388724729293366,-12.06132923823359
2017-07-01,0.02633789595862444,0.02105447103365914,0.03371906751430884,pm_all_in,mk,-0.39032920697579243,-11.575919375888864
2017-08-01,0.027538619350043883,0.02242055864885527,0.03551136446031566,pm_all_in,mk,-0.3619665331773714,-10.192977337772334
2017-09-01,0.03293068345077644,0.027094630853733065,0.04264444786411597,pm_all_in,mk,-0.3051246228676696,-7.155084381440026
2017-10-01,0.028856596075077547,0.023914998434992497,0.03747839760696653,pm_all_in,mk,-0.3612798000572459,-9.639681072973376
2017-11-01,0.029239165613005578,0.025865846426526028,0.03903806881885165,pm_all_in,mk,-0.3108325727549266,-7.962293785516978
2017-12-01,0.02322825222396469,0.021341340488698717,0.031543692162375216,pm_all_in,mk,-0.2848022695496333,-9.02881844279918
2018-01-01,0.02245014700977925,0.021724105925379496,0.031240132506406063,pm_all_in,mk,-0.28935565075181024,-9.262305487740019
2018-02-01,0.02445665167646807,0.023482653704456517,0.03390520367476818,pm_all_in,mk,-0.2362051744727589,-6.9666348781895024
2018-03-01,0.022342560730407017,0.021251997338307616,0.03083565162047593,pm_all_in,mk,-0.19415606499402216,-6.296480041469137
2018-04-01,0.025760013698374017,0.024100134908165698,0.035275980614749805,pm_all_in,mk,-0.14189036643901254,-4.02229403595047
2018-05-01,0.03236572331639709,0.029963283747834968,0.044105990735350695,pm_all_in,mk,-0.05790621863508427,-1.3128878338214671
2018-06-01,0.032783478528684885,0.03061338154256929,0.044854605046880804,pm_all_in,mk,-0.02143312576301515,-0.4778355698509402
2018-07-01,0.031180372636751434,0.029490002483047915,0.04291708149696167,pm_all_in,mk,-0.00837036109806455,-0.19503565494445685
2018-08-01,0.02575474615968492,0.024273975198340052,0.03539114044050337,pm_all_in,mk,-0.05705772237580842,-1.6122035533646928
2018-09-01,0.019227246418124937,0.018224203172723642,0.026491670126740002,pm_all_in,mk,-0.10540183588183538,-3.97867840636614
2018-10-01,0.022635202785682408,0.02168032932017999,0.03134308671111415,pm_all_in,mk,-0.07027561587757969,-2.2421408754441594
2018-11-01,0.014185510865433699,0.01356781178754304,0.01962942269185544,pm_all_in,mk,-0.16124574785814083,-8.214492621071543
2018-12-01,0.01311445327258237,0.013185270596790036,0.018596780510328186,pm_all_in,mk,-0.22693587761877243,-12.202965857059931
2019-01-01,0.016949810120467406,0.016361931020171572,0.023558625805185498,pm_all_in,mk,-0.2748198688166781,-11.665360751058213
2019-02-01,0.01725995354221314,0.01429067869057211,0.022408246109781274,pm_all_in,mk,-0.2779221492138273,-12.402673009402255
2019-03-01,0.016635591914878716,0.012528165721708428,0.02082541367437795,pm_all_in,mk,-0.2518457562008303,-12.09319344809379
2019-04-01,0.018142964330788953,0.01450768726531786,0.023230155929234445,pm_all_in,mk,-0.25173098965254326,-10.83638828854125
2019-05-01,0.016832651932464134,0.013077211157523569,0.021315525392022302,pm_all_in,mk,-0.3115138298059428,-14.614410110788643
2019-06-01,0.01728813070137479,0.014253116596400562,0.02240604373508199,pm_all_in,mk,-0.3432744191306458,-15.320617204418292
2019-07-01,0.015291831964386434,0.013342020095699512,0.02029407857137348,pm_all_in,mk,-0.3191375787884754,-15.725650103604409
2019-08-01,0.015116720264689174,0.013525104864191173,0.020284074865475923,pm_all_in,mk,-0.30721233389878755,-15.145493986598904
2019-09-01,0.016098299100346113,0.01498492345146733,0.02199325271010498,pm_all_in,mk,-0.3318382146516141,-15.088182681552526
2019-10-01,0.01768429432317316,0.015560346515712316,0.023555437788282667,pm_all_in,mk,-0.3287211700275794,-13.955213780450189
2019-11-01,0.017833561926695184,0.015713977377275593,0.023768992742789947,pm_all_in,mk,-0.26453957940109074,-11.129608320543403
2019-12-01,0.0188820654826252,0.017484202878579328,0.025733824962283935,pm_all_in,mk,-0.23043077794488998,-8.954392838321331
2020-01-01,0.026471530212933008,0.022318879487598947,0.03462476416376276,pm_all_in,mk,-0.21936248249900814,-6.335421707466424
2020-02-01,0.02103262617418961,0.01915452694487044,0.028447623209417225,pm_all_in,mk,-0.2247154437889698,-7.89926955003329
2020-03-01,0.023458870173615,0.020444730768448986,0.031117609259338805,pm_all_in,mk,-0.35767937768915736,-11.494436308014668
2020-04-01,0.04113559707554523,0.03272558300302622,0.05256520835733046,pm_all_in,mk,-0.5697060722013036,-10.83808264067987
2020-05-01,0.044914161405274836,0.03536507222465994,0.05716616331532573,pm_all_in,mk,-0.5744031674534744,-10.047957290488343
2020-06-01,0.041386088958466655,0.031965923832784675,0.0522936769195044,pm_all_in,mk,-0.4759513776571467,-9.101509124894356
2020-07-01,0.035447064606883766,0.027778085422162046,0.04503461356518476,pm_all_in,mk,-0.4105049187776988,-9.115320112240306
2020-08-01,0.03385801227601718,0.025739713404885747,0.04253113966787846,pm_all_in,mk,-0.3087924002611597,-7.260383866326874
2020-09-01,0.04312029526486455,0.03007535510498503,0.052572681579124814,pm_all_in,mk,-0.26437321153436333,-5.028718406468708
2020-10-01,0.049075304599054584,0.03328563246654146,0.05929855689801959,pm_all_in,mk,-0.26076987124721285,-4.397575335529318
2020-11-01,0.04551028702777378,0.030979186881162028,0.05505357613423778,pm_all_in,mk,-0.22750028871705297,-4.132343522287024
2020-12-01,0.041357360263024334,0.027972229442670277,0.04992871786776598,pm_all_in,mk,-0.191240150120775,-3.8302635895290993
2021-01-01,0.039535554098292625,0.027325455393585343,0.048059760198380576,pm_all_in,mk,-0.17805257115817152,-3.7048160544956525
2021-02-01,0.035560895758242034,0.025797822871023404,0.04393295997327353,pm_all_in,mk,-0.1733191819413893,-3.945083191454148
2021-03-01,0.028695827718121795,0.024570438973673125,0.03777773153310191,pm_all_in,mk,-0.005927049135645568,-0.1568926691760759
2021-04-01,0.056047603180818195,0.04929726334154159,0.07464284289387538,pm_all_in,mk,0.3634733682489788,4.869500599886753
2021-05-01,0.08335468694502607,0.06667705113228892,0.10674189891228827,pm_all_in,mk,0.5383768891374263,5.0437259841125766
2021-06-01,0.1406169905806398,0.09675772102433185,0.1706903471722352,pm_all_in,mk,0.7084164638753832,4.150301851343445
2021-07-01,0.14037646864302633,0.09696199455569221,0.17060826866510498,pm_all_in,mk,0.7391292776208314,4.3323180254041675
2021-08-01,0.11550719959014935,0.08210123154255007,0.14171282714688185,pm_all_in,mk,0.6249810730339478,4.410194091930509
2021-09-01,0.09202720410508335,0.06835078070269252,0.1146334834071888,pm_all_in,mk,0.5675506754781345,4.951002609439527
2021-10-01,0.09822348615568195,0.07505807893305032,0.12361864117395667,pm_all_in,mk,0.6611758888383168,5.3485128339819505
2021-11-01,0.11818047299736213,0.08926633040536729,0.14810503685533602,pm_all_in,mk,0.7418908281056744,5.00922077910374
2021-12-01,0.1416904579878725,0.1003698122104848,0.1736383744682639,pm_all_in,mk,0.8029896749552465,4.624494311319471
2022-01-01,0.15464621143151852,0.10857791484385268,0.1889566466202257,pm_all_in,mk,0.7729088941406985,4.09040331719121
2022-02-01,0.1551271727627226,0.10900978744757443,0.18959845328673158,pm_all_in,mk,0.8105848061294321,4.2752711959288865
2022-03-01,0.13250315669907767,0.09668112763304104,0.16402538515612972,pm_all_in,mk,0.8065851607803829,4.917441041291409
2022-04-01,0.09657083524977966,0.07591800378465081,0.12283920188395211,pm_all_in,mk,0.6156153098194839,5.0115541323775785
2022-05-01,0.08312304677323223,0.07282789098541927,0.11051399282556516,pm_all_in,mk,0.511174511957412,4.6254279561163605
2022-06-01,0.0812603240436665,0.08173639052303418,0.11525657377961412,pm_all_in,mk,0.35689487727634805,3.0965251314756106
2022-07-01,0.06977124980187041,0.06634069894682976,0.0962762464768382,pm_all_in,mk,0.2170248659993259,2.254189106256204
2022-08-01,0.05084455026840569,0.051833344339620425,0.07260760206360002,pm_all_in,mk,0.13067466744538514,1.7997380953432638
2022-09-01,0.04950980484036793,0.04867671981216074,0.06943085644728086,pm_all_in,mk,-0.004525974347480144,-0.06518678551685064
2022-10-01,0.05183066020045559,0.04763275695540118,0.07039386956253656,pm_all_in,mk,-0.14980361181435864,-2.1280775264282923
2022-11-01,0.06293098269958343,0.05271944743458331,0.082095363580065,pm_all_in,mk,-0.34929052705399144,-4.254692492022883
2022-12-01,0.07795302035259134,0.05921134160697367,0.09789104329298597,pm_all_in,mk,-0.5281815951369451,-5.3956069663708455
2023-01-01,0.08830932440324314,0.06843754488794371,0.11172392011940212,pm_all_in,mk,-0.5345749553005152,-4.78478516265095
2023-02-01,0.08836982496180888,0.06914096348503052,0.11220382700879264,pm_all_in,mk,-0.621813149918915,-5.541817658948369
2023-03-01,0.07027084002626204,0.056985478664498816,0.09047284529967298,pm_all_in,mk,-0.6620808202016937,-7.318005949837048
2023-04-01,0.058951204458501126,0.04590837654443709,0.07471829457404541,pm_all_in,mk,-0.6400804744823407,-8.56658303205816
2023-05-01,0.05663839319998165,0.04422861642192813,0.07186152026553416,pm_all_in,mk,-0.6926522737407348,-9.63870888315928
2023-06-01,0.05927246119111751,0.0479764911496417,0.07625593982559116,pm_all_in,mk,-0.7686832569572699,-10.0803066451658
2023-07-01,0.057111780989851174,0.04601811258893361,0.07334454454204822,pm_all_in,mk,-0.7457851968348805,-10.168243616365004
2023-08-01,0.0593648686856448,0.04579866345584579,0.07497803150527277,pm_all_in,mk,-0.6982699373561552,-9.312993730797666
2023-09-01,0.060077696800415775,0.04638120498208263,0.07589825971939446,pm_all_in,mk,-0.6132499101028976,-8.079894221160812
2023-10-01,0.05437260993395192,0.04218658869609757,0.06881924859255145,pm_all_in,mk,-0.6880697419968662,-9.998216430269748
2023-11-01,0.04583070184860775,0.03503605440761863,0.057688632679147374,pm_all_in,mk,-0.6938865144786588,-12.028132445743976
2023-12-01,0.04460145476457016,0.030299769670748482,0.05391999452166523,pm_all_in,mk,-0.6342976044255266,-11.763680802502007
2024-01-01,0.036402536016850305,0.031319377466296955,0.04802132894177829,pm_all_in,mk,-0.6026454546256055,-12.549537214104612
2024-02-01,0.03477803283678541,0.02895339991440203,0.045252745050436666,pm_all_in,mk,-0.5164290903239666,-11.412105271147153
2024-03-01,0.03871532486491891,0.03181697137066168,0.05011183539442268,pm_all_in,mk,-0.5215563208433638,-10.407847103149841
2024-04-01,0.04660776883893148,0.03814740047712159,0.06022879941776334,pm_all_in,mk,-0.5037312301210184,-8.363627284465718
2024-05-01,0.05268084602119879,0.042877751266614646,0.06792476051625747,pm_all_in,mk,-0.5155397121659799,-7.589864259331293
2024-06-01,0.05248282540963766,0.042922438681255504,0.06779957747157904,pm_all_in,mk,-0.563185417425438,-8.306621345266056
2024-07-01,0.05384636160635494,0.04413840831643514,0.06962492188111012,pm_all_in,mk,-0.6011472304066956,-8.634081219268015
2024-08-01,0.051631179897152796,0.04217946295579118,0.06666997699722954,pm_all_in,mk,-0.5645242758013591,-8.467443686456017
2024-09-01,0.04287696057283737,0.03510414041590198,0.05541420776573472,pm_all_in,mk,-0.526235242584927,-9.49639566823012
2024-10-01,0.03810342018523805,0.030929445229885753,0.049076483289262986,pm_all_in,mk,-0.44720955841486276,-9.112502128136468
2024-11-01,0.034836629798719466,0.02789958478665046,0.044631576344562676,pm_all_in,mk,-0.31654187823209057,-7.092330232486934
2024-12-01,0.03236263660602698,0.02586413268093214,0.04142817407792213,pm_all_in,mk,-0.30475421281599413,-7.356206726436526
2025-01-01,0.029449291826205082,0.022428808461007088,0.03701772869917241,pm_all_in,mk,-0.2532668004270766,-6.84177039832103
2025-02-01,0.029041101535378255,0.022034306887613757,0.03645402938504456,pm_all_in,mk,-0.32294038874709496,-8.858839316116391
2025-03-01,0.035066391482157205,0.021691189489687183,0.04123299059075661,pm_all_in,mk,-0.3829363366577798,-9.287134674719045
2025-04-01,0.03191994668083359,0.02158259163990037,0.03853169160576728,pm_all_in,mk,-0.4102751114148706,-10.647731628617679
2025-05-01,0.029005940657350612,0.020060537988800482,0.03526712035051703,pm_all_in,mk,-0.38504606823006604,-10.917990025925695
2025-06-01,0.030608365177160493,0.019183248795524483,0.03612297126717849,pm_all_in,mk,-0.32989918185584166,-9.132670162035915
2025-07-01,0.03342946024583084,0.018930046040699432,0.038417124507575846,pm_all_in,mk,-0.25631428715824356,-6.671875900230337
2025-08-01,0.0284098139663035,0.01756970402775355,0.03340377267948686,pm_all_in,mk,-0.22162264822240818,-6.634659214960647
2025-09-01,0.02220950711877458,0.017076384756001525,0.028015444361885463,pm_all_in,mk,-0.16895870174025163,-6.030912790736137
2025-11-01,0.03241393283842903,0.01899848800067868,0.037571339986299655,pm_all_in,mk,-0.21659772212536677,-5.764971976095313
2025-12-01,0.02772213698916333,0.01989252886495453,0.034120808664054064,pm_all_in,mk,-0.1602564834509046,-4.696737554750079
2026-01-01,0.03328948439359198,0.02602633132540666,0.04225588353650942,pm_all_in,mk,-0.2417494345937854,-5.7210834175295835
2026-02-01,0.03476148576837695,0.02699162874229958,0.04401032736741691,pm_all_in,mk,-0.14979852438488095,-3.4037130224980885
2026-03-01,0.046213559461323626,0.036384406048179885,0.058817668107160825,pm_all_in,mk,0.07919166670744548,1.346392491507228
2026-04-01,0.05771753599078644,0.042197126007291835,0.07149763215745675,pm_all_in,mk,0.09944909817862779,1.3909425414203158
2026-05-01,0.07331769898053657,0.052082383578736166,0.08993364033020781,pm_all_in,mk,0.14541643746099897,1.6169304047637338
2026-06-01,0.05445299130887364,0.03956503348474862,0.06730913858558545,pm_all_in,mk,0.06709564564300052,0.9968281730078381
2026-07-01,0.04793375232175154,0.03544443991422219,0.05961503948229782,pm_all_in,mk,0.01495093105865486,0.25079126321965134
2014-01-01,0.012272386890560861,0.012456115331943499,0.017486174228638122,pm_ex_shelter,fam,-0.12835993467306128,-7.340652849200071
2014-02-01,0.016736139495073184,0.017713096722832906,0.024369082065416055,pm_ex_shelter,fam,-0.166291713053357,-6.823880875240422
2014-03-01,0.01596309298946341,0.017309068575275734,0.023546213978766387,pm_ex_shelter,fam,-0.15946208047799004,-6.772302359172922
2014-04-01,0.015130584028115493,0.015345780760742793,0.021550581435048274,pm_ex_shelter,fam,-0.08754312012881904,-4.062216158420922
2014-05-01,0.015869000807633496,0.01587593424260438,0.02244705937774859,pm_ex_shelter,fam,-0.11281554018220952,-5.0258494123306745
2014-06-01,0.016604975219604308,0.01638700390615393,0.023329361308530874,pm_ex_shelter,fam,-0.14145812039132455,-6.063523065228425
2014-07-01,0.015282160168748747,0.0149907574962773,0.02140717706133821,pm_ex_shelter,fam,-0.12415535908463227,-5.799707207021674
2014-08-01,0.014823744204884009,0.015437125171424522,0.021402061251432323,pm_ex_shelter,fam,-0.08870209350877456,-4.144558436063639
2014-09-01,0.015100993159186846,0.015978856372704308,0.02198553718637143,pm_ex_shelter,fam,-0.032388259876769965,-1.4731620884318013
2014-10-01,0.01625186703871441,0.017188252915500496,0.023655004132979204,pm_ex_shelter,fam,0.0015359729388153553,0.06493226254287315
2014-11-01,0.019847077457956597,0.021934435746231995,0.02958083763397698,pm_ex_shelter,fam,-0.006538359257812765,-0.22103360759137902
2014-12-01,0.0273953274278714,0.03129550506379424,0.041592218047108935,pm_ex_shelter,fam,-0.053288420125829905,-1.2812113089394128
2015-01-01,0.043068589545883204,0.04399085022874523,0.061563774326462914,pm_ex_shelter,fam,-0.03468420044029363,-0.5633865177980939
2015-02-01,0.03584168290011831,0.03663763645241059,0.05125370852857029,pm_ex_shelter,fam,-0.004210340171750815,-0.08214703467562451
2015-03-01,0.034797165868635335,0.03577889045927554,0.049909635893143504,pm_ex_shelter,fam,0.05981284481612059,1.1984227844134117
2015-04-01,0.03938688790229646,0.0401281486293973,0.056228064621246465,pm_ex_shelter,fam,0.045470334031894044,0.8086768473747631
2015-05-01,0.034041838065766654,0.034857553660529436,0.048722641411284025,pm_ex_shelter,fam,0.10483490483595981,2.151667105874115
2015-06-01,0.03420190039996167,0.035129496433720896,0.04902908841346846,pm_ex_shelter,fam,0.13720410208066802,2.798422457370788
2015-07-01,0.03368054900168252,0.0342101353944285,0.04800742385048241,pm_ex_shelter,fam,0.13701073684406762,2.8539489490371985
2015-08-01,0.03421661771367269,0.03436169392571689,0.04849229771013401,pm_ex_shelter,fam,0.11016845613346371,2.271875356206116
2015-09-01,0.038998040654016304,0.039239683408379446,0.05532268909626644,pm_ex_shelter,fam,0.052243413894970114,0.9443397410429903
2015-10-01,0.034759519581575284,0.03495677032892351,0.0492970586685557,pm_ex_shelter,fam,0.01131549828854439,0.22953698646856632
2015-11-01,0.031022123653315782,0.03125321041446271,0.0440356141909284,pm_ex_shelter,fam,0.01093880519793533,0.24840814415593618
2015-12-01,0.02738763508120335,0.02793574281467228,0.03912145551930136,pm_ex_shelter,fam,0.0287300875538965,0.7343818672524066
2016-01-01,0.018859404430054405,0.021637702601145586,0.028703088846184797,pm_ex_shelter,fam,0.08070593222764266,2.81175077219503
2016-02-01,0.025820790479387595,0.02798290622378679,0.03807566495426808,pm_ex_shelter,fam,0.07014075997826552,1.842141432395473
2016-03-01,0.024288589581852215,0.026309017070018134,0.03580642348889603,pm_ex_shelter,fam,-0.015098205548436106,-0.42166192759012155
2016-04-01,0.022439311399899905,0.024163908329988708,0.0329760088834561,pm_ex_shelter,fam,-0.040663738720181364,-1.2331309972621387
2016-05-01,0.0257728289817205,0.02693417106408157,0.03727852310151545,pm_ex_shelter,fam,-0.10004287058559269,-2.683659712407591
2016-06-01,0.026877833196240812,0.029026026984924024,0.039559172891435464,pm_ex_shelter,fam,-0.14861729515373012,-3.7568352493513752
2016-07-01,0.02895021178406043,0.030998446385589684,0.042414837506021756,pm_ex_shelter,fam,-0.14706758645857132,-3.4673617796529745
2016-08-01,0.028773610335240826,0.030559664192323224,0.041973964874334184,pm_ex_shelter,fam,-0.14387125521070354,-3.427630809751701
2016-09-01,0.0246104024909479,0.02708756231881667,0.036597922661569623,pm_ex_shelter,fam,-0.12900216712616874,-3.524849438015509
2016-10-01,0.0229067330980799,0.02510918117267417,0.03398807732703991,pm_ex_shelter,fam,-0.07935143647577192,-2.3346844751539466
2016-11-01,0.02257743361544443,0.024878384106000077,0.03359575128473059,pm_ex_shelter,fam,-0.09080699666723646,-2.702930971765725
2016-12-01,0.02350739094355368,0.02603726726144068,0.035079006762118566,pm_ex_shelter,fam,-0.08376092736663843,-2.3877793329396924
2017-01-01,0.029812308580665487,0.028515257721631156,0.04125401393609919,pm_ex_shelter,fam,-0.09163292648002308,-2.2211881399458195
2017-02-01,0.040073501683646734,0.03924452686778587,0.056089378907825366,pm_ex_shelter,fam,-0.11651491561743832,-2.077308001732617
2017-03-01,0.032657808540864974,0.030974447331055255,0.04501054150036533,pm_ex_shelter,fam,-0.11116430499098495,-2.4697393385076847
2017-04-01,0.028676864512173068,0.02810975316531315,0.04015620476669034,pm_ex_shelter,fam,-0.1632216622741378,-4.064668541822223
2017-05-01,0.023994446247689157,0.023312734543916157,0.03345470135344726,pm_ex_shelter,fam,-0.14660859105095625,-4.382301593490366
2017-06-01,0.02359744855786608,0.02277462085322944,0.03279516631227061,pm_ex_shelter,fam,-0.12437541253842443,-3.7924922030929977
2017-07-01,0.025451457933308913,0.023297742995229617,0.03450451477129861,pm_ex_shelter,fam,-0.1341308955943754,-3.887343337050709
2017-08-01,0.027053208186524704,0.025343836506390292,0.037070016482948706,pm_ex_shelter,fam,-0.12953932670651813,-3.4944502052245654
2017-09-01,0.033317066040205866,0.032150758505530626,0.04630008814255529,pm_ex_shelter,fam,-0.13086838277878154,-2.8265255646132976
2017-10-01,0.02882182503172236,0.027867755923577656,0.04009126361659501,pm_ex_shelter,fam,-0.1746998831317681,-4.357554922750163
2017-11-01,0.029480445607603708,0.030712991352459442,0.042572109544150256,pm_ex_shelter,fam,-0.14413354668165734,-3.3856331815594145
2017-12-01,0.022854857942127455,0.02463292034272545,0.03360245967434354,pm_ex_shelter,fam,-0.08981132772138967,-2.6727605238363914
2018-01-01,0.022464399254092597,0.0245903399694398,0.033306666805009245,pm_ex_shelter,fam,-0.08327526650673267,-2.5002581913783177
2018-02-01,0.024802505116142785,0.02745554149127535,0.036999608357595234,pm_ex_shelter,fam,-0.06669351823040959,-1.8025465995701229
2018-03-01,0.022567187548830223,0.024856403802773257,0.03357258947222568,pm_ex_shelter,fam,-0.05835897058463768,-1.7382922051013538
2018-04-01,0.02639598591543267,0.0285173094292203,0.038858525570711205,pm_ex_shelter,fam,-0.0026810179087233266,-0.06899432928417869
2018-05-01,0.03334096989108427,0.03665213254934084,0.049547947421589904,pm_ex_shelter,fam,0.008519786340799307,0.17195033869530013
2018-06-01,0.03407401827502366,0.038031732805021,0.05106321005928982,pm_ex_shelter,fam,0.03688978029376955,0.722433631785714
2018-07-01,0.03192910508089292,0.03652767973508791,0.0485153495101896,pm_ex_shelter,fam,0.034007688016823856,0.7009675980934916
2018-08-01,0.026351686168570906,0.029848162180610725,0.03981612926298702,pm_ex_shelter,fam,0.02770629612285358,0.6958560923853864
2018-09-01,0.019266933004067118,0.021021988523245536,0.02851558712098837,pm_ex_shelter,fam,0.05959591372921569,2.0899416686164325
2018-10-01,0.02288126348798474,0.025707121142107475,0.03441523349073158,pm_ex_shelter,fam,0.07460326595836175,2.1677396429245
2018-11-01,0.013488432369119884,0.014671729618044397,0.0199298132896754,pm_ex_shelter,fam,0.04942103125125108,2.4797538508227546
2018-12-01,0.012625388537690622,0.014516017540584408,0.019238378335145714,pm_ex_shelter,fam,-0.00867687702432729,-0.4510191489724422
2019-01-01,0.016419750792955292,0.021122219555564637,0.02675362358739902,pm_ex_shelter,fam,-0.014683660337855287,-0.5488475342372426
2019-02-01,0.016688179595949666,0.017570034604999583,0.02423223997585765,pm_ex_shelter,fam,0.003712600334893068,0.15320912712121934
2019-03-01,0.015779876329744716,0.014027480478294815,0.021113377407486936,pm_ex_shelter,fam,0.022393714587543023,1.0606410407650873
2019-04-01,0.017315774008553903,0.015969978078907605,0.023555810946687874,pm_ex_shelter,fam,0.020553244339049925,0.8725339316725951
2019-05-01,0.015737724139951014,0.013872996005019764,0.02097941799146228,pm_ex_shelter,fam,-0.004695734965554088,-0.22382579762055602
2019-06-01,0.015994629308152587,0.015277609768589656,0.022118623984021243,pm_ex_shelter,fam,-0.01123405635827801,-0.5079003271810049
2019-07-01,0.013333366345318065,0.012761607220656172,0.018456361422359614,pm_ex_shelter,fam,-0.0162283339883329,-0.8792813283702013
2019-08-01,0.013603622627587795,0.01445555084141049,0.0198499747788863,pm_ex_shelter,fam,-0.012799059433588056,-0.6447897076021454
2019-09-01,0.014405800764935538,0.015604219348326278,0.021237202196845457,pm_ex_shelter,fam,-0.042867668979518214,-2.018517721034163
2019-10-01,0.016612087786823607,0.017193798321515175,0.023907910016521147,pm_ex_shelter,fam,-0.0680326193252645,-2.845611317687399
2019-11-01,0.01652454027753325,0.01628019754252623,0.023197096012378265,pm_ex_shelter,fam,-0.06949728151612877,-2.9959474875236167
2019-12-01,0.018003405351632973,0.019001234001429782,0.026175742545958423,pm_ex_shelter,fam,-0.06058717153649695,-2.3146304801141815
2020-01-01,0.025914293545992097,0.025166221841445367,0.03612325195439482,pm_ex_shelter,fam,-0.07872284645848993,-2.1792845936981693
2020-02-01,0.019956565540918954,0.02064361236909378,0.02871277137154119,pm_ex_shelter,fam,-0.07492243178595093,-2.6093765320128823
2020-03-01,0.021429363601808027,0.021203520922055658,0.030146424727827123,pm_ex_shelter,fam,-0.09872961486085963,-3.275002450613181
2020-04-01,0.038861932442696145,0.03720276156413562,0.05379865482685051,pm_ex_shelter,fam,-0.1466226911586599,-2.725396975641138
2020-05-01,0.04309916695693685,0.04064452503919266,0.059241164809982226,pm_ex_shelter,fam,-0.11802408777343842,-1.9922648069463884
2020-06-01,0.039764390386081074,0.036267130008477415,0.0538192480607864,pm_ex_shelter,fam,-0.13822619758735444,-2.5683413010756713
2020-07-01,0.03316475649214262,0.030964574126538892,0.04537296468185695,pm_ex_shelter,fam,-0.14040442893523686,-3.0944512865693268
2020-08-01,0.032144399418574075,0.02931199963528963,0.04350236472423131,pm_ex_shelter,fam,-0.10363243496558372,-2.3822253255087826
2020-09-01,0.04065046420345089,0.03482773343400676,0.053529723108813806,pm_ex_shelter,fam,-0.08780858511299172,-1.6403706205335071
2020-10-01,0.046606695367685365,0.039394887817585274,0.0610257424310131,pm_ex_shelter,fam,-0.03637650057961572,-0.5960845231950721
2020-11-01,0.04425228109347116,0.03764947081586873,0.058101179288294454,pm_ex_shelter,fam,-0.02289308996683559,-0.3940210895417715
2020-12-01,0.040291835536223855,0.0338183161485573,0.05260333181464728,pm_ex_shelter,fam,-0.0350431375615301,-0.6661771479610425
2021-01-01,0.03890668338127454,0.031575338762773214,0.05010720536723868,pm_ex_shelter,fam,-0.03979343474043162,-0.7941659178312416
2021-02-01,0.032315852546245596,0.02704120789380518,0.0421371718337465,pm_ex_shelter,fam,-0.06525236157877146,-1.5485700330393943
2021-03-01,0.027165491135818544,0.02867377675253152,0.03949872633268385,pm_ex_shelter,fam,-0.057638678607574434,-1.4592541066287597
2021-04-01,0.05477924631214323,0.059171485120239,0.0806351689888545,pm_ex_shelter,fam,0.05630537030960614,0.6982731110464807
2021-05-01,0.08154975535555671,0.07882734503272133,0.11342007284188653,pm_ex_shelter,fam,0.12201820276265263,1.0758078328229637
2021-06-01,0.14053011631013765,0.11388328163356098,0.18088149553165958,pm_ex_shelter,fam,0.2679887442471163,1.4815708122017952
2021-07-01,0.14043480718773996,0.11334105479055495,0.1804664228350894,pm_ex_shelter,fam,0.3051873569467789,1.691103265373968
2021-08-01,0.11445420787627014,0.09554619580534475,0.14909339768567131,pm_ex_shelter,fam,0.24188803565985406,1.6223926707326009
2021-09-01,0.08990244386270664,0.07881074472090363,0.1195557731602726,pm_ex_shelter,fam,0.20967063710268796,1.753747490065664
2021-10-01,0.09463303636907557,0.08567373410228549,0.12765343821245043,pm_ex_shelter,fam,0.19746932955939656,1.5469174377485493
2021-11-01,0.11423428163660129,0.10254586542987237,0.1535093665474255,pm_ex_shelter,fam,0.2280366982873261,1.4854904519254593
2021-12-01,0.13891388409796454,0.11543128239626042,0.18061408624697006,pm_ex_shelter,fam,0.2913574170115183,1.61314891360754
2022-01-01,0.14928231125942515,0.12378969665696954,0.19393065114463065,pm_ex_shelter,fam,0.2682704066210526,1.383331644779455
2022-02-01,0.14895038001733824,0.12524293378619739,0.19460731787546762,pm_ex_shelter,fam,0.2702592986696608,1.3887417062219836
2022-03-01,0.1240673730254867,0.10997187499228674,0.16579060992337416,pm_ex_shelter,fam,0.1905642660428022,1.14942737788876
2022-04-01,0.08898897101899084,0.08645480217136355,0.12407042266998367,pm_ex_shelter,fam,0.08304135417109926,0.6693082233787654
2022-05-01,0.07620226887740433,0.08893763696141513,0.11711826949859146,pm_ex_shelter,fam,-0.018969204855045163,-0.16196623239274638
2022-06-01,0.0843930020613462,0.10666798315651982,0.1360155778857921,pm_ex_shelter,fam,-0.11979786962821493,-0.8807658026406749
2022-07-01,0.06817471765242979,0.08432063875476166,0.10843321560757818,pm_ex_shelter,fam,-0.095470163243073,-0.8804512778499652
2022-08-01,0.046721308642825005,0.06456196756420948,0.07969396675445482,pm_ex_shelter,fam,-0.10550098973480715,-1.3238265584127136
2022-09-01,0.04337886112045589,0.06115010160614052,0.0749737321903419,pm_ex_shelter,fam,-0.14753996840000205,-1.9678888070481855
2022-10-01,0.050850263911774815,0.06056567606491679,0.07908192244184244,pm_ex_shelter,fam,-0.19121582558077144,-2.4179460953468004
2022-11-01,0.06378825461369025,0.0658145589828257,0.09165422849364245,pm_ex_shelter,fam,-0.22228277657303508,-2.425232094866781
2022-12-01,0.07971878784597411,0.0717639467813951,0.10726205849821425,pm_ex_shelter,fam,-0.2498933073165066,-2.3297455858603247
2023-01-01,0.09035342626965709,0.08352494971910057,0.12304535287545254,pm_ex_shelter,fam,-0.23862191452765913,-1.9393005014110047
2023-02-01,0.08986136211556668,0.08319044160039495,0.12245698826499746,pm_ex_shelter,fam,-0.22884039633870312,-1.868741013322094
2023-03-01,0.06975053436297755,0.06592064578733116,0.09597222819618025,pm_ex_shelter,fam,-0.1491309385848405,-1.5538968031459752
2023-04-01,0.058247045656491275,0.05191792067554009,0.07802684675790156,pm_ex_shelter,fam,-0.09424494773080383,-1.2078528307471288
2023-05-01,0.055409940812160996,0.049579129556730245,0.07435288581091004,pm_ex_shelter,fam,-0.06159441982360736,-0.8284065796753434
2023-06-01,0.05808292532684078,0.05389327203376144,0.07923453151895564,pm_ex_shelter,fam,-0.07850368775867977,-0.9907761963595251
2023-07-01,0.05504743078532548,0.050399978868584744,0.0746349616869935,pm_ex_shelter,fam,-0.11374034022000323,-1.5239552302178585
2023-08-01,0.05770149197220326,0.05012628852238492,0.07643367698107698,pm_ex_shelter,fam,-0.12213610804487907,-1.5979357904646776
2023-09-01,0.05740557080507163,0.05056976201649389,0.07650294366794601,pm_ex_shelter,fam,-0.10852880143521482,-1.4186225553133498
2023-10-01,0.05247639973804611,0.04568673570285202,0.069577656964355,pm_ex_shelter,fam,-0.11970264285330323,-1.7204178478534786
2023-11-01,0.04339092518244219,0.03700510737591635,0.057027628041953445,pm_ex_shelter,fam,-0.14512157775854462,-2.5447591411619506
2023-12-01,0.042487774220514425,0.03221166487449574,0.05331793612097371,pm_ex_shelter,fam,-0.15560413137263307,-2.9184200044724347
2024-01-01,0.03434095233493776,0.03337124387196755,0.04788466273069905,pm_ex_shelter,fam,-0.13862810278792992,-2.895041854373444
2024-02-01,0.03299738253157713,0.03091872861744495,0.045219409917141115,pm_ex_shelter,fam,-0.09649437766547919,-2.13391501221031
2024-03-01,0.036636097170278124,0.035097959176290223,0.05073529692640614,pm_ex_shelter,fam,-0.15014778028596965,-2.959434346146941
2024-04-01,0.044942857633400994,0.04431433532304566,0.06311593116939243,pm_ex_shelter,fam,-0.1624928431686934,-2.5745139168206235
2024-05-01,0.05070993337289632,0.050329314081328,0.07144604396732225,pm_ex_shelter,fam,-0.17077703622154772,-2.3902938040860198
2024-06-01,0.05060687854633522,0.05069890467969049,0.07163403584835819,pm_ex_shelter,fam,-0.20760492220652793,-2.898132427523782
2024-07-01,0.051868819519055614,0.05214895074536685,0.07355193744656263,pm_ex_shelter,fam,-0.23253945972570023,-3.161568108177247
2024-08-01,0.04924918892627415,0.04886691588040476,0.0693790896276277,pm_ex_shelter,fam,-0.16405871211933043,-2.364670868411049
2024-09-01,0.041499806503223546,0.04093982223447565,0.05829496534346222,pm_ex_shelter,fam,-0.11143362892631625,-1.9115480774329603
2024-10-01,0.03710673012589035,0.03621088509538429,0.05184725277222297,pm_ex_shelter,fam,-0.09177263513606704,-1.7700578184777804
2024-11-01,0.033761830550532695,0.03285329884049252,0.047108390407926165,pm_ex_shelter,fam,-0.03736560012743695,-0.7931835455186779
2024-12-01,0.031539794814478064,0.030505476702131707,0.04387872794149436,pm_ex_shelter,fam,-0.04515041923331964,-1.0289819543884884
2025-01-01,0.028936461340509572,0.02642744879871652,0.03918837640065723,pm_ex_shelter,fam,-0.02021994215828382,-0.5159678459642618
2025-02-01,0.028202023810228256,0.025809589073590513,0.03822942629886413,pm_ex_shelter,fam,-0.10056086441758705,-2.630457062877109
2025-03-01,0.029805728378363254,0.024719149095952242,0.038722316255522284,pm_ex_shelter,fam,-0.08483526052542878,-2.190862239893261
2025-04-01,0.028688616629589485,0.02539894278890734,0.03831635445751261,pm_ex_shelter,fam,-0.10623833047580522,-2.7726627958202137
2025-05-01,0.026209156205426583,0.023666470755560668,0.0353131945174075,pm_ex_shelter,fam,-0.11076192521990436,-3.1365592021221618
2025-06-01,0.021583098003203557,0.020380286656033753,0.029684780672896958,pm_ex_shelter,fam,-0.0837074546581329,-2.8198778215855294
2025-07-01,0.020710665097491213,0.019164691479327426,0.028217318233280886,pm_ex_shelter,fam,-0.04006189242768965,-1.4197625761770194
2025-08-01,0.01707872945901857,0.018435781091498626,0.02513087790722813,pm_ex_shelter,fam,-0.066023843220675,-2.6272000311491412
2025-09-01,0.014347425081677722,0.016704198429132688,0.02201996484180195,pm_ex_shelter,fam,-0.059550390669671494,-2.7043817325549524
2025-11-01,0.013937975418508169,0.016862070302198384,0.021876850176458646,pm_ex_shelter,fam,-0.10427656803511098,-4.766525674126592
2025-12-01,0.019542470422854858,0.01902525286378068,0.02727395088282869,pm_ex_shelter,fam,-0.06824349942118335,-2.5021493847504335
2026-01-01,0.02756394868536426,0.023944310822565526,0.036511659615758675,pm_ex_shelter,fam,-0.11004959227556288,-3.014094495668029
2026-02-01,0.031647216959099625,0.028247166621924683,0.04241990998838987,pm_ex_shelter,fam,-0.03798621659258927,-0.895480839138648
2026-03-01,0.04492831578162567,0.04253284051477298,0.06186756889702866,pm_ex_shelter,fam,0.02117126075646958,0.3422028881029198
2026-04-01,0.05910249924551492,0.052932088909803277,0.07934047802617154,pm_ex_shelter,fam,-0.017227186171298037,-0.2171298509900005
2026-05-01,0.07703208358256984,0.06782017183233889,0.10263292653159609,pm_ex_shelter,fam,-0.03259205882784055,-0.31755948046367866
2026-06-01,0.05670974255020808,0.05062201314169969,0.07601699227560439,pm_ex_shelter,fam,-0.00245164964889355,-0.03225133717478508
2026-07-01,0.05051636468460699,0.04590975441047046,0.06826132617359496,pm_ex_shelter,fam,-0.023319641598451568,-0.34162303760620666
2014-01-01,0.027813973996202907,0.013350016488162024,0.030851905770886333,pm_ex_shelter,par,0.016821039420800155,0.5452188122742639
2014-02-01,0.03945226049033239,0.01815891409440428,0.043430715155118003,pm_ex_shelter,par,-0.0033782637607338017,-0.07778512853559809
2014-03-01,0.03578888954756237,0.017367151163387298,0.03978017791035585,pm_ex_shelter,par,0.09450062101037382,2.3755705975807806
2014-04-01,0.03214075763462943,0.016522105227977524,0.03613873631565377,pm_ex_shelter,par,0.04476903290735468,1.2388101375853209
2014-05-01,0.03362985538142674,0.017327175814584046,0.03783118019154549,pm_ex_shelter,par,0.0479723364294804,1.2680634383222666
2014-06-01,0.03616632876264071,0.018098837770071728,0.04044219658716361,pm_ex_shelter,par,0.039999142535274146,0.9890447579687082
2014-07-01,0.031894897879757834,0.016690406764954754,0.0359979747866436,pm_ex_shelter,par,0.05642264500018701,1.56738386908148
2014-08-01,0.03359517472630464,0.016105190349574007,0.037256045430063424,pm_ex_shelter,par,0.08355449371433288,2.242709679726484
2014-09-01,0.035698028079110065,0.016359617966590023,0.039268133502239524,pm_ex_shelter,par,0.08085982875354336,2.0591716881305753
2014-10-01,0.039154285279796995,0.01758512347573291,0.042921959687652896,pm_ex_shelter,par,0.09784830516943455,2.279679350185448
2014-11-01,0.04905857576058369,0.021447919194676167,0.05354210579943871,pm_ex_shelter,par,0.057470465468445475,1.073369539922876
2014-12-01,0.06979331167341424,0.02954227286401673,0.07578820647247406,pm_ex_shelter,par,0.03608628879073761,0.4761464938986779
2015-01-01,0.09036951281694972,0.04713081813615917,0.10192135627510335,pm_ex_shelter,par,0.030356358727967603,0.29784100052623463
2015-02-01,0.0754824533167773,0.039214214951810863,0.0850608923830822,pm_ex_shelter,par,0.022923553589038193,0.2694958040858441
2015-03-01,0.0730113836108366,0.038063732275597666,0.08233777900524834,pm_ex_shelter,par,-0.0954990161646796,-1.1598444519446212
2015-04-01,0.08153062435761929,0.04312351290671181,0.09223274946329293,pm_ex_shelter,par,-0.08505010546117076,-0.9221247979278689
2015-05-01,0.07087887826129512,0.037236227571258246,0.08006467402867526,pm_ex_shelter,par,-0.14418032297730532,-1.800798226264769
2015-06-01,0.07208117282402797,0.03738932004016405,0.08120133452569116,pm_ex_shelter,par,-0.1130101755035362,-1.391728056732628
2015-07-01,0.06937507362890749,0.03686448016449181,0.07856138198131793,pm_ex_shelter,par,-0.11256054534964921,-1.4327719613743093
2015-08-01,0.07001406040466863,0.037467994364093114,0.07940918873793071,pm_ex_shelter,par,-0.10510319779090116,-1.3235646839028519
2015-09-01,0.07965732077087416,0.04270875893682856,0.09038432852169713,pm_ex_shelter,par,-0.1707508160611937,-1.889163960765657
2015-10-01,0.07005536991005165,0.038082310183796916,0.07973717578500691,pm_ex_shelter,par,-0.20643896587601018,-2.5889926981189517
2015-11-01,0.06268697043904757,0.03397735661571564,0.07130299450526281,pm_ex_shelter,par,-0.19355357264634332,-2.714522356169169
2015-12-01,0.055821213029497045,0.029964034153339484,0.06335496165910753,pm_ex_shelter,par,-0.19721527835406816,-3.1128624055558505
2016-01-01,0.050806359257720764,0.02027912469310754,0.054704013009496774,pm_ex_shelter,par,-0.2303605599927927,-4.211035851296713
2016-02-01,0.06636176459935626,0.027900294683222592,0.07198826462800054,pm_ex_shelter,par,-0.2352972123523367,-3.268549583299936
2016-03-01,0.062437715524635846,0.026243057856231197,0.06772862323701,pm_ex_shelter,par,-0.1988815170439362,-2.936447066817952
2016-04-01,0.05739258584115455,0.024258035412524238,0.06230859645032597,pm_ex_shelter,par,-0.19165735452598698,-3.075937598414389
2016-05-01,0.06362834346003049,0.027954002404396362,0.06949814631983073,pm_ex_shelter,par,-0.1697222531537479,-2.4421119431399716
2016-06-01,0.0683430922013562,0.02906536522470613,0.07426690856154329,pm_ex_shelter,par,-0.18903620684176392,-2.5453625376787286
2016-07-01,0.0729754162743947,0.031329847519711455,0.0794164386385436,pm_ex_shelter,par,-0.19914082580902992,-2.5075517011710953
2016-08-01,0.0710776395318363,0.031186536829911536,0.07761849599715964,pm_ex_shelter,par,-0.24255987851065086,-3.1250267786627437
2016-09-01,0.06253047868091503,0.02659985145960651,0.067953019518911,pm_ex_shelter,par,-0.23635996181852192,-3.4782849017142508
2016-10-01,0.059204246430389434,0.02472470525260793,0.06415959667281752,pm_ex_shelter,par,-0.21627943937887473,-3.370960083832724
2016-11-01,0.058387669636839536,0.024366766696730012,0.06326815379694262,pm_ex_shelter,par,-0.20035706486631888,-3.1667917086589776
2016-12-01,0.06109357228047439,0.025369393049312967,0.06615157350872372,pm_ex_shelter,par,-0.19025376218426704,-2.8760277661298166
2017-01-01,0.07958832911841145,0.03212523225788943,0.08582734226040044,pm_ex_shelter,par,-0.1473732642029324,-1.7170899193849138
2017-02-01,0.10718513653300135,0.043168733542611186,0.11555168994554388,pm_ex_shelter,par,-0.1288543018528543,-1.1151226080170662
2017-03-01,0.09069722919540298,0.035005981729147276,0.09721834261364905,pm_ex_shelter,par,-0.17702224944817768,-1.8208729411452083
2017-04-01,0.07931935436847345,0.030753626471357282,0.08507258970180252,pm_ex_shelter,par,-0.14398098081771504,-1.6924485468515644
2017-05-01,0.06956132704737955,0.02555680907693337,0.07410754827132876,pm_ex_shelter,par,-0.09433384502981479,-1.2729316679649396
2017-06-01,0.07028356427095138,0.025026856328848827,0.0746064537713313,pm_ex_shelter,par,-0.08860906904020194,-1.187686380481086
2017-07-01,0.07530178567093482,0.027022234816966553,0.08000350054675535,pm_ex_shelter,par,-0.06207614416262608,-0.7759178503239088
2017-08-01,0.08039360805931367,0.02870117062731645,0.08536327906174221,pm_ex_shelter,par,-0.0459487206296183,-0.5382726757296209
2017-09-01,0.09564183567280862,0.03553793710359914,0.10203090563375342,pm_ex_shelter,par,-0.04844917226705103,-0.47484800772976077
2017-10-01,0.08453853550273142,0.03064116138133043,0.08992021327678953,pm_ex_shelter,par,-0.03736609166300475,-0.4155471867930922
2017-11-01,0.08401695186071702,0.031480157549879394,0.0897209480518974,pm_ex_shelter,par,-0.008437344816991654,-0.09403985357033043
2017-12-01,0.06644011930777226,0.024331361943712784,0.07075524452411261,pm_ex_shelter,par,0.008639407167376767,0.12210271090834195
2018-01-01,0.06080896136425116,0.024062902808000317,0.06539688886901471,pm_ex_shelter,par,0.005004834649180445,0.0765301642896923
2018-02-01,0.06627812685038761,0.02660213570059856,0.07141753091943974,pm_ex_shelter,par,0.026448691193126095,0.37033891892679255
2018-03-01,0.05985362049453097,0.024220087394385817,0.06456832442997901,pm_ex_shelter,par,0.06473935543214182,1.0026488375480191
2018-04-01,0.07391005680864109,0.028189987451622888,0.07910355169004239,pm_ex_shelter,par,0.07742751259738334,0.978812087992883
2018-05-01,0.08971557162626821,0.035740127025786515,0.09657246228634443,pm_ex_shelter,par,0.059894455464748475,0.6202022196260982
2018-06-01,0.08523913933479682,0.03674506073105344,0.09282192824255328,pm_ex_shelter,par,0.005180401643345434,0.05581010588153813
2018-07-01,0.07441300551177978,0.03460220471897193,0.08206465719607808,pm_ex_shelter,par,-0.01571330878762378,-0.19147473863297548
2018-08-01,0.060143045964912316,0.02859764437393547,0.06659588006532866,pm_ex_shelter,par,-0.0072214701905659595,-0.10843719136201674
2018-09-01,0.04957816030876356,0.02072919293861825,0.05373726285816872,pm_ex_shelter,par,-0.032458912163257914,-0.6040298749292133
2018-10-01,0.05358568917151328,0.024791920854981803,0.059042911713987456,pm_ex_shelter,par,-0.014402655172429668,-0.2439353811376757
2018-11-01,0.028856521565349645,0.014695028255915685,0.032382753006710986,pm_ex_shelter,par,-0.08638874438793298,-2.667739347856861
2018-12-01,0.02934208635283125,0.013657908866651372,0.0323650506896986,pm_ex_shelter,par,-0.13878768234532046,-4.288196044429335
2019-01-01,0.037598142511409416,0.01788736346048468,0.04163625934057639,pm_ex_shelter,par,-0.1475097422150684,-3.542819277026493
2019-02-01,0.039495054944565844,0.01812817004366468,0.04345675913142047,pm_ex_shelter,par,-0.16785942839436796,-3.8626771013165784
2019-03-01,0.038163216749460376,0.017114554047461865,0.04182510099102913,pm_ex_shelter,par,-0.16282516960370863,-3.893001230018123
2019-04-01,0.042841569753825796,0.018745276046069573,0.046763078096028615,pm_ex_shelter,par,-0.17569348347907798,-3.7570983483655422
2019-05-01,0.03842956033224092,0.01704961185071054,0.04204188829714044,pm_ex_shelter,par,-0.20476129298681034,-4.870411422522561
2019-06-01,0.03706657670282953,0.017397652116930062,0.04094642118242406,pm_ex_shelter,par,-0.18467300932272224,-4.510113557909469
2019-07-01,0.030662821564583838,0.014512420439987623,0.033923722869527134,pm_ex_shelter,par,-0.1594696016780528,-4.700828452448552
2019-08-01,0.03068707386621874,0.01482560580899749,0.034080714342198656,pm_ex_shelter,par,-0.19242680718698502,-5.6462081532347055
2019-09-01,0.033415819486092006,0.015671636938812395,0.03690822667467289,pm_ex_shelter,par,-0.18935571795974937,-5.130447464431793
2019-10-01,0.04008517621217304,0.018030975093277342,0.04395381001432472,pm_ex_shelter,par,-0.20279796389042204,-4.613888166334827
2019-11-01,0.04025949673288473,0.017938987996954224,0.04407532606277603,pm_ex_shelter,par,-0.1270067845289935,-2.8815846840951114
2019-12-01,0.043756766130841965,0.019554531040756305,0.04792738534964223,pm_ex_shelter,par,-0.08365907190897026,-1.7455379904131316
2020-01-01,0.05397938950329442,0.02840623554951746,0.06099744838305158,pm_ex_shelter,par,-0.06693436785767393,-1.097330620083314
2020-02-01,0.04398440285243836,0.021807565023762656,0.04909376321439644,pm_ex_shelter,par,-0.06273777205518805,-1.2779173554328505
2020-03-01,0.06843756294930768,0.022553904507483968,0.07205816144596777,pm_ex_shelter,par,-0.12447300989377741,-1.7273964169501117
2020-04-01,0.1216822337885997,0.04098406057377602,0.12839882881435633,pm_ex_shelter,par,-0.18409590124698338,-1.433781779373984
2020-05-01,0.13629900966444464,0.04538877131592637,0.14365778989347508,pm_ex_shelter,par,-0.23326078515497617,-1.6237252802506803
2020-06-01,0.12462031115354846,0.04195181720326173,0.13149211732519606,pm_ex_shelter,par,-0.16742391677025958,-1.2732620036545599
2020-07-01,0.10832104320150386,0.03476548067269179,0.11376329393378767,pm_ex_shelter,par,-0.15703009560295023,-1.3803230389438672
2020-08-01,0.1084286374472897,0.03347944028211733,0.11347970012420572,pm_ex_shelter,par,-0.1976496733518074,-1.741718326145346
2020-09-01,0.11327148556230891,0.04339002470263402,0.1212976656213447,pm_ex_shelter,par,-0.194812969879532,-1.6060735289637005
2020-10-01,0.113659797305379,0.050379550436814254,0.12432477076478103,pm_ex_shelter,par,-0.17406008157820896,-1.400043454795712
2020-11-01,0.10585036929101964,0.04790757312100859,0.1161870743301079,pm_ex_shelter,par,-0.15029475287440253,-1.2935582872789164
2020-12-01,0.10036269520400205,0.04349749029338971,0.10938328140275802,pm_ex_shelter,par,-0.11608354039125413,-1.0612548727974727
2021-01-01,0.10832162296869842,0.041560939099467654,0.11602105697416532,pm_ex_shelter,par,-0.10727794335299023,-0.9246420102592072
2021-02-01,0.08726278804403902,0.03463334240570308,0.09388430424415761,pm_ex_shelter,par,-0.062045956984446704,-0.6608767832276693
2021-03-01,0.080153000095397,0.0288780009829849,0.085196492680544,pm_ex_shelter,par,0.04967425799471403,0.5830551990088901
2021-04-01,0.1796483618411371,0.0574840087111978,0.18862116840300083,pm_ex_shelter,par,0.02767181131868579,0.14670575711610082
2021-05-01,0.2497512607290919,0.08630940774604336,0.26424421677918253,pm_ex_shelter,par,0.027765072509255972,0.10507352950871975
2021-06-01,0.37744693148342423,0.15062678570007756,0.4063921931540883,pm_ex_shelter,par,-0.1356735730825731,-0.33384886660736346
2021-07-01,0.3686240288902017,0.15081847073995364,0.3982836750252043,pm_ex_shelter,par,-0.1451599485329247,-0.36446371678110745
2021-08-01,0.3030900019881062,0.1228737110189,0.3270496876083302,pm_ex_shelter,par,-0.013640051033481093,-0.04170635701635714
2021-09-01,0.2407746164856951,0.09645466092340359,0.2593760157718564,pm_ex_shelter,par,0.070981442426854,0.27366232076480157
2021-10-01,0.25462138921118566,0.10150506173500924,0.27410824395056443,pm_ex_shelter,par,0.10898318855196987,0.3975917943264233
2021-11-01,0.30626752280808445,0.12255225924987366,0.32987702522947665,pm_ex_shelter,par,0.053281020131379364,0.16151782651221253
2021-12-01,0.36194260316359067,0.14933363399018934,0.3915392473629589,pm_ex_shelter,par,-0.022300426855649036,-0.056955789249337814
2022-01-01,0.3330258998321553,0.1618010455931166,0.3702510341836232,pm_ex_shelter,par,-0.006318142770300739,-0.017064483787956965
2022-02-01,0.3310761143692328,0.1614621545882632,0.3683495905659643,pm_ex_shelter,par,0.04211487799743452,0.11433398889550973
2022-03-01,0.28735560384921544,0.13423610776866307,0.3171633265250372,pm_ex_shelter,par,0.2790897992129828,0.8799560853103588
2022-04-01,0.21922235892949224,0.0959484555678836,0.2393001228175056,pm_ex_shelter,par,0.3752025874820486,1.567916401648421
2022-05-01,0.20792806508532038,0.08145157402198237,0.22331242500314152,pm_ex_shelter,par,0.5696682935061972,2.5509923753601402
2022-06-01,0.25837511224733767,0.08884641424297642,0.2732240544912891,pm_ex_shelter,par,0.809367243417979,2.962283994082897
2022-07-01,0.20091944866304332,0.07202142095671193,0.21343783621393186,pm_ex_shelter,par,0.6799142367907915,3.1855375262954952
2022-08-01,0.12112270731617017,0.04997903416542544,0.13102905816538324,pm_ex_shelter,par,0.5002721596228721,3.8180245407200806
2022-09-01,0.0987164114756508,0.04682622218681328,0.10925943885504266,pm_ex_shelter,par,0.523986674474731,4.795802357816589
2022-10-01,0.11879390162425185,0.054786499038989446,0.13081877365294944,pm_ex_shelter,par,0.5692506501973291,4.35144463062695
2022-11-01,0.14869432783553665,0.06874787647298691,0.1638178062666178,pm_ex_shelter,par,0.6490360895027969,3.9619385968731238
2022-12-01,0.188603262244265,0.08589053288972345,0.20723989521629194,pm_ex_shelter,par,0.6518768670752184,3.145518223674395
2023-01-01,0.20315247959440935,0.09824071984168456,0.22565940928835487,pm_ex_shelter,par,0.7345799018735999,3.2552593494336857
2023-02-01,0.20281951590668695,0.09771019896730831,0.2251289386437333,pm_ex_shelter,par,0.7540973418718844,3.3496242038667625
2023-03-01,0.16057961775278384,0.07581010846354107,0.17757529722031734,pm_ex_shelter,par,0.46334463307435847,2.6092854148484834
2023-04-01,0.12459872872741541,0.06363437766507712,0.13990774539427658,pm_ex_shelter,par,0.40498635799834926,2.8946671741228465
2023-05-01,0.11912169362174649,0.06060026815866584,0.13365017917015842,pm_ex_shelter,par,0.25517013220304197,1.9092389833474812
2023-06-01,0.13046312065496968,0.06338803792594735,0.14504712752458945,pm_ex_shelter,par,0.0957643698128896,0.6602293437121319
2023-07-01,0.12230272543773849,0.06010533472340758,0.1362740177426046,pm_ex_shelter,par,0.16060783820754931,1.1785653704795482
2023-08-01,0.12014611356503212,0.06319273118525395,0.13575127947622947,pm_ex_shelter,par,0.3095341930250628,2.2801567264731624
2023-09-01,0.12202862851615363,0.06281346235219512,0.13724619204263577,pm_ex_shelter,par,0.27743433919547034,2.0214356046343704
2023-10-01,0.11019813874048183,0.05747203130867517,0.1242846095243165,pm_ex_shelter,par,0.20501211298460387,1.6495374107000182
2023-11-01,0.0893538049160924,0.04760399651802029,0.1012434834321241,pm_ex_shelter,par,0.0660492056809403,0.6523798218106667
2023-12-01,0.07866191189740768,0.04687629218538174,0.09157009966361732,pm_ex_shelter,par,0.05237576500112251,0.5719745331011415
2024-01-01,0.07226622095415566,0.03767610281602138,0.08149782459917725,pm_ex_shelter,par,0.012113037601313437,0.14863019547930023
2024-02-01,0.06661407544582656,0.036129930783312475,0.07578131000391339,pm_ex_shelter,par,0.011912769939703693,0.15719931390851533
2024-03-01,0.07049969232002626,0.04051240104706711,0.08131089260250912,pm_ex_shelter,par,0.08699530421349966,1.0699095954926847
2024-04-01,0.08243717660082628,0.05038759554779701,0.09661675771316378,pm_ex_shelter,par,0.13646200098271777,1.4124050963068613
2024-05-01,0.08950022762348876,0.05716668599795876,0.10619943847613092,pm_ex_shelter,par,0.1299039673755331,1.2232076670040959
2024-06-01,0.08838786462129496,0.05715066708559668,0.10525499209368204,pm_ex_shelter,par,0.1572713636958989,1.4941938673646924
2024-07-01,0.089326768769227,0.05867577557803664,0.10687431056355437,pm_ex_shelter,par,0.21595162343250873,2.0206130200399275
2024-08-01,0.08562764484273898,0.055506167281051004,0.1020442461266007,pm_ex_shelter,par,0.2164649001425767,2.1212847206889114
2024-09-01,0.0765097437429111,0.046174495683380196,0.08936344296870181,pm_ex_shelter,par,0.18784221925847167,2.102002933394817
2024-10-01,0.06775872954332758,0.04129425167054537,0.07935024039255428,pm_ex_shelter,par,0.13214613472933845,1.665352670333412
2024-11-01,0.06077704594266754,0.03772121994806952,0.07153138994796451,pm_ex_shelter,par,0.12815182715080198,1.791546721572529
2024-12-01,0.055472232259463176,0.03537042864705977,0.06578932872833233,pm_ex_shelter,par,0.16985468406456317,2.5817968863302116
2025-01-01,0.0664270834628677,0.031497365738518183,0.0735162666751296,pm_ex_shelter,par,0.10213612203500144,1.3892996292418351
2025-02-01,0.06106891302402714,0.03076937573547526,0.06838250230202932,pm_ex_shelter,par,0.034974525614761554,0.5114543112255143
2025-03-01,0.056553766666380005,0.03274995820752273,0.06535203353186372,pm_ex_shelter,par,0.00874943259570049,0.133881566079111
2025-04-01,0.054392522379051435,0.03145048358597081,0.06283056110323249,pm_ex_shelter,par,0.023893329003632502,0.38028196126364444
2025-05-01,0.05186153157283698,0.028698517290206595,0.05927245019177674,pm_ex_shelter,par,0.06246030421690474,1.0537830647259168
2025-06-01,0.04412622370473058,0.023611078891364358,0.05004604544670996,pm_ex_shelter,par,0.09128079621116836,1.8239362450399002
2025-07-01,0.04114555961226041,0.022715389596949503,0.04699942553209854,pm_ex_shelter,par,0.04460888474515645,0.9491368083784458
2025-08-01,0.03274533192936885,0.01876120752491848,0.03773910002845326,pm_ex_shelter,par,-0.023569383094690366,-0.6245348478612451
2025-09-01,0.025935888456962253,0.015808634344974662,0.030374055210081848,pm_ex_shelter,par,-0.08526499615142402,-2.807165377217152
2025-11-01,0.03417885041935631,0.015059404860125865,0.037349424235587826,pm_ex_shelter,par,0.09248983174177106,2.4763388896807554
2025-12-01,0.04591195643650607,0.021222174150610222,0.050579525694755774,pm_ex_shelter,par,0.0348788747623896,0.689584852433797
2026-01-01,0.07861797473701189,0.029365224415707228,0.0839231931991049,pm_ex_shelter,par,0.020539871552016642,0.244746068030163
2026-02-01,0.09204226130678007,0.033650915935442345,0.09800082657692123,pm_ex_shelter,par,-0.07371445458348447,-0.7521819678288704
2026-03-01,0.1310703130983822,0.04776580701975733,0.1395026856227386,pm_ex_shelter,par,-0.12906804842918174,-0.9252011733897685
2026-04-01,0.1688628647735634,0.06295439079091268,0.18021632117926975,pm_ex_shelter,par,-0.056750134590610735,-0.3149000835177335
2026-05-01,0.21134693084401707,0.08234338377591931,0.22682142321406518,pm_ex_shelter,par,-0.004993935928099269,-0.022017038149814393
2026-06-01,0.16028189646261218,0.060464457149457355,0.17130743390766817,pm_ex_shelter,par,-0.028507028402935397,-0.16640858924020896
2026-07-01,0.14485824588209278,0.053787614766164234,0.1545219042798468,pm_ex_shelter,par,-0.01772468084235701,-0.11470659079023993
2014-01-01,0.013350016488162024,0.012456115331943499,0.018258634926983885,pm_ex_shelter,mk,-0.13025314803241095,-7.133783470302797
2014-02-01,0.01815891409440428,0.017713096722832906,0.02536730093250735,pm_ex_shelter,mk,-0.16584794540925873,-6.5378632851211265
2014-03-01,0.017367151163387298,0.017309068575275734,0.024519824519672703,pm_ex_shelter,mk,-0.16968838280893017,-6.9204566563184855
2014-04-01,0.016522105227977524,0.015345780760742793,0.02254934474261161,pm_ex_shelter,mk,-0.09229832897281742,-4.093171221884812
2014-05-01,0.017327175814584046,0.01587593424260438,0.02350055977599267,pm_ex_shelter,mk,-0.11781250101940977,-5.0131785005292855
2014-06-01,0.018098837770071728,0.01638700390615393,0.02441519661292284,pm_ex_shelter,mk,-0.14534465272526553,-5.953040437459976
2014-07-01,0.016690406764954754,0.0149907574962773,0.022434181248528806,pm_ex_shelter,mk,-0.13004948584269815,-5.796934793473979
2014-08-01,0.016105190349574007,0.015437125171424522,0.022308787276636988,pm_ex_shelter,mk,-0.09759197097236605,-4.374597765543707
2014-09-01,0.016359617966590023,0.015978856372704308,0.022868339489177786,pm_ex_shelter,mk,-0.0404852693969282,-1.7703633189496533
2014-10-01,0.01758512347573291,0.017188252915500496,0.02459009162130113,pm_ex_shelter,mk,-0.008782960231901171,-0.3571747664532061
2014-11-01,0.021447919194676167,0.021934435746231995,0.030677886323652388,pm_ex_shelter,mk,-0.012726229293047453,-0.41483396733351996
2014-12-01,0.02954227286401673,0.03129550506379424,0.04303666487043333,pm_ex_shelter,mk,-0.05724717255950473,-1.330195374847324
2015-01-01,0.04713081813615917,0.04399085022874523,0.0644709928730092,pm_ex_shelter,mk,-0.038021337815108414,-0.5897433267392111
2015-02-01,0.039214214951810863,0.03663763645241059,0.05366629351004066,pm_ex_shelter,mk,-0.006716881004542596,-0.12516014364371755
2015-03-01,0.038063732275597666,0.03577889045927554,0.05223960870111121,pm_ex_shelter,mk,0.07033117755446128,1.346318996316778
2015-04-01,0.04312351290671181,0.0401281486293973,0.058905905288335406,pm_ex_shelter,mk,0.05490686826281621,0.9321114410186123
2015-05-01,0.037236227571258246,0.034857553660529436,0.05100574174478028,pm_ex_shelter,mk,0.12083909120245151,2.3691272211489345
2015-06-01,0.03738932004016405,0.035129496433720896,0.05130343821570463,pm_ex_shelter,mk,0.14967249809821892,2.9173970264706797
2015-07-01,0.03686448016449181,0.0342101353944285,0.050292377767444434,pm_ex_shelter,mk,0.1494586718859825,2.971795697890645
2015-08-01,0.037467994364093114,0.03436169392571689,0.05083873140738626,pm_ex_shelter,mk,0.12173973026800011,2.3946256505195325
2015-09-01,0.04270875893682856,0.039239683408379446,0.057998196902265695,pm_ex_shelter,mk,0.07101641207473142,1.2244589636881826
2015-10-01,0.038082310183796916,0.03495677032892351,0.0516936953676561,pm_ex_shelter,mk,0.03414824054620569,0.6605881104714306
2015-11-01,0.03397735661571564,0.03125321041446271,0.04616518085962835,pm_ex_shelter,mk,0.03248126740761359,0.7035880029665085
2015-12-01,0.029964034153339484,0.02793574281467228,0.040966438328832164,pm_ex_shelter,mk,0.050749779214454005,1.2388135577492059
2016-01-01,0.02027912469310754,0.021637702601145586,0.02965523684232224,pm_ex_shelter,mk,0.10666366878646638,3.5967903191466726
2016-02-01,0.027900294683222592,0.02798290622378679,0.0395154334930025,pm_ex_shelter,mk,0.09676758427330512,2.448855440000196
2016-03-01,0.026243057856231197,0.026309017070018134,0.03715995781531518,pm_ex_shelter,mk,0.007255230669689361,0.19524324289461858
2016-04-01,0.024258035412524238,0.024163908329988708,0.03423954946922313,pm_ex_shelter,mk,-0.018876037606196938,-0.5512933989731386
2016-05-01,0.027954002404396362,0.02693417106408157,0.03881849844254935,pm_ex_shelter,mk,-0.08056198851672525,-2.0753504578739816
2016-06-01,0.02906536522470613,0.029026026984924024,0.04107682677830767,pm_ex_shelter,mk,-0.1273307906490162,-3.0998205225594138
2016-07-01,0.031329847519711455,0.030998446385589684,0.04407338226105013,pm_ex_shelter,mk,-0.12442987602213629,-2.823243183042506
2016-08-01,0.031186536829911536,0.030559664192323224,0.04366340750549585,pm_ex_shelter,mk,-0.11628423866848481,-2.6631966058500653
2016-09-01,0.02659985145960651,0.02708756231881667,0.03796430073172568,pm_ex_shelter,mk,-0.10226273466156233,-2.6936551626276706
2016-10-01,0.02472470525260793,0.02510918117267417,0.03523892775029503,pm_ex_shelter,mk,-0.05438502403602996,-1.5433223286873317
2016-11-01,0.024366766696730012,0.024878384106000077,0.03482345926209152,pm_ex_shelter,mk,-0.06712995370063979,-1.9277221483196185
2016-12-01,0.025369393049312967,0.02603726726144068,0.03635306575977079,pm_ex_shelter,mk,-0.060935545619522635,-1.6762147660997393
2017-01-01,0.03212523225788943,0.028515257721631156,0.04295521470734822,pm_ex_shelter,mk,-0.0740518456540995,-1.723931451829798
2017-02-01,0.043168733542611186,0.03924452686778587,0.058341001403381235,pm_ex_shelter,mk,-0.10118388692137437,-1.734352933398742
2017-03-01,0.035005981729147276,0.030974447331055255,0.046742220147161485,pm_ex_shelter,mk,-0.08990690849293159,-1.923462518679515
2017-04-01,0.030753626471357282,0.02810975316531315,0.04166465845479356,pm_ex_shelter,mk,-0.14595096521952122,-3.5029919992714937
2017-05-01,0.02555680907693337,0.023312734543916157,0.03459239919563148,pm_ex_shelter,mk,-0.1354801341632017,-3.916471170357877
2017-06-01,0.025026856328848827,0.02277462085322944,0.033838246005270335,pm_ex_shelter,mk,-0.1142153434352311,-3.3753328531698115
2017-07-01,0.027022234816966553,0.023297742995229617,0.03567892940062874,pm_ex_shelter,mk,-0.12715362433337596,-3.5638295898849264
2017-08-01,0.02870117062731645,0.025343836506390292,0.03828925755666952,pm_ex_shelter,mk,-0.12452778086426974,-3.2522902978717725
2017-09-01,0.03553793710359914,0.032150758505530626,0.047923024174819334,pm_ex_shelter,mk,-0.12565903080286045,-2.6221014421891744
2017-10-01,0.03064116138133043,0.027867755923577656,0.041418505417419794,pm_ex_shelter,mk,-0.17054414238135696,-4.117583207375453
2017-11-01,0.031480157549879394,0.030712991352459442,0.043980542938684565,pm_ex_shelter,mk,-0.1432661036178562,-3.2574882901648237
2017-12-01,0.024331361943712784,0.02463292034272545,0.034623632661045435,pm_ex_shelter,mk,-0.09089748402739684,-2.6253017676468224
2018-01-01,0.024062902808000317,0.0245903399694398,0.034405059386083,pm_ex_shelter,mk,-0.08365456661951765,-2.431461189494598
2018-02-01,0.02660213570059856,0.02745554149127535,0.03822931313026959,pm_ex_shelter,mk,-0.0692444419930327,-1.8112918157089681
2018-03-01,0.024220087394385817,0.024856403802773257,0.03470523654145304,pm_ex_shelter,mk,-0.06543942977672579,-1.8855779789474376
2018-04-01,0.028189987451622888,0.0285173094292203,0.04009878214615193,pm_ex_shelter,mk,-0.01103596171625476,-0.2752193738959682
2018-05-01,0.035740127025786515,0.03665213254934084,0.05119311965717469,pm_ex_shelter,mk,0.0026551761960202924,0.05186587990341727
2018-06-01,0.03674506073105344,0.038031732805021,0.05288300472062188,pm_ex_shelter,mk,0.037791569530321034,0.7146259886323006
2018-07-01,0.03460220471897193,0.03652767973508791,0.050314848287983494,pm_ex_shelter,mk,0.03710871104272151,0.7375300195744413
2018-08-01,0.02859764437393547,0.029848162180610725,0.041336884852370324,pm_ex_shelter,mk,0.03001021512389901,0.7259912117489467
2018-09-01,0.02072919293861825,0.021021988523245536,0.029523269489640333,pm_ex_shelter,mk,0.06489765152470905,2.1981864694044653
2018-10-01,0.024791920854981803,0.025707121142107475,0.035714078695868255,pm_ex_shelter,mk,0.07705834788394039,2.157646247580656
2018-11-01,0.014695028255915685,0.014671729618044397,0.020765440169357392,pm_ex_shelter,mk,0.05884728762501901,2.833905139745472
2018-12-01,0.013657908866651372,0.014516017540584408,0.019931212703905108,pm_ex_shelter,mk,0.005961142849209011,0.29908580766091813
2019-01-01,0.01788736346048468,0.021122219555564637,0.027678618652688572,pm_ex_shelter,mk,8.424832069753307e-4,0.03043805102945395
2019-02-01,0.01812817004366468,0.017570034604999583,0.025245527626748157,pm_ex_shelter,mk,0.02132858553787198,0.8448460992066533
2019-03-01,0.017114554047461865,0.014027480478294815,0.0221286730016157,pm_ex_shelter,mk,0.0392463599075521,1.7735523456235525
2019-04-01,0.018745276046069573,0.015969978078907605,0.024625709611788636,pm_ex_shelter,mk,0.038732485285164486,1.5728474791493017
2019-05-01,0.01704961185071054,0.013872996005019764,0.021980657005994695,pm_ex_shelter,mk,0.01674362492329884,0.7617436056953356
2019-06-01,0.017397652116930062,0.015277609768589656,0.023153480503436782,pm_ex_shelter,mk,0.007918892769476216,0.3420173812874819
2019-07-01,0.014512420439987623,0.012761607220656172,0.019325345168489858,pm_ex_shelter,mk,2.0390958146432325e-4,0.010551406957367032
2019-08-01,0.01482560580899749,0.01445555084141049,0.02070655784364904,pm_ex_shelter,mk,0.007347974512850186,0.35486219237080496
2019-09-01,0.015671636938812395,0.015604219348326278,0.022115421447773256,pm_ex_shelter,mk,-0.022980978039455202,-1.0391381459189464
2019-10-01,0.018030975093277342,0.017193798321515175,0.02491470978228175,pm_ex_shelter,mk,-0.04624020448440458,-1.8559399201707172
2019-11-01,0.017938987996954224,0.01628019754252623,0.024225030905626204,pm_ex_shelter,mk,-0.055409688295271486,-2.2872907164136054
2019-12-01,0.019554531040756305,0.019001234001429782,0.02726585002894634,pm_ex_shelter,mk,-0.0507786029046331,-1.8623517275538752
2020-01-01,0.02840623554951746,0.025166221841445367,0.03795066455106565,pm_ex_shelter,mk,-0.07076972612050092,-1.8647822629106954
2020-02-01,0.021807565023762656,0.02064361236909378,0.030028796577802414,pm_ex_shelter,mk,-0.06741230229958539,-2.2449218744056245
2020-03-01,0.022553904507483968,0.021203520922055658,0.03095590263624625,pm_ex_shelter,mk,-0.08420763103074158,-2.7202447307139064
2020-04-01,0.04098406057377602,0.03720276156413562,0.05535104957553081,pm_ex_shelter,mk,-0.12541971733661672,-2.265895918838391
2020-05-01,0.04538877131592637,0.04064452503919266,0.06092715303730365,pm_ex_shelter,mk,-0.09140515899578316,-1.5002368310204623
2020-06-01,0.04195181720326173,0.036267130008477415,0.05545502398978554,pm_ex_shelter,mk,-0.1188966506534328,-2.144019461164291
2020-07-01,0.03476548067269179,0.030964574126538892,0.04655581056367968,pm_ex_shelter,mk,-0.12220922225762987,-2.62500471537211
2020-08-01,0.03347944028211733,0.02931199963528963,0.04449793528044959,pm_ex_shelter,mk,-0.08099524971152405,-1.8202024251473474
2020-09-01,0.04339002470263402,0.03482773343400676,0.05563870289506598,pm_ex_shelter,mk,-0.06551801675513946,-1.177561901087194
2020-10-01,0.050379550436814254,0.039394887817585274,0.06395354789513745,pm_ex_shelter,mk,-0.01663719397169139,-0.26014497270692244
2020-11-01,0.04790757312100859,0.03764947081586873,0.060931258111577964,pm_ex_shelter,mk,-0.005950707044988235,-0.09766263211061943
2020-12-01,0.04349749029338971,0.0338183161485573,0.055097279142869694,pm_ex_shelter,mk,-0.022060128318468486,-0.40038507638944554
2021-01-01,0.041560939099467654,0.031575338762773214,0.05219495834669808,pm_ex_shelter,mk,-0.027624642203383232,-0.5292588226604228
2021-02-01,0.03463334240570308,0.02704120789380518,0.04393967831637668,pm_ex_shelter,mk,-0.057818506046625195,-1.3158609316690368
2021-03-01,0.0288780009829849,0.02867377675253152,0.040695508524004144,pm_ex_shelter,mk,-0.06229042975296473,-1.5306463050147874
2021-04-01,0.0574840087111978,0.059171485120239,0.08249652058628734,pm_ex_shelter,mk,0.053631791796782124,0.6501097430004443
2021-05-01,0.08630940774604336,0.07882734503272133,0.11688911065783872,pm_ex_shelter,mk,0.11892536977742285,1.0174204347019522
2021-06-01,0.15062678570007756,0.11388328163356098,0.18883281072410604,pm_ex_shelter,mk,0.28271855174548666,1.497189766234811
2021-07-01,0.15081847073995364,0.11334105479055495,0.1886594970240667,pm_ex_shelter,mk,0.3210245028829162,1.7016079653915546
2021-08-01,0.1228737110189,0.09554619580534475,0.15565032731231063,pm_ex_shelter,mk,0.24342169934084001,1.563900979484721
2021-09-01,0.09645466092340359,0.07881074472090363,0.124557758077577,pm_ex_shelter,mk,0.20223231174330003,1.6236026953643932
2021-10-01,0.10150506173500924,0.08567373410228549,0.13282795742183628,pm_ex_shelter,mk,0.18587835843681955,1.3993918301890715
2021-11-01,0.12255225924987366,0.10254586542987237,0.15979584088457915,pm_ex_shelter,mk,0.22233211812012854,1.3913510945552048
2021-12-01,0.14933363399018934,0.11543128239626042,0.1887456362313075,pm_ex_shelter,mk,0.2937179451054881,1.5561575407525565
2022-01-01,0.1618010455931166,0.12378969665696954,0.2037239979812156,pm_ex_shelter,mk,0.26910992733812833,1.3209534959300262
2022-02-01,0.1614621545882632,0.12524293378619739,0.20434240829465145,pm_ex_shelter,mk,0.26636014928778096,1.3034991194960521
2022-03-01,0.13423610776866307,0.10997187499228674,0.1735313974997011,pm_ex_shelter,mk,0.16267431676848432,0.9374344880082265
2022-04-01,0.0959484555678836,0.08645480217136355,0.12915316079892022,pm_ex_shelter,mk,0.045012642228225985,0.34852141403110215
2022-05-01,0.08145157402198237,0.08893763696141513,0.12059959443936347,pm_ex_shelter,mk,-0.07711964230483304,-0.6394685045446665
2022-06-01,0.08884641424297642,0.10666798315651982,0.138822706912501,pm_ex_shelter,mk,-0.20268340703388787,-1.4600162433198902
2022-07-01,0.07202142095671193,0.08432063875476166,0.11089208807049725,pm_ex_shelter,mk,-0.16510504404980786,-1.4888802882388317
2022-08-01,0.04997903416542544,0.06456196756420948,0.08164650336585641,pm_ex_shelter,mk,-0.1565572853948538,-1.9175014108482225
2022-09-01,0.04682622218681328,0.06115010160614052,0.07701967288121986,pm_ex_shelter,mk,-0.2007539769389517,-2.606528558600288
2022-10-01,0.054786499038989446,0.06056567606491679,0.08166860837647245,pm_ex_shelter,mk,-0.2490176115995233,-3.049122748016136
2022-11-01,0.06874787647298691,0.0658145589828257,0.09517261525065344,pm_ex_shelter,mk,-0.2884269971679565,-3.030567105971969
2022-12-01,0.08589053288972345,0.0717639467813951,0.11192518795036072,pm_ex_shelter,mk,-0.31652206999261967,-2.827978900808266
2023-01-01,0.09824071984168456,0.08352494971910057,0.1289482697076259,pm_ex_shelter,mk,-0.3152508784626473,-2.444785642936034
2023-02-01,0.09771019896730831,0.08319044160039495,0.12832744272329166,pm_ex_shelter,mk,-0.3090178494573381,-2.40804182565738
2023-03-01,0.07581010846354107,0.06592064578733116,0.10046245112614285,pm_ex_shelter,mk,-0.19975654053221437,-1.988370165101742
2023-04-01,0.06363437766507712,0.05191792067554009,0.08212675878234414,pm_ex_shelter,mk,-0.1382907641490183,-1.6838697423274966
2023-05-01,0.06060026815866584,0.049579129556730245,0.0782973983508089,pm_ex_shelter,mk,-0.08987083581988298,-1.1478138190137515
2023-06-01,0.06338803792594735,0.05389327203376144,0.08320173148803067,pm_ex_shelter,mk,-0.09025387135446206,-1.0847595325278285
2023-07-01,0.06010533472340758,0.050399978868584744,0.07843984403456354,pm_ex_shelter,mk,-0.13166188967230763,-1.678507795276753
2023-08-01,0.06319273118525395,0.05012628852238492,0.0806595690273705,pm_ex_shelter,mk,-0.15591745429071047,-1.9330310857203123
2023-09-01,0.06281346235219512,0.05056976201649389,0.08064013816379198,pm_ex_shelter,mk,-0.1398635504617607,-1.7344160568980829
2023-10-01,0.05747203130867517,0.04568673570285202,0.0734187455758241,pm_ex_shelter,mk,-0.14346809545027206,-1.9541071469561357
2023-11-01,0.04760399651802029,0.03700510737591635,0.06029526064618003,pm_ex_shelter,mk,-0.15328046300935316,-2.542164365269464
2023-12-01,0.04687629218538174,0.03221166487449574,0.056876868083924094,pm_ex_shelter,mk,-0.16160278067516298,-2.841274249431449
2024-01-01,0.03767610281602138,0.03337124387196755,0.05033019611491441,pm_ex_shelter,mk,-0.13943768670841017,-2.770457845823701
2024-02-01,0.036129930783312475,0.03091872861744495,0.047553545374936654,pm_ex_shelter,mk,-0.09643287382843369,-2.0278797946211418
2024-03-01,0.04051240104706711,0.035097959176290223,0.053601505360754,pm_ex_shelter,mk,-0.15810737302035527,-2.9496815799527614
2024-04-01,0.05038759554779701,0.04431433532304566,0.06710193812559892,pm_ex_shelter,mk,-0.17612952074019805,-2.6248052688213765
2024-05-01,0.05716668599795876,0.050329314081328,0.07616475460399104,pm_ex_shelter,mk,-0.18393338555970917,-2.414940959450962
2024-06-01,0.05715066708559668,0.05069890467969049,0.07639749789128598,pm_ex_shelter,mk,-0.2237948023862124,-2.9293472765910935
2024-07-01,0.05867577557803664,0.05214895074536685,0.07850069874546863,pm_ex_shelter,mk,-0.2553334948956154,-3.2526270335950898
2024-08-01,0.055506167281051004,0.04886691588040476,0.07395207957788998,pm_ex_shelter,mk,-0.1865871142381348,-2.52308136976205
2024-09-01,0.046174495683380196,0.04093982223447565,0.06171023493882488,pm_ex_shelter,mk,-0.13041147935466402,-2.1132876820829583
2024-10-01,0.04129425167054537,0.03621088509538429,0.05492215782743303,pm_ex_shelter,mk,-0.10481214289077556,-1.9083762735633634
2024-11-01,0.03772121994806952,0.03285329884049252,0.0500222918214804,pm_ex_shelter,mk,-0.05073054321036441,-1.0141587153066
2024-12-01,0.03537042864705977,0.030505476702131707,0.04670815058960317,pm_ex_shelter,mk,-0.06344239824602749,-1.3582725379871756
2025-01-01,0.031497365738518183,0.02642744879871652,0.04111561866827206,pm_ex_shelter,mk,-0.031309465317619356,-0.7614980956562893
2025-02-01,0.03076937573547526,0.025809589073590513,0.040160793957521014,pm_ex_shelter,mk,-0.10469557849759337,-2.6069100777323344
2025-03-01,0.03274995820752273,0.024719149095952242,0.04103164747633712,pm_ex_shelter,mk,-0.08643195790958291,-2.1064705715125887
2025-04-01,0.03145048358597081,0.02539894278890734,0.04042572463896729,pm_ex_shelter,mk,-0.10954154324753773,-2.7096989411031633
2025-05-01,0.028698517290206595,0.023666470755560668,0.0371982087294549,pm_ex_shelter,mk,-0.11822234175515867,-3.178172976419316
2025-06-01,0.023611078891364358,0.020380286656033753,0.031190369196217267,pm_ex_shelter,mk,-0.09450448632049024,-3.0299252223007236
2025-07-01,0.022715389596949503,0.019164691479327426,0.029719931427225853,pm_ex_shelter,mk,-0.04567708631062484,-1.5369176211752946
2025-08-01,0.01876120752491848,0.018435781091498626,0.02630324946174362,pm_ex_shelter,mk,-0.06419341049275218,-2.4405125528736424
2025-09-01,0.015808634344974662,0.016704198429132688,0.022998764423615273,pm_ex_shelter,mk,-0.05095044193887954,-2.2153556165201342
2025-11-01,0.015059404860125865,0.016862070302198384,0.022607854600060203,pm_ex_shelter,mk,-0.11482835046521256,-5.079135216346746
2025-12-01,0.021222174150610222,0.01902525286378068,0.02850159508184803,pm_ex_shelter,mk,-0.07217830883292642,-2.5324305052279343
2026-01-01,0.029365224415707228,0.023944310822565526,0.037889925122022564,pm_ex_shelter,mk,-0.11234098367898238,-2.964930210793344
2026-02-01,0.033650915935442345,0.028247166621924683,0.04393502663548736,pm_ex_shelter,mk,-0.030065211969976247,-0.6843107714356514
2026-03-01,0.04776580701975733,0.04253284051477298,0.06395791461972328,pm_ex_shelter,mk,0.03540467103448908,0.5535619984640809
2026-04-01,0.06295439079091268,0.052932088909803277,0.08224999304687065,pm_ex_shelter,mk,-0.010171487130228307,-0.12366550747830488
2026-05-01,0.08234338377591931,0.06782017183233889,0.10667712294131439,pm_ex_shelter,mk,-0.030803838521875626,-0.2887576799275094
2026-06-01,0.060464457149457355,0.05062201314169969,0.07885771232350695,pm_ex_shelter,mk,0.002223957845215452,0.028202160317457054
2026-07-01,0.053787614766164234,0.04590975441047046,0.07071642703264215,pm_ex_shelter,mk,-0.020081507694591494,-0.28397231785087257
2014-12-01,0.022104333333211136,0.02229858547231023,0.031397905442427744,oer_all_in,fam,-0.25117145711488487,-7.999624611120678
2015-01-01,0.0313456304788699,0.03048258477960125,0.04372340934743579,oer_all_in,fam,-0.30562508736625693,-6.989964687741823
2015-02-01,0.026230407231079375,0.02578908277920479,0.03678465786304038,oer_all_in,fam,-0.296331606409872,-8.055847835072923
2015-03-01,0.025109491487496825,0.024582544411096453,0.0351395511138689,oer_all_in,fam,-0.26194040130886886,-7.45428990996661
2015-04-01,0.028106969500331626,0.026996366450899655,0.038971855691560704,oer_all_in,fam,-0.2785727770541757,-7.148050102076618
2015-05-01,0.0242900053801163,0.02385848210079703,0.0340474893277042,oer_all_in,fam,-0.24274849158533174,-7.129703140484107
2015-06-01,0.02457827955801353,0.024146426648332348,0.034454923391514895,oer_all_in,fam,-0.21328690109657655,-6.190317089751592
2015-07-01,0.02442285353882277,0.02409402507263702,0.03430740181330625,oer_all_in,fam,-0.20358977792775956,-5.934281442694286
2015-08-01,0.02488094487420459,0.02452420089356209,0.03493562432962948,oer_all_in,fam,-0.22656810407704064,-6.4853028513042625
2015-09-01,0.028088765419978207,0.027446728817641968,0.039272148726645216,oer_all_in,fam,-0.28996967213656966,-7.383595793418661
2015-10-01,0.025258913682082548,0.025073459055714398,0.03559060366750588,oer_all_in,fam,-0.3012168064996268,-8.463380090814162
2015-11-01,0.022637199314335246,0.022609840743112692,0.03199449470183674,oer_all_in,fam,-0.25533690600898495,-7.980651308561738
2015-12-01,0.020213217948602084,0.020702429692516632,0.028933799871625636,oer_all_in,fam,-0.2219885135629207,-7.672290350657228
2016-01-01,0.015650351690667978,0.016014010201344783,0.022391561597404696,oer_all_in,fam,-0.15283915572383844,-6.825747952369402
2016-02-01,0.020148041766049993,0.019504967033664708,0.028042598417244467,oer_all_in,fam,-0.19519494802329174,-6.960658392599557
2016-03-01,0.019697197793829942,0.019075115791370844,0.027419694443656085,oer_all_in,fam,-0.27420089143064263,-10.000143947413049
2016-04-01,0.018858307436060893,0.018741939066989982,0.026587516607305677,oer_all_in,fam,-0.2731491950111353,-10.273588129553996
2016-05-01,0.021465536080081282,0.0209349713330544,0.029984033483190366,oer_all_in,fam,-0.32290670173866776,-10.76928832539143
2016-06-01,0.023326878266129798,0.023254309513670125,0.03293791372568104,oer_all_in,fam,-0.3600379096234452,-10.930804926564937
2016-07-01,0.024306798673073254,0.02376515414091562,0.033994161455679336,oer_all_in,fam,-0.39315882598480734,-11.565480928170478
2016-08-01,0.024888773211208966,0.024268676807967116,0.03476233171075488,oer_all_in,fam,-0.3682508525656436,-10.59338756760419
2016-09-01,0.022304376296331946,0.022447207344113727,0.03164430943341958,oer_all_in,fam,-0.31496381614750657,-9.953252947743996
2016-10-01,0.020671008174307025,0.021008708719524885,0.029472977810260516,oer_all_in,fam,-0.2714457716352703,-9.20998798909186
2016-11-01,0.020092328747481798,0.020675317815791336,0.028830026730491634,oer_all_in,fam,-0.2784133005691247,-9.65706009126468
2016-12-01,0.02009306481684211,0.020672137734765138,0.02882825926515368,oer_all_in,fam,-0.24378950526058318,-8.456615538880806
2017-01-01,0.023938419413946102,0.020975166916467575,0.03182774813290547,oer_all_in,fam,-0.2057830488915391,-6.465523355037111
2017-02-01,0.030101648656696352,0.027092193930330903,0.040498101484018334,oer_all_in,fam,-0.19686435243193579,-4.8610760805571065
2017-03-01,0.025810866514856447,0.022549664748579473,0.034273724783295226,oer_all_in,fam,-0.22476942394824562,-6.55806818107487
2017-04-01,0.023579755427036133,0.020940703123084773,0.03153597807723763,oer_all_in,fam,-0.27081535850328464,-8.587504653891061
2017-05-01,0.020960725496438713,0.01904777855048,0.028322603712321044,oer_all_in,fam,-0.2903147968131181,-10.250286300013578
2017-06-01,0.02089402269861406,0.018969051286396678,0.028220295732613206,oer_all_in,fam,-0.29821238843275033,-10.567302031782635
2017-07-01,0.022041194282475047,0.019076942626961035,0.0291503685292343,oer_all_in,fam,-0.293548054992665,-10.070131864654533
2017-08-01,0.022858298321226857,0.019931014148910887,0.030327333004177743,oer_all_in,fam,-0.2696715438841091,-8.892029636993152
2017-09-01,0.026113908005178404,0.023088753181850205,0.034857233321009845,oer_all_in,fam,-0.22948948579508688,-6.583697669911295
2017-10-01,0.02348562781798378,0.020803228681827136,0.03137433724548215,oer_all_in,fam,-0.26550089688124334,-8.462358736182546
2017-11-01,0.023240991433282884,0.02202929651972253,0.03202239197742398,oer_all_in,fam,-0.2258562434422462,-7.053072225256518
2017-12-01,0.019091743763843785,0.018628926312095444,0.026674549208669865,oer_all_in,fam,-0.1974794493023735,-7.403290970637583
2018-01-01,0.01850096679358654,0.01877736064043306,0.026360482638189246,oer_all_in,fam,-0.19932805262969922,-7.561623789881848
2018-02-01,0.019590021034153186,0.02003842184195626,0.028023334456034207,oer_all_in,fam,-0.16454886132111213,-5.871851602073719
2018-03-01,0.017997585817474043,0.01822337091727473,0.025612581729414104,oer_all_in,fam,-0.13264464398221598,-5.178886118687664
2018-04-01,0.02057487331497686,0.020528555886423012,0.02906453197127626,oer_all_in,fam,-0.0933219009318087,-3.2108516670434044
2018-05-01,0.02478416428933881,0.02509275112803097,0.03526898011984805,oer_all_in,fam,-0.04429428628709431,-1.2558992671910907
2018-06-01,0.02468561488149033,0.02548446151850834,0.03548009809689919,oer_all_in,fam,-0.018146595402313004,-0.5114584337606141
2018-07-01,0.023259418803962775,0.02451486497697974,0.033793182270062776,oer_all_in,fam,-0.006314136607188381,-0.18684646378456182
2018-08-01,0.01963767161385008,0.02040009102644822,0.02831610602291188,oer_all_in,fam,-0.03514302396705471,-1.241096637320783
2018-09-01,0.0158159020209913,0.01575107603367707,0.022321271311380828,oer_all_in,fam,-0.061579818906065675,-2.7587953233948777
2018-10-01,0.017598904840469783,0.01832947061878926,0.025410449518829245,oer_all_in,fam,-0.034321483058241675,-1.3506838213471712
2018-11-01,0.012339059972445951,0.01199420130057594,0.01720794194092819,oer_all_in,fam,-0.0909175160779041,-5.283462507603047
2018-12-01,0.012515402718545978,0.01216637201257567,0.017454395238901077,oer_all_in,fam,-0.13723623027919185,-7.862560025759575
2019-01-01,0.014301182742884678,0.014760693078778628,0.020552418057525147,oer_all_in,fam,-0.1736325709732922,-8.448279442706143
2019-02-01,0.01517107618463109,0.014601281684627689,0.02105609126675045,oer_all_in,fam,-0.17437333536729493,-8.281372509182027
2019-03-01,0.01604047786316129,0.014752623548731159,0.021793045488163066,oer_all_in,fam,-0.16282978471713339,-7.471639739639634
2019-04-01,0.018146434398987582,0.017297899455421987,0.025070109831563325,oer_all_in,fam,-0.17166668471360058,-6.847464405499805
2019-05-01,0.01891365188430986,0.018277343069287508,0.02630185349501609,oer_all_in,fam,-0.2164993245055813,-8.231333375292563
2019-06-01,0.01989174501243956,0.019939810954178974,0.028165183836224288,oer_all_in,fam,-0.24446960455839495,-8.679851194295189
2019-07-01,0.021724452510078204,0.021877122133625165,0.030831158098783694,oer_all_in,fam,-0.23987466477124464,-7.780267740922383
2019-08-01,0.024106659269725637,0.024227921253674414,0.034177817212643895,oer_all_in,fam,-0.24413507642453425,-7.143085671785319
2019-09-01,0.024984237404305144,0.025407093822815866,0.03563330654312126,oer_all_in,fam,-0.2727888298086567,-7.655445319915632
2019-10-01,0.02745314500099239,0.0272202678415873,0.03866029166746243,oer_all_in,fam,-0.2854877473261519,-7.384521301126816
2019-11-01,0.029436920283527603,0.028837371729711445,0.041208327848340554,oer_all_in,fam,-0.25513813103335004,-6.1914215974095725
2019-12-01,0.030763853245586073,0.03026706821159142,0.043156808091436565,oer_all_in,fam,-0.24607995811625205,-5.701996255026115
2020-01-01,0.03672955312980538,0.03396829952660131,0.05002904602172721,oer_all_in,fam,-0.23580491025423367,-4.713360117876833
2020-02-01,0.03457514110748412,0.032823557888024386,0.04767416842516423,oer_all_in,fam,-0.2351396865626576,-4.932224186180917
2020-03-01,0.03515085254294755,0.0333481397043262,0.04845287252821343,oer_all_in,fam,-0.3213004602295122,-6.631195292754282
2020-04-01,0.042409047893100536,0.03889489157901582,0.057544243275437126,oer_all_in,fam,-0.4537432347426762,-7.885119499631293
2020-05-01,0.04399700365038913,0.040084697713987164,0.0595190668696518,oer_all_in,fam,-0.45049778572896493,-7.568965869635793
2020-06-01,0.04295944462659793,0.03788505100122275,0.057278189321861274,oer_all_in,fam,-0.3833458859155092,-6.692702588089638
2020-07-01,0.03793330700285481,0.03416909368013685,0.051053528213971675,oer_all_in,fam,-0.33623546689691697,-6.585939868596591
2020-08-01,0.03411567159604752,0.030415731734779253,0.04570553342223917,oer_all_in,fam,-0.2628678677741192,-5.75133573752832
2020-09-01,0.033991798198894356,0.028934761206316842,0.04463925123544229,oer_all_in,fam,-0.22122862647915298,-4.955921534443297
2020-10-01,0.03477574066917048,0.028335564832739763,0.044858180675098676,oer_all_in,fam,-0.19720127497795392,-4.3961050584341415
2020-11-01,0.03162959003271673,0.025204045436384402,0.04044347749634128,oer_all_in,fam,-0.1581917346494599,-3.911427613111922
2020-12-01,0.02870807002128957,0.02221280202515859,0.036298234917915145,oer_all_in,fam,-0.1224401766645622,-3.373171641581154
2021-01-01,0.028696990000777963,0.022365855105683976,0.03638335759263018,oer_all_in,fam,-0.10919672306990424,-3.001282187656676
2021-02-01,0.026026609126629723,0.021250395895477486,0.03360005518365843,oer_all_in,fam,-0.10007984059823283,-2.9785617925683407
2021-03-01,0.022272089590877238,0.02068337850752277,0.030394869982112393,oer_all_in,fam,0.021230141501438204,0.6984777863479035
2021-04-01,0.04541145124158335,0.04225795956514718,0.06203172616070196,oer_all_in,fam,0.2694852583554175,4.344313386625383
2021-05-01,0.06885038249397712,0.058311774396177206,0.09022548532868982,oer_all_in,fam,0.3958004441231733,4.38679207633275
2021-06-01,0.11436456394524357,0.08446356701975706,0.1421736531150786,oer_all_in,fam,0.5265273469335252,3.7034101283684535
2021-07-01,0.1152044238592513,0.08522154662085861,0.14329958578165258,oer_all_in,fam,0.5568325340216118,3.8857930466740127
2021-08-01,0.0964539250523664,0.07299809158059642,0.12096313914749673,oer_all_in,fam,0.4888736941194072,4.041509649673507
2021-09-01,0.07774526333174805,0.061077037478454346,0.09886723662400687,oer_all_in,fam,0.44837828055936946,4.535155384837514
2021-10-01,0.0816051801980702,0.06639125617082446,0.10520078103844831,oer_all_in,fam,0.5041462140555897,4.792228813123893
2021-11-01,0.09632913547739105,0.07780181456522238,0.12382416844648224,oer_all_in,fam,0.5474036924904224,4.420814606374801
2021-12-01,0.11374127210270886,0.08680869882688527,0.1430832875340769,oer_all_in,fam,0.5846257028901292,4.0859118696926355
2022-01-01,0.11788846166259946,0.09144530406637982,0.14919763077531373,oer_all_in,fam,0.5604702153737993,3.7565624364226484
2022-02-01,0.11847988527860313,0.0914543491606963,0.14967090965193441,oer_all_in,fam,0.5859853848777092,3.915158839085306
2022-03-01,0.10093215726086903,0.0808580819440575,0.12932644657998113,oer_all_in,fam,0.5900284768158173,4.562318786443404
2022-04-01,0.07197260694396476,0.06266781384087802,0.09543223271990123,oer_all_in,fam,0.453981429430673,4.757107913037443
2022-05-01,0.060935263697520635,0.05919982652185276,0.0849571999426996,oer_all_in,fam,0.38190998752267724,4.495322206714216
2022-06-01,0.06037776060309618,0.06671620857019003,0.08998070049419427,oer_all_in,fam,0.2777213439404189,3.0864545665360548
2022-07-01,0.05441410808898763,0.055989802346660754,0.0780753042001001,oer_all_in,fam,0.17090933280519138,2.1890319167654586
2022-08-01,0.044267269923927426,0.04667136859725366,0.06432579446270807,oer_all_in,fam,0.09311534692328749,1.4475584437168474
2022-09-01,0.04749623902490241,0.048036957853827326,0.06755325337362403,oer_all_in,fam,-0.006802820878236915,-0.10070308295311586
2022-10-01,0.043981917279826976,0.0441739204682404,0.06233573852248781,oer_all_in,fam,-0.10572607897825037,-1.696074859851213
2022-11-01,0.04918765825706889,0.04570181686278699,0.06714225040445038,oer_all_in,fam,-0.24030995239883168,-3.579116740223281
2022-12-01,0.06055451112411242,0.050374420841316714,0.07876821118051583,oer_all_in,fam,-0.36201654552669993,-4.595972665889976
2023-01-01,0.06827946003463425,0.05680637903929233,0.0888203206601787,oer_all_in,fam,-0.3536026674031634,-3.9811010000293323
2023-02-01,0.06967760026838785,0.05793375801971363,0.09061615914089481,oer_all_in,fam,-0.4077131036931858,-4.499342143372595
2023-03-01,0.059424499856601684,0.04964374428304285,0.07743237391199759,oer_all_in,fam,-0.4464268905158608,-5.7653778124280155
2023-04-01,0.05407028576110443,0.04206841417202709,0.06850800882551399,oer_all_in,fam,-0.42547494287503707,-6.210586910483673
2023-05-01,0.05552746917924545,0.042763301800435735,0.07008566054712763,oer_all_in,fam,-0.4653612109879246,-6.639891917334534
2023-06-01,0.05965640435497061,0.04704073488094052,0.07597181924044395,oer_all_in,fam,-0.5265614149029263,-6.931009684477964
2023-07-01,0.06065814670764911,0.0464287651563668,0.07638744004057044,oer_all_in,fam,-0.5022770685813471,-6.575388156934972
2023-08-01,0.06261571621722131,0.04578935429226006,0.07757185626177646,oer_all_in,fam,-0.45277340506046926,-5.836825710764555
2023-09-01,0.06359727459005292,0.04609258241521896,0.07854386983709387,oer_all_in,fam,-0.38840128701751464,-4.945023562285501
2023-10-01,0.058246452708472174,0.04282559472284869,0.0722957869898791,oer_all_in,fam,-0.4486243645118959,-6.205401216182904
2023-11-01,0.0519194358226733,0.03762713263723706,0.06412042519076835,oer_all_in,fam,-0.46523501196111816,-7.255644524766809
2023-12-01,0.0483183240806617,0.03292905390049019,0.058472070535814276,oer_all_in,fam,-0.4276274981310113,-7.313363358136745
2024-01-01,0.03864285419233753,0.03404222869805833,0.05149896615332355,oer_all_in,fam,-0.40593017433030454,-7.882297542085849
2024-02-01,0.03573658280533564,0.031118628369449224,0.04738641558715431,oer_all_in,fam,-0.3539391446256923,-7.469211170334637
2024-03-01,0.035449543836555734,0.031229007413932378,0.0472432118116384,oer_all_in,fam,-0.3628912505654114,-7.681341649934411
2024-04-01,0.038921311459841415,0.035270231566312225,0.052524829561791726,oer_all_in,fam,-0.3544389905651979,-6.748027428594045
2024-05-01,0.0419160636665249,0.038412236029364756,0.05685469435386841,oer_all_in,fam,-0.36544437603787117,-6.427690451791273
2024-06-01,0.041828952638617134,0.03871040369924371,0.05699260156723937,oer_all_in,fam,-0.40276139731609817,-7.066906690352147
2024-07-01,0.042534289288078626,0.03955243154559018,0.05808236054440761,oer_all_in,fam,-0.42909519225098336,-7.387702363145402
2024-08-01,0.041778250827068736,0.03883465187757354,0.05703991960567437,oer_all_in,fam,-0.3930696014347257,-6.891131757409119
2024-09-01,0.03623256795981607,0.03327861270541177,0.04919618932965727,oer_all_in,fam,-0.3613224023111483,-7.344520119027388
2024-10-01,0.03265467797146262,0.0300319609182975,0.0443649261243392,oer_all_in,fam,-0.29926972136935515,-6.745637770941125
2024-11-01,0.029159298700871118,0.027158811271905982,0.03984803295558805,oer_all_in,fam,-0.19636710070132235,-4.927899475494311
2024-12-01,0.02707781416744498,0.025213014495721317,0.0369987043022879,oer_all_in,fam,-0.18131637522555977,-4.900614187571635
2025-01-01,0.025099105470526028,0.0215997449140763,0.03311365391758745,oer_all_in,fam,-0.15920507652213978,-4.8078377855360195
2025-02-01,0.024296632927226308,0.02093923989862159,0.03207457153466596,oer_all_in,fam,-0.2133915802106756,-6.652983032993709
2025-03-01,0.028163418305647326,0.02122148364591877,0.03526371362736586,oer_all_in,fam,-0.24594863410054568,-6.97455284203763
2025-04-01,0.0254148878741848,0.020748107099295775,0.03280854269639591,oer_all_in,fam,-0.2637472772112792,-8.038981787516349
2025-05-01,0.02321529745074871,0.019292576183975882,0.030185319801871457,oer_all_in,fam,-0.2441284262511445,-8.08765412636141
2025-06-01,0.023654098001693925,0.017758506053913933,0.029578385512746268,oer_all_in,fam,-0.19786384067215224,-6.689473994004386
2025-07-01,0.024354327020198952,0.016586750170018982,0.02946614202452397,oer_all_in,fam,-0.1422934686578614,-4.829049847768803
2025-08-01,0.020431576763131405,0.015283401792992955,0.025515322835382496,oer_all_in,fam,-0.13120301998221784,-5.1421265891363355
2025-09-01,0.01419562101144524,0.012997326574773347,0.01924697778852293,oer_all_in,fam,-0.10210294481260984,-5.304881937022567
2025-11-01,0.021667694681528637,0.014147772388977067,0.025877566662695434,oer_all_in,fam,-0.12505846519512698,-4.832698020846322
2025-12-01,0.017103247490830628,0.013781372466090295,0.02196468305670983,oer_all_in,fam,-0.08614028482964997,-3.921763159852908
2026-01-01,0.02141685408019214,0.01816600012713095,0.02808353965067731,oer_all_in,fam,-0.13868232601439434,-4.938206783739586
2026-02-01,0.023925151055325052,0.020498137124893356,0.03150534047762463,oer_all_in,fam,-0.07563891412403212,-2.400828335048515
2026-03-01,0.030834805976823667,0.026132408933656755,0.04041890716365577,oer_all_in,fam,0.06646172827124985,1.6443227423776439
2026-04-01,0.03979820758809978,0.03188305298944673,0.05099437611299261,oer_all_in,fam,0.07732000144564655,1.5162456596061102
2026-05-01,0.05107298136539357,0.040848424611956154,0.0653991071714936,oer_all_in,fam,0.10632398204675209,1.6257711556817243
2026-06-01,0.03913496702775162,0.03158391177232664,0.05029004998113762,oer_all_in,fam,0.061357339341894246,1.2200691660658054
2026-07-01,0.03537948495633416,0.028890798419351275,0.04567697657554695,oer_all_in,fam,0.02624956939754064,0.57467834706891
2014-12-01,0.05510300585129326,0.023880437175893283,0.060055112468127524,oer_all_in,par,0.1406954044245179,2.3427714751044353
2015-01-01,0.06917361672969363,0.034257493787998625,0.07719174264195178,oer_all_in,par,0.1574333989715626,2.0395108800925232
2015-02-01,0.05890119896175695,0.028634647746456705,0.06549270410279404,oer_all_in,par,0.16285862955923713,2.4866682753489986
2015-03-01,0.05590394889728213,0.027422882150547796,0.06226769602091252,oer_all_in,par,0.07679501447281911,1.2333042553401625
2015-04-01,0.06105423816668718,0.030746317775914342,0.06835902321487682,oer_all_in,par,0.07019369352982974,1.0268387438653988
2015-05-01,0.05487557313994162,0.026497701287781186,0.06093813831233739,oer_all_in,par,0.051574342103877235,0.8463393128213702
2015-06-01,0.05577448496283089,0.02680237635136083,0.06188021130336446,oer_all_in,par,0.06247533781643666,1.0096173962650938
2015-07-01,0.05558246258179393,0.02662754273081432,0.06163145445742673,oer_all_in,par,0.05138129503218236,0.8336862318846476
2015-08-01,0.05674830048245454,0.027123667476148777,0.0628972411557426,oer_all_in,par,0.0692163009448965,1.1004664063644223
2015-09-01,0.06319389668078712,0.03065125814355038,0.07023509239322294,oer_all_in,par,0.020381167417460322,0.2901849591562141
2015-10-01,0.05807325360716063,0.027520101241886148,0.06426397713249048,oer_all_in,par,-0.0047703550808742,-0.0742306233403412
2015-11-01,0.052571378587935334,0.024643804237300625,0.05806088988228153,oer_all_in,par,-0.01609550354104705,-0.2772176515668411
2015-12-01,0.04841225015657694,0.02194951713575574,0.053155688949686454,oer_all_in,par,-0.01504866732016108,-0.2831054891303379
2016-01-01,0.0409482043871673,0.016896773799670528,0.04429736343588024,oer_all_in,par,-0.06255888973645263,-1.4122486054278527
2016-02-01,0.04990050493254877,0.021879396964074847,0.05448640568100351,oer_all_in,par,-0.07277015143662968,-1.3355652759088261
2016-03-01,0.04943599578389151,0.021360968226327836,0.053853585235443015,oer_all_in,par,-0.0320107613505316,-0.5944035334060572
2016-04-01,0.0479782230802062,0.020422248772769876,0.052143821636613207,oer_all_in,par,-0.02397620557030855,-0.4598091359202077
2016-05-01,0.0535594739244193,0.023291184733982433,0.058404593426998934,oer_all_in,par,-0.02566100767136259,-0.43936625812551533
2016-06-01,0.05877378809456022,0.025282507681491213,0.06398096093095923,oer_all_in,par,-0.05642023201613,-0.8818284563905209
2016-07-01,0.061488836999428795,0.026333870773729114,0.066890580992168,oer_all_in,par,-0.03363396134761221,-0.5028205892179393
2016-08-01,0.0619710484615179,0.02700233351748478,0.06759834955684409,oer_all_in,par,-0.0912653530037888,-1.350112149218124
2016-09-01,0.057050192423537247,0.02413001209086412,0.06194337687814473,oer_all_in,par,-0.10699287822553138,-1.7272690579334773
2016-10-01,0.053859693126533485,0.02232123234190408,0.0583018349363519,oer_all_in,par,-0.09186650336399094,-1.5757051808794968
2016-11-01,0.0533032006743407,0.021652513955945,0.057533143167581485,oer_all_in,par,-0.06669919989787942,-1.1593178509924136
2016-12-01,0.05314204330689855,0.021663821089108314,0.05738813388683391,oer_all_in,par,-0.06709451623643226,-1.1691357026652718
2017-01-01,0.063266489637374,0.025831998101258833,0.06833696537701532,oer_all_in,par,-0.019324578245560886,-0.2827836755546154
2017-02-01,0.07976116330884724,0.03247085835678545,0.08611736070506934,oer_all_in,par,0.008279049957571338,0.09613682873915559
2017-03-01,0.0709542635251569,0.02770548852883323,0.0761715275350227,oer_all_in,par,0.001151990322423302,0.015123634246321651
2017-04-01,0.06473201394503152,0.025316648069665982,0.06950659176555184,oer_all_in,par,0.025498267183321488,0.36684674842535847
2017-05-01,0.059152608601816474,0.02241508683357028,0.06325715154949824,oer_all_in,par,0.0945172708532116,1.4941752598400286
2017-06-01,0.05981797106165481,0.02229782151209426,0.06383872262285788,oer_all_in,par,0.12735502782177388,1.9949495006996516
2017-07-01,0.06331226845581298,0.023510105313460965,0.06753642268340067,oer_all_in,par,0.14414427178979228,2.1343190246471337
2017-08-01,0.06565230511594086,0.02437581911584045,0.07003146239087664,oer_all_in,par,0.1433204970884283,2.0465158401018826
2017-09-01,0.07375130934937885,0.027918852425675614,0.07885884827661656,oer_all_in,par,0.118206497075235,1.4989630163072762
2017-10-01,0.06702043417678796,0.0250695919208329,0.07155573377670205,oer_all_in,par,0.11028107100941043,1.5411912531503804
2017-11-01,0.06518913705946856,0.024873642345978268,0.06977335934376258,oer_all_in,par,0.10509669903584484,1.5062582628141725
2017-12-01,0.053642738991718876,0.02042376985338656,0.05739924931179657,oer_all_in,par,0.10556322324484224,1.8391045964976953
2018-01-01,0.05170045479890104,0.019773089283980912,0.05535261589342901,oer_all_in,par,0.09919396240238854,1.7920374819027116
2018-02-01,0.053391035628960526,0.020984895628000013,0.05736696375136989,oer_all_in,par,0.09073174591880395,1.5816027202003928
2018-03-01,0.04888461714316847,0.019284585397872367,0.0525509374531225,oer_all_in,par,0.060825931088315244,1.1574661468708216
2018-04-01,0.0584423449792149,0.021950853985240288,0.062428740795813786,oer_all_in,par,0.0678886587349492,1.087458402484734
2018-05-01,0.06679699460744998,0.026571280447042236,0.07188790881075252,oer_all_in,par,-0.004481524237553991,-0.062340445169322745
2018-06-01,0.06192789473803427,0.02662196971954052,0.06740766587290488,oer_all_in,par,-0.02526845238104425,-0.3748602188464314
2018-07-01,0.054045103466453685,0.02522139585784512,0.059640523285077,oer_all_in,par,-0.0487442200355348,-0.817300341288779
2018-08-01,0.04545533833760161,0.021297796432892015,0.050197449300564495,oer_all_in,par,-0.017354513350698042,-0.34572500381016136
2018-09-01,0.04253261454490504,0.016959804253012842,0.045789281063650475,oer_all_in,par,-0.00775938411194943,-0.16945852679283857
2018-10-01,0.04221640753176518,0.01904137070220638,0.04631197321543235,oer_all_in,par,0.01213333578433673,0.26199133705435784
2018-11-01,0.02852017876318801,0.013385833247020553,0.03150525556794043,oer_all_in,par,-0.015731872651958412,-0.49934121683390115
2018-12-01,0.03192729808869115,0.013473677816506373,0.03465389382374162,oer_all_in,par,-0.08376776997560675,-2.417268616383215
2019-01-01,0.03228504948392985,0.01562538190566259,0.03586749196525465,oer_all_in,par,-0.10012437734603363,-2.7915076259869394
2019-02-01,0.03479617138569967,0.016550931183984055,0.038531894141865905,oer_all_in,par,-0.1247255658789026,-3.236943541360585
2019-03-01,0.038397842310032085,0.01744384278642103,0.04217442287955418,oer_all_in,par,-0.09610956979069218,-2.278859157484413
2019-04-01,0.04384659583386568,0.019719690191903193,0.048076919072284674,oer_all_in,par,-0.11901043674209522,-2.4754172904291245
2019-05-01,0.04441633094569418,0.02060526205898848,0.04896312162431048,oer_all_in,par,-0.11735935313572643,-2.396892788744434
2019-06-01,0.04516620925930784,0.021727190997099733,0.05012042784613911,oer_all_in,par,-0.12559955809365864,-2.505955425584697
2019-07-01,0.0492534731254822,0.023740064977949792,0.054676277306340774,oer_all_in,par,-0.12814320961702652,-2.3436710751001666
2019-08-01,0.053008681456089085,0.026407019635148746,0.05922204822297397,oer_all_in,par,-0.1673209749178728,-2.8253155697672083
2019-09-01,0.05475049949454848,0.02737638141210348,0.06121342544020485,oer_all_in,par,-0.1885005639128634,-3.0793990461618024
2019-10-01,0.06043541205670383,0.030078243679534242,0.06750659059165279,oer_all_in,par,-0.20426310734438236,-3.0258246721415607
2019-11-01,0.06590256649067368,0.03221937732216433,0.07335691204709793,oer_all_in,par,-0.18725201883720288,-2.5526158832446484
2019-12-01,0.06929575420394599,0.03365789108150571,0.07703736225201509,oer_all_in,par,-0.1337188035012593,-1.7357656024594947
2020-01-01,0.10251676556396334,0.03934499330373143,0.10980763051704236,oer_all_in,par,-0.1264654647158192,-1.1517001516228103
2020-02-01,0.10122798482615324,0.03683224423362913,0.10772056037381915,oer_all_in,par,-0.1219110867298756,-1.131734613214149
2020-03-01,0.11107551213500946,0.03704640482296343,0.11709058675385278,oer_all_in,par,-0.12211104523445204,-1.0428767044369949
2020-04-01,0.1335836460736319,0.044697445646464426,0.14086323915643853,oer_all_in,par,-0.11020360399693896,-0.7823446674724703
2020-05-01,0.13901609160909653,0.04635474565115943,0.1465409027222516,oer_all_in,par,-0.1295861751755778,-0.884300374627764
2020-06-01,0.13325200244958837,0.045383946394306096,0.14076860000421385,oer_all_in,par,-0.10194930168601068,-0.7242332571536471
2020-07-01,0.12156439566350835,0.03988063130277801,0.1279389192003048,oer_all_in,par,-0.10442808477129084,-0.8162339139960629
2020-08-01,0.11570784642164554,0.03553163687838612,0.12104050124975772,oer_all_in,par,-0.1516052961418879,-1.25251708788831
2020-09-01,0.1047789358466036,0.03589503946385604,0.1107568474418555,oer_all_in,par,-0.11925348583587958,-1.0767143394767045
2020-10-01,0.09343540680604268,0.03732033051870374,0.10061303253076102,oer_all_in,par,-0.07876248166625022,-0.7828258396065112
2020-11-01,0.08100108715099964,0.034098787276009436,0.08788574067127376,oer_all_in,par,-0.059861821495799106,-0.6811323547889888
2020-12-01,0.07344152806494049,0.030963615561187575,0.07970196693391236,oer_all_in,par,-0.03431763538725985,-0.4305745103595185
2021-01-01,0.07793338266851031,0.03074849844107885,0.0837799635386498,oer_all_in,par,0.0022347110733011988,0.026673574192596423
2021-02-01,0.06743120789244848,0.02801900026062151,0.07302076535780294,oer_all_in,par,0.07021077731144132,0.9615179595476351
2021-03-01,0.06224675229810629,0.023818203374267866,0.06664806811633617,oer_all_in,par,0.10940373811481052,1.64151401843851
2021-04-01,0.13615767386274621,0.04818122825733317,0.14443110090316144,oer_all_in,par,0.030201233416105033,0.20910477886860696
2021-05-01,0.19465577544121374,0.07350218720929619,0.2080707630523103,oer_all_in,par,0.03442396345383347,0.16544353925005348
2021-06-01,0.2969141976610308,0.12298518298689952,0.32137734208717145,oer_all_in,par,-0.09996961381630864,-0.31106615409493477
2021-07-01,0.29523552034934375,0.1240095253750238,0.32022238344576487,oer_all_in,par,-0.12226455070700748,-0.38181138180090735
2021-08-01,0.2482004831982939,0.1038295802415447,0.26904286199972294,oer_all_in,par,0.026109621443715092,0.09704632655796673
2021-09-01,0.20188947573746477,0.08364495044845802,0.21853109195048967,oer_all_in,par,0.08784561931620694,0.4019822467006627
2021-10-01,0.21344386760921152,0.0877369150932502,0.23077272561994586,oer_all_in,par,0.05799639333785578,0.25131389847762453
2021-11-01,0.2523610530649756,0.10353949001738734,0.27277559842684623,oer_all_in,par,-0.02340230064334925,-0.08579323362615718
2021-12-01,0.29225348404254775,0.12241462928483061,0.3168555513131342,oer_all_in,par,-0.11701883116765899,-0.36931286411963316
2022-01-01,0.2562116801020342,0.1282028603053789,0.28649676858768863,oer_all_in,par,-0.12555104680500495,-0.43822849180435797
2022-02-01,0.2543611294380775,0.12891398350550776,0.28516381136510416,oer_all_in,par,-0.15810752449134569,-0.5544445620026998
2022-03-01,0.2257562698173538,0.1095782692434269,0.25094479562690836,oer_all_in,par,-0.08278929521408074,-0.32991038928405414
2022-04-01,0.1734894060394373,0.07781488258044976,0.1901413420561818,oer_all_in,par,-0.011857858272936284,-0.062363387912937926
2022-05-01,0.16125753018155659,0.06544063676494642,0.17403007780397414,oer_all_in,par,0.07519158139133175,0.4320608387937794
2022-06-01,0.18627998834235962,0.06375547807575714,0.19688828060983718,oer_all_in,par,0.25340653221999077,1.2870574695207622
2022-07-01,0.15200979976907636,0.05805857982448837,0.16271993706080143,oer_all_in,par,0.2451330116337349,1.506471893128494
2022-08-01,0.11169226599108739,0.04770770619247937,0.1214544668275801,oer_all_in,par,0.11230589718003081,0.9246749017429154
2022-09-01,0.11145497621087296,0.05146210494761686,0.12276220903765861,oer_all_in,par,0.14785101054235383,1.204369094539501
2022-10-01,0.09932447142052016,0.04772278105272617,0.1101944393078533,oer_all_in,par,0.2624015105604496,2.3812590926423347
2022-11-01,0.10607581043881678,0.0534320866319578,0.1187731680224824,oer_all_in,par,0.46378600129723946,3.904804502726155
2022-12-01,0.13407074984555545,0.06565901112244267,0.14928520256785854,oer_all_in,par,0.5939957132612861,3.9789322923099597
2023-01-01,0.14966601917513403,0.07444162981910438,0.16715703259467177,oer_all_in,par,0.7228688294548036,4.324489482938126
2023-02-01,0.15342225955680272,0.07592703466550232,0.1711820794376892,oer_all_in,par,0.8448517405540201,4.935398280761911
2023-03-01,0.13208720735563786,0.06473986256764389,0.14709955864069985,oer_all_in,par,0.7580051074397076,5.153007353959396
2023-04-01,0.11218474539603693,0.05916662960771977,0.12683101812534162,oer_all_in,par,0.8130466838665029,6.410471948297411
2023-05-01,0.11512607598994241,0.06084334996592751,0.13021492467424126,oer_all_in,par,0.7939458515225484,6.097195490522789
2023-06-01,0.12742251058738233,0.06531364841847145,0.1431864828610692,oer_all_in,par,0.756085583301247,5.280425695174459
2023-07-01,0.12612017055906766,0.06651749988184227,0.14258637807441216,oer_all_in,par,0.8219397385672123,5.7645039425734135
2023-08-01,0.123418627157785,0.06880488643809159,0.1413020520985843,oer_all_in,par,0.9876019790662216,6.989296789385526
2023-09-01,0.12462557270338868,0.06995788252545747,0.14291829378737111,oer_all_in,par,0.9618461931061972,6.730042513222266
2023-10-01,0.11595469383133679,0.06401081495438454,0.1324495203941619,oer_all_in,par,0.9018812128071652,6.809244836245689
2023-11-01,0.1031576218854499,0.057081414369896596,0.11789734017156318,oer_all_in,par,0.7277781264684702,6.172981726385123
2023-12-01,0.09112274448898408,0.053257092643558136,0.10554464685643329,oer_all_in,par,0.6310232122312964,5.978732517714929
2024-01-01,0.09187367787642338,0.04203352405788246,0.10103261766016651,oer_all_in,par,0.5021308386177203,4.969987418386887
2024-02-01,0.08271087970039441,0.0388647522481403,0.09138686222932946,oer_all_in,par,0.4255004298154397,4.656035008048243
2024-03-01,0.07639194236102392,0.03891570961481958,0.08573308178594166,oer_all_in,par,0.41427582419266695,4.832158316984693
2024-04-01,0.07706579400573531,0.04339255448767408,0.08844235631585237,oer_all_in,par,0.36448380009381776,4.121145289166022
2024-05-01,0.07776126570733498,0.04709015616118299,0.09090818033428759,oer_all_in,par,0.31355324298114606,3.449120220294235
2024-06-01,0.0757139439556191,0.047135478486713664,0.08918718877443148,oer_all_in,par,0.2902848105867051,3.2547814834805626
2024-07-01,0.07473640067519138,0.04807429577990639,0.08886319542204564,oer_all_in,par,0.29550819846080323,3.325428452773059
2024-08-01,0.07418369247036663,0.0471752407292838,0.0879131592334379,oer_all_in,par,0.20285761084917198,2.30747720384521
2024-09-01,0.06802136090480534,0.04048077037789531,0.07915553240127735,oer_all_in,par,0.16769166318832962,2.1185084365072573
2024-10-01,0.06157526634189213,0.03642800567477406,0.0715437839544172,oer_all_in,par,0.10069619277623953,1.4074764739924333
2024-11-01,0.05351839395970924,0.03269011225633641,0.06271253408496996,oer_all_in,par,0.08198603622457945,1.3073309414270453
2024-12-01,0.04866690304489626,0.030441778214132725,0.057403565331952844,oer_all_in,par,0.13279353624435775,2.313332551322212
2025-01-01,0.05965436335668838,0.02726342800913917,0.06558915744466703,oer_all_in,par,0.09609213506784897,1.4650612816442283
2025-02-01,0.056085552955599485,0.026413184741819785,0.06199391565743251,oer_all_in,par,0.0550337402551504,0.8877280886604612
2025-03-01,0.05437075433352345,0.03094407340139483,0.06255968834215266,oer_all_in,par,0.07258286681750548,1.1602178454044378
2025-04-01,0.0513351956700522,0.02780621325116661,0.05838225595034762,oer_all_in,par,0.07760775771916695,1.3293038519301146
2025-05-01,0.04794034165948104,0.02537619703946699,0.054242305764169226,oer_all_in,par,0.08616009893873677,1.5884298745215113
2025-06-01,0.04206489086934499,0.026072814019946603,0.049489864364015264,oer_all_in,par,0.10968103799418039,2.2162323417869563
2025-07-01,0.03691308588238114,0.02703102560398754,0.04575207377336546,oer_all_in,par,0.06544785936326569,1.4304894612529262
2025-08-01,0.02916127461283729,0.022706088514478556,0.03695871199964419,oer_all_in,par,0.0014231058428570975,0.03850528781605804
2025-09-01,0.02363500015506648,0.015701831272420596,0.028375354405497,oer_all_in,par,-0.05339745214463232,-1.8818250296210548
2025-11-01,0.029888844542092632,0.024081337832866787,0.038382989199410224,oer_all_in,par,0.13214721386838324,3.4428588451473123
2025-12-01,0.036290286508541866,0.01869713801362896,0.040823618957323525,oer_all_in,par,0.0737814711366136,1.8073231384445307
2026-01-01,0.062221902129141894,0.022779913914043336,0.06626076955861393,oer_all_in,par,0.11583833784858388,1.7482190234164712
2026-02-01,0.07004316849478039,0.02542913767201185,0.07451635052476958,oer_all_in,par,0.07780958845984287,1.0441948365946692
2026-03-01,0.08856067273373386,0.03283482710383784,0.09445167349491716,oer_all_in,par,0.04287775346765166,0.45396499480720254
2026-04-01,0.11152776293180831,0.04247454514179564,0.11934206672240963,oer_all_in,par,0.10403163722330078,0.8717097003630664
2026-05-01,0.13754896858503016,0.05469448062937196,0.14802433911395232,oer_all_in,par,0.16303974160587487,1.101438740289618
2026-06-01,0.10866647344714753,0.04179998194063958,0.11642869466620938,oer_all_in,par,0.14064908221407268,1.2080276483155719
2026-07-01,0.09957628491580911,0.03774078109569088,0.1064885114711782,oer_all_in,par,0.1523470211112654,1.4306427895980038
2014-12-01,0.023880437175893283,0.02229858547231023,0.03267265207750529,oer_all_in,mk,-0.26674718325339075,-8.164234192578533
2015-01-01,0.034257493787998625,0.03048258477960125,0.04585590316938858,oer_all_in,mk,-0.32304480780710465,-7.04478127088238
2015-02-01,0.028634647746456705,0.02578908277920479,0.03853595518676467,oer_all_in,mk,-0.3142802558436575,-8.15550709254505
2015-03-01,0.027422882150547796,0.024582544411096453,0.03682819511144094,oer_all_in,mk,-0.2702092159491243,-7.337020321834395
2015-04-01,0.030746317775914342,0.026996366450899655,0.040916254206962384,oer_all_in,mk,-0.28599008330134623,-6.989644796289335
2015-05-01,0.026497701287781186,0.02385848210079703,0.03565607019415534,oer_all_in,mk,-0.24797628407654537,-6.954672310388065
2015-06-01,0.02680237635136083,0.024146426648332348,0.03607516178707007,oer_all_in,mk,-0.21985347957599322,-6.094317216750288
2015-07-01,0.02662754273081432,0.02409402507263702,0.03591027813986135,oer_all_in,mk,-0.20886111823565923,-5.816193275423783
2015-08-01,0.027123667476148777,0.02452420089356209,0.036566785021717216,oer_all_in,mk,-0.23405264841722673,-6.40068981394513
2015-09-01,0.03065125814355038,0.027446728817641968,0.04114392480757933,oer_all_in,mk,-0.29222715308734326,-7.102558991491999
2015-10-01,0.027520101241886148,0.025073459055714398,0.03722948188441856,oer_all_in,mk,-0.3006025301359183,-8.074314089816214
2015-11-01,0.024643804237300625,0.022609840743112692,0.03344431170939708,oer_all_in,mk,-0.25345038361894723,-7.578280749839247
2015-12-01,0.02194951713575574,0.020702429692516632,0.03017236977213472,oer_all_in,mk,-0.22026626962665663,-7.300264158570684
2016-01-01,0.016896773799670528,0.016014010201344783,0.023279808580957174,oer_all_in,mk,-0.1452556741581068,-6.239556208246729
2016-02-01,0.021879396964074847,0.019504967033664708,0.02931129049523263,oer_all_in,mk,-0.1861912049792691,-6.352200869816783
2016-03-01,0.021360968226327836,0.019075115791370844,0.02863827868466247,oer_all_in,mk,-0.2698288239948221,-9.421963762763848
2016-04-01,0.020422248772769876,0.018741939066989982,0.027718739598467785,oer_all_in,mk,-0.2694749070871083,-9.721759033444801
2016-05-01,0.023291184733982433,0.0209349713330544,0.03131696522698689,oer_all_in,mk,-0.31871773523468594,-10.177159023060002
2016-06-01,0.025282507681491213,0.023254309513670125,0.034350663830881506,oer_all_in,mk,-0.35238484586441743,-10.258458107223557
2016-07-01,0.026333870773729114,0.02376515414091562,0.03547189452607435,oer_all_in,mk,-0.38814892144789503,-10.942435599614736
2016-08-01,0.02700233351748478,0.024268676807967116,0.03630557380622214,oer_all_in,mk,-0.35671795188410016,-9.825432144057311
2016-09-01,0.02413001209086412,0.022447207344113727,0.032956556268137024,oer_all_in,mk,-0.301922786173936,-9.161235892411495
2016-10-01,0.02232123234190408,0.021008708719524885,0.03065294855838677,oer_all_in,mk,-0.2600633113981843,-8.484120570092104
2016-11-01,0.021652513955945,0.020675317815791336,0.02993827195073843,oer_all_in,mk,-0.27008764773712723,-9.021484211965864
2016-12-01,0.021663821089108314,0.020672137734765138,0.029944255253821137,oer_all_in,mk,-0.23553230107324907,-7.865692403326451
2017-01-01,0.025831998101258833,0.020975166916467575,0.03327536255365396,oer_all_in,mk,-0.20339843911734157,-6.11258371082741
2017-02-01,0.03247085835678545,0.027092193930330903,0.04228881192922168,oer_all_in,mk,-0.19786421276459798,-4.67887849617911
2017-03-01,0.02770548852883323,0.022549664748579473,0.03572228261036293,oer_all_in,mk,-0.2248401359648211,-6.294114472393644
2017-04-01,0.025316648069665982,0.020940703123084773,0.032854919217257174,oer_all_in,mk,-0.2738729922020289,-8.335829115603975
2017-05-01,0.02241508683357028,0.01904777855048,0.029415199905229637,oer_all_in,mk,-0.30200227530963186,-10.266878222232982
2017-06-01,0.02229782151209426,0.018969051286396678,0.029274865514484622,oer_all_in,mk,-0.3141220111396059,-10.730092371703112
2017-07-01,0.023510105313460965,0.019076942626961035,0.030276307434071094,oer_all_in,mk,-0.3116200054545937,-10.292536701616251
2017-08-01,0.02437581911584045,0.019931014148910887,0.031486916053692186,oer_all_in,mk,-0.2876801751515279,-9.13649894009846
2017-09-01,0.027918852425675614,0.023088753181850205,0.03622917117819632,oer_all_in,mk,-0.244461129337048,-6.747632401929503
2017-10-01,0.0250695919208329,0.020803228681827136,0.03257696675053534,oer_all_in,mk,-0.2794199127854169,-8.577223132071532
2017-11-01,0.024873642345978268,0.02202929651972253,0.03322631470249902,oer_all_in,mk,-0.23921227622938357,-7.199482650159572
2017-12-01,0.02042376985338656,0.018628926312095444,0.027643575574906796,oer_all_in,mk,-0.21096049957112228,-7.631447639596224
2018-01-01,0.019773089283980912,0.01877736064043306,0.027268376050897592,oer_all_in,mk,-0.21216249960105404,-7.780532995622608
2018-02-01,0.020984895628000013,0.02003842184195626,0.029015585371214618,oer_all_in,mk,-0.17653479547194983,-6.084136963408777
2018-03-01,0.019284585397872367,0.01822337091727473,0.026532743573863718,oer_all_in,mk,-0.14168653369377449,-5.340063431410233
2018-04-01,0.021950853985240288,0.020528555886423012,0.030054310796678276,oer_all_in,mk,-0.10314877831218983,-3.432079311683642
2018-05-01,0.026571280447042236,0.02509275112803097,0.036546943836231624,oer_all_in,mk,-0.045756158754595155,-1.2519831742875795
2018-06-01,0.02662196971954052,0.02548446151850834,0.03685358938606204,oer_all_in,mk,-0.016549250033448537,-0.44905395401478676
2018-07-01,0.02522139585784512,0.02451486497697974,0.03517239562295515,oer_all_in,mk,-0.0017687415694744857,-0.05028777648344551
2018-08-01,0.021297796432892015,0.02040009102644822,0.029491691148258708,oer_all_in,mk,-0.033777304874527125,-1.145315970682185
2018-09-01,0.016959804253012842,0.01575107603367707,0.023145871262909692,oer_all_in,mk,-0.061033198522486565,-2.636893544823683
2018-10-01,0.01904137070220638,0.01832947061878926,0.026429969568349906,oer_all_in,mk,-0.03624074467467597,-1.3711988801559025
2018-11-01,0.013385833247020553,0.01199420130057594,0.017973352401702315,oer_all_in,mk,-0.08954223101127479,-4.981943769310057
2018-12-01,0.013473677816506373,0.01216637201257567,0.01815380406006963,oer_all_in,mk,-0.1283083494491688,-7.067849197039129
2019-01-01,0.01562538190566259,0.014760693078778628,0.02149489753089582,oer_all_in,mk,-0.1626473841473075,-7.566790393558533
2019-02-01,0.016550931183984055,0.014601281684627689,0.022071038713454783,oer_all_in,mk,-0.1603111027337789,-7.263414505093104
2019-03-01,0.01744384278642103,0.014752623548731159,0.022845733797099844,oer_all_in,mk,-0.15166220343356684,-6.638535000912058
2019-04-01,0.019719690191903193,0.017297899455421987,0.026231345883018113,oer_all_in,mk,-0.15783639279400852,-6.017090907111635
2019-05-01,0.02060526205898848,0.018277343069287508,0.02754338567046583,oer_all_in,mk,-0.20234512837169483,-7.346414518265454
2019-06-01,0.021727190997099733,0.019939810954178974,0.029490115115286472,oer_all_in,mk,-0.2295733368830266,-7.7847555353904045
2019-07-01,0.023740064977949792,0.021877122133625165,0.03228310948478833,oer_all_in,mk,-0.22464497082017587,-6.958591486548954
2019-08-01,0.026407019635148746,0.024227921253674414,0.0358374504434311,oer_all_in,mk,-0.22472158952193677,-6.270579707578713
2019-09-01,0.02737638141210348,0.025407093822815866,0.03734952042185191,oer_all_in,mk,-0.2510871493910827,-6.722633826488981
2019-10-01,0.030078243679534242,0.0272202678415873,0.04056653453541716,oer_all_in,mk,-0.26195036436118535,-6.457301994393582
2019-11-01,0.03221937732216433,0.028837371729711445,0.04323982288707434,oer_all_in,mk,-0.2334747432213513,-5.399530516836224
2019-12-01,0.03365789108150571,0.03026706821159142,0.04526531840360376,oer_all_in,mk,-0.23011825653005413,-5.08376533394126
2020-01-01,0.03934499330373143,0.03396829952660131,0.051979552429773514,oer_all_in,mk,-0.2208246090735999,-4.248297623800108
2020-02-01,0.03683224423362913,0.032823557888024386,0.04933558723390444,oer_all_in,mk,-0.2209124520277106,-4.477750532903254
2020-03-01,0.03704640482296343,0.0333481397043262,0.04984510539708133,oer_all_in,mk,-0.30713467453611365,-6.16178202632706
2020-04-01,0.044697445646464426,0.03889489157901582,0.05925094293141702,oer_all_in,mk,-0.44103776174924114,-7.443556843639475
2020-05-01,0.04635474565115943,0.040084697713987164,0.06128250513160678,oer_all_in,mk,-0.43586477514891975,-7.112385079769203
2020-06-01,0.045383946394306096,0.03788505100122275,0.05911835315438428,oer_all_in,mk,-0.3717585918986188,-6.288378685512297
2020-07-01,0.03988063130277801,0.03416909368013685,0.05251658515202683,oer_all_in,mk,-0.3243986681998434,-6.1770708674366945
2020-08-01,0.03553163687838612,0.030415731734779253,0.04677193556203919,oer_all_in,mk,-0.24571485045787878,-5.253467651172099
2020-09-01,0.03589503946385604,0.028934761206316842,0.046105035128262944,oer_all_in,mk,-0.20773754719054516,-4.505745340235074
2020-10-01,0.03732033051870374,0.028335564832739763,0.04685841764737354,oer_all_in,mk,-0.188353313032108,-4.019625981601309
2020-11-01,0.034098787276009436,0.025204045436384402,0.042402490493529656,oer_all_in,mk,-0.15144150658830124,-3.571523861585683
2020-12-01,0.030963615561187575,0.02221280202515859,0.038107139258017085,oer_all_in,mk,-0.1185717347279791,-3.1115359755858254
2021-01-01,0.03074849844107885,0.022365855105683976,0.03802238328918216,oer_all_in,mk,-0.10933299199142876,-2.875490238470542
2021-02-01,0.02801900026062151,0.021250395895477486,0.03516594519303064,oer_all_in,mk,-0.10765743426597307,-3.061411649111856
2021-03-01,0.023818203374267866,0.02068337850752277,0.03154534765164968,oer_all_in,mk,0.009389854024033362,0.2976620872188205
2021-04-01,0.04818122825733317,0.04225795956514718,0.06408717424723026,oer_all_in,mk,0.26605773979409,4.151497439530009
2021-05-01,0.07350218720929619,0.058311774396177206,0.09382342222377679,oer_all_in,mk,0.3915619216932731,4.173392021017575
2021-06-01,0.12298518298689952,0.08446356701975706,0.14919600996012644,oer_all_in,mk,0.536868997480533,3.598413909487355
2021-07-01,0.1240095253750238,0.08522154662085861,0.15046951316525833,oer_all_in,mk,0.5695122641733441,3.7849013543883645
2021-08-01,0.1038295802415447,0.07299809158059642,0.126922429489608,oer_all_in,mk,0.4854322053054583,3.824636884572115
2021-09-01,0.08364495044845802,0.061077037478454346,0.10357066304060003,oer_all_in,mk,0.4385305842720344,4.2341196956528995
2021-10-01,0.0877369150932502,0.06639125617082446,0.11002529330122339,oer_all_in,mk,0.49765211084420446,4.523070067913839
2021-11-01,0.10353949001738734,0.07780181456522238,0.12951273428779853,oer_all_in,mk,0.5497444232783755,4.244713280909916
2021-12-01,0.12241462928483061,0.08680869882688527,0.15007028904803035,oer_all_in,mk,0.5971212164906037,3.978943602217582
2022-01-01,0.1282028603053789,0.09144530406637982,0.1574744964312417,oer_all_in,mk,0.5738742338639238,3.6442360310356365
2022-02-01,0.12891398350550776,0.0914543491606963,0.15805920765227463,oer_all_in,mk,0.6028690706726181,3.8141977277205603
2022-03-01,0.1095782692434269,0.0808580819440575,0.13618159385929096,oer_all_in,mk,0.5988281918411822,4.397277009842599
2022-04-01,0.07781488258044976,0.06266781384087802,0.0999120155066653,oer_all_in,mk,0.45520872339286456,4.556095891814902
2022-05-01,0.06544063676494642,0.05919982652185276,0.0882445261782232,oer_all_in,mk,0.37383558328070166,4.2363600267475405
2022-06-01,0.06375547807575714,0.06671620857019003,0.0922811653082548,oer_all_in,mk,0.250617774314831,2.715806345505832
2022-07-01,0.05805857982448837,0.055989802346660754,0.08065765095795083,oer_all_in,mk,0.14470919693663298,1.7941161838704438
2022-08-01,0.04770770619247937,0.04667136859725366,0.06674010695892425,oer_all_in,mk,0.08107751927317608,1.21482453306639
2022-09-01,0.05146210494761686,0.048036957853827326,0.07039813609386199,oer_all_in,mk,-0.022695985683562014,-0.32239469598032267
2022-10-01,0.04772278105272617,0.0441739204682404,0.06502921713307695,oer_all_in,mk,-0.13389438568211887,-2.058988122340686
2022-11-01,0.0534320866319578,0.04570181686278699,0.07031105138173348,oer_all_in,mk,-0.2900146522935021,-4.124737812821936
2022-12-01,0.06565901112244267,0.050374420841316714,0.08275680042555496,oer_all_in,mk,-0.42560831362037366,-5.142880239832805
2023-01-01,0.07444162981910438,0.05680637903929233,0.09364038097786831,oer_all_in,mk,-0.4321859191849242,-4.6153797610784
2023-02-01,0.07592703466550232,0.05793375801971363,0.09550515646489002,oer_all_in,mk,-0.5004635439315619,-5.240173017417591
2023-03-01,0.06473986256764389,0.04964374428304285,0.08158278710437372,oer_all_in,mk,-0.5301042611361995,-6.497746399102613
2023-04-01,0.05916662960771977,0.04206841417202709,0.07259780664790302,oer_all_in,mk,-0.515332778202926,-7.098462088562441
2023-05-01,0.06084334996592751,0.042763301800435735,0.07436809272767106,oer_all_in,mk,-0.553292607538558,-7.439919288567253
2023-06-01,0.06531364841847145,0.04704073488094052,0.08049039326447992,oer_all_in,mk,-0.6108343926316762,-7.588910525316503
2023-07-01,0.06651749988184227,0.0464287651563668,0.08111848139897557,oer_all_in,mk,-0.5938423428064388,-7.320678747493642
2023-08-01,0.06880488643809159,0.04578935429226006,0.08264851701186655,oer_all_in,mk,-0.5632137535194648,-6.814565752445375
2023-09-01,0.06995788252545747,0.04609258241521896,0.08377727305868496,oer_all_in,mk,-0.4970056530031908,-5.932463958990935
2023-10-01,0.06401081495438454,0.04282559472284869,0.07701568667804076,oer_all_in,mk,-0.5512871774613348,-7.158115459853733
2023-11-01,0.057081414369896596,0.03762713263723706,0.06836730927108414,oer_all_in,mk,-0.54900157841975,-8.030176765373293
2023-12-01,0.053257092643558136,0.03292905390049019,0.06261501822746618,oer_all_in,mk,-0.5007647927202541,-7.997518916325936
2024-01-01,0.04203352405788246,0.03404222869805833,0.05408965224010494,oer_all_in,mk,-0.4641541979234276,-8.58120137032937
2024-02-01,0.0388647522481403,0.031118628369449224,0.049787930253277414,oer_all_in,mk,-0.4030718487918916,-8.095774352165572
2024-03-01,0.03891570961481958,0.031229007413932378,0.04989672693558571,oer_all_in,mk,-0.41068477157280014,-8.230695614623672
2024-04-01,0.04339255448767408,0.035270231566312225,0.055918717972670395,oer_all_in,mk,-0.3965302324109299,-7.091189619274342
2024-05-01,0.04709015616118299,0.038412236029364756,0.06076991594580519,oer_all_in,mk,-0.40179708172483064,-6.611776163770814
2024-06-01,0.047135478486713664,0.03871040369924371,0.06099384138361731,oer_all_in,mk,-0.43630547776658535,-7.153271016699321
2024-07-01,0.04807429577990639,0.03955243154559018,0.06225377704125688,oer_all_in,mk,-0.4630741006510952,-7.438490042848425
2024-08-01,0.0471752407292838,0.03883465187757354,0.0611034657308258,oer_all_in,mk,-0.41607761899333795,-6.809394753912182
2024-09-01,0.04048077037789531,0.03327861270541177,0.0524038055296052,oer_all_in,mk,-0.37993381058474274,-7.250118703117878
2024-10-01,0.03642800567477406,0.0300319609182975,0.04721142101271174,oer_all_in,mk,-0.3101601187450287,-6.569599306521989
2024-11-01,0.03269011225633641,0.027158811271905982,0.042499934929772346,oer_all_in,mk,-0.2053426596144492,-4.831599388416973
2024-12-01,0.030441778214132725,0.025213014495721317,0.03952718002589989,oer_all_in,mk,-0.1961301801047144,-4.961906717762349
2025-01-01,0.02726342800913917,0.0215997449140763,0.03478280447523861,oer_all_in,mk,-0.16986968932002355,-4.883726079101856
2025-02-01,0.026413184741819785,0.02093923989862159,0.03370620263004315,oer_all_in,mk,-0.21949945679571314,-6.512138409803186
2025-03-01,0.03094407340139483,0.02122148364591877,0.03752182094201864,oer_all_in,mk,-0.2540685584069502,-6.771221439374033
2025-04-01,0.02780621325116661,0.020748107099295775,0.03469393957989207,oer_all_in,mk,-0.27240917913724516,-7.851779948770309
2025-05-01,0.02537619703946699,0.019292576183975882,0.031877184191838,oer_all_in,mk,-0.25368866518913347,-7.9583147514669514
2025-06-01,0.026072814019946603,0.017758506053913933,0.03154609592620967,oer_all_in,mk,-0.21014408103510185,-6.661492487902643
2025-07-01,0.02703102560398754,0.016586750170018982,0.03171429687705617,oer_all_in,mk,-0.14962425304825278,-4.717880192276911
2025-08-01,0.022706088514478556,0.015283401792992955,0.027370583223479093,oer_all_in,mk,-0.13134816840754127,-4.7988808764172735
2025-09-01,0.015701831272420596,0.012997326574773347,0.020383277543095834,oer_all_in,mk,-0.09614098488412992,-4.716659756060404
2025-11-01,0.024081337832866787,0.014147772388977067,0.0279297385485608,oer_all_in,mk,-0.1400469918863001,-5.014260754457246
2025-12-01,0.01869713801362896,0.013781372466090295,0.023227337276360387,oer_all_in,mk,-0.0945276106114834,-4.069670556154917
2026-01-01,0.022779913914043336,0.01816600012713095,0.029136369687216473,oer_all_in,mk,-0.15168495336219667,-5.206034759668366
2026-02-01,0.02542913767201185,0.020498137124893356,0.03266212896204201,oer_all_in,mk,-0.08462575525232108,-2.5909442507764306
2026-03-01,0.03283482710383784,0.026132408933656755,0.041964612087028605,oer_all_in,mk,0.06134229229204369,1.4617624050671205
2026-04-01,0.04247454514179564,0.03188305298944673,0.05310947234656266,oer_all_in,mk,0.06582361443547846,1.2393949991811335
2026-05-01,0.05469448062937196,0.040848424611956154,0.06826477865338325,oer_all_in,mk,0.08847363416728538,1.2960363442546747
2026-06-01,0.04179998194063958,0.03158391177232664,0.05239066685088011,oer_all_in,mk,0.04632839412963552,0.8842871624730474
2026-07-01,0.03774078109569088,0.028890798419351275,0.04752940974828583,oer_all_in,mk,0.009936145644950933,0.2090525781315701
2014-12-01,0.022007508774596587,0.02209369535312684,0.031184320047432882,pm_oer_all_in,fam,-0.25251334204787756,-8.097445820970037
2015-01-01,0.031242162517959613,0.030314425879116008,0.043532024248580714,pm_oer_all_in,fam,-0.3085956469515372,-7.0889340038350825
2015-02-01,0.02603813107448705,0.025527897960433116,0.036464473726223634,pm_oer_all_in,fam,-0.29746977936413455,-8.157797136948872
2015-03-01,0.024956712952736926,0.024337262716215405,0.034858856520594526,pm_oer_all_in,fam,-0.26280980612489735,-7.539254937109884
2015-04-01,0.02808121467181313,0.026899669275036387,0.038886332104619864,pm_oer_all_in,fam,-0.2808215344232923,-7.221599961337816
2015-05-01,0.024304066547549182,0.023809123278353956,0.03402296286380061,pm_oer_all_in,fam,-0.24480394473281875,-7.195256501110978
2015-06-01,0.024532140443568905,0.02402399354319759,0.03433625169564361,pm_oer_all_in,fam,-0.21533530428766712,-6.271368994973544
2015-07-01,0.02439205124582105,0.024011949057013388,0.03422785213090892,pm_oer_all_in,fam,-0.2056126460840524,-6.00717349419589
2015-08-01,0.024876753006916573,0.024483177938840195,0.03490385139425224,pm_oer_all_in,fam,-0.22721435675876478,-6.509721640523059
2015-09-01,0.028087432175781524,0.027430175955972736,0.039259628108334804,pm_oer_all_in,fam,-0.29046149804307086,-7.398478081390842
2015-10-01,0.025294593288222835,0.025133193089753692,0.035658012346504266,pm_oer_all_in,fam,-0.3016359852893835,-8.459136262511121
2015-11-01,0.022623772296409436,0.02264007514420703,0.0320063755438682,pm_oer_all_in,fam,-0.25510919099822615,-7.970574195399646
2015-12-01,0.020111877631479466,0.020653826839729637,0.02882825324207383,pm_oer_all_in,fam,-0.22234867005630488,-7.7128734852306184
2016-01-01,0.015132266832670823,0.015702513980858396,0.021807210844447825,pm_oer_all_in,fam,-0.1520320994194524,-6.971643485446474
2016-02-01,0.019375293300280184,0.019007829624280125,0.02714221025446423,pm_oer_all_in,fam,-0.19576429144345653,-7.212540526660244
2016-03-01,0.018623824293396124,0.018351543871181607,0.026146242440687244,pm_oer_all_in,fam,-0.27345821085471567,-10.458795808807162
2016-04-01,0.017845088019063583,0.018023795901645368,0.025363445844606664,pm_oer_all_in,fam,-0.27051845533532237,-10.665682296983553
2016-05-01,0.020364848734576283,0.020106596293567498,0.02861821585100433,pm_oer_all_in,fam,-0.3228328087836019,-11.280675583145145
2016-06-01,0.021954704034445365,0.02226848556167504,0.03127130439317525,pm_oer_all_in,fam,-0.35859008442926665,-11.467065138079962
2016-07-01,0.022635008275978395,0.022562115558011957,0.03195923431665245,pm_oer_all_in,fam,-0.39157061208296984,-12.252190030689842
2016-08-01,0.022544266839996566,0.022554308010806982,0.03188950888927768,pm_oer_all_in,fam,-0.3665620188578078,-11.494752714146005
2016-09-01,0.020199899274833674,0.02095301433743506,0.029104376656066442,pm_oer_all_in,fam,-0.3122940676376196,-10.730141082493372
2016-10-01,0.01932514351975855,0.020065090281443366,0.0278580153647337,pm_oer_all_in,fam,-0.26892404469882614,-9.653381304371925
2016-11-01,0.019201805502215962,0.020056294208566718,0.02776624338878989,pm_oer_all_in,fam,-0.27892411582362,-10.045439417859114
2016-12-01,0.019505666930183612,0.020266053690365254,0.02812799272205583,pm_oer_all_in,fam,-0.24461399902619974,-8.696461259903273
2017-01-01,0.023716940591985716,0.020850427483387377,0.031579005641149877,pm_oer_all_in,fam,-0.20560744615121251,-6.5108904468888715
2017-02-01,0.030055358011976938,0.027059683913718945,0.04044194652509305,pm_oer_all_in,fam,-0.19726315093970825,-4.877686854595691
2017-03-01,0.025888001737008046,0.022600044045903756,0.03436496216805893,pm_oer_all_in,fam,-0.22506787541292095,-6.549341573904421
2017-04-01,0.023654561236815017,0.020992303420197915,0.03162617697717959,pm_oer_all_in,fam,-0.27342907164200625,-8.645656787391776
2017-05-01,0.02110112886116107,0.019133371346405123,0.028484092723742513,pm_oer_all_in,fam,-0.2897167981791071,-10.171178734354342
2017-06-01,0.021036999635426806,0.019039269326134495,0.028373387709859983,pm_oer_all_in,fam,-0.29796855356201135,-10.501691113129393
2017-07-01,0.022229856207395204,0.01915437733443253,0.029343767278099956,pm_oer_all_in,fam,-0.29151797506818955,-9.934579030203707
2017-08-01,0.022978351550768376,0.020000382434589282,0.03046341966228557,pm_oer_all_in,fam,-0.2688665657069267,-8.825882605680997
2017-09-01,0.026256724360562363,0.02319892328302285,0.03503720330788587,pm_oer_all_in,fam,-0.23260548121453173,-6.638814153359634
2017-10-01,0.023595350981895427,0.020882894572031203,0.03150929820966192,pm_oer_all_in,fam,-0.2698525988875211,-8.564221173443155
2017-11-01,0.023340084080337893,0.022131213798623147,0.03216442365529981,pm_oer_all_in,fam,-0.22716451317568165,-7.062601699634409
2017-12-01,0.01911833875942426,0.0186828104781645,0.026731223022583857,pm_oer_all_in,fam,-0.1981195949610992,-7.4115424795086255
2018-01-01,0.01854902233273518,0.018825559773189733,0.02642854385459494,pm_oer_all_in,fam,-0.20193616389456714,-7.6408357950246275
2018-02-01,0.01961277239154924,0.020070480264978787,0.028062163475926424,pm_oer_all_in,fam,-0.16719309133488292,-5.957954434921319
2018-03-01,0.01801942139152474,0.01826936006935223,0.02566065206944245,pm_oer_all_in,fam,-0.1369913168693948,-5.338575048625852
2018-04-01,0.020674412411269667,0.020616692161137245,0.02919724857273985,pm_oer_all_in,fam,-0.09660126164130478,-3.308574141862703
2018-05-01,0.024908952139234015,0.02519287234487656,0.03542790868312575,pm_oer_all_in,fam,-0.04532429069310506,-1.2793385886391013
2018-06-01,0.024796626962292064,0.02557238126607378,0.03562049118589623,pm_oer_all_in,fam,-0.020333982060494193,-0.570850692495373
2018-07-01,0.023273832225765963,0.024520816716181174,0.03380742106256631,pm_oer_all_in,fam,-0.012348148851049068,-0.36524965415719657
2018-08-01,0.019582969131924248,0.020337246360844302,0.02823289339695053,pm_oer_all_in,fam,-0.04078534688682911,-1.4446038637766538
2018-09-01,0.015828250617623923,0.015745993061718474,0.02232643758224761,pm_oer_all_in,fam,-0.06512592952594431,-2.9169870601178136
2018-10-01,0.017571172886292428,0.018305314960618792,0.02537381864062704,pm_oer_all_in,fam,-0.03650192301776212,-1.4385664032183718
2018-11-01,0.01201261260402873,0.011809123538128578,0.016845125713785943,pm_oer_all_in,fam,-0.09344925817431626,-5.547554809747605
2018-12-01,0.011549809612049005,0.011554759832558237,0.01633739810565565,pm_oer_all_in,fam,-0.14191424464242708,-8.686465477835144
2019-01-01,0.013675265456082528,0.014567874249896697,0.019980887003712505,pm_oer_all_in,fam,-0.1715355581015432,-8.584982141667254
2019-02-01,0.014070599029050316,0.01369510095115164,0.019635110060769873,pm_oer_all_in,fam,-0.16852050552489395,-8.582610690916923
2019-03-01,0.013788176859640172,0.012440071628995308,0.01857065435700236,pm_oer_all_in,fam,-0.1493652395154088,-8.043078969863455
2019-04-01,0.014836175291686245,0.013897055392460882,0.02032831143668277,pm_oer_all_in,fam,-0.14918219900266205,-7.338641946101846
2019-05-01,0.014126853464339206,0.013324003082811453,0.019418986764341794,pm_oer_all_in,fam,-0.19067426420458222,-9.818960511096735
2019-06-01,0.01429111562982111,0.014347102717287756,0.02025031709196977,pm_oer_all_in,fam,-0.21412677368000121,-10.57399608645698
2019-07-01,0.013088983577976105,0.013542240180517475,0.018833846134322912,pm_oer_all_in,fam,-0.2017094322882107,-10.709943728414254
2019-08-01,0.012567118945756382,0.013385461453671964,0.018360366470322072,pm_oer_all_in,fam,-0.19924221194957958,-10.851755724573211
2019-09-01,0.013277139506333059,0.014560927070712512,0.019705406126980445,pm_oer_all_in,fam,-0.22284154111373855,-11.308650005879663
2019-10-01,0.014467175828993293,0.014842265729992775,0.020726601951760588,pm_oer_all_in,fam,-0.2271676632670916,-10.960198096909716
2019-11-01,0.015128588359957312,0.014981013901763865,0.021290959661083343,pm_oer_all_in,fam,-0.19172985054622949,-9.005223512619898
2019-12-01,0.015905092051345784,0.016092248542460007,0.0226259235461028,pm_oer_all_in,fam,-0.1733934144225957,-7.663484501275168
2020-01-01,0.02107756022950776,0.019305278613849855,0.02858246538678733,pm_oer_all_in,fam,-0.16866954242946708,-5.901154436714094
2020-02-01,0.017295784266102163,0.01698946024021396,0.024244296496977555,pm_oer_all_in,fam,-0.17103716463062746,-7.054738200052537
2020-03-01,0.019350582681992752,0.018627699823599124,0.026859565351113796,pm_oer_all_in,fam,-0.26243609557139447,-9.77067544246437
2020-04-01,0.031629444362089684,0.02847849673606829,0.042561091703582736,pm_oer_all_in,fam,-0.4031467245671605,-9.472189467668757
2020-05-01,0.034219269725862624,0.030414804215123797,0.045782297190242106,pm_oer_all_in,fam,-0.40440531971520643,-8.83322472952275
2020-06-01,0.03205243350143464,0.02717628419012866,0.042022719042757416,pm_oer_all_in,fam,-0.34141650386139144,-8.124569557576839
2020-07-01,0.02704983388079209,0.023317983221976098,0.035713048798986714,pm_oer_all_in,fam,-0.2994468544423201,-8.384802320512504
2020-08-01,0.02499670088961119,0.020850867868517326,0.032551401601698456,pm_oer_all_in,fam,-0.23142527159787374,-7.109533236989663
2020-09-01,0.030609145161292674,0.024038144860154466,0.03891981726348233,pm_oer_all_in,fam,-0.20002947907593605,-5.139527704402139
2020-10-01,0.03437750547524664,0.02672793818753011,0.04354532767653773,pm_oer_all_in,fam,-0.188229531177031,-4.322611430903281
2020-11-01,0.03188669026879289,0.02474302919474522,0.040360605917527374,pm_oer_all_in,fam,-0.16087938770463772,-3.9860498634083372
2020-12-01,0.029229340447955325,0.022316991524377258,0.036775024863643584,pm_oer_all_in,fam,-0.13552829988625614,-3.6853353706428553
2021-01-01,0.028913871575211615,0.022135812263556348,0.036414367412262456,pm_oer_all_in,fam,-0.12232072752960121,-3.35913366679576
2021-02-01,0.025690824035209767,0.020740451840602876,0.033017946364976715,pm_oer_all_in,fam,-0.11727404751611381,-3.551827428022915
2021-03-01,0.02147769294453518,0.020109685330412724,0.029422622899869973,pm_oer_all_in,fam,0.0014470637903718497,0.0491820119265521
2021-04-01,0.044302235035784454,0.04190047034327034,0.06097817186627658,pm_oer_all_in,fam,0.2503232327361715,4.1051285250912954
2021-05-01,0.06707727833414111,0.057621168330508156,0.088428277765026,pm_oer_all_in,fam,0.37592218007089784,4.25115347230677
2021-06-01,0.1117567833418607,0.08304178646387979,0.13923188184475638,pm_oer_all_in,fam,0.5045891362959187,3.6240919077610103
2021-07-01,0.11177081554452972,0.08326127627212412,0.13937415590399915,pm_oer_all_in,fam,0.5324679947532607,3.8204213062285692
2021-08-01,0.09227270717070697,0.07068748701086466,0.11623671239553447,pm_oer_all_in,fam,0.46043646176960884,3.9611965297402687
2021-09-01,0.07372026501240661,0.05898421034241581,0.09441299986346062,pm_oer_all_in,fam,0.4247649741520476,4.499009403009539
2021-10-01,0.07887658272624053,0.06512453366311793,0.10228743905000284,pm_oer_all_in,fam,0.48717202662085235,4.76277469790499
2021-11-01,0.0945656948711888,0.07711042093748066,0.12201921022374403,pm_oer_all_in,fam,0.538307490413259,4.411661814776346
2021-12-01,0.11278984506854652,0.0864432094459916,0.14210551576174058,pm_oer_all_in,fam,0.5808891107074166,4.087730920180164
2022-01-01,0.11740099466042311,0.09130195263411572,0.14872471247932875,pm_oer_all_in,fam,0.558314441678621,3.754012580499835
2022-02-01,0.11882298923673718,0.0920815601250343,0.15032603396023614,pm_oer_all_in,fam,0.5883099596736932,3.913560041298711
2022-03-01,0.10199974659671258,0.08213866325900424,0.1309607128407969,pm_oer_all_in,fam,0.594719372300867,4.541204452848701
2022-04-01,0.07315792239024059,0.06419217804504732,0.09732788567837852,pm_oer_all_in,fam,0.4605693086171545,4.732141311885813
2022-05-01,0.061061084746492016,0.05928768016137302,0.0851086663585768,pm_oer_all_in,fam,0.390679298401686,4.59035859821478
2022-06-01,0.05676570170537311,0.06458260369812299,0.08598405428061769,pm_oer_all_in,fam,0.2904123655036681,3.3775142139248038
2022-07-01,0.04798171417156943,0.05295279315005221,0.07145798204003806,pm_oer_all_in,fam,0.18816341313303475,2.6332035660845614
2022-08-01,0.033755409576504095,0.04116536398609358,0.053235466258736895,pm_oer_all_in,fam,0.11307923783581053,2.1241335106603336
2022-09-01,0.03183018946956139,0.0380002639964348,0.049569960918553445,pm_oer_all_in,fam,0.0140676483215465,0.2837938150619188
2022-10-01,0.03514032716559529,0.03754027040442905,0.051420953854851105,pm_oer_all_in,fam,-0.09095282659048465,-1.7687891758527554
2022-11-01,0.04587539386515775,0.04283175619367128,0.06276233823653682,pm_oer_all_in,fam,-0.22925983457005028,-3.6528249426594446
2022-12-01,0.05961753440079494,0.04955513247768974,0.077523941869021007,pm_oer_all_in,fam,-0.35704891711179076,-4.605659987143526
2023-01-01,0.06880906970981411,0.0573030680199458,0.0895451264940119,pm_oer_all_in,fam,-0.35379895859311006,-3.951068834737415
2023-02-01,0.07026755742855144,0.058894956370333706,0.09168503429043524,pm_oer_all_in,fam,-0.4129284225949714,-4.503771262024264
2023-03-01,0.058229919677591294,0.05008341509658686,0.07680541656286852,pm_oer_all_in,fam,-0.45504174909467565,-5.924604923172372
2023-04-01,0.050329440687476086,0.04145389836527502,0.06520336102987885,pm_oer_all_in,fam,-0.4382125680309157,-6.720705207667266
2023-05-01,0.04895369209047536,0.04069952912585516,0.06366251361951869,pm_oer_all_in,fam,-0.48264231764929555,-7.581263921400037
2023-06-01,0.05110435785092216,0.04436466560374172,0.06767480288472906,pm_oer_all_in,fam,-0.5492748103336442,-8.116385817469283
2023-07-01,0.050370104660379326,0.04333962278220582,0.06644900560882354,pm_oer_all_in,fam,-0.5296533248505764,-7.970823942326166
2023-08-01,0.05222486865175613,0.04292919880574217,0.06760438606921977,pm_oer_all_in,fam,-0.48306466609429055,-7.145463396408677
2023-09-01,0.05163696388396562,0.04295879824127986,0.06717018970859735,pm_oer_all_in,fam,-0.42099960694204075,-6.267655469910866
2023-10-01,0.04788473795868312,0.03976672157438754,0.06224419871880919,pm_oer_all_in,fam,-0.4767494677453188,-7.659339786813784
2023-11-01,0.04161817332406527,0.033906476451487894,0.05368166815764243,pm_oer_all_in,fam,-0.4890935338770941,-9.110997304346325
2023-12-01,0.0392734395829024,0.02922506347085638,0.04895413559187282,pm_oer_all_in,fam,-0.4470601969681409,-9.132225328116307
2024-01-01,0.032477919959486165,0.030663093206020575,0.0446658770187701,pm_oer_all_in,fam,-0.4263191024540314,-9.544626254061411
2024-02-01,0.0308628937328876,0.028346876759514018,0.041905412915118595,pm_oer_all_in,fam,-0.369005608396189,-8.805678854510452
2024-03-01,0.032710943607532544,0.02973658032745833,0.044207126589120856,pm_oer_all_in,fam,-0.3755655348562037,-8.495588015635208
2024-04-01,0.03765081334587736,0.03466387969629689,0.05117781063317813,pm_oer_all_in,fam,-0.36410252550238553,-7.11446075941242
2024-05-01,0.04144537063043564,0.038200309399752205,0.05636472642469734,pm_oer_all_in,fam,-0.36955313745732354,-6.556461122028908
2024-06-01,0.04159713815710673,0.038520122314627536,0.056693224692156034,pm_oer_all_in,fam,-0.4034583254142188,-7.116517495785356
2024-07-01,0.04230523187719048,0.03929943286278555,0.05774234206818635,pm_oer_all_in,fam,-0.42537418220409684,-7.366763573631705
2024-08-01,0.041261121033934145,0.038295615679608506,0.056294176335188,pm_oer_all_in,fam,-0.38782997777215833,-6.88934456493213
2024-09-01,0.03535671170543224,0.03250185052676633,0.04802569468821154,pm_oer_all_in,fam,-0.3577652326503422,-7.449454609100321
2024-10-01,0.03187438257365448,0.029106694715108645,0.04316452179383228,pm_oer_all_in,fam,-0.2983423544246744,-6.911749326209473
2024-11-01,0.028495328046820395,0.026005426140713328,0.0385780495781734,pm_oer_all_in,fam,-0.19882223749201344,-5.153765928189968
2024-12-01,0.02653422662175925,0.024211009794319175,0.035919885546525566,pm_oer_all_in,fam,-0.18454324707006808,-5.137634607188175
2025-01-01,0.024772613499550115,0.021337973030175327,0.03269543504274843,pm_oer_all_in,fam,-0.1542747675753242,-4.718541514239342
2025-02-01,0.024064202676237705,0.02074755021530983,0.031773364480014527,pm_oer_all_in,fam,-0.21003646949377952,-6.610457310112457
2025-03-01,0.028026878279398478,0.021039355501800524,0.03504511928955817,pm_oer_all_in,fam,-0.24789050939777457,-7.0734674163781355
2025-04-01,0.025282902065960816,0.02055739785318857,0.03258575982497949,pm_oer_all_in,fam,-0.26599001588691884,-8.162768562573675
2025-05-01,0.023091521391398168,0.018974111791758893,0.02988704198236358,pm_oer_all_in,fam,-0.2493863465429902,-8.344296725321755
2025-06-01,0.02348982121234344,0.017312533814181064,0.029180396290232637,pm_oer_all_in,fam,-0.20473818921515896,-7.016292279885508
2025-07-01,0.02414250391367512,0.015955250360874522,0.028938391615637608,pm_oer_all_in,fam,-0.15359672579930983,-5.30771467327541
2025-08-01,0.02021982090860791,0.01447409308698737,0.024866453873983584,pm_oer_all_in,fam,-0.1423600226388988,-5.724982876945005
2025-09-01,0.013983217231747336,0.01240421328467728,0.01869210719426785,pm_oer_all_in,fam,-0.10873999961229508,-5.817428633495181
2025-11-01,0.021845972527022108,0.014018677403131348,0.02595707671877691,pm_oer_all_in,fam,-0.13651449058160736,-5.259239784996864
2025-12-01,0.017321316130564528,0.0137029513059347,0.022086169133368794,pm_oer_all_in,fam,-0.10011210512539392,-4.532796272674557
2026-01-01,0.02144925952308315,0.017482065727791794,0.027671164706231752,pm_oer_all_in,fam,-0.1583403666554961,-5.722215466407046
2026-02-01,0.023870509985674394,0.019732456451417784,0.030970487315883168,pm_oer_all_in,fam,-0.09692549920006233,-3.1296084627752765
2026-03-01,0.030708729520360748,0.02601015167236456,0.04024368346429144,pm_oer_all_in,fam,0.04767113865367101,1.184562011973134
2026-04-01,0.03964134543906213,0.031854709609363305,0.05085428981429113,pm_oer_all_in,fam,0.05781421644999174,1.1368601677678865
2026-05-01,0.05097887747698627,0.04090617342395767,0.06536176996535879,pm_oer_all_in,fam,0.08397442791787668,1.2847636770298976
2026-06-01,0.038355209560010574,0.030943479441953043,0.04928104118590533,pm_oer_all_in,fam,0.040006107176648875,0.8117950882111407
2026-07-01,0.034294338475143064,0.028038312301145483,0.04429727540316948,pm_oer_all_in,fam,0.005720708537082508,0.12914357564919648
2014-12-01,0.05450777017661823,0.023792010390904016,0.05947400077401819,pm_oer_all_in,par,0.09323056723311574,1.5675852644815589
2015-01-01,0.06874653566919027,0.034150117840024155,0.07676142726006849,pm_oer_all_in,par,0.11390613387468607,1.48389807147242
2015-02-01,0.05833505297716426,0.028428713278702656,0.06489352929631155,pm_oer_all_in,par,0.12321867907253425,1.898782211549986
2015-03-01,0.055290190545786586,0.027264396835577374,0.06164699915970955,pm_oer_all_in,par,0.040146421878750616,0.6512307561758658
2015-04-01,0.06066805390045097,0.03072814839229105,0.06800611639909078,pm_oer_all_in,par,0.03838093813735011,0.5643747969978661
2015-05-01,0.05457333425381909,0.026523424028880433,0.06067735025357367,pm_oer_all_in,par,0.023611896379516217,0.38913855468046854
2015-06-01,0.05540024442646746,0.02676057533391758,0.06152491751083147,pm_oer_all_in,par,0.03855015782094906,0.6265779684168175
2015-07-01,0.05529866209722583,0.026600222434986005,0.061363782993993234,pm_oer_all_in,par,0.030527742296238003,0.4974879449532356
2015-08-01,0.05652148850109076,0.027125831645665996,0.06269361534357347,pm_oer_all_in,par,0.051213590934007236,0.8168868656456735
2015-09-01,0.06303508128399596,0.0306543140732928,0.07009356920420058,pm_oer_all_in,par,0.009750820310938657,0.13911148228922415
2015-10-01,0.05799620452775066,0.02756405488786183,0.06421321407222773,pm_oer_all_in,par,-0.010358585747338722,-0.16131548462419698
2015-11-01,0.05244930682426572,0.024632318794392247,0.05794549952787132,pm_oer_all_in,par,-0.015652473998417626,-0.27012406702765435
2015-12-01,0.04822478662463703,0.021837720633312328,0.05293879567434799,pm_oer_all_in,par,-0.008505310481754513,-0.16066308977020882
2016-01-01,0.040292974569588004,0.016303757437159238,0.04346649636484624,pm_oer_all_in,par,-0.047463568798167266,-1.0919575481716002
2016-02-01,0.048863816499277915,0.02100204103246274,0.05318607233481669,pm_oer_all_in,par,-0.04951766375453914,-0.9310268944624412
2016-03-01,0.04781831129100102,0.020148781891283628,0.051889924902871025,pm_oer_all_in,par,-0.002980233000093868,-0.05743375049534856
2016-04-01,0.046378367212102714,0.01928020587143937,0.05022628080702103,pm_oer_all_in,par,0.005177577077408735,0.10308501832540569
2016-05-01,0.051698017035825626,0.0220594237290262,0.05620767866309051,pm_oer_all_in,par,0.007875083593611443,0.14010689964292578
2016-06-01,0.05646221836482848,0.02374585360819401,0.06125232784359592,pm_oer_all_in,par,-0.019266144462593005,-0.31453734316494764
2016-07-01,0.05875253761202455,0.024457254867250533,0.06363975166115915,pm_oer_all_in,par,0.008425390056654436,0.13239193800620455
2016-08-01,0.058064875674283756,0.024375448626807312,0.06297374280466543,pm_oer_all_in,par,-0.04492763450134607,-0.7134344013933628
2016-09-01,0.053650694547830245,0.02176314759076519,0.05789673236480631,pm_oer_all_in,par,-0.06747424651216694,-1.1654240879608346
2016-10-01,0.05172039202821511,0.020804509975465776,0.05574788414703748,pm_oer_all_in,par,-0.05864780946907011,-1.0520185719404875
2016-11-01,0.051940317964860254,0.020645793780018372,0.055893160861574386,pm_oer_all_in,par,-0.03840612882792804,-0.687134673292947
2016-12-01,0.05226405233532038,0.020998420229188255,0.05632463775853947,pm_oer_all_in,par,-0.04387107751298025,-0.7788967538691163
2017-01-01,0.06284415980393232,0.025583930138082512,0.06785223579789004,pm_oer_all_in,par,-0.0050327849667963775,-0.07417272117292381
2017-02-01,0.07967347364127407,0.03241892799040479,0.08601656406828773,pm_oer_all_in,par,0.014766479579675362,0.1716701863137941
2017-03-01,0.07112958421160162,0.02779034728528305,0.07636570665129712,pm_oer_all_in,par,-4.153218786662194e-4,-0.005438591442133468
2017-04-01,0.06492004902678487,0.025397732668569855,0.06971124436089413,pm_oer_all_in,par,0.022545501732018636,0.32341269961128355
2017-05-01,0.05945432943960935,0.02257017707207417,0.06359426217968396,pm_oer_all_in,par,0.08472991558858833,1.3323515783418656
2017-06-01,0.060146304633434504,0.02245403627200229,0.06420094785875283,pm_oer_all_in,par,0.11336750985173616,1.765822992226745
2017-07-01,0.06373233157340494,0.023717212328109714,0.06800232531611745,pm_oer_all_in,par,0.12383914262332762,1.8211015880360801
2017-08-01,0.06592497489353184,0.024508009876151766,0.07033309934022783,pm_oer_all_in,par,0.11835598303993056,1.6827920872276345
2017-09-01,0.07408156553078347,0.028075847634927372,0.07922330195031903,pm_oer_all_in,par,0.09617739367404621,1.2140038512199238
2017-10-01,0.06727661075854531,0.025189941052962052,0.07183784159764628,pm_oer_all_in,par,0.08836697260119486,1.2300894714533037
2017-11-01,0.06544746811538453,0.024980862375141417,0.07005294117822627,pm_oer_all_in,par,0.08128605551886992,1.1603517875440053
2017-12-01,0.0537092968006836,0.020453512925308434,0.05747203453689178,pm_oer_all_in,par,0.08079166787198222,1.4057561825155394
2018-01-01,0.052098121423834416,0.019812998276220874,0.0557383993005372,pm_oer_all_in,par,0.07604646486791822,1.3643460490833523
2018-02-01,0.053799866972204693,0.020995298572084535,0.05775143503288811,pm_oer_all_in,par,0.06581389177096053,1.1396061714047632
2018-03-01,0.049339547761867546,0.019292193638481118,0.052977162143042926,pm_oer_all_in,par,0.034358267291256794,0.6485486557110496
2018-04-01,0.05902923967945094,0.022044075117626696,0.06301104970499724,pm_oer_all_in,par,0.040806118686598225,0.6476025852234295
2018-05-01,0.06738135808285367,0.026695921629242773,0.07247702842090328,pm_oer_all_in,par,-0.030714553111432785,-0.42378328389874115
2018-06-01,0.06247116821822661,0.026733523459157502,0.0679509244609026,pm_oer_all_in,par,-0.051921666150600565,-0.7641053681392531
2018-07-01,0.05438309653719397,0.02522874281952063,0.05995006800018889,pm_oer_all_in,par,-0.07334517052237643,-1.2234376535176796
2018-08-01,0.04564210436978305,0.021229953865656615,0.05033798399260818,pm_oer_all_in,par,-0.04267521876288871,-0.8477736964824675
2018-09-01,0.042658279571464224,0.016969500538614228,0.04590961516422492,pm_oer_all_in,par,-0.015443764808620308,-0.3363949959801638
2018-10-01,0.04209361279399451,0.01901230678430109,0.046188094216054416,pm_oer_all_in,par,0.02147578468540967,0.4649636459333486
2018-11-01,0.02795271502279211,0.01302516927842646,0.030838438869000687,pm_oer_all_in,par,0.012709503874375194,0.41213188282209057
2018-12-01,0.030295333117724647,0.01240889400368294,0.0327381712853443,pm_oer_all_in,par,-0.0342340519275508,-1.045692248023522
2019-01-01,0.030475165201394868,0.014964205757080747,0.033950893184017374,pm_oer_all_in,par,-0.03898409409641701,-1.1482494403054189
2019-02-01,0.03197434463242001,0.015368582593514164,0.03547607708874295,pm_oer_all_in,par,-0.049654053086234384,-1.3996489229072708
2019-03-01,0.033197674205827477,0.014992316084778154,0.036426022487531635,pm_oer_all_in,par,-0.006414814067667862,-0.17610525743961222
2019-04-01,0.036596897766160603,0.01609497783757837,0.039979760350694324,pm_oer_all_in,par,-0.015430363790791546,-0.3859543843044464
2019-05-01,0.03414972290553974,0.015353130437502725,0.037442251384714006,pm_oer_all_in,par,3.138761595078421e-4,0.008382940338784855
2019-06-01,0.03277474351329271,0.01560270239786552,0.03629914784782806,pm_oer_all_in,par,0.006625819614525241,0.18253375099332236
2019-07-01,0.030781487497347045,0.014262753164865987,0.0339253017730311,pm_oer_all_in,par,0.017773698163958684,0.5239068552099918
2019-08-01,0.028357671833449307,0.013739041368512827,0.03151061423614765,pm_oer_all_in,par,-0.004063263316678167,-0.12894903559248816
2019-09-01,0.029921269453489777,0.0145154331019756,0.03325628006627123,pm_oer_all_in,par,-0.026856160345323232,-0.8075515449053772
2019-10-01,0.033736270506782,0.015775985017004477,0.03724268587204095,pm_oer_all_in,par,-0.041589099276939656,-1.1167051543981599
2019-11-01,0.03685656519129531,0.016437001946153978,0.04035568647264064,pm_oer_all_in,par,-0.024278617367046174,-0.601615769403551
2019-12-01,0.039177056664456415,0.017263351518750074,0.04281197349515623,pm_oer_all_in,par,0.02360072991649531,0.5512647044679103
2020-01-01,0.043800549903843744,0.023084605120954695,0.04951148518747457,pm_oer_all_in,par,0.032316726466219414,0.6527117161574242
2020-02-01,0.037044566508088704,0.01890539868119088,0.0415898305727131,pm_oer_all_in,par,0.036953084811597314,0.8885125114176845
2020-03-01,0.055168963563934664,0.020644300071950037,0.05890502241897092,pm_oer_all_in,par,0.03641497799011795,0.6181981857355199
2020-04-01,0.0924756893023809,0.033655732123779855,0.09840966119613516,pm_oer_all_in,par,0.04393737046695101,0.4464741564284195
2020-05-01,0.10174150617378941,0.03633599193906032,0.10803535712305803,pm_oer_all_in,par,0.019744289385348335,0.1827576629645287
2020-06-01,0.09409323506399701,0.03408396133998187,0.10007623746641345,pm_oer_all_in,par,0.04334619253749672,0.4331317167279008
2020-07-01,0.08225012302957739,0.028637259486522463,0.08709291227923796,pm_oer_all_in,par,0.03596093274835788,0.41290309173563583
2020-08-01,0.08072750279221336,0.0262416642496352,0.08488553851898095,pm_oer_all_in,par,-0.017949895713953445,-0.21145999692208742
2020-09-01,0.08375222235151032,0.032807998883878364,0.08994887180827445,pm_oer_all_in,par,-0.016300844856176333,-0.1812234498162634
2020-10-01,0.08375628290971186,0.03724851418565855,0.09166551552187387,pm_oer_all_in,par,-0.00237028664979988,-0.025857997266532203
2020-11-01,0.07637992184069252,0.034591635048646985,0.08384791992487996,pm_oer_all_in,par,-0.008789357999505754,-0.1048249975357792
2020-12-01,0.07247920160758958,0.03162682823561663,0.0790790170014702,pm_oer_all_in,par,-0.005232025810109064,-0.06616199857430945
2021-01-01,0.07805073157987057,0.031004134183927074,0.08398317115141557,pm_oer_all_in,par,0.003603347039704552,0.04290558442009743
2021-02-01,0.06669072694108331,0.02765093648613767,0.07219575713634808,pm_oer_all_in,par,0.04492671151699046,0.6222901912662594
2021-03-01,0.060578853629643,0.022939364131694086,0.06477663107825356,pm_oer_all_in,par,0.05583181695547612,0.8619129464764594
2021-04-01,0.1343967585019587,0.04691983219320843,0.1423515344099692,pm_oer_all_in,par,-0.054102623570639885,-0.38006350823606544
2021-05-01,0.19168655428641043,0.07150124231219432,0.2045877873832749,pm_oer_all_in,par,-0.07784137047051054,-0.3804790670358171
2021-06-01,0.29215807197261184,0.1200727407846846,0.3158699132527501,pm_oer_all_in,par,-0.23794678878090725,-0.7533062783048571
2021-07-01,0.28859019768166944,0.12019562182031727,0.3126200404688058,pm_oer_all_in,par,-0.2845185911420467,-0.9101098915967828
2021-08-01,0.23993228374725925,0.09919271691136189,0.25962799516314283,pm_oer_all_in,par,-0.1575628777849447,-0.6068793840430678
2021-09-01,0.193614140055384,0.07919493592526203,0.2091847822036589,pm_oer_all_in,par,-0.09511046700947379,-0.45467201776119537
2021-10-01,0.20787972582466419,0.08471709035783095,0.22447932155910139,pm_oer_all_in,par,-0.08935236733258467,-0.39804275383583515
2021-11-01,0.24886190911991032,0.1015823320395601,0.2687958704917208,pm_oer_all_in,par,-0.1343403027251,-0.49978559000681455
2021-12-01,0.29040096164004686,0.12135668805150782,0.314738247209161,pm_oer_all_in,par,-0.19148786855145428,-0.608403555174532
2022-01-01,0.25576138434761975,0.12764790784938762,0.2858458922247032,pm_oer_all_in,par,-0.1691891947313673,-0.5918895437488667
2022-02-01,0.2557520786131862,0.12926707266578996,0.28656430655360415,pm_oer_all_in,par,-0.1708307698651712,-0.5961341519454585
2022-03-01,0.2285800916784266,0.11072837655627604,0.253987463640445,pm_oer_all_in,par,-0.06251697703085668,-0.246141979351226
2022-04-01,0.17642388579955917,0.07909836956592582,0.19334409623415885,pm_oer_all_in,par,0.043672163949981524,0.22587792852536964
2022-05-01,0.1620892177571397,0.06555854150604229,0.17484517973773517,pm_oer_all_in,par,0.16489306918447966,0.9430804408323781
2022-06-01,0.1821903340522149,0.0596188330949811,0.19169695637037348,pm_oer_all_in,par,0.3731721113516162,1.946677289078177
2022-07-01,0.14246395371060344,0.050825363742639705,0.15125870456416252,pm_oer_all_in,par,0.39644680561194967,2.620985064986992
2022-08-01,0.0894433087642674,0.036198149550981426,0.09649047369359988,pm_oer_all_in,par,0.2961154188706008,3.0688565154203595
2022-09-01,0.0717604593832787,0.03453512244851355,0.07963817058065194,pm_oer_all_in,par,0.36423819416540226,4.573663502183635
2022-10-01,0.07974517790695307,0.03806388174234367,0.08836375101084562,pm_oer_all_in,par,0.41399899734180323,4.685167759469487
2022-11-01,0.10094027220111597,0.04974423631648967,0.11253189591731828,pm_oer_all_in,par,0.552551457732231,4.910176383575843
2022-12-01,0.13335938274140055,0.06459388559162889,0.14817926650173366,pm_oer_all_in,par,0.6254398088173962,4.220832128427891
2023-01-01,0.15036900314114127,0.07505188392959815,0.16805838981449994,pm_oer_all_in,par,0.6725127575168965,4.001661316993486
2023-02-01,0.15432567899073793,0.07662749195267138,0.17230260508451115,pm_oer_all_in,par,0.7149901854215157,4.1496191254382175
2023-03-01,0.13107809398638126,0.06341507664790752,0.1456122888679475,pm_oer_all_in,par,0.5507894187179119,3.7825751040656352
2023-04-01,0.10807755269713618,0.054973113086593285,0.12125510529224583,pm_oer_all_in,par,0.5325619469188636,4.392078549066425
2023-05-01,0.10764185088334599,0.05343252484034201,0.12017405199295837,pm_oer_all_in,par,0.44534748283857617,3.7058539298040096
2023-06-01,0.11844391868238109,0.05560946811050185,0.13084867143525541,pm_oer_all_in,par,0.3462102392384647,2.6458827242259875
2023-07-01,0.11550579329649771,0.05485458291942191,0.12786951768235066,pm_oer_all_in,par,0.34303345300594756,2.682683560738066
2023-08-01,0.11231002699274847,0.05708473668197601,0.12598495674151905,pm_oer_all_in,par,0.44114364207785695,3.501558070801604
2023-09-01,0.11263590416055896,0.056427072982849005,0.12597960736356656,pm_oer_all_in,par,0.35228377754954465,2.7963555762869086
2023-10-01,0.10508091262122911,0.05228540143121132,0.11737018957185552,pm_oer_all_in,par,0.3368728235631835,2.870173634310658
2023-11-01,0.09154869604287079,0.045456598606042294,0.1022128470593633,pm_oer_all_in,par,0.20052444363845012,1.9618320926134587
2023-12-01,0.07991879240075977,0.043116793619289336,0.09080788110513385,pm_oer_all_in,par,0.13888856736705701,1.529477019800266
2024-01-01,0.06844556968845253,0.03575645746325042,0.07722253725628321,pm_oer_all_in,par,0.07831539749096894,1.0141520891894393
2024-02-01,0.06310634904078954,0.03390779899042824,0.07163902652628137,pm_oer_all_in,par,0.06987717592075171,0.9754065529508094
2024-03-01,0.06301223932528216,0.03625159625574365,0.07269608335994507,pm_oer_all_in,par,0.1258725453687104,1.7314900549107866
2024-04-01,0.06868180556552263,0.04229137155371921,0.08065823283233389,pm_oer_all_in,par,0.1351130168116832,1.6751298914835602
2024-05-01,0.07314050796765478,0.04676060923708507,0.08681064728470775,pm_oer_all_in,par,0.14212848178429827,1.637224075961188
2024-06-01,0.07317482839338785,0.046991953886883236,0.08696435614956695,pm_oer_all_in,par,0.17075846373517667,1.963545425915592
2024-07-01,0.0735489602566805,0.04785743723401157,0.08774841225598402,pm_oer_all_in,par,0.23019541759374818,2.623357069096711
2024-08-01,0.07342227286776658,0.04658131587122111,0.08695199331449077,pm_oer_all_in,par,0.18964098720655187,2.18098493177324
2024-09-01,0.06687672068345188,0.03946170017991059,0.07765128170520816,pm_oer_all_in,par,0.19965179220275964,2.5711332487815044
2024-10-01,0.06058231091124879,0.035525433637037016,0.07023014189396698,pm_oer_all_in,par,0.12400801143341855,1.7657377315376217
2024-11-01,0.052737514282715794,0.03191827531723524,0.06164431613657889,pm_oer_all_in,par,0.09832698040710408,1.595069692869189
2024-12-01,0.04807435998614386,0.029809147725347342,0.05656615044519939,pm_oer_all_in,par,0.1399618597242025,2.4743041310508813
2025-01-01,0.05922417660591122,0.026889522796514274,0.06504267469033252,pm_oer_all_in,par,0.10154027893596318,1.5611332009237837
2025-02-01,0.05574079487747913,0.02614918532044235,0.0615696037545804,pm_oer_all_in,par,0.05643825607291042,0.916657776422863
2025-03-01,0.0541796698897184,0.030789647224127564,0.06231724484879835,pm_oer_all_in,par,0.074157474866543,1.1899992537615045
2025-04-01,0.05115239751217347,0.027657383875844904,0.05815065480370154,pm_oer_all_in,par,0.0790404681906054,1.359236081819222
2025-05-01,0.047757639630969725,0.025240656817636084,0.05401743144307446,pm_oer_all_in,par,0.08664863396992128,1.604086526424989
2025-06-01,0.04184688159719768,0.025892120268358017,0.04920938316419947,pm_oer_all_in,par,0.11344921646747608,2.305438702389832
2025-07-01,0.03662591139318982,0.026798761658231852,0.04538315779886311,pm_oer_all_in,par,0.07034857901939695,1.5501032195948086
2025-08-01,0.02882988176549495,0.02248074269162589,0.03655880023441017,pm_oer_all_in,par,0.009862431694429574,0.26976901952998933
2025-09-01,0.023249501810303653,0.015476021561814272,0.027929313951636066,pm_oer_all_in,par,-0.041831987346996335,-1.4977806980663722
2025-11-01,0.029380958030928585,0.024305057612690924,0.03813104405037202,pm_oer_all_in,par,0.10518076325467529,2.7584023955842643
2025-12-01,0.03566651981268554,0.01898434880745101,0.040404283624284894,pm_oer_all_in,par,0.02828539073536085,0.7000592065530394
2026-01-01,0.06243029606763464,0.02281136589171662,0.06646728729937976,pm_oer_all_in,par,0.04875853800063723,0.7335719566983475
2026-02-01,0.07004814283323645,0.025367981696797895,0.07450017993102143,pm_oer_all_in,par,-0.009600911665041956,-0.12887098627052032
2026-03-01,0.08833440410682258,0.03269944607513453,0.09419246637883555,pm_oer_all_in,par,-0.06771559345841727,-0.7189066818366329
2026-04-01,0.11109591082572164,0.042310631812162325,0.11888015379591774,pm_oer_all_in,par,-0.011211124171817133,-0.09430610420527666
2026-05-01,0.13730303618438672,0.054596795688486625,0.14775971658372036,pm_oer_all_in,par,0.0424288799494521,0.287147816268394
2026-06-01,0.10662583285389945,0.0409672189529621,0.11422513410159622,pm_oer_all_in,par,0.01215861427950049,0.10644429857868366
2026-07-01,0.09674965734303313,0.036580367106739356,0.10343413099000806,pm_oer_all_in,par,0.016993623662608925,0.16429415996399238
2014-12-01,0.023792010390904016,0.02209369535312684,0.03246830966954799,pm_oer_all_in,mk,-0.26283508384472576,-8.095126802712452
2015-01-01,0.034150117840024155,0.030314425879116008,0.04566393505675955,pm_oer_all_in,mk,-0.3211909276347069,-7.0337987130428345
2015-02-01,0.028428713278702656,0.025527897960433116,0.03820818384797909,pm_oer_all_in,mk,-0.31101783458210575,-8.140084224352792
2015-03-01,0.027264396835577374,0.024337262716215405,0.03654654144137212,pm_oer_all_in,mk,-0.26700513555280025,-7.305893390244034
2015-04-01,0.03072814839229105,0.026899669275036387,0.04083884560960307,pm_oer_all_in,mk,-0.2847051025437919,-6.9714287535308
2015-05-01,0.026523424028880433,0.023809123278353956,0.03564219933589464,pm_oer_all_in,mk,-0.2469242354342427,-6.927861917476276
2015-06-01,0.02676057533391758,0.02402399354319759,0.03596221152773947,pm_oer_all_in,mk,-0.21923755233906883,-6.096331205047271
2015-07-01,0.026600222434986005,0.024011949057013388,0.03583497636537994,pm_oer_all_in,mk,-0.2085576849065074,-5.819947605937152
2015-08-01,0.027125831645665996,0.024483177938840195,0.03654089140201599,pm_oer_all_in,mk,-0.232683008952983,-6.3677430961672075
2015-09-01,0.0306543140732928,0.027430175955972736,0.04113516165374462,pm_oer_all_in,mk,-0.29152983564114665,-7.0871202134830575
2015-10-01,0.02756405488786183,0.025133193089753692,0.03730220525314693,pm_oer_all_in,mk,-0.30040650766309795,-8.053317642333083
2015-11-01,0.024632318794392247,0.02264007514420703,0.03345630182378068,pm_oer_all_in,mk,-0.25328608049242085,-7.570653858472353
2015-12-01,0.021837720633312328,0.020653826839729637,0.030057721230727575,pm_oer_all_in,mk,-0.22137557936368069,-7.365015387040439
2016-01-01,0.016303757437159238,0.015702513980858396,0.02263584440414756,pm_oer_all_in,mk,-0.1462340350963931,-6.460286282476773
2016-02-01,0.02100204103246274,0.019007829624280125,0.02832637136229965,pm_oer_all_in,mk,-0.1895337444623113,-6.691070382370507
2016-03-01,0.020148781891283628,0.018351543871181607,0.027253487376084958,pm_oer_all_in,mk,-0.27256241464153064,-10.001010545193758
2016-04-01,0.01928020587143937,0.018023795901645368,0.026392869437582067,pm_oer_all_in,mk,-0.2703432124322891,-10.243039813144927
2016-05-01,0.0220594237290262,0.020106596293567498,0.029847837271219944,pm_oer_all_in,mk,-0.32267977698703376,-10.81082605935305
2016-06-01,0.02374585360819401,0.02226848556167504,0.03255381717698111,pm_oer_all_in,mk,-0.3554133331170162,-10.917716075653638
2016-07-01,0.024457254867250533,0.022562115558011957,0.03327471072894151,pm_oer_all_in,mk,-0.3916341670365808,-11.769724167607782
2016-08-01,0.024375448626807312,0.022554308010806982,0.03320932558189754,pm_oer_all_in,mk,-0.36062351282357685,-10.85910377596326
2016-09-01,0.02176314759076519,0.02095301433743506,0.030210319476665387,pm_oer_all_in,mk,-0.3040350848409368,-10.063948018681998
2016-10-01,0.020804509975465776,0.020065090281443366,0.028903900832270513,pm_oer_all_in,mk,-0.2615822485446895,-9.050067326989966
2016-11-01,0.020645793780018372,0.020056294208566718,0.028783740865072287,pm_oer_all_in,mk,-0.2740566205889694,-9.521230123410547
2016-12-01,0.020998420229188255,0.020266053690365254,0.029182984499573544,pm_oer_all_in,mk,-0.2392150563233164,-8.197073069302151
2017-01-01,0.025583930138082512,0.020850427483387377,0.03300420893689595,pm_oer_all_in,mk,-0.20496981548223658,-6.2104144315089895
2017-02-01,0.03241892799040479,0.027059683913718945,0.04222811131885289,pm_oer_all_in,mk,-0.19904341628229627,-4.713528738696695
2017-03-01,0.02779034728528305,0.022600044045903756,0.03581990219296291,pm_oer_all_in,mk,-0.2249151916157377,-6.279056553647541
2017-04-01,0.025397732668569855,0.020992303420197915,0.03295029025046355,pm_oer_all_in,mk,-0.27609233474252814,-8.379056228150949
2017-05-01,0.02257017707207417,0.019133371346405123,0.02958882884036168,pm_oer_all_in,mk,-0.3001604201765762,-10.14438326694201
2017-06-01,0.02245403627200229,0.019039269326134495,0.02943938724527874,pm_oer_all_in,mk,-0.3121130425579155,-10.601886512022078
2017-07-01,0.023717212328109714,0.01915437733443253,0.03048600222538964,pm_oer_all_in,mk,-0.30704061508459723,-10.071527674064289
2017-08-01,0.024508009876151766,0.020000382434589282,0.03163317634413876,pm_oer_all_in,mk,-0.28374544306970506,-8.96986884854134
2017-09-01,0.028075847634927372,0.02319892328302285,0.03642036877780395,pm_oer_all_in,mk,-0.2448005441743062,-6.721528430088209
2017-10-01,0.025189941052962052,0.020882894572031203,0.03272045867585406,pm_oer_all_in,mk,-0.28099854038190486,-8.587854564192485
2017-11-01,0.024980862375141417,0.022131213798623147,0.03337415331070024,pm_oer_all_in,mk,-0.23749478845662697,-7.116129246655156
2017-12-01,0.020453512925308434,0.0186828104781645,0.027701869943178428,pm_oer_all_in,mk,-0.20844030023536853,-7.52441263578659
2018-01-01,0.019812998276220874,0.018825559773189733,0.027330506791266616,pm_oer_all_in,mk,-0.211833095524816,-7.750792809758897
2018-02-01,0.020995298572084535,0.020070480264978787,0.02904525331612513,pm_oer_all_in,mk,-0.1760810959350989,-6.06230195408017
2018-03-01,0.019292193638481118,0.01826936006935223,0.02656987490991053,pm_oer_all_in,mk,-0.1428287967058406,-5.375591612309986
2018-04-01,0.022044075117626696,0.020616692161137245,0.030182598354990355,pm_oer_all_in,mk,-0.10316273397479314,-3.4179540396573027
2018-05-01,0.026695921629242773,0.02519287234487656,0.03670630802219039,pm_oer_all_in,mk,-0.043660571483816746,-1.1894569036314477
2018-06-01,0.026733523459157502,0.02557238126607378,0.03699497209295833,pm_oer_all_in,mk,-0.015593954751724759,-0.42151551601502446
2018-07-01,0.02522874281952063,0.024520816716181174,0.035181812299568425,pm_oer_all_in,mk,-0.0049173136746683,-0.13976862910864374
2018-08-01,0.021229953865656615,0.020337246360844302,0.029399226702067918,pm_oer_all_in,mk,-0.03649248028436691,-1.2412734747815684
2018-09-01,0.016969500538614228,0.015745993061718474,0.02314951934770385,pm_oer_all_in,mk,-0.06355691599546631,-2.745496139286814
2018-10-01,0.01901230678430109,0.018305314960618792,0.026392278512243603,pm_oer_all_in,mk,-0.03925862386782164,-1.487504152004505
2018-11-01,0.01302516927842646,0.011809123538128578,0.01758153672095949,pm_oer_all_in,mk,-0.09503150957692608,-5.40518790167165
2018-12-01,0.01240889400368294,0.011554759832558237,0.016955622229300218,pm_oer_all_in,mk,-0.1382664983563986,-8.154610694113408
2019-01-01,0.014964205757080747,0.014567874249896697,0.02088421447172605,pm_oer_all_in,mk,-0.1672092176827844,-8.006488245423808
2019-02-01,0.015368582593514164,0.01369510095115164,0.020585167499826206,pm_oer_all_in,mk,-0.1627413424571067,-7.905757505178458
2019-03-01,0.014992316084778154,0.012440071628995308,0.019481399429210206,pm_oer_all_in,mk,-0.14816728067015283,-7.605576858508038
2019-04-01,0.01609497783757837,0.013897055392460882,0.021264441214696075,pm_oer_all_in,mk,-0.14696880484219577,-6.91148210095566
2019-05-01,0.015353130437502725,0.013324003082811453,0.020328494100196937,pm_oer_all_in,mk,-0.18979939667655987,-9.336618627088622
2019-06-01,0.01560270239786552,0.014347102717287756,0.021196312851455183,pm_oer_all_in,mk,-0.21422547146139337,-10.10673285314744
2019-07-01,0.014262753164865987,0.013542240180517475,0.01966769933034153,pm_oer_all_in,mk,-0.20310984023088618,-10.327076737315528
2019-08-01,0.013739041368512827,0.013385461453671964,0.019181549365300102,pm_oer_all_in,mk,-0.19850169864070732,-10.34857481324224
2019-09-01,0.0145154331019756,0.014560927070712512,0.020560116616802966,pm_oer_all_in,mk,-0.21983070289921525,-10.692094164463851
2019-10-01,0.015775985017004477,0.014842265729992775,0.02166043755921075,pm_oer_all_in,mk,-0.2226332419421606,-10.278335390666633
2019-11-01,0.016437001946153978,0.014981013901763865,0.0222397349467729,pm_oer_all_in,mk,-0.18929671054248587,-8.511644180811327
2019-12-01,0.017263351518750074,0.016092248542460007,0.0236005035711579,pm_oer_all_in,mk,-0.1762111559457713,-7.4664150879017
2020-01-01,0.023084605120954695,0.019305278613849855,0.030093068569834753,pm_oer_all_in,mk,-0.1725592644181484,-5.734186396369081
2020-02-01,0.01890539868119088,0.01698946024021396,0.025417628893124253,pm_oer_all_in,mk,-0.17561058759514303,-6.909007458309678
2020-03-01,0.020644300071950037,0.018627699823599124,0.027806084337404127,pm_oer_all_in,mk,-0.2669575058460216,-9.600686763612966
2020-04-01,0.033655732123779855,0.02847849673606829,0.04408778834477728,pm_oer_all_in,mk,-0.40853888908303215,-9.266486354184025
2020-05-01,0.03633599193906032,0.030414804215123797,0.047385278575099346,pm_oer_all_in,mk,-0.40723558816488925,-8.594137259728782
2020-06-01,0.03408396133998187,0.02717628419012866,0.043592050227168895,pm_oer_all_in,mk,-0.34676279189485015,-7.954725462275437
2020-07-01,0.028637259486522463,0.023317983221976098,0.03692994682420731,pm_oer_all_in,mk,-0.30390380210829626,-8.229196850862767
2020-08-01,0.0262416642496352,0.020850867868517326,0.03351691563167694,pm_oer_all_in,mk,-0.2297079137325131,-6.853492017487893
2020-09-01,0.032807998883878364,0.024038144860154466,0.040671823159065965,pm_oer_all_in,mk,-0.19841835634091254,-4.878521318429859
2020-10-01,0.03724851418565855,0.02672793818753011,0.045845768493893047,pm_oer_all_in,mk,-0.18816646440580342,-4.1043365742875135
2020-11-01,0.034591635048646985,0.02474302919474522,0.042529974242536246,pm_oer_all_in,mk,-0.15996230826580415,-3.761166356546209
2020-12-01,0.03162682823561663,0.022316991524377258,0.03870793684690937,pm_oer_all_in,mk,-0.13493767292400705,-3.4860466332186117
2021-01-01,0.031004134183927074,0.022135812263556348,0.03809528213653716,pm_oer_all_in,mk,-0.12270365130424565,-3.2209671230275694
2021-02-01,0.02765093648613767,0.020740451840602876,0.03456502034011823,pm_oer_all_in,mk,-0.12219416238903325,-3.5351971787271714
2021-03-01,0.022939364131694086,0.020109685330412724,0.030505964512774708,pm_oer_all_in,mk,-0.004652748622313574,-0.15251930881795867
2021-04-01,0.04691983219320843,0.04190047034327034,0.06290564416668917,pm_oer_all_in,mk,0.25599963422586747,4.069581316861049
2021-05-01,0.07150124231219432,0.057621168330508156,0.09182933459390785,pm_oer_all_in,mk,0.38381895380785735,4.17969873684918
2021-06-01,0.1200727407846846,0.08304178646387979,0.1459911003405984,pm_oer_all_in,mk,0.5298982291203513,3.6296611771819967
2021-07-01,0.12019562182031727,0.08326127627212412,0.146217056567405,pm_oer_all_in,mk,0.5627657306531475,3.848837774912509
2021-08-01,0.09919271691136189,0.07068748701086466,0.1218027746324719,pm_oer_all_in,mk,0.47690650101224197,3.915399320346037
2021-09-01,0.07919493592526203,0.05898421034241581,0.0987470249978434,pm_oer_all_in,mk,0.4346466507423097,4.401617676601419
2021-10-01,0.08471709035783095,0.06512453366311793,0.1068559323740871,pm_oer_all_in,mk,0.4965470010304118,4.646882863667998
2021-11-01,0.1015823320395601,0.07711042093748066,0.12753425892579176,pm_oer_all_in,mk,0.5525776826047268,4.332778402125304
2021-12-01,0.12135668805150782,0.0864432094459916,0.1489962220801405,pm_oer_all_in,mk,0.601368005943903,4.036129222259379
2022-01-01,0.12764790784938762,0.09130195263411572,0.1569395900756978,pm_oer_all_in,mk,0.5764025037855225,3.672766721943788
2022-02-01,0.12926707266578996,0.0920815601250343,0.1587103959753202,pm_oer_all_in,mk,0.6065716331983273,3.8218771333205575
2022-03-01,0.11072837655627604,0.08213866325900424,0.13786781124238012,pm_oer_all_in,mk,0.6013660791564845,4.361903432986586
2022-04-01,0.07909836956592582,0.06419217804504732,0.1018684828107047,pm_oer_all_in,mk,0.4558619132190902,4.4750044433879275
2022-05-01,0.06555854150604229,0.05928768016137302,0.08839090102107079,pm_oer_all_in,mk,0.3730166517793787,4.220079753349932
2022-06-01,0.0596188330949811,0.06458260369812299,0.08789378794906966,pm_oer_all_in,mk,0.2505174046668621,2.850228787636565
2022-07-01,0.050825363742639705,0.05295279315005221,0.07339765597049984,pm_oer_all_in,mk,0.14580648229005533,1.9865277761548437
2022-08-01,0.036198149550981426,0.04116536398609358,0.054816906361293195,pm_oer_all_in,mk,0.08140507579721401,1.4850359350941957
2022-09-01,0.03453512244851355,0.0380002639964348,0.051348756034908606,pm_oer_all_in,mk,-0.0249399592552777,-0.4856974380902758
2022-10-01,0.03806388174234367,0.03754027040442905,0.05346149076983147,pm_oer_all_in,mk,-0.13530342411904872,-2.5308576728915493
2022-11-01,0.04974423631648967,0.04283175619367128,0.06564334227737698,pm_oer_all_in,mk,-0.2884249855823695,-4.393819320832647
2022-12-01,0.06459388559162889,0.04955513247768974,0.0814130285071488,pm_oer_all_in,mk,-0.4239847485098869,-5.207824303853986
2023-01-01,0.07505188392959815,0.0573030680199458,0.09442683350552643,pm_oer_all_in,mk,-0.42641008304915573,-4.515772341600331
2023-02-01,0.07662749195267138,0.058894956370333706,0.09664568489498239,pm_oer_all_in,mk,-0.4906542860056762,-5.076835934670372
2023-03-01,0.06341507664790752,0.05008341509658686,0.08080730421191522,pm_oer_all_in,mk,-0.5148702096928526,-6.371580078239187
2023-04-01,0.054973113086593285,0.04145389836527502,0.068851062824839,pm_oer_all_in,mk,-0.4958886997376455,-7.202339069176237
2023-05-01,0.05343252484034201,0.04069952912585516,0.06716759919693496,pm_oer_all_in,mk,-0.5306314541913881,-7.900110477904386
2023-06-01,0.05560946811050185,0.04436466560374172,0.07113815078890333,pm_oer_all_in,mk,-0.5866059520575284,-8.246010692606191
2023-07-01,0.05485458291942191,0.04333962278220582,0.06990957137737028,pm_oer_all_in,mk,-0.5664388981379664,-8.102451309282705
2023-08-01,0.05708473668197601,0.04292919880574217,0.07142536854755088,pm_oer_all_in,mk,-0.5310828584042859,-7.4354934276708935
2023-09-01,0.056427072982849005,0.04295879824127986,0.07091877686301955,pm_oer_all_in,mk,-0.4599695722397046,-6.485864429502799
2023-10-01,0.05228540143121132,0.03976672157438754,0.06568984204272206,pm_oer_all_in,mk,-0.5145846048078662,-7.833549127324751
2023-11-01,0.045456598606042294,0.033906476451487894,0.056709359916914504,pm_oer_all_in,mk,-0.5120503690594136,-9.029380155403343
2023-12-01,0.043116793619289336,0.02922506347085638,0.05208802383354521,pm_oer_all_in,mk,-0.4631693009545579,-8.892049781628923
2024-01-01,0.03575645746325042,0.030663093206020575,0.0471036042706112,pm_oer_all_in,mk,-0.43535310127538196,-9.242458364210712
2024-02-01,0.03390779899042824,0.028346876759514018,0.044195975545227674,pm_oer_all_in,mk,-0.3767939723055669,-8.52552676249848
2024-03-01,0.03625159625574365,0.02973658032745833,0.04688755102008239,pm_oer_all_in,mk,-0.3897856281399159,-8.313200831772319
2024-04-01,0.04229137155371921,0.03466387969629689,0.054682215239454914,pm_oer_all_in,mk,-0.37945866119117877,-6.939343249528552
2024-05-01,0.04676060923708507,0.038200309399752205,0.06038061124616214,pm_oer_all_in,mk,-0.38588470483735815,-6.390871123582496
2024-06-01,0.046991953886883236,0.038520122314627536,0.06076218851589223,pm_oer_all_in,mk,-0.42300221432605145,-6.961602678537756
2024-07-01,0.04785743723401157,0.03929943286278555,0.06192559827683496,pm_oer_all_in,mk,-0.45163371609260317,-7.293166778520243
2024-08-01,0.04658131587122111,0.038295615679608506,0.06030234795242016,pm_oer_all_in,mk,-0.40918888616976457,-6.7856211252772995
2024-09-01,0.03946170017991059,0.03250185052676633,0.05112334172130589,pm_oer_all_in,mk,-0.37999940808985944,-7.432992353304888
2024-10-01,0.035525433637037016,0.029106694715108645,0.04592663837402052,pm_oer_all_in,mk,-0.31187873552556145,-6.790802605356436
2024-11-01,0.03191827531723524,0.026005426140713328,0.04117108801072574,pm_oer_all_in,mk,-0.20963638744755375,-5.09183501278713
2024-12-01,0.029809147725347342,0.024211009794319175,0.038402581727954174,pm_oer_all_in,mk,-0.20011786899989392,-5.2110524864588275
2025-01-01,0.026889522796514274,0.021337973030175327,0.034327183532307896,pm_oer_all_in,mk,-0.16551651919474164,-4.8217331619694805
2025-02-01,0.02614918532044235,0.02074755021530983,0.03338024464948753,pm_oer_all_in,mk,-0.21628547504273232,-6.4794454718309815
2025-03-01,0.030789647224127564,0.021039355501800524,0.03729151185078677,pm_oer_all_in,mk,-0.25618044839299525,-6.869671828217671
2025-04-01,0.027657383875844904,0.02055739785318857,0.03446066582859547,pm_oer_all_in,mk,-0.2748042080967794,-7.974431180860899
2025-05-01,0.025240656817636084,0.018974111791758893,0.03157701181036361,pm_oer_all_in,mk,-0.258987606326766,-8.201776909168016
2025-06-01,0.025892120268358017,0.017312533814181064,0.031146841237247137,pm_oer_all_in,mk,-0.21743012992161415,-6.980808367225342
2025-07-01,0.026798761658231852,0.015955250360874522,0.03118883839601764,pm_oer_all_in,mk,-0.16147719138475125,-5.1774031893848775
2025-08-01,0.02248074269162589,0.01447409308698737,0.02673729909055637,pm_oer_all_in,mk,-0.14347011983044666,-5.365916704769944
2025-09-01,0.015476021561814272,0.01240421328467728,0.019833601553764877,pm_oer_all_in,mk,-0.10410993086871212,-5.249169223577028
2025-11-01,0.024305057612690924,0.014018677403131348,0.028058138599866,pm_oer_all_in,mk,-0.14842658564528932,-5.289965516315404
2025-12-01,0.01898434880745101,0.0137029513059347,0.0234131666832102,pm_oer_all_in,mk,-0.10332438874731675,-4.413089017190128
2026-01-01,0.02281136589171662,0.017482065727791794,0.02873988580277599,pm_oer_all_in,mk,-0.16394710269105328,-5.7045147575088
2026-02-01,0.025367981696797895,0.019732456451417784,0.03213882905421684,pm_oer_all_in,mk,-0.0964286570801054,-3.000378667108075
2026-03-01,0.03269944607513453,0.02601015167236456,0.041782553340360136,pm_oer_all_in,mk,0.05447031066152519,1.3036616077004857
2026-04-01,0.042310631812162325,0.031854709609363305,0.05296142075738929,pm_oer_all_in,mk,0.058720528743738676,1.1087415689381004
2026-05-01,0.054596795688486625,0.04090617342395767,0.06822114865378076,pm_oer_all_in,mk,0.0790804936290801,1.159178571302134
2026-06-01,0.0409672189529621,0.030943479441953043,0.051340159219800896,pm_oer_all_in,mk,0.03876234245641097,0.7550101722602585
2026-07-01,0.036580367106739356,0.028038312301145483,0.04608980597008827,pm_oer_all_in,mk,0.003901006678552754,0.08463925148837599
