block,contrib,se_indep,se_persist,se_bound,variant,basket,g1,g2,from,to,level,gap,residual,cat_label
Food,0.07645678381669993,0.02623716888569068,0.019638762087790987,0.057249069695604206,headline,oer,F1,10,2019-12-01,2026-07-01,block,-0.6860906945187262,-0.03205672144738603,Food
Alcohol and tobacco,-0.06480481822606962,0.006908566378278644,0.01239873318830957,0.01681182361736306,headline,oer,F1,10,2019-12-01,2026-07-01,block,-0.6860906945187262,-0.03205672144738603,Alcohol and tobacco
Rent,-0.25536234238853034,0.0211843846677614,0.010864453645358676,0.04929104276582088,headline,oer,F1,10,2019-12-01,2026-07-01,block,-0.6860906945187262,-0.03205672144738603,Rent
Owners' housing and lodging,-0.012713723246882594,0.040744217815220085,0.021747844180233074,0.10177152666700671,headline,oer,F1,10,2019-12-01,2026-07-01,block,-0.6860906945187262,-0.03205672144738603,Owners' housing and lodging
Utilities and phone,-0.11683797580341775,0.021069815852483548,0.02021457148900226,0.05080420652255612,headline,oer,F1,10,2019-12-01,2026-07-01,block,-0.6860906945187262,-0.03205672144738603,Utilities and phone
Childcare,0.00491111494028032,0.00903006578632835,0.003413633215212859,0.02098137122544733,headline,oer,F1,10,2019-12-01,2026-07-01,block,-0.6860906945187262,-0.03205672144738603,Childcare
Everything else,-0.054885227483741285,0.044236489916593735,0.05673816296014895,0.10377822462470722,headline,oer,F1,10,2019-12-01,2026-07-01,block,-0.6860906945187262,-0.03205672144738603,Everything else
Apparel,-0.10700916029371406,0.016371832954064143,0.030314307635509186,0.04085625811318779,headline,oer,F1,10,2019-12-01,2026-07-01,block,-0.6860906945187262,-0.03205672144738603,Apparel
"Vehicles, gas, transport",0.022174866321217086,0.15202579621323525,0.06852778391029123,0.3503437477120141,headline,oer,F1,10,2019-12-01,2026-07-01,block,-0.6860906945187262,-0.03205672144738603,"Vehicles, gas, transport"
Education,-0.17503198638324838,0.025547173075611142,0.04612291269568103,0.04900669007597036,headline,oer,F1,10,2019-12-01,2026-07-01,block,-0.6860906945187262,-0.03205672144738603,Education
Medical,0.029068495676066473,0.01794962126843578,0.030128547335371837,0.0375173200452647,headline,oer,F1,10,2019-12-01,2026-07-01,block,-0.6860906945187262,-0.03205672144738603,Medical
01,0.03938102088407399,0.023334149022244687,0.011327346122144335,0.04431704325372093,headline,oer,F1,10,2019-12-01,2026-07-01,category,-0.6860906945187262,-0.032056721447385916,Food at home
02,0.03707576293262597,0.011991237869541125,0.015971381448484562,0.030552396534947124,headline,oer,F1,10,2019-12-01,2026-07-01,category,-0.6860906945187262,-0.032056721447385916,Food away from home
03,0.02503575492867499,0.00474197779351484,0.006785631475173538,0.009091454563530344,headline,oer,F1,10,2019-12-01,2026-07-01,category,-0.6860906945187262,-0.032056721447385916,Alcoholic beverages
07,-0.25536234238853034,0.0211843846677614,0.010864453645358676,0.04929104276582088,headline,oer,F1,10,2019-12-01,2026-07-01,category,-0.6860906945187262,-0.032056721447385916,Rented dwellings
08,-0.031157234201979217,0.023401287445932572,0.004711073118499388,0.05364734074426522,headline,oer,F1,10,2019-12-01,2026-07-01,category,-0.6860906945187262,-0.032056721447385916,Other lodging
09,-0.014333626547548703,0.012929768904675846,0.0068540202304824315,0.027676932006557162,headline,oer,F1,10,2019-12-01,2026-07-01,category,-0.6860906945187262,-0.032056721447385916,Natural gas
10,-0.06459801775415427,0.007949814897089154,0.012616466212235078,0.01429319851454712,headline,oer,F1,10,2019-12-01,2026-07-01,category,-0.6860906945187262,-0.032056721447385916,Electricity
11,-0.026533326173487654,0.012419057989667621,0.005014049013589001,0.028883023993065776,headline,oer,F1,10,2019-12-01,2026-07-01,category,-0.6860906945187262,-0.032056721447385916,Fuel oil and other fuels
12,-0.011369643105789598,0.00788924208154511,0.016242949979070265,0.019914675261440702,headline,oer,F1,10,2019-12-01,2026-07-01,category,-0.6860906945187262,-0.032056721447385916,Telephone services
13,-3.362222437537193e-6,0.00291112874659327,0.001602256805708364,0.006791331017975895,headline,oer,F1,10,2019-12-01,2026-07-01,category,-0.6860906945187262,-0.032056721447385916,Water and other public services
14,0.00491111494028032,0.00903006578632835,0.003413633215212859,0.02098137122544733,headline,oer,F1,10,2019-12-01,2026-07-01,category,-0.6860906945187262,-0.032056721447385916,Personal services (childcare proxy)
15,0.07328028607726104,0.010200192665766489,0.021346144567298234,0.02170432362308411,headline,oer,F1,10,2019-12-01,2026-07-01,category,-0.6860906945187262,-0.032056721447385916,Other household expenses
16,0.004236125085683259,0.00928001025635384,0.002839184716803365,0.01936157117764576,headline,oer,F1,10,2019-12-01,2026-07-01,category,-0.6860906945187262,-0.032056721447385916,Housekeeping supplies
17,-0.06290234793270677,0.020227068780056083,0.022704653039463153,0.046947865176477754,headline,oer,F1,10,2019-12-01,2026-07-01,category,-0.6860906945187262,-0.032056721447385916,Household furnishings and equipment
18,-0.011411925169793273,0.007269644861475158,0.010873747728166714,0.015513688386361467,headline,oer,F1,10,2019-12-01,2026-07-01,category,-0.6860906945187262,-0.032056721447385916,Apparel: men and boys
19,-0.03414514930605004,0.011301772932860138,0.022641412528865333,0.02702317800253472,headline,oer,F1,10,2019-12-01,2026-07-01,category,-0.6860906945187262,-0.032056721447385916,Apparel: women and girls
20,-0.03187559928965092,0.0030781789884903733,0.00575015042154778,0.006802757555160666,headline,oer,F1,10,2019-12-01,2026-07-01,category,-0.6860906945187262,-0.032056721447385916,Apparel: children under 2
21,-0.02224962071514541,0.008399139279380534,0.015557736681252378,0.01786208185430556,headline,oer,F1,10,2019-12-01,2026-07-01,category,-0.6860906945187262,-0.032056721447385916,Footwear
22,-0.00732686581307443,0.0028549514207335783,0.004179239945644676,0.004690872932877647,headline,oer,F1,10,2019-12-01,2026-07-01,category,-0.6860906945187262,-0.032056721447385916,Other apparel products and services
23,-0.07889782472248348,0.14259011648271375,0.04886310084903864,0.30191973708369546,headline,oer,F1,10,2019-12-01,2026-07-01,category,-0.6860906945187262,-0.032056721447385916,Vehicle purchases (net outlay)
24,0.17471020274230764,0.052229990295592416,0.026756350113149526,0.11030962848451631,headline,oer,F1,10,2019-12-01,2026-07-01,category,-0.6860906945187262,-0.032056721447385916,Gasoline and other fuels
25,-0.025249485439126224,0.02415726938346014,0.020962335486337913,0.05309807067066734,headline,oer,F1,10,2019-12-01,2026-07-01,category,-0.6860906945187262,-0.032056721447385916,Other vehicle expenses
26,-0.048388026259480854,0.023797745692087098,0.007897908971838133,0.056203692707933246,headline,oer,F1,10,2019-12-01,2026-07-01,category,-0.6860906945187262,-0.032056721447385916,Public and other transportation
31,-0.05677849847382459,0.007981946124298086,0.006664651086285458,0.016255471799904997,headline,oer,F1,10,2019-12-01,2026-07-01,category,-0.6860906945187262,-0.032056721447385916,Fees and admissions
32,0.04906189762227547,0.00573757224204682,0.0077454195765395495,0.012008119596652414,headline,oer,F1,10,2019-12-01,2026-07-01,category,-0.6860906945187262,-0.032056721447385916,Audio and visual equipment and services
33,0.01601921806053631,0.011475398595684612,0.007168519739135387,0.021460065403971263,headline,oer,F1,10,2019-12-01,2026-07-01,category,-0.6860906945187262,-0.032056721447385916,"Pets, toys, hobbies, and playground equipment"
34,-0.10175887752456701,0.03149845083898804,0.047009511088211595,0.059217781940648535,headline,oer,F1,10,2019-12-01,2026-07-01,category,-0.6860906945187262,-0.032056721447385916,"Other entertainment supplies, equipment, services"
35,-3.033273446417705e-4,0.003220257516097572,0.001594624682981924,0.005969388414435449,headline,oer,F1,10,2019-12-01,2026-07-01,category,-0.6860906945187262,-0.032056721447385916,Personal care products and services
36,0.00698708140142731,0.0021644882011198074,0.002866926159664411,0.005227753813245035,headline,oer,F1,10,2019-12-01,2026-07-01,category,-0.6860906945187262,-0.032056721447385916,Reading
37,-0.17503198638324838,0.025547173075611142,0.04612291269568103,0.04900669007597036,headline,oer,F1,10,2019-12-01,2026-07-01,category,-0.6860906945187262,-0.032056721447385916,Education
38,-0.08984057315474461,0.00502372666839217,0.010445312686797327,0.01149624754590591,headline,oer,F1,10,2019-12-01,2026-07-01,category,-0.6860906945187262,-0.032056721447385916,Tobacco products and smoking supplies
39,0.017273215544815458,0.013576387715039512,0.008819460240588762,0.028200625138090893,headline,oer,F1,10,2019-12-01,2026-07-01,category,-0.6860906945187262,-0.032056721447385916,Miscellaneous
H0,0.018443510955096623,0.032681771991345275,0.021290381455178517,0.07715116715051282,headline,oer,F1,10,2019-12-01,2026-07-01,category,-0.6860906945187262,-0.032056721447385916,Owners' equivalent rent
M0,0.029068495676066473,0.01794962126843578,0.030128547335371837,0.0375173200452647,headline,oer,F1,10,2019-12-01,2026-07-01,category,-0.6860906945187262,-0.032056721447385916,Medical care (pooled)
Food,-0.06620204899634761,0.012639386283279638,0.023877209304897222,0.02563014970391104,headline,oer,F1,10,2014-12-01,2019-12-01,block,-1.051945671729504,-0.045739523650686786,Food
Alcohol and tobacco,-0.05461896684769641,0.003703674733485222,0.0073564392941181615,0.007656519377701232,headline,oer,F1,10,2014-12-01,2019-12-01,block,-1.051945671729504,-0.045739523650686786,Alcohol and tobacco
Rent,-0.6811265330424223,0.014866561986100566,0.03182804949292476,0.03217804262005888,headline,oer,F1,10,2014-12-01,2019-12-01,block,-1.051945671729504,-0.045739523650686786,Rent
Owners' housing and lodging,0.04172243347953879,0.018771074888521342,0.03935709384940495,0.04048912327400337,headline,oer,F1,10,2014-12-01,2019-12-01,block,-1.051945671729504,-0.045739523650686786,Owners' housing and lodging
Utilities and phone,0.01815320189395189,0.012573030295995668,0.014418554478522467,0.024864388145963524,headline,oer,F1,10,2014-12-01,2019-12-01,block,-1.051945671729504,-0.045739523650686786,Utilities and phone
Childcare,0.06942563679869596,0.004543529535815024,0.006273356640688445,0.007198442998557625,headline,oer,F1,10,2014-12-01,2019-12-01,block,-1.051945671729504,-0.045739523650686786,Childcare
Everything else,-0.03342165912702304,0.017519857307362167,0.03364632512433458,0.0376506858900118,headline,oer,F1,10,2014-12-01,2019-12-01,block,-1.051945671729504,-0.045739523650686786,Everything else
Apparel,-0.10389174506991507,0.013303684164425905,0.024137945975276145,0.027410787688313273,headline,oer,F1,10,2014-12-01,2019-12-01,block,-1.051945671729504,-0.045739523650686786,Apparel
"Vehicles, gas, transport",-0.21574866456735392,0.04245985544950897,0.06467055581779227,0.09269584939766114,headline,oer,F1,10,2014-12-01,2019-12-01,block,-1.051945671729504,-0.045739523650686786,"Vehicles, gas, transport"
Education,0.03930724377208218,0.01010779246831606,0.012893434635506133,0.01744746154089197,headline,oer,F1,10,2014-12-01,2019-12-01,block,-1.051945671729504,-0.045739523650686786,Education
Medical,-0.01980504637232755,0.009680089484607898,0.016389628033776853,0.01752678002978253,headline,oer,F1,10,2014-12-01,2019-12-01,block,-1.051945671729504,-0.045739523650686786,Medical
01,-0.0955692844380658,0.011201862658877355,0.021025308884467984,0.021209476520058147,headline,oer,F1,10,2014-12-01,2019-12-01,category,-1.051945671729504,-0.04573952365068701,Food at home
02,0.02936723544171818,0.0057508074725125015,0.010991593646695417,0.011066079336884267,headline,oer,F1,10,2014-12-01,2019-12-01,category,-1.051945671729504,-0.04573952365068701,Food away from home
03,0.01097504944765237,0.0016027248522914675,0.002559084261516537,0.0025980062053551508,headline,oer,F1,10,2014-12-01,2019-12-01,category,-1.051945671729504,-0.04573952365068701,Alcoholic beverages
07,-0.6811265330424223,0.014866561986100566,0.03182804949292476,0.03217804262005888,headline,oer,F1,10,2014-12-01,2019-12-01,category,-1.051945671729504,-0.04573952365068701,Rented dwellings
08,-0.004514129616866347,0.003690893136627754,0.0023094419103904164,0.007778486312806818,headline,oer,F1,10,2014-12-01,2019-12-01,category,-1.051945671729504,-0.04573952365068701,Other lodging
09,0.005672368990585279,0.006983876801007967,0.004606807286225645,0.011572047548055502,headline,oer,F1,10,2014-12-01,2019-12-01,category,-1.051945671729504,-0.04573952365068701,Natural gas
10,0.022185568678109786,0.002672315828002844,0.004540917484668816,0.005273793194705757,headline,oer,F1,10,2014-12-01,2019-12-01,category,-1.051945671729504,-0.04573952365068701,Electricity
11,4.450870301417866e-4,0.007662752635837259,0.0034269789959343816,0.011222029175119701,headline,oer,F1,10,2014-12-01,2019-12-01,category,-1.051945671729504,-0.04573952365068701,Fuel oil and other fuels
12,-0.01080605517317869,0.006436959372253587,0.01084130542092488,0.011024876296371618,headline,oer,F1,10,2014-12-01,2019-12-01,category,-1.051945671729504,-0.04573952365068701,Telephone services
13,6.562323682937275e-4,0.0019645997664176195,0.003599876841729713,0.0036499713214561704,headline,oer,F1,10,2014-12-01,2019-12-01,category,-1.051945671729504,-0.04573952365068701,Water and other public services
14,0.06942563679869596,0.004543529535815024,0.006273356640688445,0.007198442998557625,headline,oer,F1,10,2014-12-01,2019-12-01,category,-1.051945671729504,-0.04573952365068701,Personal services (childcare proxy)
15,0.010016873511245444,0.0030284038196927835,0.005281443952325842,0.005956964108251865,headline,oer,F1,10,2014-12-01,2019-12-01,category,-1.051945671729504,-0.04573952365068701,Other household expenses
16,-0.007880619801744818,0.003446300747142826,0.0053365794447993425,0.007024122317049816,headline,oer,F1,10,2014-12-01,2019-12-01,category,-1.051945671729504,-0.04573952365068701,Housekeeping supplies
17,-0.04539996833730123,0.01282429692975695,0.025766398057741596,0.026429721848281164,headline,oer,F1,10,2014-12-01,2019-12-01,category,-1.051945671729504,-0.04573952365068701,Household furnishings and equipment
18,-0.04156209410701718,0.005127918109335128,0.008454019713798801,0.00934258745527379,headline,oer,F1,10,2014-12-01,2019-12-01,category,-1.051945671729504,-0.04573952365068701,Apparel: men and boys
19,-0.024169898575763384,0.010789952392760373,0.02088251614136713,0.021309618563302875,headline,oer,F1,10,2014-12-01,2019-12-01,category,-1.051945671729504,-0.04573952365068701,Apparel: women and girls
20,-0.01626933354581428,0.0027223723081810434,0.0030990375696323957,0.005124886614668407,headline,oer,F1,10,2014-12-01,2019-12-01,category,-1.051945671729504,-0.04573952365068701,Apparel: children under 2
21,-0.021526200739687605,0.004948276870007706,0.008230619360631351,0.00833691815800514,headline,oer,F1,10,2014-12-01,2019-12-01,category,-1.051945671729504,-0.04573952365068701,Footwear
22,-3.642181016326053e-4,0.0017869721315629057,5.22106243309202e-4,0.0033354998197466226,headline,oer,F1,10,2014-12-01,2019-12-01,category,-1.051945671729504,-0.04573952365068701,Other apparel products and services
23,-0.17984957569410165,0.03036564841864403,0.06083221103876712,0.061208215429054316,headline,oer,F1,10,2014-12-01,2019-12-01,category,-1.051945671729504,-0.04573952365068701,Vehicle purchases (net outlay)
24,-0.04633698698193009,0.022713533921262054,0.005431730629045727,0.04190797882159149,headline,oer,F1,10,2014-12-01,2019-12-01,category,-1.051945671729504,-0.04573952365068701,Gasoline and other fuels
25,0.014229371826595448,0.014409289448321342,0.016257483342533054,0.03155852589690754,headline,oer,F1,10,2014-12-01,2019-12-01,category,-1.051945671729504,-0.04573952365068701,Other vehicle expenses
26,-0.0037914737179176403,0.005346552501019807,0.0108922290448445,0.01102455439758349,headline,oer,F1,10,2014-12-01,2019-12-01,category,-1.051945671729504,-0.04573952365068701,Public and other transportation
31,0.02960439186902778,0.0024664783773160025,0.003955688721722534,0.004349519132268357,headline,oer,F1,10,2014-12-01,2019-12-01,category,-1.051945671729504,-0.04573952365068701,Fees and admissions
32,0.008631605712595775,0.0020066183611988464,0.0020071364480967373,0.003608815465287991,headline,oer,F1,10,2014-12-01,2019-12-01,category,-1.051945671729504,-0.04573952365068701,Audio and visual equipment and services
33,0.002137441838127806,0.007720301862935369,0.01549105317061517,0.016052626097601188,headline,oer,F1,10,2014-12-01,2019-12-01,category,-1.051945671729504,-0.04573952365068701,"Pets, toys, hobbies, and playground equipment"
34,-0.029520276234948396,0.006957318290249475,0.013198462070724247,0.013939235892126317,headline,oer,F1,10,2014-12-01,2019-12-01,category,-1.051945671729504,-0.04573952365068701,"Other entertainment supplies, equipment, services"
35,-0.001917725998138772,0.0016341685394395027,0.002585510288592817,0.0032586821117451207,headline,oer,F1,10,2014-12-01,2019-12-01,category,-1.051945671729504,-0.04573952365068701,Personal care products and services
36,-9.229654159830056e-4,0.0010422304690867366,1.9380554410683003e-4,0.0020299262786037525,headline,oer,F1,10,2014-12-01,2019-12-01,category,-1.051945671729504,-0.04573952365068701,Reading
37,0.03930724377208218,0.01010779246831606,0.012893434635506133,0.01744746154089197,headline,oer,F1,10,2014-12-01,2019-12-01,category,-1.051945671729504,-0.04573952365068701,Education
38,-0.06559401629534879,0.0033499975378952686,0.006920562157032292,0.006952998656393818,headline,oer,F1,10,2014-12-01,2019-12-01,category,-1.051945671729504,-0.04573952365068701,Tobacco products and smoking supplies
39,0.0018295837300963747,0.0027188923458695054,0.0016804390070820647,0.00588033272196454,headline,oer,F1,10,2014-12-01,2019-12-01,category,-1.051945671729504,-0.04573952365068701,Miscellaneous
H0,0.04623656309640514,0.018396999018312238,0.03917055135855068,0.039476111516871436,headline,oer,F1,10,2014-12-01,2019-12-01,category,-1.051945671729504,-0.04573952365068701,Owners' equivalent rent
M0,-0.01980504637232755,0.009680089484607898,0.016389628033776853,0.01752678002978253,headline,oer,F1,10,2014-12-01,2019-12-01,category,-1.051945671729504,-0.04573952365068701,Medical care (pooled)
Food,0.06779541170992964,0.021306350980950333,0.018173776614835872,0.025280300821275865,headline,oer,F1,10,2020-12-01,2022-12-01,block,0.2344616060769189,0.037147489695439434,Food
Alcohol and tobacco,0.016193924486230755,0.004274035622996027,0.004623346698958383,0.004913044531651615,headline,oer,F1,10,2020-12-01,2022-12-01,block,0.2344616060769189,0.037147489695439434,Alcohol and tobacco
Rent,0.12349176466206693,0.015209928996745928,0.006460565266458619,0.020769673847908596,headline,oer,F1,10,2020-12-01,2022-12-01,block,0.2344616060769189,0.037147489695439434,Rent
Owners' housing and lodging,0.0010466982234751047,0.02531667226762113,0.015632682303418115,0.032849471990585286,headline,oer,F1,10,2020-12-01,2022-12-01,block,0.2344616060769189,0.037147489695439434,Owners' housing and lodging
Utilities and phone,-0.09063069501741905,0.014330085866257985,0.01853848801902576,0.02003318458158997,headline,oer,F1,10,2020-12-01,2022-12-01,block,0.2344616060769189,0.037147489695439434,Utilities and phone
Childcare,-0.07898759399680114,0.005629998143408314,0.006623188036003211,0.006737583220949138,headline,oer,F1,10,2020-12-01,2022-12-01,block,0.2344616060769189,0.037147489695439434,Childcare
Everything else,0.07879638079720563,0.023899401168470735,0.023205379923946706,0.033149497127127434,headline,oer,F1,10,2020-12-01,2022-12-01,block,0.2344616060769189,0.037147489695439434,Everything else
Apparel,-0.02603131167145704,0.009700570671824643,0.011254729132803362,0.012895608177888138,headline,oer,F1,10,2020-12-01,2022-12-01,block,0.2344616060769189,0.037147489695439434,Apparel
"Vehicles, gas, transport",0.18784162892380313,0.12859142063167756,0.042278369616546005,0.18006433715356454,headline,oer,F1,10,2020-12-01,2022-12-01,block,0.2344616060769189,0.037147489695439434,"Vehicles, gas, transport"
Education,-0.11140377512961196,0.023541927677036365,0.032325040409804204,0.032886907450584875,headline,oer,F1,10,2020-12-01,2022-12-01,block,0.2344616060769189,0.037147489695439434,Education
Medical,0.029201683394057452,0.014637477966951513,0.01975485862546393,0.01986318136617143,headline,oer,F1,10,2020-12-01,2022-12-01,block,0.2344616060769189,0.037147489695439434,Medical
01,0.06368891836251474,0.020499180123990157,0.018047078162369,0.02291700133157722,headline,oer,F1,10,2020-12-01,2022-12-01,category,0.2344616060769189,0.037147489695439434,Food at home
02,0.0041064933474149025,0.0058359811431350555,0.0013639209890499752,0.008214964850521403,headline,oer,F1,10,2020-12-01,2022-12-01,category,0.2344616060769189,0.037147489695439434,Food away from home
03,0.01855338703724264,0.004162881558986123,0.004605493778981201,0.004629935563518977,headline,oer,F1,10,2020-12-01,2022-12-01,category,0.2344616060769189,0.037147489695439434,Alcoholic beverages
07,0.12349176466206693,0.015209928996745928,0.006460565266458619,0.020769673847908596,headline,oer,F1,10,2020-12-01,2022-12-01,category,0.2344616060769189,0.037147489695439434,Rented dwellings
08,0.006513549107407649,0.014890659645587558,0.008634176156973096,0.019690634636308352,headline,oer,F1,10,2020-12-01,2022-12-01,category,0.2344616060769189,0.037147489695439434,Other lodging
09,-0.031691123070268515,0.008220637316424112,0.01151710409520076,0.011590806005572002,headline,oer,F1,10,2020-12-01,2022-12-01,category,0.2344616060769189,0.037147489695439434,Natural gas
10,-0.028420864033170536,0.006498067050472243,0.0058198059757894,0.007156179759247874,headline,oer,F1,10,2020-12-01,2022-12-01,category,0.2344616060769189,0.037147489695439434,Electricity
11,-0.02963904971123796,0.008664707876713355,0.012100078711822303,0.012173854347488194,headline,oer,F1,10,2020-12-01,2022-12-01,category,0.2344616060769189,0.037147489695439434,Fuel oil and other fuels
12,-0.005569475555041504,0.005107583005680299,0.007089207110220946,0.007169788481017506,headline,oer,F1,10,2020-12-01,2022-12-01,category,0.2344616060769189,0.037147489695439434,Telephone services
13,0.004689817352299482,0.0020509791003031344,0.0025849859780707916,0.0026012260184781807,headline,oer,F1,10,2020-12-01,2022-12-01,category,0.2344616060769189,0.037147489695439434,Water and other public services
14,-0.07898759399680114,0.005629998143408314,0.006623188036003211,0.006737583220949138,headline,oer,F1,10,2020-12-01,2022-12-01,category,0.2344616060769189,0.037147489695439434,Personal services (childcare proxy)
15,0.037358337025944516,0.008397669544631111,0.010314035300875183,0.01040740995877288,headline,oer,F1,10,2020-12-01,2022-12-01,category,0.2344616060769189,0.037147489695439434,Other household expenses
16,0.00695738774710129,0.008071705468180417,0.003705236460401111,0.011046141893571986,headline,oer,F1,10,2020-12-01,2022-12-01,category,0.2344616060769189,0.037147489695439434,Housekeeping supplies
17,0.005546996117221634,0.005782480602299976,0.0022059415167932873,0.007975034570640263,headline,oer,F1,10,2020-12-01,2022-12-01,category,0.2344616060769189,0.037147489695439434,Household furnishings and equipment
18,-0.0026412075003897062,0.005000635882235527,0.004613144817621747,0.005394828746727272,headline,oer,F1,10,2020-12-01,2022-12-01,category,0.2344616060769189,0.037147489695439434,Apparel: men and boys
19,-0.009146189726896554,0.004415357417910925,0.006024879516776834,0.0060854768628629645,headline,oer,F1,10,2020-12-01,2022-12-01,category,0.2344616060769189,0.037147489695439434,Apparel: women and girls
20,-0.003937945137735476,8.3328568762838e-4,0.0011485055934863232,0.0011629817121927683,headline,oer,F1,10,2020-12-01,2022-12-01,category,0.2344616060769189,0.037147489695439434,Apparel: children under 2
21,-0.010702127233871947,0.007018835937071299,0.008293957263287244,0.00836447591133727,headline,oer,F1,10,2020-12-01,2022-12-01,category,0.2344616060769189,0.037147489695439434,Footwear
22,3.961579274366411e-4,2.514559919252021e-4,1.231221705951964e-4,3.481744646476405e-4,headline,oer,F1,10,2020-12-01,2022-12-01,category,0.2344616060769189,0.037147489695439434,Other apparel products and services
23,0.035795203549559645,0.13005071679253588,0.041119026056409526,0.18123485550928087,headline,oer,F1,10,2020-12-01,2022-12-01,category,0.2344616060769189,0.037147489695439434,Vehicle purchases (net outlay)
24,0.14042404911917097,0.03197579650804873,0.02295900928340309,0.03920551502875381,headline,oer,F1,10,2020-12-01,2022-12-01,category,0.2344616060769189,0.037147489695439434,Gasoline and other fuels
25,0.012957499073680163,0.01136757739431707,0.010779968162088552,0.011960057481488073,headline,oer,F1,10,2020-12-01,2022-12-01,category,0.2344616060769189,0.037147489695439434,Other vehicle expenses
26,-0.0013351228186076914,0.008282750050422272,0.0038043268094325637,0.011100297354320651,headline,oer,F1,10,2020-12-01,2022-12-01,category,0.2344616060769189,0.037147489695439434,Public and other transportation
31,-0.044882751269495036,0.005404707807726673,0.005820819507334055,0.005914967279364099,headline,oer,F1,10,2020-12-01,2022-12-01,category,0.2344616060769189,0.037147489695439434,Fees and admissions
32,0.04542230020778472,0.005181589572942367,0.007256673416907185,0.007313689731322437,headline,oer,F1,10,2020-12-01,2022-12-01,category,0.2344616060769189,0.037147489695439434,Audio and visual equipment and services
33,0.017673261621191108,0.01072451918224405,0.007080947006164027,0.014538464204630293,headline,oer,F1,10,2020-12-01,2022-12-01,category,0.2344616060769189,0.037147489695439434,"Pets, toys, hobbies, and playground equipment"
34,-0.002090812184021133,0.013699624107311771,0.014859868087381838,0.015512447424707343,headline,oer,F1,10,2020-12-01,2022-12-01,category,0.2344616060769189,0.037147489695439434,"Other entertainment supplies, equipment, services"
35,-4.4849887475229065e-5,0.0028964030757020736,0.0024384381155492583,0.003299202439524983,headline,oer,F1,10,2020-12-01,2022-12-01,category,0.2344616060769189,0.037147489695439434,Personal care products and services
36,0.0060979752207371615,0.0015567458945949697,0.0019964585901004286,0.002006296245452265,headline,oer,F1,10,2020-12-01,2022-12-01,category,0.2344616060769189,0.037147489695439434,Reading
37,-0.11140377512961196,0.023541927677036365,0.032325040409804204,0.032886907450584875,headline,oer,F1,10,2020-12-01,2022-12-01,category,0.2344616060769189,0.037147489695439434,Education
38,-0.002359462551011885,9.454757237800158e-4,3.734449907273901e-4,0.0012927324052371394,headline,oer,F1,10,2020-12-01,2022-12-01,category,0.2344616060769189,0.037147489695439434,Tobacco products and smoking supplies
39,0.00675853619821661,0.006343623436515098,0.006962505042145241,0.007008272219541855,headline,oer,F1,10,2020-12-01,2022-12-01,category,0.2344616060769189,0.037147489695439434,Miscellaneous
H0,-0.005466850883932544,0.020034298012844398,0.012762794534781111,0.02564179665468314,headline,oer,F1,10,2020-12-01,2022-12-01,category,0.2344616060769189,0.037147489695439434,Owners' equivalent rent
M0,0.029201683394057452,0.014637477966951513,0.01975485862546393,0.01986318136617143,headline,oer,F1,10,2020-12-01,2022-12-01,category,0.2344616060769189,0.037147489695439434,Medical care (pooled)
Food,-0.011046201886034746,0.008280941515248769,0.011167396153108144,0.011239854140306139,headline,oer,F1,10,2022-12-01,2024-12-01,block,-0.6500908562327323,-0.012543331267043212,Food
Alcohol and tobacco,-0.029582792100434678,0.0031465433206950043,0.004411867131821399,0.0044465061455069635,headline,oer,F1,10,2022-12-01,2024-12-01,block,-0.6500908562327323,-0.012543331267043212,Alcohol and tobacco
Rent,-0.3623451285702113,0.010882306108248037,0.01455591249799487,0.014640385061917918,headline,oer,F1,10,2022-12-01,2024-12-01,block,-0.6500908562327323,-0.012543331267043212,Rent
Owners' housing and lodging,0.010461314427161448,0.020116918421784816,0.027760963199945057,0.028004590041712574,headline,oer,F1,10,2022-12-01,2024-12-01,block,-0.6500908562327323,-0.012543331267043212,Owners' housing and lodging
Utilities and phone,0.011186260397336703,0.010619084606233996,0.011609766420039377,0.013063027822219447,headline,oer,F1,10,2022-12-01,2024-12-01,block,-0.6500908562327323,-0.012543331267043212,Utilities and phone
Childcare,0.05791831529500211,0.004347566362023701,0.005362087529005254,0.005430100841499063,headline,oer,F1,10,2022-12-01,2024-12-01,block,-0.6500908562327323,-0.012543331267043212,Childcare
Everything else,-0.1085893749006224,0.029548280565224953,0.03768848167676324,0.040144982023215744,headline,oer,F1,10,2022-12-01,2024-12-01,block,-0.6500908562327323,-0.012543331267043212,Everything else
Apparel,-0.029647036617242564,0.004837009670797209,0.006583300499260575,0.006826719316152613,headline,oer,F1,10,2022-12-01,2024-12-01,block,-0.6500908562327323,-0.012543331267043212,Apparel
"Vehicles, gas, transport",-0.16434584659165224,0.042309783580637784,0.058710389755790106,0.05982667909983731,headline,oer,F1,10,2022-12-01,2024-12-01,block,-0.6500908562327323,-0.012543331267043212,"Vehicles, gas, transport"
Education,-0.01514331557249108,0.004119533977047712,0.0032044274793111708,0.004921035398662214,headline,oer,F1,10,2022-12-01,2024-12-01,block,-0.6500908562327323,-0.012543331267043212,Education
Medical,0.003586281153499427,0.006574312193581964,0.006463648264464482,0.006709258459621097,headline,oer,F1,10,2022-12-01,2024-12-01,block,-0.6500908562327323,-0.012543331267043212,Medical
01,-0.024858190750709754,0.006364432573439177,0.008609766354195659,0.008670000102218628,headline,oer,F1,10,2022-12-01,2024-12-01,category,-0.6500908562327323,-0.01254333126704299,Food at home
02,0.013811988864675006,0.005159047523500468,0.006855063285540886,0.006909646047858701,headline,oer,F1,10,2022-12-01,2024-12-01,category,-0.6500908562327323,-0.01254333126704299,Food away from home
03,0.006362736860039705,9.339053468145794e-4,0.0012868269793946969,0.001296288157357089,headline,oer,F1,10,2022-12-01,2024-12-01,category,-0.6500908562327323,-0.01254333126704299,Alcoholic beverages
07,-0.3623451285702113,0.010882306108248037,0.01455591249799487,0.014640385061917918,headline,oer,F1,10,2022-12-01,2024-12-01,category,-0.6500908562327323,-0.01254333126704299,Rented dwellings
08,-0.016102344165335097,0.0035737546496467047,0.0038852601199573732,0.00389992177785808,headline,oer,F1,10,2022-12-01,2024-12-01,category,-0.6500908562327323,-0.01254333126704299,Other lodging
09,0.01656569676475574,0.007773033590587935,0.0069908010240292695,0.00848717801927549,headline,oer,F1,10,2022-12-01,2024-12-01,category,-0.6500908562327323,-0.01254333126704299,Natural gas
10,-5.514874073291982e-4,1.4428299083263114e-4,1.7042472742673665e-4,1.9038335763681038e-4,headline,oer,F1,10,2022-12-01,2024-12-01,category,-0.6500908562327323,-0.01254333126704299,Electricity
11,0.001638610975230945,0.006112176826721385,0.007744667777547539,0.007796770540398696,headline,oer,F1,10,2022-12-01,2024-12-01,category,-0.6500908562327323,-0.01254333126704299,Fuel oil and other fuels
12,-0.004874874382165638,0.0031617139863894987,0.004329236362553334,0.004357263271220558,headline,oer,F1,10,2022-12-01,2024-12-01,category,-0.6500908562327323,-0.01254333126704299,Telephone services
13,-0.0015916855531551417,0.0012670810631661897,0.0017724319666852174,0.0017768223836965409,headline,oer,F1,10,2022-12-01,2024-12-01,category,-0.6500908562327323,-0.01254333126704299,Water and other public services
14,0.05791831529500211,0.004347566362023701,0.005362087529005254,0.005430100841499063,headline,oer,F1,10,2022-12-01,2024-12-01,category,-0.6500908562327323,-0.01254333126704299,Personal services (childcare proxy)
15,0.014536471173647019,0.003694090023165097,0.005019300612699242,0.005082899030289484,headline,oer,F1,10,2022-12-01,2024-12-01,category,-0.6500908562327323,-0.01254333126704299,Other household expenses
16,6.907695694511507e-4,0.001376788273541387,0.0017337729686651225,0.0017563596748570685,headline,oer,F1,10,2022-12-01,2024-12-01,category,-0.6500908562327323,-0.01254333126704299,Housekeeping supplies
17,-0.06402019113295088,0.014660932764106677,0.02035535150773603,0.020720714395855922,headline,oer,F1,10,2022-12-01,2024-12-01,category,-0.6500908562327323,-0.01254333126704299,Household furnishings and equipment
18,-0.0036421664113125284,0.0015924126131180636,0.0016710211750284936,0.0016931928614526426,headline,oer,F1,10,2022-12-01,2024-12-01,category,-0.6500908562327323,-0.01254333126704299,Apparel: men and boys
19,-0.01349466530261918,0.003600746973215242,0.005066336006323233,0.005071571828110808,headline,oer,F1,10,2022-12-01,2024-12-01,category,-0.6500908562327323,-0.01254333126704299,Apparel: women and girls
20,-0.006938046240077057,9.630724241910086e-4,0.0013044352092045127,0.0013187234574132114,headline,oer,F1,10,2022-12-01,2024-12-01,category,-0.6500908562327323,-0.01254333126704299,Apparel: children under 2
21,-0.005061808361716267,0.0026106959978957956,0.0036076661759564255,0.003674500171685375,headline,oer,F1,10,2022-12-01,2024-12-01,category,-0.6500908562327323,-0.01254333126704299,Footwear
22,-5.103503015175344e-4,3.6705532991821897e-4,3.8220662892860305e-4,3.898383510952389e-4,headline,oer,F1,10,2022-12-01,2024-12-01,category,-0.6500908562327323,-0.01254333126704299,Other apparel products and services
23,-0.10699924947975425,0.03675565945071047,0.05179289390792998,0.051949973824993625,headline,oer,F1,10,2022-12-01,2024-12-01,category,-0.6500908562327323,-0.01254333126704299,Vehicle purchases (net outlay)
24,-0.0507174541373224,0.008555808706920924,0.011944294542464646,0.012022660948641375,headline,oer,F1,10,2022-12-01,2024-12-01,category,-0.6500908562327323,-0.01254333126704299,Gasoline and other fuels
25,-0.009360014498463756,0.015729230453881898,0.02167405300545791,0.021770907289664073,headline,oer,F1,10,2022-12-01,2024-12-01,category,-0.6500908562327323,-0.01254333126704299,Other vehicle expenses
26,0.002730871523888157,0.007556624264072297,0.004489521891546612,0.00973807080602508,headline,oer,F1,10,2022-12-01,2024-12-01,category,-0.6500908562327323,-0.01254333126704299,Public and other transportation
31,0.014919210822852127,0.0034015556908084683,0.0033751244076288245,0.0035313831918029823,headline,oer,F1,10,2022-12-01,2024-12-01,category,-0.6500908562327323,-0.01254333126704299,Fees and admissions
32,0.00778716947932442,0.0014541081679589562,0.0016771618824377604,0.001708475724024375,headline,oer,F1,10,2022-12-01,2024-12-01,category,-0.6500908562327323,-0.01254333126704299,Audio and visual equipment and services
33,-0.0015340020945765812,0.0022717564349753975,0.002663974224689754,0.002686797904257296,headline,oer,F1,10,2022-12-01,2024-12-01,category,-0.6500908562327323,-0.01254333126704299,"Pets, toys, hobbies, and playground equipment"
34,-0.08258534707502876,0.02412963324512684,0.031090223780703852,0.03182457565812136,headline,oer,F1,10,2022-12-01,2024-12-01,category,-0.6500908562327323,-0.01254333126704299,"Other entertainment supplies, equipment, services"
35,3.0146210588921814e-4,2.6341038663690354e-4,8.27814828857491e-5,3.6895123648804113e-4,headline,oer,F1,10,2022-12-01,2024-12-01,category,-0.6500908562327323,-0.01254333126704299,Personal care products and services
36,0.0028687032572438085,8.683367737839974e-4,0.0011876592939935905,0.0012004384771771548,headline,oer,F1,10,2022-12-01,2024-12-01,category,-0.6500908562327323,-0.01254333126704299,Reading
37,-0.01514331557249108,0.004119533977047712,0.0032044274793111708,0.004921035398662214,headline,oer,F1,10,2022-12-01,2024-12-01,category,-0.6500908562327323,-0.01254333126704299,Education
38,-0.035945528960474385,0.0030116975299997427,0.0042303586279275555,0.004257689272823514,headline,oer,F1,10,2022-12-01,2024-12-01,category,-0.6500908562327323,-0.01254333126704299,Tobacco products and smoking supplies
39,-0.0015536210064739184,0.008828915014155479,0.007644162207502967,0.010048409186605711,headline,oer,F1,10,2022-12-01,2024-12-01,category,-0.6500908562327323,-0.01254333126704299,Miscellaneous
H0,0.02656365859249655,0.019717475412166965,0.027341919429516724,0.027507298755308898,headline,oer,F1,10,2022-12-01,2024-12-01,category,-0.6500908562327323,-0.01254333126704299,Owners' equivalent rent
M0,0.003586281153499427,0.006574312193581964,0.006463648264464482,0.006709258459621097,headline,oer,F1,10,2022-12-01,2024-12-01,category,-0.6500908562327323,-0.01254333126704299,Medical care (pooled)
Food,0.06877136028125443,0.028682076162141624,0.02164990460360306,0.06247008367975146,headline,oer,K1,10,2019-12-01,2026-07-01,block,-0.8361573808031375,-0.05573378514613192,Food
Alcohol and tobacco,-0.06524331337387981,0.007503935359500988,0.013197340149670495,0.01811740979119276,headline,oer,K1,10,2019-12-01,2026-07-01,block,-0.8361573808031375,-0.05573378514613192,Alcohol and tobacco
Rent,-0.23153000345109198,0.023731934442819593,0.012698646988302456,0.05486089338706986,headline,oer,K1,10,2019-12-01,2026-07-01,block,-0.8361573808031375,-0.05573378514613192,Rent
Owners' housing and lodging,-0.010883908289039478,0.04421176468367958,0.025672892992441944,0.11037228971212013,headline,oer,K1,10,2019-12-01,2026-07-01,block,-0.8361573808031375,-0.05573378514613192,Owners' housing and lodging
Utilities and phone,-0.07081521403034861,0.0225721037108384,0.02161261341371238,0.05454385710440066,headline,oer,K1,10,2019-12-01,2026-07-01,block,-0.8361573808031375,-0.05573378514613192,Utilities and phone
Childcare,0.010495919891577755,0.011725109147217085,0.002191791868214462,0.02738090682791185,headline,oer,K1,10,2019-12-01,2026-07-01,block,-0.8361573808031375,-0.05573378514613192,Childcare
Everything else,-0.1261030209939253,0.051954947836823646,0.06851301141172582,0.11738715079300399,headline,oer,K1,10,2019-12-01,2026-07-01,block,-0.8361573808031375,-0.05573378514613192,Everything else
Apparel,-0.13362749436048094,0.017615342529080525,0.0331446553877069,0.04466598727650015,headline,oer,K1,10,2019-12-01,2026-07-01,block,-0.8361573808031375,-0.05573378514613192,Apparel
"Vehicles, gas, transport",-0.15684408087094331,0.17237999785409525,0.08776053295282282,0.39659793092327866,headline,oer,K1,10,2019-12-01,2026-07-01,block,-0.8361573808031375,-0.05573378514613192,"Vehicles, gas, transport"
Education,-0.13067069610339876,0.026689231547070418,0.048335993956165856,0.05107631280398518,headline,oer,K1,10,2019-12-01,2026-07-01,block,-0.8361573808031375,-0.05573378514613192,Education
Medical,0.0660268556432704,0.019938702718343054,0.03380660234420812,0.04168935914954691,headline,oer,K1,10,2019-12-01,2026-07-01,block,-0.8361573808031375,-0.05573378514613192,Medical
01,0.036066436745038684,0.025579956220883868,0.011921261813052602,0.0488004948576436,headline,oer,K1,10,2019-12-01,2026-07-01,category,-0.8361573808031375,-0.05573378514613192,Food at home
02,0.032704923536215756,0.01300277218412777,0.01805058237601892,0.03305505508031684,headline,oer,K1,10,2019-12-01,2026-07-01,category,-0.8361573808031375,-0.05573378514613192,Food away from home
03,0.0289978337829308,0.0053246850646908785,0.007459031317223678,0.010053023098705796,headline,oer,K1,10,2019-12-01,2026-07-01,category,-0.8361573808031375,-0.05573378514613192,Alcoholic beverages
07,-0.23153000345109198,0.023731934442819593,0.012698646988302456,0.05486089338706986,headline,oer,K1,10,2019-12-01,2026-07-01,category,-0.8361573808031375,-0.05573378514613192,Rented dwellings
08,-0.02578446954488729,0.0240581000194249,0.005878730623672616,0.05540049108969439,headline,oer,K1,10,2019-12-01,2026-07-01,category,-0.8361573808031375,-0.05573378514613192,Other lodging
09,-0.007482978330430235,0.013419954975817574,0.007696370814229269,0.028973651248032996,headline,oer,K1,10,2019-12-01,2026-07-01,category,-0.8361573808031375,-0.05573378514613192,Natural gas
10,-0.06080406581746998,0.008465025109486978,0.013477646903949241,0.0152220920706534,headline,oer,K1,10,2019-12-01,2026-07-01,category,-0.8361573808031375,-0.05573378514613192,Electricity
11,-0.01806795065751057,0.013766912425769242,0.0049780021683355725,0.031882840588662975,headline,oer,K1,10,2019-12-01,2026-07-01,category,-0.8361573808031375,-0.05573378514613192,Fuel oil and other fuels
12,0.016752508502209107,0.00847474486488627,0.017577697186874276,0.021353645995407722,headline,oer,K1,10,2019-12-01,2026-07-01,category,-0.8361573808031375,-0.05573378514613192,Telephone services
13,-0.0012127277271469462,0.003041030962259997,0.001802331778066927,0.007130338907070548,headline,oer,K1,10,2019-12-01,2026-07-01,category,-0.8361573808031375,-0.05573378514613192,Water and other public services
14,0.010495919891577755,0.011725109147217085,0.002191791868214462,0.02738090682791185,headline,oer,K1,10,2019-12-01,2026-07-01,category,-0.8361573808031375,-0.05573378514613192,Personal services (childcare proxy)
15,0.05705340836423353,0.011338407481405523,0.023945472444116385,0.024342495330777952,headline,oer,K1,10,2019-12-01,2026-07-01,category,-0.8361573808031375,-0.05573378514613192,Other household expenses
16,-0.003562061184314699,0.008671068265889394,9.99943349925138e-4,0.018951544978803234,headline,oer,K1,10,2019-12-01,2026-07-01,category,-0.8361573808031375,-0.05573378514613192,Housekeeping supplies
17,-0.06280053082800995,0.022185399695056694,0.02482414159683505,0.05063335025033154,headline,oer,K1,10,2019-12-01,2026-07-01,category,-0.8361573808031375,-0.05573378514613192,Household furnishings and equipment
18,-0.018208732298306732,0.007812621402969839,0.011893270433480938,0.01669041365636478,headline,oer,K1,10,2019-12-01,2026-07-01,category,-0.8361573808031375,-0.05573378514613192,Apparel: men and boys
19,-0.039299153312383275,0.012487299123911182,0.02504891518714513,0.030178931334392735,headline,oer,K1,10,2019-12-01,2026-07-01,category,-0.8361573808031375,-0.05573378514613192,Apparel: women and girls
20,-0.04563497127193672,0.003975842431610052,0.007453962721066209,0.008818321456360526,headline,oer,K1,10,2019-12-01,2026-07-01,category,-0.8361573808031375,-0.05573378514613192,Apparel: children under 2
21,-0.023654956114349975,0.008076371143576204,0.015840355770935222,0.018195489003574827,headline,oer,K1,10,2019-12-01,2026-07-01,category,-0.8361573808031375,-0.05573378514613192,Footwear
22,-0.006829681363504259,0.003473802172961263,0.004969715153146964,0.005497720664863964,headline,oer,K1,10,2019-12-01,2026-07-01,category,-0.8361573808031375,-0.05573378514613192,Other apparel products and services
23,-0.17520358253939552,0.162355159602513,0.06600339958497098,0.3460633309855289,headline,oer,K1,10,2019-12-01,2026-07-01,category,-0.8361573808031375,-0.05573378514613192,Vehicle purchases (net outlay)
24,0.13564064977498677,0.054414742540500716,0.026447726715384683,0.11605334040232351,headline,oer,K1,10,2019-12-01,2026-07-01,category,-0.8361573808031375,-0.05573378514613192,Gasoline and other fuels
25,-0.06295922526504655,0.026262410819493067,0.024237982991632923,0.05722828881644681,headline,oer,K1,10,2019-12-01,2026-07-01,category,-0.8361573808031375,-0.05573378514613192,Other vehicle expenses
26,-0.05432192284148801,0.027331404614480793,0.009457156700841431,0.0634685505019238,headline,oer,K1,10,2019-12-01,2026-07-01,category,-0.8361573808031375,-0.05573378514613192,Public and other transportation
31,-0.0746498201395801,0.01064532503633429,0.008421428073290651,0.02152109389090922,headline,oer,K1,10,2019-12-01,2026-07-01,category,-0.8361573808031375,-0.05573378514613192,Fees and admissions
32,0.051441226671776315,0.006230724841607146,0.008437275228767372,0.013043697831107568,headline,oer,K1,10,2019-12-01,2026-07-01,category,-0.8361573808031375,-0.05573378514613192,Audio and visual equipment and services
33,0.005910599692004423,0.007977114104691763,0.005978933035708186,0.017141426792478216,headline,oer,K1,10,2019-12-01,2026-07-01,category,-0.8361573808031375,-0.05573378514613192,"Pets, toys, hobbies, and playground equipment"
34,-0.12268058972218303,0.04042768453451154,0.05973799472577245,0.07292124400373544,headline,oer,K1,10,2019-12-01,2026-07-01,category,-0.8361573808031375,-0.05573378514613192,"Other entertainment supplies, equipment, services"
35,0.0011378738314293873,0.0036799412500245466,0.001987482138738224,0.006655182047659628,headline,oer,K1,10,2019-12-01,2026-07-01,category,-0.8361573808031375,-0.05573378514613192,Personal care products and services
36,0.005673908855584872,0.002276748304763254,0.00316912216954605,0.005502846250981776,headline,oer,K1,10,2019-12-01,2026-07-01,category,-0.8361573808031375,-0.05573378514613192,Reading
37,-0.13067069610339876,0.026689231547070418,0.048335993956165856,0.05107631280398518,headline,oer,K1,10,2019-12-01,2026-07-01,category,-0.8361573808031375,-0.05573378514613192,Education
38,-0.09424114715681063,0.005287321100620489,0.010957950038095186,0.012108185370998054,headline,oer,K1,10,2019-12-01,2026-07-01,category,-0.8361573808031375,-0.05573378514613192,Tobacco products and smoking supplies
39,0.01637296346513392,0.01593101364994712,0.0100286644441487,0.03256581426024905,headline,oer,K1,10,2019-12-01,2026-07-01,category,-0.8361573808031375,-0.05573378514613192,Miscellaneous
H0,0.014900561255847811,0.03645412365081404,0.024917566450735066,0.08611065648842581,headline,oer,K1,10,2019-12-01,2026-07-01,category,-0.8361573808031375,-0.05573378514613192,Owners' equivalent rent
M0,0.0660268556432704,0.019938702718343054,0.03380660234420812,0.04168935914954691,headline,oer,K1,10,2019-12-01,2026-07-01,category,-0.8361573808031375,-0.05573378514613192,Medical care (pooled)
Food,-0.06914398253588813,0.013701112334824777,0.0257121341317145,0.02745329471612668,headline,oer,K1,10,2014-12-01,2019-12-01,block,-1.023415108691883,-0.043130433044229255,Food
Alcohol and tobacco,-0.06012675949515014,0.0038759922539702706,0.007616900710623218,0.007968535054455614,headline,oer,K1,10,2014-12-01,2019-12-01,block,-1.023415108691883,-0.043130433044229255,Alcohol and tobacco
Rent,-0.571621699659916,0.01620248082109467,0.034820500846133154,0.035177524707967665,headline,oer,K1,10,2014-12-01,2019-12-01,block,-1.023415108691883,-0.043130433044229255,Rent
Owners' housing and lodging,-0.007016954505425319,0.020774331298902157,0.043921380465468875,0.04503183416398951,headline,oer,K1,10,2014-12-01,2019-12-01,block,-1.023415108691883,-0.043130433044229255,Owners' housing and lodging
Utilities and phone,0.04919499124600721,0.012480299557318018,0.014903193669868711,0.025273290470346526,headline,oer,K1,10,2014-12-01,2019-12-01,block,-1.023415108691883,-0.043130433044229255,Utilities and phone
Childcare,0.1024525470934199,0.006097794660999932,0.008302154387629093,0.009576583215245536,headline,oer,K1,10,2014-12-01,2019-12-01,block,-1.023415108691883,-0.043130433044229255,Childcare
Everything else,-0.04296380120426721,0.019330944276002293,0.0369426265949752,0.0416020630464601,headline,oer,K1,10,2014-12-01,2019-12-01,block,-1.023415108691883,-0.043130433044229255,Everything else
Apparel,-0.12734195828061975,0.014206682767469316,0.02551950686745984,0.02964626527899762,headline,oer,K1,10,2014-12-01,2019-12-01,block,-1.023415108691883,-0.043130433044229255,Apparel
"Vehicles, gas, transport",-0.2247632598759575,0.045894978567806534,0.07177967063820603,0.10024461441773164,headline,oer,K1,10,2014-12-01,2019-12-01,block,-1.023415108691883,-0.043130433044229255,"Vehicles, gas, transport"
Education,0.016371196258450998,0.010521426393682896,0.013138091523983346,0.01823675418088056,headline,oer,K1,10,2014-12-01,2019-12-01,block,-1.023415108691883,-0.043130433044229255,Education
Medical,-0.04532499468830781,0.010214417592955048,0.017260010803734297,0.018419194496578997,headline,oer,K1,10,2014-12-01,2019-12-01,block,-1.023415108691883,-0.043130433044229255,Medical
01,-0.09677473590300797,0.012432294303450477,0.023140909297164544,0.023358437136691872,headline,oer,K1,10,2014-12-01,2019-12-01,category,-1.023415108691883,-0.043130433044229255,Food at home
02,0.027630753367119835,0.005742204149257684,0.011108797556781316,0.011161939205431867,headline,oer,K1,10,2014-12-01,2019-12-01,category,-1.023415108691883,-0.043130433044229255,Food away from home
03,0.011215928948227843,0.0017328522327308975,0.0027410339910988457,0.002785292463794058,headline,oer,K1,10,2014-12-01,2019-12-01,category,-1.023415108691883,-0.043130433044229255,Alcoholic beverages
07,-0.571621699659916,0.01620248082109467,0.034820500846133154,0.035177524707967665,headline,oer,K1,10,2014-12-01,2019-12-01,category,-1.023415108691883,-0.043130433044229255,Rented dwellings
08,-0.005569298411817681,0.003948138346885103,0.0024468535151252386,0.008257893143467273,headline,oer,K1,10,2014-12-01,2019-12-01,category,-1.023415108691883,-0.043130433044229255,Other lodging
09,0.008376847113330053,0.00731644484005633,0.004911760384105514,0.012232866748884179,headline,oer,K1,10,2014-12-01,2019-12-01,category,-1.023415108691883,-0.043130433044229255,Natural gas
10,0.024157504664209715,0.0027713873118956085,0.0047025328766095945,0.005481606028739071,headline,oer,K1,10,2014-12-01,2019-12-01,category,-1.023415108691883,-0.043130433044229255,Electricity
11,0.012064535651585445,0.006829094846499703,0.0018432256043421488,0.010403983867905359,headline,oer,K1,10,2014-12-01,2019-12-01,category,-1.023415108691883,-0.043130433044229255,Fuel oil and other fuels
12,0.005707227401267929,0.006809702249530827,0.011520318601562485,0.011690673216516937,headline,oer,K1,10,2014-12-01,2019-12-01,category,-1.023415108691883,-0.043130433044229255,Telephone services
13,-0.001111123584385935,0.0019432836751148434,0.003663175670828848,0.003676658765027276,headline,oer,K1,10,2014-12-01,2019-12-01,category,-1.023415108691883,-0.043130433044229255,Water and other public services
14,0.1024525470934199,0.006097794660999932,0.008302154387629093,0.009576583215245536,headline,oer,K1,10,2014-12-01,2019-12-01,category,-1.023415108691883,-0.043130433044229255,Personal services (childcare proxy)
15,0.004686629565153929,0.0036240552873345673,0.006241718483485349,0.006984383459410087,headline,oer,K1,10,2014-12-01,2019-12-01,category,-1.023415108691883,-0.043130433044229255,Other household expenses
16,-0.004871357773667435,0.003603827820046937,0.005469075626627397,0.007371006074869433,headline,oer,K1,10,2014-12-01,2019-12-01,category,-1.023415108691883,-0.043130433044229255,Housekeeping supplies
17,-0.054664186515763914,0.014138190081283903,0.028140137220887294,0.028748711728830534,headline,oer,K1,10,2014-12-01,2019-12-01,category,-1.023415108691883,-0.043130433044229255,Household furnishings and equipment
18,-0.04689612950307403,0.005882115519935101,0.009677138015862289,0.010539968436628256,headline,oer,K1,10,2014-12-01,2019-12-01,category,-1.023415108691883,-0.043130433044229255,Apparel: men and boys
19,-0.03033828756674823,0.01105137999159724,0.021516310166941312,0.021911620249072877,headline,oer,K1,10,2014-12-01,2019-12-01,category,-1.023415108691883,-0.043130433044229255,Apparel: women and girls
20,-0.023900925267341177,0.003433740932999746,0.003862820490058199,0.0065554956183218865,headline,oer,K1,10,2014-12-01,2019-12-01,category,-1.023415108691883,-0.043130433044229255,Apparel: children under 2
21,-0.025680466405761073,0.005283744338665395,0.00894555890003658,0.009078138445652778,headline,oer,K1,10,2014-12-01,2019-12-01,category,-1.023415108691883,-0.043130433044229255,Footwear
22,-5.261495376952258e-4,0.0023726902721107348,5.269029430074341e-4,0.004282618967413618,headline,oer,K1,10,2014-12-01,2019-12-01,category,-1.023415108691883,-0.043130433044229255,Other apparel products and services
23,-0.16925379669396035,0.03383193023096681,0.06776913267323435,0.06807057214729584,headline,oer,K1,10,2014-12-01,2019-12-01,category,-1.023415108691883,-0.043130433044229255,Vehicle purchases (net outlay)
24,-0.04822712110799909,0.023693655660500506,0.005617605085076465,0.04389024869398732,headline,oer,K1,10,2014-12-01,2019-12-01,category,-1.023415108691883,-0.043130433044229255,Gasoline and other fuels
25,-0.002521914005970842,0.014782812889393017,0.01747703336360876,0.032530655329199916,headline,oer,K1,10,2014-12-01,2019-12-01,category,-1.023415108691883,-0.043130433044229255,Other vehicle expenses
26,-0.0047604280680272094,0.005814567839293699,0.011937634886385823,0.01210130969861995,headline,oer,K1,10,2014-12-01,2019-12-01,category,-1.023415108691883,-0.043130433044229255,Public and other transportation
31,0.03696098823176262,0.002998733902687846,0.004855745921154986,0.005319395230085141,headline,oer,K1,10,2014-12-01,2019-12-01,category,-1.023415108691883,-0.043130433044229255,Fees and admissions
32,0.00789862983768481,0.002449135441345432,0.002497757458295507,0.004223200273309401,headline,oer,K1,10,2014-12-01,2019-12-01,category,-1.023415108691883,-0.043130433044229255,Audio and visual equipment and services
33,6.475834681081486e-4,0.008406464531415197,0.017167457192185823,0.017525726129279457,headline,oer,K1,10,2014-12-01,2019-12-01,category,-1.023415108691883,-0.043130433044229255,"Pets, toys, hobbies, and playground equipment"
34,-0.03261428779431119,0.00754460982946637,0.014229846478459056,0.014940698124618627,headline,oer,K1,10,2014-12-01,2019-12-01,category,-1.023415108691883,-0.043130433044229255,"Other entertainment supplies, equipment, services"
35,-0.0032360286880575725,0.0018045399892537446,0.0028985189526135207,0.0035774282044517304,headline,oer,K1,10,2014-12-01,2019-12-01,category,-1.023415108691883,-0.043130433044229255,Personal care products and services
36,-0.0010708277594900526,0.0010327998003646108,1.791558593398484e-4,0.0020199121672664507,headline,oer,K1,10,2014-12-01,2019-12-01,category,-1.023415108691883,-0.043130433044229255,Reading
37,0.016371196258450998,0.010521426393682896,0.013138091523983346,0.01823675418088056,headline,oer,K1,10,2014-12-01,2019-12-01,category,-1.023415108691883,-0.043130433044229255,Education
38,-0.07134268844337799,0.0034791709146881743,0.00713254930173417,0.007180956383715197,headline,oer,K1,10,2014-12-01,2019-12-01,category,-1.023415108691883,-0.043130433044229255,Tobacco products and smoking supplies
39,0.003299056224313435,0.0029345982080009785,0.0015821040733863818,0.006232630677942701,headline,oer,K1,10,2014-12-01,2019-12-01,category,-1.023415108691883,-0.043130433044229255,Miscellaneous
H0,-0.0014476560936076393,0.020380018988930715,0.04370613663851017,0.04399069450239314,headline,oer,K1,10,2014-12-01,2019-12-01,category,-1.023415108691883,-0.043130433044229255,Owners' equivalent rent
M0,-0.04532499468830781,0.010214417592955048,0.017260010803734297,0.018419194496578997,headline,oer,K1,10,2014-12-01,2019-12-01,category,-1.023415108691883,-0.043130433044229255,Medical care (pooled)
Food,0.06172638188089476,0.023331866381794495,0.01979437612886598,0.027572277548432406,headline,oer,K1,10,2020-12-01,2022-12-01,block,0.036517638806699004,0.02519074955548567,Food
Alcohol and tobacco,0.01878708399297731,0.004829081504881368,0.005200297574604285,0.005519222972590728,headline,oer,K1,10,2020-12-01,2022-12-01,block,0.036517638806699004,0.02519074955548567,Alcohol and tobacco
Rent,0.0924177836623808,0.01711780837724005,0.00692224276717433,0.023429040438774924,headline,oer,K1,10,2020-12-01,2022-12-01,block,0.036517638806699004,0.02519074955548567,Rent
Owners' housing and lodging,0.02766057909488532,0.027194331938530415,0.01660478857054242,0.035280662602217114,headline,oer,K1,10,2020-12-01,2022-12-01,block,0.036517638806699004,0.02519074955548567,Owners' housing and lodging
Utilities and phone,-0.0823959131792697,0.015109154523998,0.019499164143805828,0.021143636307677266,headline,oer,K1,10,2020-12-01,2022-12-01,block,0.036517638806699004,0.02519074955548567,Utilities and phone
Childcare,-0.11753580727199492,0.00729502637399897,0.008653076903105933,0.008830409084852005,headline,oer,K1,10,2020-12-01,2022-12-01,block,0.036517638806699004,0.02519074955548567,Childcare
Everything else,0.03851178569653348,0.023244742461605617,0.023630004485021946,0.03274817967472193,headline,oer,K1,10,2020-12-01,2022-12-01,block,0.036517638806699004,0.02519074955548567,Everything else
Apparel,-0.03517668908885398,0.009912519513652197,0.011683029514592536,0.013525804646982009,headline,oer,K1,10,2020-12-01,2022-12-01,block,0.036517638806699004,0.02519074955548567,Apparel
"Vehicles, gas, transport",0.04020468576002429,0.14702147805805613,0.0368928359364907,0.20752658789023334,headline,oer,K1,10,2020-12-01,2022-12-01,block,0.036517638806699004,0.02519074955548567,"Vehicles, gas, transport"
Education,-0.0817381162987045,0.024488371436456942,0.03361708361252945,0.03380559810337706,headline,oer,K1,10,2020-12-01,2022-12-01,block,0.036517638806699004,0.02519074955548567,Education
Medical,0.04886511500234046,0.016204577421383908,0.021990612187270227,0.022080388524125263,headline,oer,K1,10,2020-12-01,2022-12-01,block,0.036517638806699004,0.02519074955548567,Medical
01,0.061281011002494466,0.022441633047618918,0.01965650926563788,0.025190851031115017,headline,oer,K1,10,2020-12-01,2022-12-01,category,0.036517638806699004,0.025190749555485628,Food at home
02,4.453708784002853e-4,0.006388817753198569,0.0017759923887189272,0.008925787641214739,headline,oer,K1,10,2020-12-01,2022-12-01,category,0.036517638806699004,0.025190749555485628,Food away from home
03,0.021180319744524164,0.0047162754793290155,0.00518222392443602,0.005222638564494865,headline,oer,K1,10,2020-12-01,2022-12-01,category,0.036517638806699004,0.025190749555485628,Alcoholic beverages
07,0.0924177836623808,0.01711780837724005,0.00692224276717433,0.023429040438774924,headline,oer,K1,10,2020-12-01,2022-12-01,category,0.036517638806699004,0.025190749555485628,Rented dwellings
08,0.003342544370764297,0.015221855105197146,0.008991483045384838,0.020019494150816528,headline,oer,K1,10,2020-12-01,2022-12-01,category,0.036517638806699004,0.025190749555485628,Other lodging
09,-0.03383898702784087,0.008636471643934152,0.012161223481306807,0.012199497624570716,headline,oer,K1,10,2020-12-01,2022-12-01,category,0.036517638806699004,0.025190749555485628,Natural gas
10,-0.025417926688274233,0.006884873106905033,0.006171964617860976,0.007567624275138093,headline,oer,K1,10,2020-12-01,2022-12-01,category,0.036517638806699004,0.025190749555485628,Electricity
11,-0.03150711789117199,0.009088409494019968,0.012621744314588382,0.012764702359823184,headline,oer,K1,10,2020-12-01,2022-12-01,category,0.036517638806699004,0.025190749555485628,Fuel oil and other fuels
12,0.0022404605745663525,0.005549129096488527,0.007721664406387316,0.007802983860411812,headline,oer,K1,10,2020-12-01,2022-12-01,category,0.036517638806699004,0.025190749555485628,Telephone services
13,0.006127657853451054,0.0021043892591505148,0.002658626502493916,0.00267598285235565,headline,oer,K1,10,2020-12-01,2022-12-01,category,0.036517638806699004,0.025190749555485628,Water and other public services
14,-0.11753580727199492,0.00729502637399897,0.008653076903105933,0.008830409084852005,headline,oer,K1,10,2020-12-01,2022-12-01,category,0.036517638806699004,0.025190749555485628,Personal services (childcare proxy)
15,0.028884721603006102,0.009244431036925635,0.011413560869888399,0.0114891819214087,headline,oer,K1,10,2020-12-01,2022-12-01,category,0.036517638806699004,0.025190749555485628,Other household expenses
16,-0.0017232020624820016,0.0071795642828045795,0.0013070873640126145,0.010103536901352557,headline,oer,K1,10,2020-12-01,2022-12-01,category,0.036517638806699004,0.025190749555485628,Housekeeping supplies
17,0.00524582805648248,0.005971732698288572,0.0024377503769271035,0.008205877115213731,headline,oer,K1,10,2020-12-01,2022-12-01,category,0.036517638806699004,0.025190749555485628,Household furnishings and equipment
18,-0.006406690542705929,0.005406112271448031,0.004988751956346144,0.005823792811892174,headline,oer,K1,10,2020-12-01,2022-12-01,category,0.036517638806699004,0.025190749555485628,Apparel: men and boys
19,-0.011830627653609071,0.005248936984775688,0.007090006676079034,0.007171869375478678,headline,oer,K1,10,2020-12-01,2022-12-01,category,0.036517638806699004,0.025190749555485628,Apparel: women and girls
20,-0.006227128983925312,0.0010638431558399864,0.001487623390219651,0.0014994346446159709,headline,oer,K1,10,2020-12-01,2022-12-01,category,0.036517638806699004,0.025190749555485628,Apparel: children under 2
21,-0.011104252319890175,0.006336899026984351,0.007719129802079901,0.007780579527673242,headline,oer,K1,10,2020-12-01,2022-12-01,category,0.036517638806699004,0.025190749555485628,Footwear
22,3.920104112765086e-4,2.576747065668692e-4,1.2154437361252507e-4,3.5615464497145506e-4,headline,oer,K1,10,2020-12-01,2022-12-01,category,0.036517638806699004,0.025190749555485628,Other apparel products and services
23,-0.07241974277718458,0.1480693933585223,0.02987405050244049,0.2085576844631188,headline,oer,K1,10,2020-12-01,2022-12-01,category,0.036517638806699004,0.025190749555485628,Vehicle purchases (net outlay)
24,0.11390292913883324,0.034195647836891246,0.024077214654600394,0.042149644796846034,headline,oer,K1,10,2020-12-01,2022-12-01,category,0.036517638806699004,0.025190749555485628,Gasoline and other fuels
25,0.0012410741522994185,0.012531841524547114,0.011881420302590227,0.0131662935779528,headline,oer,K1,10,2020-12-01,2022-12-01,category,0.036517638806699004,0.025190749555485628,Other vehicle expenses
26,-0.0025195747539237235,0.008595519667267177,0.004177100369802598,0.011448958276710228,headline,oer,K1,10,2020-12-01,2022-12-01,category,0.036517638806699004,0.025190749555485628,Public and other transportation
31,-0.05721660002721461,0.007149025144162375,0.007670654717178779,0.0077795593009282035,headline,oer,K1,10,2020-12-01,2022-12-01,category,0.036517638806699004,0.025190749555485628,Fees and admissions
32,0.04703379746709899,0.005631979963854291,0.007903681626408946,0.00794919375543938,headline,oer,K1,10,2020-12-01,2022-12-01,category,0.036517638806699004,0.025190749555485628,Audio and visual equipment and services
33,0.008858397550189086,0.0068031445944572765,0.002347553649635933,0.009581852480804114,headline,oer,K1,10,2020-12-01,2022-12-01,category,0.036517638806699004,0.025190749555485628,"Pets, toys, hobbies, and playground equipment"
34,-0.0056289285429450475,0.01399402001078093,0.015390831174594962,0.01634265931742351,headline,oer,K1,10,2020-12-01,2022-12-01,category,0.036517638806699004,0.025190749555485628,"Other entertainment supplies, equipment, services"
35,0.0010034404291009184,0.0033604742558797788,0.0028284578256312864,0.003827994128185682,headline,oer,K1,10,2020-12-01,2022-12-01,category,0.036517638806699004,0.025190749555485628,Personal care products and services
36,0.005647408850959321,0.001593205356305144,0.0020267279736011974,0.002038923291388911,headline,oer,K1,10,2020-12-01,2022-12-01,category,0.036517638806699004,0.025190749555485628,Reading
37,-0.0817381162987045,0.024488371436456942,0.03361708361252945,0.03380559810337706,headline,oer,K1,10,2020-12-01,2022-12-01,category,0.036517638806699004,0.025190749555485628,Education
38,-0.002393235751546852,0.001011790487145263,3.9832406414888534e-4,0.00138217689192821,headline,oer,K1,10,2020-12-01,2022-12-01,category,0.036517638806699004,0.025190749555485628,Tobacco products and smoking supplies
39,0.0064069223723382555,0.007208278441182376,0.007844320446644591,0.007897162867809369,headline,oer,K1,10,2020-12-01,2022-12-01,category,0.036517638806699004,0.025190749555485628,Miscellaneous
H0,0.02431803472412102,0.022090950394052317,0.0136187639784475,0.028456755222105175,headline,oer,K1,10,2020-12-01,2022-12-01,category,0.036517638806699004,0.025190749555485628,Owners' equivalent rent
M0,0.04886511500234046,0.016204577421383908,0.021990612187270227,0.022080388524125263,headline,oer,K1,10,2020-12-01,2022-12-01,category,0.036517638806699004,0.025190749555485628,Medical care (pooled)
Food,-0.009271721914445826,0.008973703044567695,0.012136273733317287,0.012226940296079203,headline,oer,K1,10,2022-12-01,2024-12-01,block,-0.607357884119053,-0.012249640744008916,Food
Alcohol and tobacco,-0.02966844886845981,0.0033645916070236394,0.004714595412000346,0.004757755891969863,headline,oer,K1,10,2022-12-01,2024-12-01,block,-0.607357884119053,-0.012249640744008916,Alcohol and tobacco
Rent,-0.31622785703804446,0.012305020915201052,0.016387372606656566,0.016467516644780657,headline,oer,K1,10,2022-12-01,2024-12-01,block,-0.607357884119053,-0.012249640744008916,Rent
Owners' housing and lodging,-0.01273524346005101,0.022614453566563237,0.03117717932325412,0.03145277154766085,headline,oer,K1,10,2022-12-01,2024-12-01,block,-0.607357884119053,-0.012249640744008916,Owners' housing and lodging
Utilities and phone,0.029310714556660167,0.011525977178511341,0.01281682675186046,0.014243246437554065,headline,oer,K1,10,2022-12-01,2024-12-01,block,-0.607357884119053,-0.012249640744008916,Utilities and phone
Childcare,0.08760736690983895,0.005790797813977437,0.007208720241926298,0.007286395326699569,headline,oer,K1,10,2022-12-01,2024-12-01,block,-0.607357884119053,-0.012249640744008916,Childcare
Everything else,-0.1264432658461535,0.03775335993179968,0.04790482649472002,0.05038905018363229,headline,oer,K1,10,2022-12-01,2024-12-01,block,-0.607357884119053,-0.012249640744008916,Everything else
Apparel,-0.03519819453523949,0.005464551573048701,0.007450729122650801,0.007721094109825319,headline,oer,K1,10,2022-12-01,2024-12-01,block,-0.607357884119053,-0.012249640744008916,Apparel
"Vehicles, gas, transport",-0.1895494513905525,0.047872945906839895,0.06653464204314852,0.06766197503381007,headline,oer,K1,10,2022-12-01,2024-12-01,block,-0.607357884119053,-0.012249640744008916,"Vehicles, gas, transport"
Education,-0.008639182300518829,0.004216300587722317,0.003140728699253401,0.005091673016159343,headline,oer,K1,10,2022-12-01,2024-12-01,block,-0.607357884119053,-0.012249640744008916,Education
Medical,0.015707040511922187,0.0075051838237647685,0.0073814010954201545,0.007690041900996758,headline,oer,K1,10,2022-12-01,2024-12-01,block,-0.607357884119053,-0.012249640744008916,Medical
01,-0.022557474856132607,0.007119824909397678,0.00959983409506375,0.009668843314762938,headline,oer,K1,10,2022-12-01,2024-12-01,category,-0.607357884119053,-0.012249640744008805,Food at home
02,0.013285752941686782,0.005444989548048597,0.0072899404426876695,0.007381816903536632,headline,oer,K1,10,2022-12-01,2024-12-01,category,-0.607357884119053,-0.012249640744008805,Food away from home
03,0.006948420987886991,9.82319010679484e-4,0.0013510909794698972,0.001363706556756546,headline,oer,K1,10,2022-12-01,2024-12-01,category,-0.607357884119053,-0.012249640744008805,Alcoholic beverages
07,-0.31622785703804446,0.012305020915201052,0.016387372606656566,0.016467516644780657,headline,oer,K1,10,2022-12-01,2024-12-01,category,-0.607357884119053,-0.012249640744008805,Rented dwellings
08,-0.012084447436459854,0.003724686981143014,0.004067980150532282,0.004075836337526037,headline,oer,K1,10,2022-12-01,2024-12-01,category,-0.607357884119053,-0.012249640744008805,Other lodging
09,0.022936552844781775,0.00789559071046748,0.007087568524135884,0.008633962994305982,headline,oer,K1,10,2022-12-01,2024-12-01,category,-0.607357884119053,-0.012249640744008805,Natural gas
10,-6.213173344407516e-4,1.6035578976866273e-4,1.897985529088339e-4,2.1124106752293487e-4,headline,oer,K1,10,2022-12-01,2024-12-01,category,-0.607357884119053,-0.012249640744008805,Electricity
11,0.005526431864300059,0.007249809293679166,0.009143455480050055,0.009232000154516647,headline,oer,K1,10,2022-12-01,2024-12-01,category,-0.607357884119053,-0.012249640744008805,Fuel oil and other fuels
12,0.004537516414091619,0.0034300638136951695,0.00467848351806101,0.004713081649412455,headline,oer,K1,10,2022-12-01,2024-12-01,category,-0.607357884119053,-0.012249640744008805,Telephone services
13,-0.0030684692320725316,0.0013402857589657942,0.0018727411128691574,0.0018793203836716633,headline,oer,K1,10,2022-12-01,2024-12-01,category,-0.607357884119053,-0.012249640744008805,Water and other public services
14,0.08760736690983895,0.005790797813977437,0.007208720241926298,0.007286395326699569,headline,oer,K1,10,2022-12-01,2024-12-01,category,-0.607357884119053,-0.012249640744008805,Personal services (childcare proxy)
15,0.011655668771162208,0.004213503139565937,0.005756477903739134,0.005838441189886212,headline,oer,K1,10,2022-12-01,2024-12-01,category,-0.607357884119053,-0.012249640744008805,Other household expenses
16,0.0014799663061951323,0.001540361498762102,0.0018933229963467222,0.0019029555516102649,headline,oer,K1,10,2022-12-01,2024-12-01,category,-0.607357884119053,-0.012249640744008805,Housekeeping supplies
17,-0.07061437778096094,0.016543602885305167,0.02299092914115958,0.02327786722736693,headline,oer,K1,10,2022-12-01,2024-12-01,category,-0.607357884119053,-0.012249640744008805,Household furnishings and equipment
18,-0.004400857447014213,0.0017547635335790311,0.0018486059516215955,0.0018712068561710284,headline,oer,K1,10,2022-12-01,2024-12-01,category,-0.607357884119053,-0.012249640744008805,Apparel: men and boys
19,-0.013889721059466072,0.004065084483532024,0.005727610009112163,0.005735069269771662,headline,oer,K1,10,2022-12-01,2024-12-01,category,-0.607357884119053,-0.012249640744008805,Apparel: women and girls
20,-0.010200724574174886,0.001238355317462946,0.0016967329932767866,0.0017168859575974324,headline,oer,K1,10,2022-12-01,2024-12-01,category,-0.607357884119053,-0.012249640744008805,Apparel: children under 2
21,-0.006363473374253074,0.0029009538789019572,0.003999943176040332,0.004066054425340441,headline,oer,K1,10,2022-12-01,2024-12-01,category,-0.607357884119053,-0.012249640744008805,Footwear
22,-3.434180803312403e-4,4.0704893666688535e-4,4.28511060273227e-4,4.357302177422515e-4,headline,oer,K1,10,2022-12-01,2024-12-01,category,-0.607357884119053,-0.012249640744008805,Other apparel products and services
23,-0.1059128595582152,0.04191354107349081,0.059178844908838193,0.059273689256274575,headline,oer,K1,10,2022-12-01,2024-12-01,category,-0.607357884119053,-0.012249640744008805,Vehicle purchases (net outlay)
24,-0.02811472965993591,0.009197490956774046,0.012840772288414296,0.012944117283974217,headline,oer,K1,10,2022-12-01,2024-12-01,category,-0.607357884119053,-0.012249640744008805,Gasoline and other fuels
25,-0.0534085608428717,0.017471897962231635,0.02410414873060606,0.02424643495992069,headline,oer,K1,10,2022-12-01,2024-12-01,category,-0.607357884119053,-0.012249640744008805,Other vehicle expenses
26,-0.002113301329529694,0.008558578667864499,0.004812989901279974,0.011163787615324845,headline,oer,K1,10,2022-12-01,2024-12-01,category,-0.607357884119053,-0.012249640744008805,Public and other transportation
31,0.019629880724645082,0.0046845377285525975,0.004649368996764462,0.0048567202866785794,headline,oer,K1,10,2022-12-01,2024-12-01,category,-0.607357884119053,-0.012249640744008805,Fees and admissions
32,0.008208212428920983,0.001567922610301233,0.0018230289002282444,0.0018661775695341812,headline,oer,K1,10,2022-12-01,2024-12-01,category,-0.607357884119053,-0.012249640744008805,Audio and visual equipment and services
33,-0.0024733750650038707,0.002607673720935323,0.0030856405379285977,0.003104424944248666,headline,oer,K1,10,2022-12-01,2024-12-01,category,-0.607357884119053,-0.012249640744008805,"Pets, toys, hobbies, and playground equipment"
34,-0.09450418028025759,0.03244553818776998,0.041648666461126,0.042286064816480416,headline,oer,K1,10,2022-12-01,2024-12-01,category,-0.607357884119053,-0.012249640744008805,"Other entertainment supplies, equipment, services"
35,2.495482757594509e-4,2.9293402002591534e-4,1.0009106279806783e-4,4.089932695323878e-4,headline,oer,K1,10,2022-12-01,2024-12-01,category,-0.607357884119053,-0.012249640744008805,Personal care products and services
36,0.0027397995032348967,8.754662240591821e-4,0.0012192051131723189,0.0012212217823242286,headline,oer,K1,10,2022-12-01,2024-12-01,category,-0.607357884119053,-0.012249640744008805,Reading
37,-0.008639182300518829,0.004216300587722317,0.003140728699253401,0.005091673016159343,headline,oer,K1,10,2022-12-01,2024-12-01,category,-0.607357884119053,-0.012249640744008805,Education
38,-0.0366168698563468,0.003226055040327735,0.004528838981509304,0.004562330778843594,headline,oer,K1,10,2022-12-01,2024-12-01,category,-0.607357884119053,-0.012249640744008805,Tobacco products and smoking supplies
39,-0.0028144087298488133,0.01079320137357649,0.009433764407092602,0.0121872773280499,headline,oer,K1,10,2022-12-01,2024-12-01,category,-0.607357884119053,-0.012249640744008805,Miscellaneous
H0,-6.507960235911589e-4,0.022264984519467266,0.030796996256372132,0.031017816812291307,headline,oer,K1,10,2022-12-01,2024-12-01,category,-0.607357884119053,-0.012249640744008805,Owners' equivalent rent
M0,0.015707040511922187,0.0075051838237647685,0.0073814010954201545,0.007690041900996758,headline,oer,K1,10,2022-12-01,2024-12-01,category,-0.607357884119053,-0.012249640744008805,Medical care (pooled)
Food,0.08566274379238824,0.038283408512281264,0.028730902323779544,0.08847995882272076,headline,oer,07,10,2019-12-01,2026-07-01,block,-0.37192488502282295,0.018279244979124087,Food
Alcohol and tobacco,-0.06354667849452252,0.009168831331904069,0.016615529067352905,0.022423114132958662,headline,oer,07,10,2019-12-01,2026-07-01,block,-0.37192488502282295,0.018279244979124087,Alcohol and tobacco
Rent,-0.30885973248136467,0.025435652866562856,0.011250752098076688,0.059892387673289284,headline,oer,07,10,2019-12-01,2026-07-01,block,-0.37192488502282295,0.018279244979124087,Rent
Owners' housing and lodging,-0.014792143832643434,0.06296771183109236,0.031083523589987457,0.1579305256053144,headline,oer,07,10,2019-12-01,2026-07-01,block,-0.37192488502282295,0.018279244979124087,Owners' housing and lodging
Utilities and phone,-0.221784254058351,0.02949887609274728,0.027473090405191726,0.07113786057623839,headline,oer,07,10,2019-12-01,2026-07-01,block,-0.37192488502282295,0.018279244979124087,Utilities and phone
Childcare,-0.01167464608038157,0.009329830679381538,0.009644055538770525,0.018901963116234495,headline,oer,07,10,2019-12-01,2026-07-01,block,-0.37192488502282295,0.018279244979124087,Childcare
Everything else,0.09633437043832188,0.06171690068281157,0.06919893727839722,0.14656799124314707,headline,oer,07,10,2019-12-01,2026-07-01,block,-0.37192488502282295,0.018279244979124087,Everything else
Apparel,-0.040723523488552196,0.02473786494148842,0.04414952732136807,0.05926223904043669,headline,oer,07,10,2019-12-01,2026-07-01,block,-0.37192488502282295,0.018279244979124087,Apparel
"Vehicles, gas, transport",0.4152772903387692,0.23415101779051498,0.06182272044902809,0.5258671727499494,headline,oer,07,10,2019-12-01,2026-07-01,block,-0.37192488502282295,0.018279244979124087,"Vehicles, gas, transport"
Education,-0.272022296579732,0.04285826770943817,0.07943959294880591,0.08333701138258368,headline,oer,07,10,2019-12-01,2026-07-01,block,-0.37192488502282295,0.018279244979124087,Education
Medical,-0.05407525955587901,0.025393128274716934,0.042319243932294234,0.052610700720767574,headline,oer,07,10,2019-12-01,2026-07-01,block,-0.37192488502282295,0.018279244979124087,Medical
01,0.04097189802087235,0.03245776802852922,0.014452934792822133,0.06467272919972951,headline,oer,07,10,2019-12-01,2026-07-01,category,-0.37192488502282295,0.018279244979124032,Food at home
02,0.04469084577151586,0.020025654252777508,0.02406912611335807,0.0511906682959653,headline,oer,07,10,2019-12-01,2026-07-01,category,-0.37192488502282295,0.018279244979124032,Food away from home
03,0.01614506409688583,0.006353442486682601,0.009305545677981917,0.012685373651949803,headline,oer,07,10,2019-12-01,2026-07-01,category,-0.37192488502282295,0.018279244979124032,Alcoholic beverages
07,-0.30885973248136467,0.025435652866562856,0.011250752098076688,0.059892387673289284,headline,oer,07,10,2019-12-01,2026-07-01,category,-0.37192488502282295,0.018279244979124032,Rented dwellings
08,-0.04420368532725001,0.042215309894378716,0.004851243150663668,0.09608201550209022,headline,oer,07,10,2019-12-01,2026-07-01,category,-0.37192488502282295,0.018279244979124032,Other lodging
09,-0.030386464684413018,0.01868793878278255,0.008212204800335812,0.03916629094547052,headline,oer,07,10,2019-12-01,2026-07-01,category,-0.37192488502282295,0.018279244979124032,Natural gas
10,-0.07187106130417754,0.010564618899592908,0.016581525294988596,0.01876576185442184,headline,oer,07,10,2019-12-01,2026-07-01,category,-0.37192488502282295,0.018279244979124032,Electricity
11,-0.047343379919431564,0.016851864507064274,0.0058508787033519655,0.03933885815990562,headline,oer,07,10,2019-12-01,2026-07-01,category,-0.37192488502282295,0.018279244979124032,Fuel oil and other fuels
12,-0.07488802862983084,0.011781739025125044,0.023875377897904473,0.029838925548458857,headline,oer,07,10,2019-12-01,2026-07-01,category,-0.37192488502282295,0.018279244979124032,Telephone services
13,0.002704680479501924,0.004124508345556826,0.0024123739701230607,0.009713406384366753,headline,oer,07,10,2019-12-01,2026-07-01,category,-0.37192488502282295,0.018279244979124032,Water and other public services
14,-0.01167464608038157,0.009329830679381538,0.009644055538770525,0.018901963116234495,headline,oer,07,10,2019-12-01,2026-07-01,category,-0.37192488502282295,0.018279244979124032,Personal services (childcare proxy)
15,0.10834800457992357,0.012052731895969135,0.025865579406586684,0.026360926797559376,headline,oer,07,10,2019-12-01,2026-07-01,category,-0.37192488502282295,0.018279244979124032,Other household expenses
16,0.0190035538147351,0.01904266691976721,0.007937140900545293,0.03547100167059914,headline,oer,07,10,2019-12-01,2026-07-01,category,-0.37192488502282295,0.018279244979124032,Housekeeping supplies
17,-0.06357484763164911,0.03222056969280323,0.040058452552628666,0.07110559317264374,headline,oer,07,10,2019-12-01,2026-07-01,category,-0.37192488502282295,0.018279244979124032,Household furnishings and equipment
18,0.0038104166373893107,0.009088613133221471,0.012697370639226822,0.01987252064621036,headline,oer,07,10,2019-12-01,2026-07-01,category,-0.37192488502282295,0.018279244979124032,Apparel: men and boys
19,-0.021255405344454897,0.01591965051625335,0.0316420820534809,0.03801707274678108,headline,oer,07,10,2019-12-01,2026-07-01,category,-0.37192488502282295,0.018279244979124032,Apparel: women and girls
20,0.0035445986980647427,0.0023438136029755286,0.004558406130404502,0.005181797249775604,headline,oer,07,10,2019-12-01,2026-07-01,category,-0.37192488502282295,0.018279244979124032,Apparel: children under 2
21,-0.01838575718508272,0.016143039004828164,0.027423206947784797,0.030337914323179678,headline,oer,07,10,2019-12-01,2026-07-01,category,-0.37192488502282295,0.018279244979124032,Footwear
22,-0.00843737629446863,0.0035993363982551436,0.005349699583140948,0.005971446899424481,headline,oer,07,10,2019-12-01,2026-07-01,category,-0.37192488502282295,0.018279244979124032,Other apparel products and services
23,0.1375767747795918,0.22304511727849916,0.03618563711400232,0.4475104319029265,headline,oer,07,10,2019-12-01,2026-07-01,category,-0.37192488502282295,0.018279244979124032,Vehicle purchases (net outlay)
24,0.25185518354645964,0.08629811564751318,0.04688618858211863,0.17856166811983953,headline,oer,07,10,2019-12-01,2026-07-01,category,-0.37192488502282295,0.018279244979124032,Gasoline and other fuels
25,0.06127973127863926,0.03632258593743073,0.02436122551979965,0.08082907921899825,headline,oer,07,10,2019-12-01,2026-07-01,category,-0.37192488502282295,0.018279244979124032,Other vehicle expenses
26,-0.03543439926592135,0.03387994486561001,0.012733952008697915,0.0833331509622367,headline,oer,07,10,2019-12-01,2026-07-01,category,-0.37192488502282295,0.018279244979124032,Public and other transportation
31,-0.01843947430986858,0.007360790785527631,0.00808501038860074,0.015206080906717299,headline,oer,07,10,2019-12-01,2026-07-01,category,-0.37192488502282295,0.018279244979124032,Fees and admissions
32,0.0435576886351053,0.0073076849434192985,0.00956821734796745,0.015179501349222633,headline,oer,07,10,2019-12-01,2026-07-01,category,-0.37192488502282295,0.018279244979124032,Audio and visual equipment and services
33,0.036552420740284176,0.0286560647303743,0.014570653376555883,0.04462004872731367,headline,oer,07,10,2019-12-01,2026-07-01,category,-0.37192488502282295,0.018279244979124032,"Pets, toys, hobbies, and playground equipment"
34,-0.054836406263622996,0.030243820584261137,0.04499566854131172,0.058717885388990206,headline,oer,07,10,2019-12-01,2026-07-01,category,-0.37192488502282295,0.018279244979124032,"Other entertainment supplies, equipment, services"
35,-0.003659708079484258,0.004684530058926769,0.0019305837128353199,0.008873260599603923,headline,oer,07,10,2019-12-01,2026-07-01,category,-0.37192488502282295,0.018279244979124032,Personal care products and services
36,0.010292094793960881,0.0032352888853980264,0.004071401432175317,0.007791851618954149,headline,oer,07,10,2019-12-01,2026-07-01,category,-0.37192488502282295,0.018279244979124032,Reading
37,-0.272022296579732,0.04285826770943817,0.07943959294880591,0.08333701138258368,headline,oer,07,10,2019-12-01,2026-07-01,category,-0.37192488502282295,0.018279244979124032,Education
38,-0.07969174259140835,0.006620225479807155,0.013861131524495246,0.0151032078752887,headline,oer,07,10,2019-12-01,2026-07-01,category,-0.37192488502282295,0.018279244979124032,Tobacco products and smoking supplies
39,0.019091044158937826,0.018794681182871822,0.007538450582143254,0.03712366816657567,headline,oer,07,10,2019-12-01,2026-07-01,category,-0.37192488502282295,0.018279244979124032,Miscellaneous
H0,0.029411541494606584,0.04557339705886728,0.030444896177243542,0.10747694539087402,headline,oer,07,10,2019-12-01,2026-07-01,category,-0.37192488502282295,0.018279244979124032,Owners' equivalent rent
M0,-0.05407525955587901,0.025393128274716934,0.042319243932294234,0.052610700720767574,headline,oer,07,10,2019-12-01,2026-07-01,category,-0.37192488502282295,0.018279244979124032,Medical care (pooled)
Food,0.06367289392974904,0.02540900515223244,0.018587257662623768,0.058224859557194995,headline,oer,F1,03,2019-12-01,2026-07-01,block,0.20371681569946176,0.06073917406943255,Food
Alcohol and tobacco,0.025974665045224568,0.007137833318186843,0.011875565829046555,0.017075536953302307,headline,oer,F1,03,2019-12-01,2026-07-01,block,0.20371681569946176,0.06073917406943255,Alcohol and tobacco
Rent,0.05206795753999016,0.020020384053195367,0.00934835855177153,0.04519163661926873,headline,oer,F1,03,2019-12-01,2026-07-01,block,0.20371681569946176,0.06073917406943255,Rent
Owners' housing and lodging,-0.3559347202534655,0.056855395431780656,0.03607653782801354,0.13998172381827603,headline,oer,F1,03,2019-12-01,2026-07-01,block,0.20371681569946176,0.06073917406943255,Owners' housing and lodging
Utilities and phone,-0.03419711043737973,0.02238656307502864,0.018513342507121944,0.05478526731451539,headline,oer,F1,03,2019-12-01,2026-07-01,block,0.20371681569946176,0.06073917406943255,Utilities and phone
Childcare,0.005269796239787149,0.008593506590333724,0.0033141834520245285,0.02005729885311206,headline,oer,F1,03,2019-12-01,2026-07-01,block,0.20371681569946176,0.06073917406943255,Childcare
Everything else,0.2379477302816843,0.06301189569236273,0.07807712784761704,0.1426971986772207,headline,oer,F1,03,2019-12-01,2026-07-01,block,0.20371681569946176,0.06073917406943255,Everything else
Apparel,-0.1639183196748133,0.01466130202017726,0.027200391517265773,0.03685477776830398,headline,oer,F1,03,2019-12-01,2026-07-01,block,0.20371681569946176,0.06073917406943255,Apparel
"Vehicles, gas, transport",0.15159719886271017,0.17001526461093674,0.07095992354779435,0.38779591398123225,headline,oer,F1,03,2019-12-01,2026-07-01,block,0.20371681569946176,0.06073917406943255,"Vehicles, gas, transport"
Education,-0.19843730312866087,0.025295531988720914,0.04604264558904932,0.04889539664748441,headline,oer,F1,03,2019-12-01,2026-07-01,block,0.20371681569946176,0.06073917406943255,Education
Medical,0.3589348532252032,0.02142924528815277,0.035274597209068954,0.04386446380375734,headline,oer,F1,03,2019-12-01,2026-07-01,block,0.20371681569946176,0.06073917406943255,Medical
01,0.03008348736325886,0.02183659033216402,0.007741886877881985,0.04364589704980865,headline,oer,F1,03,2019-12-01,2026-07-01,category,0.20371681569946176,0.060739174069432605,Food at home
02,0.03358940656649017,0.013055452326945816,0.016765199220249983,0.03358426232655913,headline,oer,F1,03,2019-12-01,2026-07-01,category,0.20371681569946176,0.060739174069432605,Food away from home
03,0.035302763568257685,0.005764714973242794,0.008190558356712221,0.011438482893485076,headline,oer,F1,03,2019-12-01,2026-07-01,category,0.20371681569946176,0.060739174069432605,Alcoholic beverages
07,0.05206795753999016,0.020020384053195367,0.00934835855177153,0.04519163661926873,headline,oer,F1,03,2019-12-01,2026-07-01,category,0.20371681569946176,0.060739174069432605,Rented dwellings
08,-0.1151904010634082,0.04039110059137347,0.018457508646913097,0.08714278451246152,headline,oer,F1,03,2019-12-01,2026-07-01,category,0.20371681569946176,0.060739174069432605,Other lodging
09,0.02412756298023973,0.013507086393438311,0.008314128260809168,0.02885609942327623,headline,oer,F1,03,2019-12-01,2026-07-01,category,0.20371681569946176,0.060739174069432605,Natural gas
10,0.004278902967842114,0.006929064519328915,0.011020772623670015,0.012411516849367846,headline,oer,F1,03,2019-12-01,2026-07-01,category,0.20371681569946176,0.060739174069432605,Electricity
11,-0.008927644848926207,0.014747818335818801,0.0017396685947842683,0.034993143913298566,headline,oer,F1,03,2019-12-01,2026-07-01,category,0.20371681569946176,0.060739174069432605,Fuel oil and other fuels
12,-0.05545241113106458,0.00762597709290891,0.015799565324825154,0.01927243784583054,headline,oer,F1,03,2019-12-01,2026-07-01,category,0.20371681569946176,0.060739174069432605,Telephone services
13,0.0017764795945292135,0.002713618253709412,0.0021416806931023025,0.006535140157765377,headline,oer,F1,03,2019-12-01,2026-07-01,category,0.20371681569946176,0.060739174069432605,Water and other public services
14,0.005269796239787149,0.008593506590333724,0.0033141834520245285,0.02005729885311206,headline,oer,F1,03,2019-12-01,2026-07-01,category,0.20371681569946176,0.060739174069432605,Personal services (childcare proxy)
15,0.08468221563421441,0.010461632971698925,0.023237941761688623,0.02345921232128443,headline,oer,F1,03,2019-12-01,2026-07-01,category,0.20371681569946176,0.060739174069432605,Other household expenses
16,0.010666276604100524,0.009584165619803669,0.0032700582824302772,0.020175713325704055,headline,oer,F1,03,2019-12-01,2026-07-01,category,0.20371681569946176,0.060739174069432605,Housekeeping supplies
17,0.03336641328578458,0.03155991510908921,0.038996022181696684,0.06051816070036349,headline,oer,F1,03,2019-12-01,2026-07-01,category,0.20371681569946176,0.060739174069432605,Household furnishings and equipment
18,-0.02243211576128377,0.0053830784380107305,0.008226297853201487,0.011997692638339169,headline,oer,F1,03,2019-12-01,2026-07-01,category,0.20371681569946176,0.060739174069432605,Apparel: men and boys
19,-0.053863531676613625,0.0103487969202644,0.02083359364996516,0.024759739759337228,headline,oer,F1,03,2019-12-01,2026-07-01,category,0.20371681569946176,0.060739174069432605,Apparel: women and girls
20,-0.036330247721187946,0.0031126443540622907,0.005687450870284309,0.006644804620624112,headline,oer,F1,03,2019-12-01,2026-07-01,category,0.20371681569946176,0.060739174069432605,Apparel: children under 2
21,-0.043366658686865414,0.007299797474121719,0.013337231150098236,0.015579584930568682,headline,oer,F1,03,2019-12-01,2026-07-01,category,0.20371681569946176,0.060739174069432605,Footwear
22,-0.007925765828862546,0.0038791626158750214,0.005289616820327899,0.005673635047251994,headline,oer,F1,03,2019-12-01,2026-07-01,category,0.20371681569946176,0.060739174069432605,Other apparel products and services
23,-0.03965673569312179,0.161128321852021,0.049470890821418256,0.3384671736816351,headline,oer,F1,03,2019-12-01,2026-07-01,category,0.20371681569946176,0.060739174069432605,Vehicle purchases (net outlay)
24,0.1686643669971698,0.051362204358598465,0.025837825997461122,0.10906276732555498,headline,oer,F1,03,2019-12-01,2026-07-01,category,0.20371681569946176,0.060739174069432605,Gasoline and other fuels
25,0.025492877354292464,0.02502328579353094,0.02354711901432365,0.055218268897006303,headline,oer,F1,03,2019-12-01,2026-07-01,category,0.20371681569946176,0.060739174069432605,Other vehicle expenses
26,-0.0029033097956303114,0.030789603685001807,0.007577395703459024,0.07073240531012165,headline,oer,F1,03,2019-12-01,2026-07-01,category,0.20371681569946176,0.060739174069432605,Public and other transportation
31,0.006746522855044868,0.03399043927703653,0.03635398668182122,0.045371062161139265,headline,oer,F1,03,2019-12-01,2026-07-01,category,0.20371681569946176,0.060739174069432605,Fees and admissions
32,0.03800549971500295,0.007099084268800354,0.009956302855352412,0.013765765595477491,headline,oer,F1,03,2019-12-01,2026-07-01,category,0.20371681569946176,0.060739174069432605,Audio and visual equipment and services
33,0.019101067186859076,0.012467194796075678,0.007350166725014163,0.0233966929503764,headline,oer,F1,03,2019-12-01,2026-07-01,category,0.20371681569946176,0.060739174069432605,"Pets, toys, hobbies, and playground equipment"
34,0.024567885649307196,0.03894616248712126,0.05600602559366111,0.07269755436996445,headline,oer,F1,03,2019-12-01,2026-07-01,category,0.20371681569946176,0.060739174069432605,"Other entertainment supplies, equipment, services"
35,0.0013048266545141387,0.004109696663222386,0.002496974756853985,0.006885608417852563,headline,oer,F1,03,2019-12-01,2026-07-01,category,0.20371681569946176,0.060739174069432605,Personal care products and services
36,0.010659244531008798,0.002722116958772729,0.004065084328226743,0.006292857095764982,headline,oer,F1,03,2019-12-01,2026-07-01,category,0.20371681569946176,0.060739174069432605,Reading
37,-0.19843730312866087,0.025295531988720914,0.04604264558904932,0.04889539664748441,headline,oer,F1,03,2019-12-01,2026-07-01,category,0.20371681569946176,0.060739174069432605,Education
38,-0.009328098523033112,0.004229475486629948,0.008674842342659906,0.009543299698760348,headline,oer,F1,03,2019-12-01,2026-07-01,category,0.20371681569946176,0.060739174069432605,Tobacco products and smoking supplies
39,0.008847778165847843,0.01318933832170304,0.00651257462970398,0.027008030036861575,headline,oer,F1,03,2019-12-01,2026-07-01,category,0.20371681569946176,0.060739174069432605,Miscellaneous
H0,-0.24074431919005743,0.03898878973723825,0.03228652872531458,0.09045138643019723,headline,oer,F1,03,2019-12-01,2026-07-01,category,0.20371681569946176,0.060739174069432605,Owners' equivalent rent
M0,0.3589348532252032,0.02142924528815277,0.035274597209068954,0.04386446380375734,headline,oer,F1,03,2019-12-01,2026-07-01,category,0.20371681569946176,0.060739174069432605,Medical care (pooled)
Food,0.05600528150934223,0.027929754378372935,0.020703299135373204,0.06342514834114223,headline,oer,K1,03,2019-12-01,2026-07-01,block,0.05365012941505043,0.03761466139953967,Food
Alcohol and tobacco,0.02551105695736199,0.007714334275489613,0.012704999287703526,0.018345150464191627,headline,oer,K1,03,2019-12-01,2026-07-01,block,0.05365012941505043,0.03761466139953967,Alcohol and tobacco
Rent,0.0753605308428023,0.022833760978798735,0.011385040803007358,0.05156031940991858,headline,oer,K1,03,2019-12-01,2026-07-01,block,0.05365012941505043,0.03761466139953967,Rent
Owners' housing and lodging,-0.3537791687387284,0.05935653758400772,0.03863747117908845,0.14641556431534858,headline,oer,K1,03,2019-12-01,2026-07-01,block,0.05365012941505043,0.03761466139953967,Owners' housing and lodging
Utilities and phone,0.011681283372859275,0.02379854116233084,0.020029576321179444,0.0583279356248952,headline,oer,K1,03,2019-12-01,2026-07-01,block,0.05365012941505043,0.03761466139953967,Utilities and phone
Childcare,0.010763052918892062,0.01138546015240122,0.002046967105863002,0.02669257970652225,headline,oer,K1,03,2019-12-01,2026-07-01,block,0.05365012941505043,0.03761466139953967,Childcare
Everything else,0.16664498997796295,0.0686787327187871,0.08704421043899223,0.15175961538343102,headline,oer,K1,03,2019-12-01,2026-07-01,block,0.05365012941505043,0.03761466139953967,Everything else
Apparel,-0.1904745947130303,0.01603984891394631,0.03031906235556265,0.040784890115258654,headline,oer,K1,03,2019-12-01,2026-07-01,block,0.05365012941505043,0.03761466139953967,Apparel
"Vehicles, gas, transport",-0.02729906720413934,0.18835995826631086,0.08952526786943833,0.4302740974030549,headline,oer,K1,03,2019-12-01,2026-07-01,block,0.05365012941505043,0.03761466139953967,"Vehicles, gas, transport"
Education,-0.15410110634842106,0.02645175878281953,0.04826374367184905,0.050969281110975095,headline,oer,K1,03,2019-12-01,2026-07-01,block,0.05365012941505043,0.03761466139953967,Education
Medical,0.395723209440609,0.023104396187489447,0.03843593640388794,0.04754167880826054,headline,oer,K1,03,2019-12-01,2026-07-01,block,0.05365012941505043,0.03761466139953967,Medical
01,0.0267765030803397,0.024223096323219416,0.008599778762684598,0.0481812822486715,headline,oer,K1,03,2019-12-01,2026-07-01,category,0.05365012941505043,0.037614661399539895,Food at home
02,0.029228778429002546,0.013987309848231056,0.018750859950905027,0.03590241567700984,headline,oer,K1,03,2019-12-01,2026-07-01,category,0.05365012941505043,0.037614661399539895,Food away from home
03,0.03925695919948698,0.006252117093523758,0.008753642884791978,0.012231200291930784,headline,oer,K1,03,2019-12-01,2026-07-01,category,0.05365012941505043,0.037614661399539895,Alcoholic beverages
07,0.0753605308428023,0.022833760978798735,0.011385040803007358,0.05156031940991858,headline,oer,K1,03,2019-12-01,2026-07-01,category,0.05365012941505043,0.037614661399539895,Rented dwellings
08,-0.1098401620402537,0.040761391651888856,0.01879755927792424,0.08817603197924807,headline,oer,K1,03,2019-12-01,2026-07-01,category,0.05365012941505043,0.037614661399539895,Other lodging
09,0.030959172405542308,0.013974554381683248,0.009018841267267952,0.030101959737795447,headline,oer,K1,03,2019-12-01,2026-07-01,category,0.05365012941505043,0.037614661399539895,Natural gas
10,0.00802823530023459,0.007508580746642256,0.011988651545479366,0.013443977898777434,headline,oer,K1,03,2019-12-01,2026-07-01,category,0.05365012941505043,0.037614661399539895,Electricity
11,-4.910860970725756e-4,0.015894405920786694,0.0016321417093312694,0.03761131040500319,headline,oer,K1,03,2019-12-01,2026-07-01,category,0.05365012941505043,0.037614661399539895,Fuel oil and other fuels
12,-0.027384398359028297,0.00823120694789342,0.017167038083474008,0.020752870600653076,headline,oer,K1,03,2019-12-01,2026-07-01,category,0.05365012941505043,0.037614661399539895,Telephone services
13,5.693601231832574e-4,0.002852199668748162,0.0022934264724462487,0.006877516513520135,headline,oer,K1,03,2019-12-01,2026-07-01,category,0.05365012941505043,0.037614661399539895,Water and other public services
14,0.010763052918892062,0.01138546015240122,0.002046967105863002,0.02669257970652225,headline,oer,K1,03,2019-12-01,2026-07-01,category,0.05365012941505043,0.037614661399539895,Personal services (childcare proxy)
15,0.06847698354640484,0.011570870387506534,0.02563654163995443,0.025923109162454706,headline,oer,K1,03,2019-12-01,2026-07-01,category,0.05365012941505043,0.037614661399539895,Other household expenses
16,0.002869501638094678,0.008994009297182214,0.001897650772341972,0.019701217052101174,headline,oer,K1,03,2019-12-01,2026-07-01,category,0.05365012941505043,0.037614661399539895,Housekeeping supplies
17,0.03337280313908864,0.03283571732013642,0.04024255029237237,0.06298333977310272,headline,oer,K1,03,2019-12-01,2026-07-01,category,0.05365012941505043,0.037614661399539895,Household furnishings and equipment
18,-0.029215812293664056,0.006096763355562919,0.009532695122402728,0.013471773056971989,headline,oer,K1,03,2019-12-01,2026-07-01,category,0.05365012941505043,0.037614661399539895,Apparel: men and boys
19,-0.05900952008273886,0.011631117271067538,0.023424911708360165,0.028022312050250155,headline,oer,K1,03,2019-12-01,2026-07-01,category,0.05365012941505043,0.037614661399539895,Apparel: women and girls
20,-0.050065345909288766,0.003998188746412014,0.007399534385374069,0.008686858049904995,headline,oer,K1,03,2019-12-01,2026-07-01,category,0.05365012941505043,0.037614661399539895,Apparel: children under 2
21,-0.04475391816452468,0.006928692021536841,0.013667855872031273,0.01593166547658224,headline,oer,K1,03,2019-12-01,2026-07-01,category,0.05365012941505043,0.037614661399539895,Footwear
22,-0.007429998262814002,0.00435076131100633,0.005928849546503346,0.006326292216435012,headline,oer,K1,03,2019-12-01,2026-07-01,category,0.05365012941505043,0.037614661399539895,Other apparel products and services
23,-0.1360140039392542,0.17882266135574165,0.06638279742378593,0.3787218665692261,headline,oer,K1,03,2019-12-01,2026-07-01,category,0.05365012941505043,0.037614661399539895,Vehicle purchases (net outlay)
24,0.12981660515755788,0.05358304878834425,0.025513901953132394,0.1149082550274034,headline,oer,K1,03,2019-12-01,2026-07-01,category,0.05365012941505043,0.037614661399539895,Gasoline and other fuels
25,-0.01223100835822837,0.027051392099643298,0.02648720149093157,0.05910039356628552,headline,oer,K1,03,2019-12-01,2026-07-01,category,0.05365012941505043,0.037614661399539895,Other vehicle expenses
26,-0.008870660064214692,0.033586446346585676,0.00920171404430448,0.07676180888076262,headline,oer,K1,03,2019-12-01,2026-07-01,category,0.05365012941505043,0.037614661399539895,Public and other transportation
31,-0.011089904614891153,0.034734857223577074,0.03674362402605767,0.048943606195124334,headline,oer,K1,03,2019-12-01,2026-07-01,category,0.05365012941505043,0.037614661399539895,Fees and admissions
32,0.04037895399348892,0.00750155092825698,0.01050068986864618,0.01477655878503799,headline,oer,K1,03,2019-12-01,2026-07-01,category,0.05365012941505043,0.037614661399539895,Audio and visual equipment and services
33,0.008998702160230644,0.009337396179262583,0.00618722837342856,0.01956033008084092,headline,oer,K1,03,2019-12-01,2026-07-01,category,0.05365012941505043,0.037614661399539895,"Pets, toys, hobbies, and playground equipment"
34,0.00360137777259236,0.04646082434580054,0.06703165135124772,0.08365246783030134,headline,oer,K1,03,2019-12-01,2026-07-01,category,0.05365012941505043,0.037614661399539895,"Other entertainment supplies, equipment, services"
35,0.0027448939455082277,0.004478636123355967,0.0027639359548631256,0.007463987254432036,headline,oer,K1,03,2019-12-01,2026-07-01,category,0.05365012941505043,0.037614661399539895,Personal care products and services
36,0.009345449811944389,0.0028114688477642365,0.004281771838245997,0.00653864391819001,headline,oer,K1,03,2019-12-01,2026-07-01,category,0.05365012941505043,0.037614661399539895,Reading
37,-0.15410110634842106,0.02645175878281953,0.04826374367184905,0.050969281110975095,headline,oer,K1,03,2019-12-01,2026-07-01,category,0.05365012941505043,0.037614661399539895,Education
38,-0.013745902242124994,0.004538567346953507,0.009284102191824078,0.010262905548379735,headline,oer,K1,03,2019-12-01,2026-07-01,category,0.05365012941505043,0.037614661399539895,Tobacco products and smoking supplies
39,0.007946228585501317,0.01559527049377771,0.008070264394194967,0.03134835371191911,headline,oer,K1,03,2019-12-01,2026-07-01,category,0.05365012941505043,0.037614661399539895,Miscellaneous
H0,-0.24393900669847474,0.04222667829075866,0.0348565693716094,0.09830470453574669,headline,oer,K1,03,2019-12-01,2026-07-01,category,0.05365012941505043,0.037614661399539895,Owners' equivalent rent
M0,0.395723209440609,0.023104396187489447,0.03843593640388794,0.04754167880826054,headline,oer,K1,03,2019-12-01,2026-07-01,category,0.05365012941505043,0.037614661399539895,Medical care (pooled)
Food,-0.06057170207890404,0.05462478586248033,0.036253988870992876,0.12215222577773313,headline,oer,09,04,2019-12-01,2026-07-01,block,0.9249812137698044,0.0665241161076624,Food
Alcohol and tobacco,0.051224968965578224,0.017795965564659576,0.025870883738314972,0.03633938717895273,headline,oer,09,04,2019-12-01,2026-07-01,block,0.9249812137698044,0.0665241161076624,Alcohol and tobacco
Rent,0.34924420512731674,0.04929266470392082,0.03150401902953992,0.11502291461610895,headline,oer,09,04,2019-12-01,2026-07-01,block,0.9249812137698044,0.0665241161076624,Rent
Owners' housing and lodging,-0.2386057525313138,0.082883800837101,0.044176894588946844,0.20546607371402897,headline,oer,09,04,2019-12-01,2026-07-01,block,0.9249812137698044,0.0665241161076624,Owners' housing and lodging
Utilities and phone,0.09620350649890148,0.03954434167094912,0.04216764415826867,0.09569298754259506,headline,oer,09,04,2019-12-01,2026-07-01,block,0.9249812137698044,0.0665241161076624,Utilities and phone
Childcare,0.01882939958880412,0.01771692321984556,0.004562077989979443,0.0405273257053874,headline,oer,09,04,2019-12-01,2026-07-01,block,0.9249812137698044,0.0665241161076624,Childcare
Everything else,-0.03691429529803126,0.07327682294620083,0.087491509172265,0.1728533776659861,headline,oer,09,04,2019-12-01,2026-07-01,block,0.9249812137698044,0.0665241161076624,Everything else
Apparel,-0.11397133121289038,0.03354650282174407,0.06323143078709487,0.08356973410011294,headline,oer,09,04,2019-12-01,2026-07-01,block,0.9249812137698044,0.0665241161076624,Apparel
"Vehicles, gas, transport",0.3525399929395715,0.3288499151725088,0.1141316384713793,0.7320657436062139,headline,oer,09,04,2019-12-01,2026-07-01,block,0.9249812137698044,0.0665241161076624,"Vehicles, gas, transport"
Education,0.1802708439994311,0.03437756348397038,0.06474826635823637,0.06872906910074181,headline,oer,09,04,2019-12-01,2026-07-01,block,0.9249812137698044,0.0665241161076624,Education
Medical,0.2602072616636783,0.032964448878223446,0.05476387955415585,0.06999553141131713,headline,oer,09,04,2019-12-01,2026-07-01,block,0.9249812137698044,0.0665241161076624,Medical
01,-0.040893627263520756,0.0486878834153364,0.0128458661053412,0.0972985902170383,headline,oer,09,04,2019-12-01,2026-07-01,category,0.9249812137698044,0.06652411610766196,Food at home
02,-0.01967807481538329,0.02641722464217472,0.03533961140326151,0.06649713565477444,headline,oer,09,04,2019-12-01,2026-07-01,category,0.9249812137698044,0.06652411610766196,Food away from home
03,0.008921188824334526,0.015866897425786675,0.02005482850168821,0.02437853831156824,headline,oer,09,04,2019-12-01,2026-07-01,category,0.9249812137698044,0.06652411610766196,Alcoholic beverages
07,0.34924420512731674,0.04929266470392082,0.03150401902953992,0.11502291461610895,headline,oer,09,04,2019-12-01,2026-07-01,category,0.9249812137698044,0.06652411610766196,Rented dwellings
08,0.03870683644340796,0.04772591382123214,0.01609646741299335,0.10151878244371662,headline,oer,09,04,2019-12-01,2026-07-01,category,0.9249812137698044,0.06652411610766196,Other lodging
09,0.0762140583191539,0.023556660584516328,0.01700990980833941,0.051444240334688376,headline,oer,09,04,2019-12-01,2026-07-01,category,0.9249812137698044,0.06652411610766196,Natural gas
10,0.16397195668823092,0.014971541597333025,0.024389972405546325,0.027600294179679786,headline,oer,09,04,2019-12-01,2026-07-01,category,0.9249812137698044,0.06652411610766196,Electricity
11,0.009259678413774107,0.022832829182712816,0.0022772775514986526,0.05271248677205774,headline,oer,09,04,2019-12-01,2026-07-01,category,0.9249812137698044,0.06652411610766196,Fuel oil and other fuels
12,-0.15899671237627044,0.018072084996044367,0.038050247092186636,0.04502436643581674,headline,oer,09,04,2019-12-01,2026-07-01,category,0.9249812137698044,0.06652411610766196,Telephone services
13,0.005754525454013031,0.00527566804603574,0.004131503850026962,0.012618812339693072,headline,oer,09,04,2019-12-01,2026-07-01,category,0.9249812137698044,0.06652411610766196,Water and other public services
14,0.01882939958880412,0.01771692321984556,0.004562077989979443,0.0405273257053874,headline,oer,09,04,2019-12-01,2026-07-01,category,0.9249812137698044,0.06652411610766196,Personal services (childcare proxy)
15,-0.03714072991162395,0.016506040896964433,0.03673779896295323,0.03754215905658,headline,oer,09,04,2019-12-01,2026-07-01,category,0.9249812137698044,0.06652411610766196,Other household expenses
16,-0.032097141819533895,0.016851610143090535,0.005473833272617387,0.03572619838620293,headline,oer,09,04,2019-12-01,2026-07-01,category,0.9249812137698044,0.06652411610766196,Housekeeping supplies
17,-0.04814623107486836,0.04268708399122359,0.051557913053763595,0.0830443980255587,headline,oer,09,04,2019-12-01,2026-07-01,category,0.9249812137698044,0.06652411610766196,Household furnishings and equipment
18,-0.0044784181038011375,0.010137008134822805,0.015021269244356506,0.02329141037042907,headline,oer,09,04,2019-12-01,2026-07-01,category,0.9249812137698044,0.06652411610766196,Apparel: men and boys
19,-0.08269416876753799,0.021822274893152162,0.044407173146554485,0.053596281601078696,headline,oer,09,04,2019-12-01,2026-07-01,category,0.9249812137698044,0.06652411610766196,Apparel: women and girls
20,-9.901503400738428e-4,0.007863520525829368,0.016268589248808665,0.01809317283324233,headline,oer,09,04,2019-12-01,2026-07-01,category,0.9249812137698044,0.06652411610766196,Apparel: children under 2
21,-0.036908286146976776,0.02148877941830896,0.03906640909622647,0.045396601431126796,headline,oer,09,04,2019-12-01,2026-07-01,category,0.9249812137698044,0.06652411610766196,Footwear
22,0.011099692145499345,0.005227357818377193,0.007330381327335472,0.007993921333207353,headline,oer,09,04,2019-12-01,2026-07-01,category,0.9249812137698044,0.06652411610766196,Other apparel products and services
23,0.2853448765525548,0.30894654358623497,0.04865138945465701,0.6201905882440742,headline,oer,09,04,2019-12-01,2026-07-01,category,0.9249812137698044,0.06652411610766196,Vehicle purchases (net outlay)
24,-0.033728670759283236,0.11398084094500847,0.06927991915842886,0.2353572595351398,headline,oer,09,04,2019-12-01,2026-07-01,category,0.9249812137698044,0.06652411610766196,Gasoline and other fuels
25,0.07376062251308817,0.051100426381730894,0.047365452906650875,0.11133923608931456,headline,oer,09,04,2019-12-01,2026-07-01,category,0.9249812137698044,0.06652411610766196,Other vehicle expenses
26,0.0271631646332119,0.0694426130391096,0.03524385806223695,0.14290087503346144,headline,oer,09,04,2019-12-01,2026-07-01,category,0.9249812137698044,0.06652411610766196,Public and other transportation
31,0.025670196460461356,0.015577723619740396,0.015522476795668183,0.030891200973997238,headline,oer,09,04,2019-12-01,2026-07-01,category,0.9249812137698044,0.06652411610766196,Fees and admissions
32,-0.03145670444919541,0.012779695760746872,0.015693667879562903,0.02570219042792846,headline,oer,09,04,2019-12-01,2026-07-01,category,0.9249812137698044,0.06652411610766196,Audio and visual equipment and services
33,0.015387154663980723,0.018996553314540955,0.007292732724787865,0.03277911746559203,headline,oer,09,04,2019-12-01,2026-07-01,category,0.9249812137698044,0.06652411610766196,"Pets, toys, hobbies, and playground equipment"
34,0.1289595042251268,0.03274853659983922,0.047439593261784554,0.059794938617648195,headline,oer,09,04,2019-12-01,2026-07-01,category,0.9249812137698044,0.06652411610766196,"Other entertainment supplies, equipment, services"
35,-0.009890892580130687,0.008732317038277326,0.003918982231107856,0.015695008757321556,headline,oer,09,04,2019-12-01,2026-07-01,category,0.9249812137698044,0.06652411610766196,Personal care products and services
36,0.002970382031565376,0.0032150630717860547,0.004058893283237424,0.008039451290197291,headline,oer,09,04,2019-12-01,2026-07-01,category,0.9249812137698044,0.06652411610766196,Reading
37,0.1802708439994311,0.03437756348397038,0.06474826635823637,0.06872906910074181,headline,oer,09,04,2019-12-01,2026-07-01,category,0.9249812137698044,0.06652411610766196,Education
38,0.04230378014124369,0.008048757105688514,0.016412532289816813,0.01803705534394358,headline,oer,09,04,2019-12-01,2026-07-01,category,0.9249812137698044,0.06652411610766196,Tobacco products and smoking supplies
39,-0.051169832843813184,0.033013459240247435,0.026039853119495263,0.06435733297013242,headline,oer,09,04,2019-12-01,2026-07-01,category,0.9249812137698044,0.06652411610766196,Miscellaneous
H0,-0.27731258897472166,0.06656862133558941,0.04208467357077429,0.15739889758196182,headline,oer,09,04,2019-12-01,2026-07-01,category,0.9249812137698044,0.06652411610766196,Owners' equivalent rent
M0,0.2602072616636783,0.032964448878223446,0.05476387955415585,0.06999553141131713,headline,oer,09,04,2019-12-01,2026-07-01,category,0.9249812137698044,0.06652411610766196,Medical care (pooled)
Food,0.04347727050631861,0.046035996250937336,0.04146570223093518,0.1034805554440897,headline,exsh,F1,10,2019-12-01,2026-07-01,block,-0.4122743951441077,-0.008237799906848142,Food
Alcohol and tobacco,-0.12910151270906778,0.012247958844682327,0.019276691498603525,0.029068760811339155,headline,exsh,F1,10,2019-12-01,2026-07-01,block,-0.4122743951441077,-0.008237799906848142,Alcohol and tobacco
Utilities and phone,-0.2176508140358874,0.03240659807710561,0.03226625363774732,0.07797097805223892,headline,exsh,F1,10,2019-12-01,2026-07-01,block,-0.4122743951441077,-0.008237799906848142,Utilities and phone
Childcare,0.04048055807604727,0.016456821034091705,0.007572005836944362,0.03774712034149977,headline,exsh,F1,10,2019-12-01,2026-07-01,block,-0.4122743951441077,-0.008237799906848142,Childcare
Everything else,0.12646563269999656,0.061112791218569315,0.07031505915506708,0.14824391730167755,headline,exsh,F1,10,2019-12-01,2026-07-01,block,-0.4122743951441077,-0.008237799906848142,Everything else
Apparel,-0.09368512341198748,0.022992671885910042,0.04134921666403132,0.05684743817028539,headline,exsh,F1,10,2019-12-01,2026-07-01,block,-0.4122743951441077,-0.008237799906848142,Apparel
"Vehicles, gas, transport",-0.1472581396355778,0.20090983521302247,0.09664879444175739,0.4685720820860736,headline,exsh,F1,10,2019-12-01,2026-07-01,block,-0.4122743951441077,-0.008237799906848142,"Vehicles, gas, transport"
Education,-0.17404687096541385,0.04118087561168076,0.06007690853276378,0.07289613027585864,headline,exsh,F1,10,2019-12-01,2026-07-01,block,-0.4122743951441077,-0.008237799906848142,Education
Medical,0.14728240423831232,0.029376253187769357,0.03623078987045834,0.06236556981734113,headline,exsh,F1,10,2019-12-01,2026-07-01,block,-0.4122743951441077,-0.008237799906848142,Medical
01,0.03186400061769487,0.03828184076566939,0.027362517504626684,0.06492240743484484,headline,exsh,F1,10,2019-12-01,2026-07-01,category,-0.4122743951441077,-0.008237799906848031,Food at home
02,0.011613269888623722,0.025335455012471624,0.03074294667142252,0.06530955493538226,headline,exsh,F1,10,2019-12-01,2026-07-01,category,-0.4122743951441077,-0.008237799906848031,Food away from home
03,0.03890870837965546,0.00841376737405824,0.00810672839361258,0.014037037494296956,headline,exsh,F1,10,2019-12-01,2026-07-01,category,-0.4122743951441077,-0.008237799906848031,Alcoholic beverages
09,-0.04633425577760582,0.01927793544172,0.012081968814423362,0.04244253868596478,headline,exsh,F1,10,2019-12-01,2026-07-01,category,-0.4122743951441077,-0.008237799906848031,Natural gas
10,-0.17987543243028684,0.014213805931658365,0.0228612103592157,0.02826878596161679,headline,exsh,F1,10,2019-12-01,2026-07-01,category,-0.4122743951441077,-0.008237799906848031,Electricity
11,-0.045869899684893925,0.01797907142482719,0.008701267496213144,0.04153750308349818,headline,exsh,F1,10,2019-12-01,2026-07-01,category,-0.4122743951441077,-0.008237799906848031,Fuel oil and other fuels
12,0.06592908088688024,0.012343695065368549,0.024083408686952173,0.030309878504398126,headline,exsh,F1,10,2019-12-01,2026-07-01,category,-0.4122743951441077,-0.008237799906848031,Telephone services
13,-0.011500307029981078,0.005830860243866355,0.0036950168526605565,0.013068183237963544,headline,exsh,F1,10,2019-12-01,2026-07-01,category,-0.4122743951441077,-0.008237799906848031,Water and other public services
14,0.04048055807604727,0.016456821034091705,0.007572005836944362,0.03774712034149977,headline,exsh,F1,10,2019-12-01,2026-07-01,category,-0.4122743951441077,-0.008237799906848031,Personal services (childcare proxy)
15,0.15834831810074715,0.014693497840442915,0.029747342954372216,0.030435175841951573,headline,exsh,F1,10,2019-12-01,2026-07-01,category,-0.4122743951441077,-0.008237799906848031,Other household expenses
16,0.004522467773789941,0.01529149224887651,0.006872058540295655,0.03141237309099229,headline,exsh,F1,10,2019-12-01,2026-07-01,category,-0.4122743951441077,-0.008237799906848031,Housekeeping supplies
17,-0.023271816964522234,0.02460526833520718,0.025625707547989346,0.0549846239792032,headline,exsh,F1,10,2019-12-01,2026-07-01,category,-0.4122743951441077,-0.008237799906848031,Household furnishings and equipment
18,-7.196244188135302e-4,0.009656488015146186,0.013877367502230727,0.020543160238582634,headline,exsh,F1,10,2019-12-01,2026-07-01,category,-0.4122743951441077,-0.008237799906848031,Apparel: men and boys
19,-0.016802099721277153,0.01598845872253654,0.03042078728818005,0.035595926993368686,headline,exsh,F1,10,2019-12-01,2026-07-01,category,-0.4122743951441077,-0.008237799906848031,Apparel: women and girls
20,-0.03891150964612958,0.0044652270968229164,0.007520093154219029,0.009257700359835492,headline,exsh,F1,10,2019-12-01,2026-07-01,category,-0.4122743951441077,-0.008237799906848031,Apparel: children under 2
21,-0.018329600404202902,0.011318391340296623,0.02092758341692072,0.02328950822905354,headline,exsh,F1,10,2019-12-01,2026-07-01,category,-0.4122743951441077,-0.008237799906848031,Footwear
22,-0.018922289221564314,0.005809592065738343,0.010327214673570353,0.012632342450701325,headline,exsh,F1,10,2019-12-01,2026-07-01,category,-0.4122743951441077,-0.008237799906848031,Other apparel products and services
23,-0.0391365290468627,0.18093122414304075,0.052747461596693995,0.38029625296999126,headline,exsh,F1,10,2019-12-01,2026-07-01,category,-0.4122743951441077,-0.008237799906848031,Vehicle purchases (net outlay)
24,0.12415214885517478,0.07894081959132698,0.044251794883576535,0.16414302681686632,headline,exsh,F1,10,2019-12-01,2026-07-01,category,-0.4122743951441077,-0.008237799906848031,Gasoline and other fuels
25,-0.1737790345459041,0.04299287097086863,0.04032432644560274,0.09505283551842703,headline,exsh,F1,10,2019-12-01,2026-07-01,category,-0.4122743951441077,-0.008237799906848031,Other vehicle expenses
26,-0.05849472489798581,0.03461516350484503,0.008785904163074452,0.08337073754278977,headline,exsh,F1,10,2019-12-01,2026-07-01,category,-0.4122743951441077,-0.008237799906848031,Public and other transportation
31,-0.0524953339310997,0.015489070719286067,0.006055393145766867,0.03154314757989217,headline,exsh,F1,10,2019-12-01,2026-07-01,category,-0.4122743951441077,-0.008237799906848031,Fees and admissions
32,0.0793990680964727,0.009120829237623383,0.009532790631154565,0.018972671691594858,headline,exsh,F1,10,2019-12-01,2026-07-01,category,-0.4122743951441077,-0.008237799906848031,Audio and visual equipment and services
33,0.03134470211951289,0.020370277422554758,0.011268912434694685,0.03836836641445192,headline,exsh,F1,10,2019-12-01,2026-07-01,category,-0.4122743951441077,-0.008237799906848031,"Pets, toys, hobbies, and playground equipment"
34,-0.10291408486039914,0.03483853972891653,0.05543725749187897,0.07085659435877024,headline,exsh,F1,10,2019-12-01,2026-07-01,category,-0.4122743951441077,-0.008237799906848031,"Other entertainment supplies, equipment, services"
35,0.0031784181390601004,0.006402489314271479,0.0010946305911107848,0.01385017958459934,headline,exsh,F1,10,2019-12-01,2026-07-01,category,-0.4122743951441077,-0.008237799906848031,Personal care products and services
36,0.010674922481298548,0.0033808161293836106,0.0036905077517017755,0.0075934773184741875,headline,exsh,F1,10,2019-12-01,2026-07-01,category,-0.4122743951441077,-0.008237799906848031,Reading
37,-0.17404687096541385,0.04118087561168076,0.06007690853276378,0.07289613027585864,headline,exsh,F1,10,2019-12-01,2026-07-01,category,-0.4122743951441077,-0.008237799906848031,Education
38,-0.16801022108872324,0.008863634408723136,0.01762290469151949,0.01880913107987402,headline,exsh,F1,10,2019-12-01,2026-07-01,category,-0.4122743951441077,-0.008237799906848031,Tobacco products and smoking supplies
39,0.017678971745136256,0.026478809434325606,0.015055010707517597,0.0501617738834218,headline,exsh,F1,10,2019-12-01,2026-07-01,category,-0.4122743951441077,-0.008237799906848031,Miscellaneous
M0,0.14728240423831232,0.029376253187769357,0.03623078987045834,0.06236556981734113,headline,exsh,F1,10,2019-12-01,2026-07-01,category,-0.4122743951441077,-0.008237799906848031,Medical care (pooled)
Food,0.03872685323055261,0.050153998191879455,0.04570162924299128,0.11256375788989609,headline,exsh,K1,10,2019-12-01,2026-07-01,block,-0.6689906258478651,-0.04021085602158603,Food
Alcohol and tobacco,-0.12993254435899937,0.013255321267185396,0.020426752869267796,0.03118108899122935,headline,exsh,K1,10,2019-12-01,2026-07-01,block,-0.6689906258478651,-0.04021085602158603,Alcohol and tobacco
Utilities and phone,-0.15607856209325932,0.03451654853038537,0.03437651053953784,0.08327493134005999,headline,exsh,K1,10,2019-12-01,2026-07-01,block,-0.6689906258478651,-0.04021085602158603,Utilities and phone
Childcare,0.06741991914028264,0.02133476240327355,0.0077591528893856294,0.049211654474334066,headline,exsh,K1,10,2019-12-01,2026-07-01,block,-0.6689906258478651,-0.04021085602158603,Childcare
Everything else,0.031358822271494016,0.06924345392942366,0.08315967861623381,0.16382649706672162,headline,exsh,K1,10,2019-12-01,2026-07-01,block,-0.6689906258478651,-0.04021085602158603,Everything else
Apparel,-0.13141968413893412,0.025008200645310886,0.04534502906756566,0.06275322681133161,headline,exsh,K1,10,2019-12-01,2026-07-01,block,-0.6689906258478651,-0.04021085602158603,Apparel
"Vehicles, gas, transport",-0.3949878718384091,0.22728260206496514,0.12061221919302413,0.527772381856344,headline,exsh,K1,10,2019-12-01,2026-07-01,block,-0.6689906258478651,-0.04021085602158603,"Vehicles, gas, transport"
Education,-0.13237970512960842,0.043678250202140244,0.06326525139531206,0.07665992807363599,headline,exsh,K1,10,2019-12-01,2026-07-01,block,-0.6689906258478651,-0.04021085602158603,Education
Medical,0.17851300309060206,0.03209884651788446,0.040167170278143115,0.06833734830132455,headline,exsh,K1,10,2019-12-01,2026-07-01,block,-0.6689906258478651,-0.04021085602158603,Medical
01,0.03129736246044362,0.04190355142249359,0.029128955258774812,0.07140795251394037,headline,exsh,K1,10,2019-12-01,2026-07-01,category,-0.6689906258478651,-0.04021085602158603,Food at home
02,0.007429490770109005,0.027231273483199814,0.03475340716092442,0.07042497626681964,headline,exsh,K1,10,2019-12-01,2026-07-01,category,-0.6689906258478651,-0.04021085602158603,Food away from home
03,0.04395637981214709,0.009398976466168456,0.009092536612030997,0.015511206805875226,headline,exsh,K1,10,2019-12-01,2026-07-01,category,-0.6689906258478651,-0.04021085602158603,Alcoholic beverages
09,-0.03419401317624049,0.02002610419311502,0.013268544998152243,0.04440153763829428,headline,exsh,K1,10,2019-12-01,2026-07-01,category,-0.6689906258478651,-0.04021085602158603,Natural gas
10,-0.17077532544020407,0.015148145718741006,0.02450519076658762,0.030115148131230306,headline,exsh,K1,10,2019-12-01,2026-07-01,category,-0.6689906258478651,-0.04021085602158603,Electricity
11,-0.034266245089429034,0.01970912970813921,0.008769417119882498,0.045483951363779335,headline,exsh,K1,10,2019-12-01,2026-07-01,category,-0.6689906258478651,-0.04021085602158603,Fuel oil and other fuels
12,0.09688208120370906,0.013177913824716898,0.025960643971007797,0.03235569708910268,headline,exsh,K1,10,2019-12-01,2026-07-01,category,-0.6689906258478651,-0.04021085602158603,Telephone services
13,-0.013725059591094789,0.006079440500233905,0.00408419761810402,0.013698332613587789,headline,exsh,K1,10,2019-12-01,2026-07-01,category,-0.6689906258478651,-0.04021085602158603,Water and other public services
14,0.06741991914028264,0.02133476240327355,0.0077591528893856294,0.049211654474334066,headline,exsh,K1,10,2019-12-01,2026-07-01,category,-0.6689906258478651,-0.04021085602158603,Personal services (childcare proxy)
15,0.13365548071948485,0.01614961803637045,0.03296909371756163,0.03367996156872761,headline,exsh,K1,10,2019-12-01,2026-07-01,category,-0.6689906258478651,-0.04021085602158603,Other household expenses
16,-0.009032392517582647,0.014463794396751089,0.0037837480422142616,0.03070041174661475,headline,exsh,K1,10,2019-12-01,2026-07-01,category,-0.6689906258478651,-0.04021085602158603,Housekeeping supplies
17,-0.019628276758661953,0.0265561927230105,0.027573269945364107,0.05906832932916403,headline,exsh,K1,10,2019-12-01,2026-07-01,category,-0.6689906258478651,-0.04021085602158603,Household furnishings and equipment
18,-0.00906258119111731,0.010316673293628755,0.01489831133671855,0.02206568751836958,headline,exsh,K1,10,2019-12-01,2026-07-01,category,-0.6689906258478651,-0.04021085602158603,Apparel: men and boys
19,-0.027136391005404582,0.017759290100257414,0.03366613258376001,0.0397309812968733,headline,exsh,K1,10,2019-12-01,2026-07-01,category,-0.6689906258478651,-0.04021085602158603,Apparel: women and girls
20,-0.055840327012572466,0.005727685918634858,0.009598638648489565,0.011864675998886694,headline,exsh,K1,10,2019-12-01,2026-07-01,category,-0.6689906258478651,-0.04021085602158603,Apparel: children under 2
21,-0.022411130969292918,0.011000571018907963,0.021352340557124008,0.023735120802014575,headline,exsh,K1,10,2019-12-01,2026-07-01,category,-0.6689906258478651,-0.04021085602158603,Footwear
22,-0.01696925396054686,0.007078844182298559,0.01251252569961377,0.01493224327270021,headline,exsh,K1,10,2019-12-01,2026-07-01,category,-0.6689906258478651,-0.04021085602158603,Other apparel products and services
23,-0.16589002491197372,0.20579176378049915,0.07061876741398074,0.43435537264564333,headline,exsh,K1,10,2019-12-01,2026-07-01,category,-0.6689906258478651,-0.04021085602158603,Vehicle purchases (net outlay)
24,0.06546283518037899,0.08253683191886264,0.04454779621630121,0.17301258079111514,headline,exsh,K1,10,2019-12-01,2026-07-01,category,-0.6689906258478651,-0.04021085602158603,Gasoline and other fuels
25,-0.22874264711023548,0.04676011036155566,0.04594772657735112,0.10255102052054804,headline,exsh,K1,10,2019-12-01,2026-07-01,category,-0.6689906258478651,-0.04021085602158603,Other vehicle expenses
26,-0.0658180349965789,0.039440261561712375,0.010600627389066532,0.09361943639074775,headline,exsh,K1,10,2019-12-01,2026-07-01,category,-0.6689906258478651,-0.04021085602158603,Public and other transportation
31,-0.07286850385061502,0.02071079690956718,0.007210349099345964,0.0417637646765954,headline,exsh,K1,10,2019-12-01,2026-07-01,category,-0.6689906258478651,-0.04021085602158603,Fees and admissions
32,0.08180062436386493,0.009832592688074243,0.010237936300493886,0.02050042131458083,headline,exsh,K1,10,2019-12-01,2026-07-01,category,-0.6689906258478651,-0.04021085602158603,Audio and visual equipment and services
33,0.017567759431038454,0.014552817831044335,0.004843412672529653,0.03131715729376606,headline,exsh,K1,10,2019-12-01,2026-07-01,category,-0.6689906258478651,-0.04021085602158603,"Pets, toys, hobbies, and playground equipment"
34,-0.13106437095947665,0.04389496518359478,0.06973291541303922,0.0863456612406885,headline,exsh,K1,10,2019-12-01,2026-07-01,category,-0.6689906258478651,-0.04021085602158603,"Other entertainment supplies, equipment, services"
35,0.005421980172488345,0.007233477497316454,0.0011942752294738838,0.01534898451023844,headline,exsh,K1,10,2019-12-01,2026-07-01,category,-0.6689906258478651,-0.04021085602158603,Personal care products and services
36,0.00866399926331454,0.003591553459105658,0.004177550032169295,0.008053412011994568,headline,exsh,K1,10,2019-12-01,2026-07-01,category,-0.6689906258478651,-0.04021085602158603,Reading
37,-0.13237970512960842,0.043678250202140244,0.06326525139531206,0.07665992807363599,headline,exsh,K1,10,2019-12-01,2026-07-01,category,-0.6689906258478651,-0.04021085602158603,Education
38,-0.17388892417114646,0.00930774980416329,0.018425571529998193,0.01968197845634525,headline,exsh,K1,10,2019-12-01,2026-07-01,category,-0.6689906258478651,-0.04021085602158603,Tobacco products and smoking supplies
39,0.016842522407639147,0.031051991993930834,0.01878319742109978,0.05789299604885691,headline,exsh,K1,10,2019-12-01,2026-07-01,category,-0.6689906258478651,-0.04021085602158603,Miscellaneous
M0,0.17851300309060206,0.03209884651788446,0.040167170278143115,0.06833734830132455,headline,exsh,K1,10,2019-12-01,2026-07-01,category,-0.6689906258478651,-0.04021085602158603,Medical care (pooled)
Food,0.04512019996947425,0.06607719208987675,0.058040883486370286,0.1567860228814239,headline,exsh,07,10,2019-12-01,2026-07-01,block,0.11885670634932399,0.05868249850789006,Food
Alcohol and tobacco,-0.12693284965890497,0.015655346627464102,0.024503894484767693,0.03721395537862087,headline,exsh,07,10,2019-12-01,2026-07-01,block,0.11885670634932399,0.05868249850789006,Alcohol and tobacco
Utilities and phone,-0.35409818017581246,0.04345024442238495,0.04144512002987669,0.10475013555582552,headline,exsh,07,10,2019-12-01,2026-07-01,block,0.11885670634932399,0.05868249850789006,Utilities and phone
Childcare,-0.024763052519794496,0.016419682707206104,0.015685547377069342,0.033308185100218164,headline,exsh,07,10,2019-12-01,2026-07-01,block,0.11885670634932399,0.05868249850789006,Childcare
Everything else,0.32086153982422644,0.09037909015396024,0.09040394547913361,0.21534253849193905,headline,exsh,07,10,2019-12-01,2026-07-01,block,0.11885670634932399,0.05868249850789006,Everything else
Apparel,-0.0014188331955649058,0.03288627261691045,0.05723412882990479,0.07787146958636641,headline,exsh,07,10,2019-12-01,2026-07-01,block,0.11885670634932399,0.05868249850789006,Apparel
"Vehicles, gas, transport",0.3851055909131428,0.2970731775673532,0.09473107907053614,0.6812546540646673,headline,exsh,07,10,2019-12-01,2026-07-01,block,0.11885670634932399,0.05868249850789006,"Vehicles, gas, transport"
Education,-0.26194762888862705,0.06236861829527991,0.09571938966722465,0.11377094580727022,headline,exsh,07,10,2019-12-01,2026-07-01,block,0.11885670634932399,0.05868249850789006,Education
Medical,0.07824742157329437,0.04108978579664314,0.05155814203925733,0.08510819452941813,headline,exsh,07,10,2019-12-01,2026-07-01,block,0.11885670634932399,0.05868249850789006,Medical
01,0.02661359910406977,0.05111909214763331,0.03553761620317884,0.09072619056588471,headline,exsh,07,10,2019-12-01,2026-07-01,category,0.11885670634932399,0.05868249850789021,Food at home
02,0.01850660086540449,0.041702209626879407,0.04490857533306429,0.1062776026257091,headline,exsh,07,10,2019-12-01,2026-07-01,category,0.11885670634932399,0.05868249850789021,Food away from home
03,0.02773172375931949,0.010869475662366493,0.010382088650184676,0.01861270813211062,headline,exsh,07,10,2019-12-01,2026-07-01,category,0.11885670634932399,0.05868249850789021,Alcoholic beverages
09,-0.07370706771513956,0.026680674154563672,0.014619717757014546,0.05769631003591909,headline,exsh,07,10,2019-12-01,2026-07-01,category,0.11885670634932399,0.05868249850789021,Natural gas
10,-0.1969650226042014,0.017974646742405623,0.028698661976100208,0.03574683593368184,headline,exsh,07,10,2019-12-01,2026-07-01,category,0.11885670634932399,0.05868249850789021,Electricity
11,-0.07394679833921726,0.023715796151692226,0.010052538523980954,0.05491884658977933,headline,exsh,07,10,2019-12-01,2026-07-01,category,0.11885670634932399,0.05868249850789021,Fuel oil and other fuels
12,-0.0028993829824688062,0.017796005801939067,0.034051311802037056,0.0437849455396412,headline,exsh,07,10,2019-12-01,2026-07-01,category,0.11885670634932399,0.05868249850789021,Telephone services
13,-0.006579908534785435,0.007972171283743907,0.0053038546327956945,0.01796417462437157,headline,exsh,07,10,2019-12-01,2026-07-01,category,0.11885670634932399,0.05868249850789021,Water and other public services
14,-0.024763052519794496,0.016419682707206104,0.015685547377069342,0.033308185100218164,headline,exsh,07,10,2019-12-01,2026-07-01,category,0.11885670634932399,0.05868249850789021,Personal services (childcare proxy)
15,0.2100969485365196,0.01709550075508228,0.03534384007085472,0.03639224074401784,headline,exsh,07,10,2019-12-01,2026-07-01,category,0.11885670634932399,0.05868249850789021,Other household expenses
16,0.030291445076769518,0.029977444701340138,0.017880530500327656,0.056270731783015365,headline,exsh,07,10,2019-12-01,2026-07-01,category,0.11885670634932399,0.05868249850789021,Housekeeping supplies
17,-0.031669342652681266,0.039708167795341115,0.04756684255608586,0.08394624018374207,headline,exsh,07,10,2019-12-01,2026-07-01,category,0.11885670634932399,0.05868249850789021,Household furnishings and equipment
18,0.01730016669066825,0.011842150162857975,0.01582447267154844,0.025887617100665707,headline,exsh,07,10,2019-12-01,2026-07-01,category,0.11885670634932399,0.05868249850789021,Apparel: men and boys
19,0.007586400213253158,0.021353959708936502,0.04036648852564895,0.04770909007093537,headline,exsh,07,10,2019-12-01,2026-07-01,category,0.11885670634932399,0.05868249850789021,Apparel: women and girls
20,0.0053781933070952545,0.0035941718521530007,0.0064123764890352715,0.007421566014288568,headline,exsh,07,10,2019-12-01,2026-07-01,category,0.11885670634932399,0.05868249850789021,Apparel: children under 2
21,-0.008508265214574831,0.02077305613212848,0.035449454591421244,0.03835185404249154,headline,exsh,07,10,2019-12-01,2026-07-01,category,0.11885670634932399,0.05868249850789021,Footwear
22,-0.023175328192006732,0.006775989236423896,0.011125963153623363,0.015115468400547605,headline,exsh,07,10,2019-12-01,2026-07-01,category,0.11885670634932399,0.05868249850789021,Other apparel products and services
23,0.23735344176038428,0.27328182830250003,0.052028579717187905,0.5485990947759289,headline,exsh,07,10,2019-12-01,2026-07-01,category,0.11885670634932399,0.05868249850789021,Vehicle purchases (net outlay)
24,0.23916701772574583,0.1258782463657803,0.07474960311515487,0.25640011498473286,headline,exsh,07,10,2019-12-01,2026-07-01,category,0.11885670634932399,0.05868249850789021,Gasoline and other fuels
25,-0.04824356642373838,0.061547484238234806,0.04711458791821516,0.13824349802238226,headline,exsh,07,10,2019-12-01,2026-07-01,category,0.11885670634932399,0.05868249850789021,Other vehicle expenses
26,-0.04317130214924894,0.04800397098377187,0.014251719739194538,0.12007350044484946,headline,exsh,07,10,2019-12-01,2026-07-01,category,0.11885670634932399,0.05868249850789021,Public and other transportation
31,-0.010263007688856289,0.013541735690832042,0.008189941225333704,0.02838414439933961,headline,exsh,07,10,2019-12-01,2026-07-01,category,0.11885670634932399,0.05868249850789021,Fees and admissions
32,0.07391208587171437,0.011636780579998472,0.011895703912096258,0.02369734432557807,headline,exsh,07,10,2019-12-01,2026-07-01,category,0.11885670634932399,0.05868249850789021,Audio and visual equipment and services
33,0.05617826280099123,0.048640202284861565,0.030035584033533194,0.07511909968535223,headline,exsh,07,10,2019-12-01,2026-07-01,category,0.11885670634932399,0.05868249850789021,"Pets, toys, hobbies, and playground equipment"
34,-0.04116462334944522,0.0336696638555903,0.05217691708292488,0.07005995793240435,headline,exsh,07,10,2019-12-01,2026-07-01,category,0.11885670634932399,0.05868249850789021,"Other entertainment supplies, equipment, services"
35,-0.0016477931512782137,0.009160617461156073,0.0017627715476670066,0.020029609565134353,headline,exsh,07,10,2019-12-01,2026-07-01,category,0.11885670634932399,0.05868249850789021,Personal care products and services
36,0.01567312861673791,0.00468704645045995,0.004820515394284526,0.01070865594665222,headline,exsh,07,10,2019-12-01,2026-07-01,category,0.11885670634932399,0.05868249850789021,Reading
37,-0.26194762888862705,0.06236861829527991,0.09571938966722465,0.11377094580727022,headline,exsh,07,10,2019-12-01,2026-07-01,category,0.11885670634932399,0.05868249850789021,Education
38,-0.15466457341822448,0.011240223791571385,0.022390236496202316,0.023588200233260637,headline,exsh,07,10,2019-12-01,2026-07-01,category,0.11885670634932399,0.05868249850789021,Tobacco products and smoking supplies
39,0.019454435763754628,0.03618591442075184,0.013833501057895712,0.06492611918300074,headline,exsh,07,10,2019-12-01,2026-07-01,category,0.11885670634932399,0.05868249850789021,Miscellaneous
M0,0.07824742157329437,0.04108978579664314,0.05155814203925733,0.08510819452941813,headline,exsh,07,10,2019-12-01,2026-07-01,category,0.11885670634932399,0.05868249850789021,Medical care (pooled)
Food,0.0858887631547578,0.04403082818755154,0.03841218077524766,0.1042882612172629,headline,exsh,F1,03,2019-12-01,2026-07-01,block,0.886137307770718,0.09279553572769128,Food
Alcohol and tobacco,0.02430641027841537,0.012516436165736767,0.017299269141543724,0.028890601889336343,headline,exsh,F1,03,2019-12-01,2026-07-01,block,0.886137307770718,0.09279553572769128,Alcohol and tobacco
Utilities and phone,-0.059528713328572284,0.032770289054863094,0.02849834991860228,0.08053276298999054,headline,exsh,F1,03,2019-12-01,2026-07-01,block,0.886137307770718,0.09279553572769128,Utilities and phone
Childcare,0.044802095915231606,0.015425827069713276,0.0068737815616501255,0.03576732014198492,headline,exsh,F1,03,2019-12-01,2026-07-01,block,0.886137307770718,0.09279553572769128,Childcare
Everything else,0.4268337623527429,0.08950820335347123,0.10000173305051463,0.20484790800365565,headline,exsh,F1,03,2019-12-01,2026-07-01,block,0.886137307770718,0.09279553572769128,Everything else
Apparel,-0.17851575849811832,0.02021332697572569,0.036094159921832125,0.05013434375538539,headline,exsh,F1,03,2019-12-01,2026-07-01,block,0.886137307770718,0.09279553572769128,Apparel
"Vehicles, gas, transport",0.1752530505563179,0.2230529909180595,0.10290943644176409,0.5137497119898424,headline,exsh,F1,03,2019-12-01,2026-07-01,block,0.886137307770718,0.09279553572769128,"Vehicles, gas, transport"
Education,-0.22679812939183838,0.039830739747859174,0.05795551239583005,0.07047834220802403,headline,exsh,F1,03,2019-12-01,2026-07-01,block,0.886137307770718,0.09279553572769128,Education
Medical,0.5011002910040901,0.035717511793118564,0.04500945186303609,0.07147747871054563,headline,exsh,F1,03,2019-12-01,2026-07-01,block,0.886137307770718,0.09279553572769128,Medical
01,0.057736573134104296,0.034462754368706904,0.02109273103079951,0.062040600534485034,headline,exsh,F1,03,2019-12-01,2026-07-01,category,0.886137307770718,0.09279553572769128,Food at home
02,0.028152190020653514,0.02738389153800957,0.03153258682836791,0.07086299104092741,headline,exsh,F1,03,2019-12-01,2026-07-01,category,0.886137307770718,0.09279553572769128,Food away from home
03,0.04789543829023052,0.010105707389399029,0.009961656016545596,0.017682455781707344,headline,exsh,F1,03,2019-12-01,2026-07-01,category,0.886137307770718,0.09279553572769128,Alcoholic beverages
09,0.02432034070248704,0.019634299919769924,0.013854059867874816,0.04302629912502497,headline,exsh,F1,03,2019-12-01,2026-07-01,category,0.886137307770718,0.09279553572769128,Natural gas
10,-0.03145128155977369,0.011881980352668428,0.019617018035895148,0.02435966797783221,headline,exsh,F1,03,2019-12-01,2026-07-01,category,0.886137307770718,0.09279553572769128,Electricity
11,-0.01860113469926194,0.020696843032123716,0.0036166028570476455,0.04918939260231768,headline,exsh,F1,03,2019-12-01,2026-07-01,category,0.886137307770718,0.09279553572769128,Fuel oil and other fuels
12,-0.02897684146102058,0.011787314235101732,0.022996349723520604,0.028854454237771346,headline,exsh,F1,03,2019-12-01,2026-07-01,category,0.886137307770718,0.09279553572769128,Telephone services
13,-0.004819796311003147,0.0054257057866580645,0.004800559071688209,0.012401006960430602,headline,exsh,F1,03,2019-12-01,2026-07-01,category,0.886137307770718,0.09279553572769128,Water and other public services
14,0.044802095915231606,0.015425827069713276,0.0068737815616501255,0.03576732014198492,headline,exsh,F1,03,2019-12-01,2026-07-01,category,0.886137307770718,0.09279553572769128,Personal services (childcare proxy)
15,0.14644071942176973,0.01455036810579456,0.031346056255569674,0.03193935427095931,headline,exsh,F1,03,2019-12-01,2026-07-01,category,0.886137307770718,0.09279553572769128,Other household expenses
16,0.015686255239012074,0.01565033030968876,0.006332073327804476,0.0320638984535431,headline,exsh,F1,03,2019-12-01,2026-07-01,category,0.886137307770718,0.09279553572769128,Housekeeping supplies
17,0.07205489152156855,0.036186485602488556,0.04405173152738183,0.0713015162963841,headline,exsh,F1,03,2019-12-01,2026-07-01,category,0.886137307770718,0.09279553572769128,Household furnishings and equipment
18,-0.019623535569352868,0.006955605060675842,0.010055431443189102,0.01568269229471496,headline,exsh,F1,03,2019-12-01,2026-07-01,category,0.886137307770718,0.09279553572769128,Apparel: men and boys
19,-0.0524521909511008,0.014222404332247704,0.027020244811807644,0.03155241710995179,headline,exsh,F1,03,2019-12-01,2026-07-01,category,0.886137307770718,0.09279553572769128,Apparel: women and girls
20,-0.045800931359491,0.004517894509079748,0.007424583968734122,0.008962297867890046,headline,exsh,F1,03,2019-12-01,2026-07-01,category,0.886137307770718,0.09279553572769128,Apparel: children under 2
21,-0.05149146736520187,0.00959401969121648,0.017500709302722493,0.01978419473765724,headline,exsh,F1,03,2019-12-01,2026-07-01,category,0.886137307770718,0.09279553572769128,Footwear
22,-0.009147633252971767,0.0065667996187403505,0.010534625414514267,0.013174327977298419,headline,exsh,F1,03,2019-12-01,2026-07-01,category,0.886137307770718,0.09279553572769128,Other apparel products and services
23,0.0331130496648847,0.20368751216244987,0.0540693335778507,0.4245893752604307,headline,exsh,F1,03,2019-12-01,2026-07-01,category,0.886137307770718,0.09279553572769128,Vehicle purchases (net outlay)
24,0.179035899936941,0.0778670067376789,0.04515449093457927,0.16158137359168454,headline,exsh,F1,03,2019-12-01,2026-07-01,category,0.886137307770718,0.09279553572769128,Gasoline and other fuels
25,-0.04124686009643937,0.04347796496479611,0.043098714286885935,0.09657605241839749,headline,exsh,F1,03,2019-12-01,2026-07-01,category,0.886137307770718,0.09279553572769128,Other vehicle expenses
26,0.004350961050931551,0.04456205893617465,0.008774024101503063,0.10440300898044753,headline,exsh,F1,03,2019-12-01,2026-07-01,category,0.886137307770718,0.09279553572769128,Public and other transportation
31,0.04532906125627978,0.0638064115406349,0.06288511403082384,0.08635705887429042,headline,exsh,F1,03,2019-12-01,2026-07-01,category,0.886137307770718,0.09279553572769128,Fees and admissions
32,0.05725106064949491,0.010675135934164148,0.013142130835265208,0.021787912589339715,headline,exsh,F1,03,2019-12-01,2026-07-01,category,0.886137307770718,0.09279553572769128,Audio and visual equipment and services
33,0.025511706111833576,0.022161584716865895,0.010928504546566228,0.041804697350719865,headline,exsh,F1,03,2019-12-01,2026-07-01,category,0.886137307770718,0.09279553572769128,"Pets, toys, hobbies, and playground equipment"
34,0.040371132511301894,0.043841783407915155,0.0652224180818963,0.08950993962571814,headline,exsh,F1,03,2019-12-01,2026-07-01,category,0.886137307770718,0.09279553572769128,"Other entertainment supplies, equipment, services"
35,0.004177859441512469,0.007932999714085565,0.00223291521269613,0.015449889857991821,headline,exsh,F1,03,2019-12-01,2026-07-01,category,0.886137307770718,0.09279553572769128,Personal care products and services
36,0.014994377044719285,0.004197456475444935,0.005370820644231002,0.008910931999265785,headline,exsh,F1,03,2019-12-01,2026-07-01,category,0.886137307770718,0.09279553572769128,Reading
37,-0.22679812939183838,0.039830739747859174,0.05795551239583005,0.07047834220802403,headline,exsh,F1,03,2019-12-01,2026-07-01,category,0.886137307770718,0.09279553572769128,Education
38,-0.02358902801181515,0.007374599815319632,0.014276679333949624,0.01487412037074038,headline,exsh,F1,03,2019-12-01,2026-07-01,category,0.886137307770718,0.09279553572769128,Tobacco products and smoking supplies
39,0.005016699155250667,0.02553967606805846,0.012039215259426465,0.046327935323301206,headline,exsh,F1,03,2019-12-01,2026-07-01,category,0.886137307770718,0.09279553572769128,Miscellaneous
M0,0.5011002910040901,0.035717511793118564,0.04500945186303609,0.07147747871054563,headline,exsh,F1,03,2019-12-01,2026-07-01,category,0.886137307770718,0.09279553572769128,Medical care (pooled)
Food,0.08111658398941099,0.04830407900701977,0.0429150316321026,0.1134424951280274,headline,exsh,K1,03,2019-12-01,2026-07-01,block,0.6294210770669606,0.06168479208836608,Food
Alcohol and tobacco,0.023376228040663364,0.013503286434935126,0.018572006589316074,0.03098137477952202,headline,exsh,K1,03,2019-12-01,2026-07-01,block,0.6294210770669606,0.06168479208836608,Alcohol and tobacco
Utilities and phone,0.0017339775435833349,0.03483655834789537,0.03085357329190832,0.08573040832093455,headline,exsh,K1,03,2019-12-01,2026-07-01,block,0.6294210770669606,0.06168479208836608,Utilities and phone
Childcare,0.07143206545590626,0.02053316567952229,0.0070656430378314514,0.047726912397782185,headline,exsh,K1,03,2019-12-01,2026-07-01,block,0.6294210770669606,0.06168479208836608,Childcare
Everything else,0.33161956104911233,0.09530401015713345,0.10947735763839664,0.21472345586560013,headline,exsh,K1,03,2019-12-01,2026-07-01,block,0.6294210770669606,0.06168479208836608,Everything else
Apparel,-0.2161682733392079,0.02249164120275205,0.04060606904376357,0.05634488000202716,headline,exsh,K1,03,2019-12-01,2026-07-01,block,0.6294210770669606,0.06168479208836608,Apparel
"Vehicles, gas, transport",-0.07239086765357478,0.24690260705371256,0.12528373489264466,0.5683603741759705,headline,exsh,K1,03,2019-12-01,2026-07-01,block,0.6294210770669606,0.06168479208836608,"Vehicles, gas, transport"
Education,-0.18514286516230827,0.04241951088515172,0.06127762173468314,0.07439184922087855,headline,exsh,K1,03,2019-12-01,2026-07-01,block,0.6294210770669606,0.06168479208836608,Education
Medical,0.5321598750550092,0.03795419852074349,0.048172467138961936,0.07681003286984368,headline,exsh,K1,03,2019-12-01,2026-07-01,block,0.6294210770669606,0.06168479208836608,Medical
01,0.057166097659245116,0.038426632652561195,0.023321778429361343,0.0687638477270644,headline,exsh,K1,03,2019-12-01,2026-07-01,category,0.6294210770669606,0.06168479208836597,Food at home
02,0.02395048633016588,0.029139604086231875,0.035428627152288256,0.07566477790166365,headline,exsh,K1,03,2019-12-01,2026-07-01,category,0.6294210770669606,0.06168479208836597,Food away from home
03,0.05293485599954241,0.0109397028646674,0.010776881627037712,0.01891652461158504,headline,exsh,K1,03,2019-12-01,2026-07-01,category,0.6294210770669606,0.06168479208836597,Alcoholic beverages
09,0.03640296525756147,0.02036359437720132,0.014893328202141001,0.04495111306824995,headline,exsh,K1,03,2019-12-01,2026-07-01,category,0.6294210770669606,0.06168479208836597,Natural gas
10,-0.02251809078436244,0.012963031119844802,0.021481091522901175,0.02645036752547383,headline,exsh,K1,03,2019-12-01,2026-07-01,category,0.6294210770669606,0.06168479208836597,Electricity
11,-0.007045221880551927,0.022206504404490433,0.0037816219827681375,0.05268837498212362,headline,exsh,K1,03,2019-12-01,2026-07-01,category,0.6294210770669606,0.06168479208836597,Fuel oil and other fuels
12,0.0019420587388546589,0.01266826434478387,0.02496218028116056,0.031014026760691805,headline,exsh,K1,03,2019-12-01,2026-07-01,category,0.6294210770669606,0.06168479208836597,Telephone services
13,-0.007047733787918431,0.005691922467375527,0.005099879908493614,0.013044752578186452,headline,exsh,K1,03,2019-12-01,2026-07-01,category,0.6294210770669606,0.06168479208836597,Water and other public services
14,0.07143206545590626,0.02053316567952229,0.0070656430378314514,0.047726912397782185,headline,exsh,K1,03,2019-12-01,2026-07-01,category,0.6294210770669606,0.06168479208836597,Personal services (childcare proxy)
15,0.12182412064588216,0.016014829433466514,0.034402749924084625,0.035061246925066014,headline,exsh,K1,03,2019-12-01,2026-07-01,category,0.6294210770669606,0.06168479208836597,Other household expenses
16,0.002167962535908361,0.014845090491046731,0.0027096795328819872,0.031262568209703336,headline,exsh,K1,03,2019-12-01,2026-07-01,category,0.6294210770669606,0.06168479208836597,Housekeeping supplies
17,0.0755560401114903,0.03751586705447904,0.04516930989409643,0.07402031229696367,headline,exsh,K1,03,2019-12-01,2026-07-01,category,0.6294210770669606,0.06168479208836597,Household furnishings and equipment
18,-0.02794202331276967,0.007847203311881618,0.011421906284305141,0.01758924184507097,headline,exsh,K1,03,2019-12-01,2026-07-01,category,0.6294210770669606,0.06168479208836597,Apparel: men and boys
19,-0.06277151228521505,0.01619049503548842,0.030627800166787084,0.035931681479800456,headline,exsh,K1,03,2019-12-01,2026-07-01,category,0.6294210770669606,0.06168479208836597,Apparel: women and girls
20,-0.06269550035044212,0.005761513397890424,0.00951509997448064,0.011618904754369939,headline,exsh,K1,03,2019-12-01,2026-07-01,category,0.6294210770669606,0.06168479208836597,Apparel: children under 2
21,-0.05554773331440135,0.00922736525121206,0.018013549433352826,0.020270291878652886,headline,exsh,K1,03,2019-12-01,2026-07-01,category,0.6294210770669606,0.06168479208836597,Footwear
22,-0.007211504076379684,0.007703834881195893,0.012668254026195818,0.015391283606215365,headline,exsh,K1,03,2019-12-01,2026-07-01,category,0.6294210770669606,0.06168479208836597,Other apparel products and services
23,-0.09375887398872834,0.22598336543986214,0.07137029757998668,0.4739529491133073,headline,exsh,K1,03,2019-12-01,2026-07-01,category,0.6294210770669606,0.06168479208836597,Vehicle purchases (net outlay)
24,0.12061817745142245,0.08151363723916556,0.04543524072059877,0.17068300305773398,headline,exsh,K1,03,2019-12-01,2026-07-01,category,0.6294210770669606,0.06168479208836597,Gasoline and other fuels
25,-0.0962433409234195,0.04717043141879332,0.04832355330092994,0.10382822050092363,headline,exsh,K1,03,2019-12-01,2026-07-01,category,0.6294210770669606,0.06168479208836597,Other vehicle expenses
26,-0.0030068301928493912,0.04838662306139979,0.01060478729301408,0.11297292661957735,headline,exsh,K1,03,2019-12-01,2026-07-01,category,0.6294210770669606,0.06168479208836597,Public and other transportation
31,0.02496666683553927,0.06532660366919155,0.06307442801649556,0.09351357210422295,headline,exsh,K1,03,2019-12-01,2026-07-01,category,0.6294210770669606,0.06168479208836597,Fees and admissions
32,0.059643116315977525,0.011289635294674766,0.013659420341610912,0.023265259138760517,headline,exsh,K1,03,2019-12-01,2026-07-01,category,0.6294210770669606,0.06168479208836597,Audio and visual equipment and services
33,0.01176344921608081,0.01696563328359255,0.004003240468879622,0.03553880465778863,headline,exsh,K1,03,2019-12-01,2026-07-01,category,0.6294210770669606,0.06168479208836597,"Pets, toys, hobbies, and playground equipment"
34,0.012134683415246308,0.05132190136866266,0.07771206946254247,0.10159295464027059,headline,exsh,K1,03,2019-12-01,2026-07-01,category,0.6294210770669606,0.06168479208836597,"Other entertainment supplies, equipment, services"
35,0.006416932078845834,0.008617842473277218,0.002288772930075604,0.01676486354215828,headline,exsh,K1,03,2019-12-01,2026-07-01,category,0.6294210770669606,0.06168479208836597,Personal care products and services
36,0.01298199102291918,0.004367557177621046,0.00571321514638596,0.009321651758060379,headline,exsh,K1,03,2019-12-01,2026-07-01,category,0.6294210770669606,0.06168479208836597,Reading
37,-0.18514286516230827,0.04241951088515172,0.06127762173468314,0.07439184922087855,headline,exsh,K1,03,2019-12-01,2026-07-01,category,0.6294210770669606,0.06168479208836597,Education
38,-0.029558627958879046,0.007901882209746153,0.015254403563455247,0.015945797822016543,headline,exsh,K1,03,2019-12-01,2026-07-01,category,0.6294210770669606,0.06168479208836597,Tobacco products and smoking supplies
39,0.0041645988712227106,0.030234516001847078,0.016434154849316228,0.05411191930889807,headline,exsh,K1,03,2019-12-01,2026-07-01,category,0.6294210770669606,0.06168479208836597,Miscellaneous
M0,0.5321598750550092,0.03795419852074349,0.048172467138961936,0.07681003286984368,headline,exsh,K1,03,2019-12-01,2026-07-01,category,0.6294210770669606,0.06168479208836597,Medical care (pooled)
Food,0.014413882400963066,0.09233407341067223,0.06872392631189377,0.21165079732794648,headline,exsh,09,04,2019-12-01,2026-07-01,block,1.0724635496955237,0.052367276892296255,Food
Alcohol and tobacco,0.07540855274898904,0.03072759318856048,0.03897105851602991,0.06080876457063078,headline,exsh,09,04,2019-12-01,2026-07-01,block,1.0724635496955237,0.052367276892296255,Alcohol and tobacco
Utilities and phone,0.20500957992641675,0.05797657735712912,0.062285453444943496,0.14009557076775572,headline,exsh,09,04,2019-12-01,2026-07-01,block,1.0724635496955237,0.052367276892296255,Utilities and phone
Childcare,0.023949770495808917,0.03195121905150612,0.011874000587519225,0.07263494266298949,headline,exsh,09,04,2019-12-01,2026-07-01,block,1.0724635496955237,0.052367276892296255,Childcare
Everything else,-0.07502892952451014,0.10711879503755425,0.10977871063678818,0.2550699643196118,headline,exsh,09,04,2019-12-01,2026-07-01,block,1.0724635496955237,0.052367276892296255,Everything else
Apparel,-0.14711034723593308,0.04400126846004238,0.08019204047741234,0.10666940641477811,headline,exsh,09,04,2019-12-01,2026-07-01,block,1.0724635496955237,0.052367276892296255,Apparel
"Vehicles, gas, transport",0.43717361827048207,0.4264779051722079,0.1760234355641985,0.9634827673942711,headline,exsh,09,04,2019-12-01,2026-07-01,block,1.0724635496955237,0.052367276892296255,"Vehicles, gas, transport"
Education,0.1953811257889886,0.05446143203520397,0.08445696835431475,0.09732136598128457,headline,exsh,09,04,2019-12-01,2026-07-01,block,1.0724635496955237,0.052367276892296255,Education
Medical,0.29089901993202233,0.05179307893250941,0.066484465716003055,0.10945168396122174,headline,exsh,09,04,2019-12-01,2026-07-01,block,1.0724635496955237,0.052367276892296255,Medical
01,0.03733664271990736,0.0797981728322677,0.03339789405834049,0.1444886329429834,headline,exsh,09,04,2019-12-01,2026-07-01,category,1.0724635496955237,0.052367276892296255,Food at home
02,-0.0229227603189443,0.05190547198786648,0.06448100695676871,0.13497480836006656,headline,exsh,09,04,2019-12-01,2026-07-01,category,1.0724635496955237,0.052367276892296255,Food away from home
03,0.004611288608377888,0.027611955557293278,0.028947042153139816,0.03896963558853145,headline,exsh,09,04,2019-12-01,2026-07-01,category,1.0724635496955237,0.052367276892296255,Alcoholic beverages
09,0.12592748317328478,0.03373197539565312,0.02777500834558689,0.0754403233501173,headline,exsh,09,04,2019-12-01,2026-07-01,category,1.0724635496955237,0.052367276892296255,Natural gas
10,0.2839941537782982,0.025046222804387605,0.04145969074835676,0.0515229012212793,headline,exsh,09,04,2019-12-01,2026-07-01,category,1.0724635496955237,0.052367276892296255,Electricity
11,0.011686451808622973,0.03189121465673011,0.005748530352391593,0.07291273124336606,headline,exsh,09,04,2019-12-01,2026-07-01,category,1.0724635496955237,0.052367276892296255,Fuel oil and other fuels
12,-0.22659012213154406,0.02693476037471092,0.0537811069305581,0.06518563531566315,headline,exsh,09,04,2019-12-01,2026-07-01,category,1.0724635496955237,0.052367276892296255,Telephone services
13,0.009991613297754802,0.009777892065627063,0.0082169744586559,0.02265291498573209,headline,exsh,09,04,2019-12-01,2026-07-01,category,1.0724635496955237,0.052367276892296255,Water and other public services
14,0.023949770495808917,0.03195121905150612,0.011874000587519225,0.07263494266298949,headline,exsh,09,04,2019-12-01,2026-07-01,category,1.0724635496955237,0.052367276892296255,Personal services (childcare proxy)
15,-0.0677742249662943,0.022789772117087673,0.049592681208519146,0.05097954894961057,headline,exsh,09,04,2019-12-01,2026-07-01,category,1.0724635496955237,0.052367276892296255,Other household expenses
16,-0.03572621394642364,0.027034100228834037,0.007117176969531382,0.05488813068660862,headline,exsh,09,04,2019-12-01,2026-07-01,category,1.0724635496955237,0.052367276892296255,Housekeeping supplies
17,-0.051790919784142575,0.04874930928937826,0.05924327447849581,0.09674838136699698,headline,exsh,09,04,2019-12-01,2026-07-01,category,1.0724635496955237,0.052367276892296255,Household furnishings and equipment
18,-0.008738691010055418,0.012324093021965856,0.017318699865287866,0.029049759705461004,headline,exsh,09,04,2019-12-01,2026-07-01,category,1.0724635496955237,0.052367276892296255,Apparel: men and boys
19,-0.09573216957591596,0.02842448706482633,0.055127809126551255,0.06553714218666636,headline,exsh,09,04,2019-12-01,2026-07-01,category,1.0724635496955237,0.052367276892296255,Apparel: women and girls
20,0.002452615967624288,0.010389985133188142,0.019930073926699796,0.022933187844272125,headline,exsh,09,04,2019-12-01,2026-07-01,category,1.0724635496955237,0.052367276892296255,Apparel: children under 2
21,-0.058981720399185124,0.028183131774524816,0.050713396853106496,0.056835503676415836,headline,exsh,09,04,2019-12-01,2026-07-01,category,1.0724635496955237,0.052367276892296255,Footwear
22,0.013889617781599101,0.008470148444251974,0.014192479828892357,0.016969162320461393,headline,exsh,09,04,2019-12-01,2026-07-01,category,1.0724635496955237,0.052367276892296255,Other apparel products and services
23,0.26423515247829693,0.38688387136061164,0.05318910329804553,0.77365306358416,headline,exsh,09,04,2019-12-01,2026-07-01,category,1.0724635496955237,0.052367276892296255,Vehicle purchases (net outlay)
24,-0.056446054516365536,0.16723282576102885,0.11148896764811596,0.338496067250301,headline,exsh,09,04,2019-12-01,2026-07-01,category,1.0724635496955237,0.052367276892296255,Gasoline and other fuels
25,0.18493958653335701,0.08584516947137064,0.08184384352965421,0.18993620617656543,headline,exsh,09,04,2019-12-01,2026-07-01,category,1.0724635496955237,0.052367276892296255,Other vehicle expenses
26,0.04444493377519371,0.0965093020691629,0.04379148198001971,0.2020729355225056,headline,exsh,09,04,2019-12-01,2026-07-01,category,1.0724635496955237,0.052367276892296255,Public and other transportation
31,0.023229173392622884,0.029411036135620027,0.015783325305421567,0.05882662181014579,headline,exsh,09,04,2019-12-01,2026-07-01,category,1.0724635496955237,0.052367276892296255,Fees and admissions
32,-0.04616536071462798,0.019862262744114123,0.019360580948707264,0.03983229355208899,headline,exsh,09,04,2019-12-01,2026-07-01,category,1.0724635496955237,0.052367276892296255,Audio and visual equipment and services
33,0.025536887496177683,0.03312281435015961,0.01947686506914036,0.055800253475264926,headline,exsh,09,04,2019-12-01,2026-07-01,category,1.0724635496955237,0.052367276892296255,"Pets, toys, hobbies, and playground equipment"
34,0.14129705102040352,0.03568156530776617,0.05463497318147047,0.07249366937900469,headline,exsh,09,04,2019-12-01,2026-07-01,category,1.0724635496955237,0.052367276892296255,"Other entertainment supplies, equipment, services"
35,0.0030112366582795043,0.016476125457706266,0.0027623279168318532,0.034134494113819726,headline,exsh,09,04,2019-12-01,2026-07-01,category,1.0724635496955237,0.052367276892296255,Personal care products and services
36,0.004617131587822794,0.004393163176602968,0.0045696566299456755,0.010659954607407629,headline,exsh,09,04,2019-12-01,2026-07-01,category,1.0724635496955237,0.052367276892296255,Reading
37,0.1953811257889886,0.05446143203520397,0.08445696835431475,0.09732136598128457,headline,exsh,09,04,2019-12-01,2026-07-01,category,1.0724635496955237,0.052367276892296255,Education
38,0.07079726414061116,0.013456604280900427,0.026210504527636243,0.02734845918423574,headline,exsh,09,04,2019-12-01,2026-07-01,category,1.0724635496955237,0.052367276892296255,Tobacco products and smoking supplies
39,-0.07126369026832814,0.06243811184110088,0.03728673283702097,0.11108189356492884,headline,exsh,09,04,2019-12-01,2026-07-01,category,1.0724635496955237,0.052367276892296255,Miscellaneous
M0,0.29089901993202233,0.05179307893250941,0.066484465716003055,0.10945168396122174,headline,exsh,09,04,2019-12-01,2026-07-01,category,1.0724635496955237,0.052367276892296255,Medical care (pooled)
Food,0.07060232858442732,0.027017573108525216,0.019049086008268847,0.05921838825330129,deep,oer,F1,10,2019-12-01,2026-07-01,block,-0.6627291320045137,-0.026904273503192355,Food
Alcohol and tobacco,-0.06368278151116516,0.007118256844289259,0.012568694933059166,0.01711924142658484,deep,oer,F1,10,2019-12-01,2026-07-01,block,-0.6627291320045137,-0.026904273503192355,Alcohol and tobacco
Rent,-0.24186368387329465,0.022577728346706613,0.010368054860002708,0.05196340357369177,deep,oer,F1,10,2019-12-01,2026-07-01,block,-0.6627291320045137,-0.026904273503192355,Rent
Owners' housing and lodging,-0.014037129037636039,0.04218754804611366,0.020870629371556034,0.10489920473612457,deep,oer,F1,10,2019-12-01,2026-07-01,block,-0.6627291320045137,-0.026904273503192355,Owners' housing and lodging
Utilities and phone,-0.11846798660713731,0.021385253272727,0.020452941307320067,0.05150397642684194,deep,oer,F1,10,2019-12-01,2026-07-01,block,-0.6627291320045137,-0.026904273503192355,Utilities and phone
Childcare,0.0012266367203975365,0.00838009004994544,0.0018745732802278065,0.019331212248056517,deep,oer,F1,10,2019-12-01,2026-07-01,block,-0.6627291320045137,-0.026904273503192355,Childcare
Everything else,-0.08118000887990316,0.04332478887343481,0.05742166032940881,0.10200909148461021,deep,oer,F1,10,2019-12-01,2026-07-01,block,-0.6627291320045137,-0.026904273503192355,Everything else
Apparel,-0.11003525937828573,0.016630303118399824,0.031101659338588057,0.04165855270455779,deep,oer,F1,10,2019-12-01,2026-07-01,block,-0.6627291320045137,-0.026904273503192355,Apparel
"Vehicles, gas, transport",-0.006359667507099426,0.20681008152287428,0.0704937022624642,0.44880174725142463,deep,oer,F1,10,2019-12-01,2026-07-01,block,-0.6627291320045137,-0.026904273503192355,"Vehicles, gas, transport"
Education,-0.10180599132436734,0.02031274393664304,0.03774413012079734,0.04404975665295684,deep,oer,F1,10,2019-12-01,2026-07-01,block,-0.6627291320045137,-0.026904273503192355,Education
Medical,0.029778684312742654,0.018509859435743785,0.031014537852511542,0.03802204003211589,deep,oer,F1,10,2019-12-01,2026-07-01,block,-0.6627291320045137,-0.026904273503192355,Medical
01,0.03488291549248126,0.023992200142334653,0.011081611703250826,0.045815076474370026,deep,oer,F1,10,2019-12-01,2026-07-01,category,-0.6627291320045137,-0.026904273503192244,Food at home
02,0.03571941309194608,0.01248159542123964,0.015451239370982736,0.032029120583830166,deep,oer,F1,10,2019-12-01,2026-07-01,category,-0.6627291320045137,-0.026904273503192244,Food away from home
03,0.026285413301597643,0.005001482614530189,0.0070698197054265945,0.00925389535850146,deep,oer,F1,10,2019-12-01,2026-07-01,category,-0.6627291320045137,-0.026904273503192244,Alcoholic beverages
07,-0.24186368387329465,0.022577728346706613,0.010368054860002708,0.05196340357369177,deep,oer,F1,10,2019-12-01,2026-07-01,category,-0.6627291320045137,-0.026904273503192244,Rented dwellings
08,-0.03060508690922576,0.0235153620722498,0.004627642793842896,0.0538494479355619,deep,oer,F1,10,2019-12-01,2026-07-01,category,-0.6627291320045137,-0.026904273503192244,Other lodging
09,-0.014808437337525415,0.0130615085599663,0.0068435169119015985,0.02793752361027782,deep,oer,F1,10,2019-12-01,2026-07-01,category,-0.6627291320045137,-0.026904273503192244,Natural gas
10,-0.06477149160100204,0.008106346439188767,0.012578189596507762,0.014663319607674218,deep,oer,F1,10,2019-12-01,2026-07-01,category,-0.6627291320045137,-0.026904273503192244,Electricity
11,-0.026734238582990538,0.012573181651792555,0.0050502623751709575,0.029246671333635964,deep,oer,F1,10,2019-12-01,2026-07-01,category,-0.6627291320045137,-0.026904273503192244,Fuel oil and other fuels
12,-0.012449880969782454,0.008016898931997883,0.016566811464289257,0.020147372276684825,deep,oer,F1,10,2019-12-01,2026-07-01,category,-0.6627291320045137,-0.026904273503192244,Telephone services
13,2.960618841631215e-4,0.003034852847178451,0.0015161479673933623,0.006939952967033042,deep,oer,F1,10,2019-12-01,2026-07-01,category,-0.6627291320045137,-0.026904273503192244,Water and other public services
14C,0.0012266367203975365,0.00838009004994544,0.0018745732802278065,0.019331212248056517,deep,oer,F1,10,2019-12-01,2026-07-01,category,-0.6627291320045137,-0.026904273503192244,Childcare (personal services less elder and adult day care)
14E,-0.012323095371684068,0.0026818119653345593,0.0025414723146408866,0.005728262228211741,deep,oer,F1,10,2019-12-01,2026-07-01,category,-0.6627291320045137,-0.026904273503192244,"Elder, invalid and adult day care"
15,0.07432899737670606,0.01025165347452041,0.021713850250096228,0.022085906535195324,deep,oer,F1,10,2019-12-01,2026-07-01,category,-0.6627291320045137,-0.026904273503192244,Other household expenses
16,0.0039279332941004426,0.00958923803863711,0.0028875559296865634,0.019868589788685064,deep,oer,F1,10,2019-12-01,2026-07-01,category,-0.6627291320045137,-0.026904273503192244,Housekeeping supplies
17,-0.06583558229891841,0.020033252864900694,0.023463727439087916,0.045281264280448645,deep,oer,F1,10,2019-12-01,2026-07-01,category,-0.6627291320045137,-0.026904273503192244,Household furnishings and equipment
18,-0.011929817498288732,0.0072807665280747716,0.01118900334900123,0.015347855343307546,deep,oer,F1,10,2019-12-01,2026-07-01,category,-0.6627291320045137,-0.026904273503192244,Apparel: men and boys
19,-0.035089038196233824,0.011609755664478996,0.023245075077854366,0.027657913778261805,deep,oer,F1,10,2019-12-01,2026-07-01,category,-0.6627291320045137,-0.026904273503192244,Apparel: women and girls
20,-0.03259967794906872,0.0031463313215775958,0.0058761984858543385,0.006941254098645225,deep,oer,F1,10,2019-12-01,2026-07-01,category,-0.6627291320045137,-0.026904273503192244,Apparel: children under 2
21,-0.02308476329418539,0.008454931951586402,0.015987186318914434,0.018288977093078577,deep,oer,F1,10,2019-12-01,2026-07-01,category,-0.6627291320045137,-0.026904273503192244,Footwear
22,-0.007331962440509057,0.0028817073696629013,0.004154500645992054,0.004632488536736716,deep,oer,F1,10,2019-12-01,2026-07-01,category,-0.6627291320045137,-0.026904273503192244,Other apparel products and services
23N,-0.09344322554902815,0.04186266600041203,0.04513452741030722,0.09697360476093546,deep,oer,F1,10,2019-12-01,2026-07-01,category,-0.6627291320045137,-0.026904273503192244,"Cars and trucks, new"
23O,0.01462479501262312,0.015118589870219076,0.009327002208238218,0.027375204881332237,deep,oer,F1,10,2019-12-01,2026-07-01,category,-0.6627291320045137,-0.026904273503192244,Other vehicles
23U,0.008852111828597922,0.19698239335174259,0.03335069065437523,0.3744493679320931,deep,oer,F1,10,2019-12-01,2026-07-01,category,-0.6627291320045137,-0.026904273503192244,"Cars and trucks, used"
24,0.18154550176718148,0.052567001802866824,0.02687773522487237,0.11100854609261095,deep,oer,F1,10,2019-12-01,2026-07-01,category,-0.6627291320045137,-0.026904273503192244,Gasoline and other fuels
25I,-0.059947577737835094,0.026853241391173805,0.009960286823043932,0.06008969932028714,deep,oer,F1,10,2019-12-01,2026-07-01,category,-0.6627291320045137,-0.026904273503192244,Vehicle insurance
25L,-0.0024433487506051524,0.00755899175222039,0.003904156836728439,0.01868211904110864,deep,oer,F1,10,2019-12-01,2026-07-01,category,-0.6627291320045137,-0.026904273503192244,"Vehicle rental, leases, licenses and other charges"
25R,-0.006365046105996816,0.0066849219596731265,0.01195708953566322,0.01421259791314013,deep,oer,F1,10,2019-12-01,2026-07-01,category,-0.6627291320045137,-0.026904273503192244,Vehicle maintenance and repairs
26,-0.049182877972036826,0.024223702360121016,0.008221543043228344,0.057339831570348374,deep,oer,F1,10,2019-12-01,2026-07-01,category,-0.6627291320045137,-0.026904273503192244,Public and other transportation
31,-0.06032003844516304,0.008443559054573559,0.007083199827867637,0.017056427669153933,deep,oer,F1,10,2019-12-01,2026-07-01,category,-0.6627291320045137,-0.026904273503192244,Fees and admissions
32,0.050283391071782486,0.0058423122410010955,0.007971241900220395,0.012138632570896927,deep,oer,F1,10,2019-12-01,2026-07-01,category,-0.6627291320045137,-0.026904273503192244,Audio and visual equipment and services
33,0.01708890102977504,0.012242664765807978,0.007651035961713959,0.02260583385316807,deep,oer,F1,10,2019-12-01,2026-07-01,category,-0.6627291320045137,-0.026904273503192244,"Pets, toys, hobbies, and playground equipment"
34,-0.10360644680864872,0.031493715117822445,0.047610416280610815,0.05937979241688339,deep,oer,F1,10,2019-12-01,2026-07-01,category,-0.6627291320045137,-0.026904273503192244,"Other entertainment supplies, equipment, services"
35,-4.4074925427686556e-4,0.003411092301638936,0.0017458814701230296,0.006259560050800247,deep,oer,F1,10,2019-12-01,2026-07-01,category,-0.6627291320045137,-0.026904273503192244,Personal care products and services
36,0.00712290419417746,0.002218999711247622,0.0029526541556807624,0.005296285160431046,deep,oer,F1,10,2019-12-01,2026-07-01,category,-0.6627291320045137,-0.026904273503192244,Reading
37C,-0.06298698811134901,0.018914274159408738,0.03720016215180869,0.037930058729201126,deep,oer,F1,10,2019-12-01,2026-07-01,category,-0.6627291320045137,-0.026904273503192244,College tuition (incl. prepaid tuition)
37K,-0.008024865230313975,0.004868663142481805,0.0014343463718483672,0.012212371348317232,deep,oer,F1,10,2019-12-01,2026-07-01,category,-0.6627291320045137,-0.026904273503192244,Elementary and high school tuition
37O,-0.029817988340033724,0.005726990902817339,0.006631358948690775,0.011567356365039697,deep,oer,F1,10,2019-12-01,2026-07-01,category,-0.6627291320045137,-0.026904273503192244,"Other education (books, supplies, other schools)"
37V,-9.761496426706387e-4,4.689633456316712e-4,8.569088596388996e-4,0.0010000018992587577,deep,oer,F1,10,2019-12-01,2026-07-01,category,-0.6627291320045137,-0.026904273503192244,Vocational and technical school tuition
38,-0.0899681948127628,0.005058763631780238,0.010459782813724451,0.011454026708016762,deep,oer,F1,10,2019-12-01,2026-07-01,category,-0.6627291320045137,-0.026904273503192244,Tobacco products and smoking supplies
39,0.008593776332246466,0.008719757259399602,0.005760829146076397,0.0186266689623584,deep,oer,F1,10,2019-12-01,2026-07-01,category,-0.6627291320045137,-0.026904273503192244,Miscellaneous
H0,0.01656795787158974,0.03428959049008299,0.020381674960557095,0.08014198235358912,deep,oer,F1,10,2019-12-01,2026-07-01,category,-0.6627291320045137,-0.026904273503192244,Owners' equivalent rent
M0,0.029778684312742654,0.018509859435743785,0.031014537852511542,0.03802204003211589,deep,oer,F1,10,2019-12-01,2026-07-01,category,-0.6627291320045137,-0.026904273503192244,Medical care (pooled)
Food,-0.06730797267687873,0.012693837543235833,0.024066910675761694,0.02579554279472898,deep,oer,F1,10,2014-12-01,2019-12-01,block,-1.0791242551108304,-0.04643608902648211,Food
Alcohol and tobacco,-0.05576841411750916,0.003760830513252465,0.00746433031342179,0.007774551449141633,deep,oer,F1,10,2014-12-01,2019-12-01,block,-1.0791242551108304,-0.04643608902648211,Alcohol and tobacco
Rent,-0.6917063227373501,0.015104725426016026,0.03230650888581611,0.03272649015848657,deep,oer,F1,10,2014-12-01,2019-12-01,block,-1.0791242551108304,-0.04643608902648211,Rent
Owners' housing and lodging,0.0471373225525845,0.01898617324710166,0.039815329142715565,0.040988399958651237,deep,oer,F1,10,2014-12-01,2019-12-01,block,-1.0791242551108304,-0.04643608902648211,Owners' housing and lodging
Utilities and phone,0.015848825783740753,0.012658321307629498,0.014380606269958981,0.02504401470670355,deep,oer,F1,10,2014-12-01,2019-12-01,block,-1.0791242551108304,-0.04643608902648211,Utilities and phone
Childcare,0.07817680111283853,0.004331479023787338,0.005950335024915994,0.0068498762002858,deep,oer,F1,10,2014-12-01,2019-12-01,block,-1.0791242551108304,-0.04643608902648211,Childcare
Everything else,-0.04238596602590226,0.017533482925774894,0.03385134239404221,0.03775286717527872,deep,oer,F1,10,2014-12-01,2019-12-01,block,-1.0791242551108304,-0.04643608902648211,Everything else
Apparel,-0.1060607344161053,0.013423084082770435,0.0243013217588972,0.02765726663818452,deep,oer,F1,10,2014-12-01,2019-12-01,block,-1.0791242551108304,-0.04643608902648211,Apparel
"Vehicles, gas, transport",-0.26035627861492155,0.05034750763187613,0.07717172787272346,0.10905573880791518,deep,oer,F1,10,2014-12-01,2019-12-01,block,-1.0791242551108304,-0.04643608902648211,"Vehicles, gas, transport"
Education,0.06813545011668931,0.008457735812967536,0.010058641794651164,0.016886007316196813,deep,oer,F1,10,2014-12-01,2019-12-01,block,-1.0791242551108304,-0.04643608902648211,Education
Medical,-0.018400877061534218,0.009838353356989047,0.016697507993950398,0.017740765791238018,deep,oer,F1,10,2014-12-01,2019-12-01,block,-1.0791242551108304,-0.04643608902648211,Medical
01,-0.09836031153416876,0.011190748253043592,0.021005957427147476,0.021202088980244175,deep,oer,F1,10,2014-12-01,2019-12-01,category,-1.0791242551108304,-0.04643608902648211,Food at home
02,0.03105233885729003,0.005836827469599271,0.011244257461532386,0.011324675365284323,deep,oer,F1,10,2014-12-01,2019-12-01,category,-1.0791242551108304,-0.04643608902648211,Food away from home
03,0.010726875293156232,0.0016123463734075067,0.0025392482344811364,0.002582229405293786,deep,oer,F1,10,2014-12-01,2019-12-01,category,-1.0791242551108304,-0.04643608902648211,Alcoholic beverages
07,-0.6917063227373501,0.015104725426016026,0.03230650888581611,0.03272649015848657,deep,oer,F1,10,2014-12-01,2019-12-01,category,-1.0791242551108304,-0.04643608902648211,Rented dwellings
08,-0.004635513561925502,0.003759710928427404,0.0022690255717609867,0.007924910128849234,deep,oer,F1,10,2014-12-01,2019-12-01,category,-1.0791242551108304,-0.04643608902648211,Other lodging
09,0.0054070037112855344,0.0070366855088983245,0.004595546649034771,0.011693951894539938,deep,oer,F1,10,2014-12-01,2019-12-01,category,-1.0791242551108304,-0.04643608902648211,Natural gas
10,0.021591436218825633,0.002670160267759792,0.004503349358024548,0.005279589103901054,deep,oer,F1,10,2014-12-01,2019-12-01,category,-1.0791242551108304,-0.04643608902648211,Electricity
11,3.253790127588034e-4,0.007732849766424361,0.003421875006899693,0.011348299533988521,deep,oer,F1,10,2014-12-01,2019-12-01,category,-1.0791242551108304,-0.04643608902648211,Fuel oil and other fuels
12,-0.012381466630980616,0.006464196087976891,0.010871939062523305,0.011077092800910467,deep,oer,F1,10,2014-12-01,2019-12-01,category,-1.0791242551108304,-0.04643608902648211,Telephone services
13,9.06473471851385e-4,0.0019942230535482056,0.0036650966634180675,0.0037160053665910146,deep,oer,F1,10,2014-12-01,2019-12-01,category,-1.0791242551108304,-0.04643608902648211,Water and other public services
14C,0.07817680111283853,0.004331479023787338,0.005950335024915994,0.0068498762002858,deep,oer,F1,10,2014-12-01,2019-12-01,category,-1.0791242551108304,-0.04643608902648211,Childcare (personal services less elder and adult day care)
14E,-0.007521949617683003,0.0010274407546744327,0.0015428468281805715,0.0016453955875574227,deep,oer,F1,10,2014-12-01,2019-12-01,category,-1.0791242551108304,-0.04643608902648211,"Elder, invalid and adult day care"
15,0.009741268171745612,0.0030295845138392616,0.005283850540967302,0.005962152603087247,deep,oer,F1,10,2014-12-01,2019-12-01,category,-1.0791242551108304,-0.04643608902648211,Other household expenses
16,-0.008117430223112414,0.0034673316207795087,0.005352890804703822,0.00705834696052531,deep,oer,F1,10,2014-12-01,2019-12-01,category,-1.0791242551108304,-0.04643608902648211,Housekeeping supplies
17,-0.0470530858911031,0.012910907514172771,0.025954610340947062,0.026627158778101102,deep,oer,F1,10,2014-12-01,2019-12-01,category,-1.0791242551108304,-0.04643608902648211,Household furnishings and equipment
18,-0.04224609993606941,0.005173508563704514,0.008520087601082697,0.009439633725862515,deep,oer,F1,10,2014-12-01,2019-12-01,category,-1.0791242551108304,-0.04643608902648211,Apparel: men and boys
19,-0.02511249313087109,0.01088121329172794,0.02104095542665623,0.021475149938069475,deep,oer,F1,10,2014-12-01,2019-12-01,category,-1.0791242551108304,-0.04643608902648211,Apparel: women and girls
20,-0.016439817933781818,0.0027565017839397735,0.00312002544432388,0.005176971054547301,deep,oer,F1,10,2014-12-01,2019-12-01,category,-1.0791242551108304,-0.04643608902648211,Apparel: children under 2
21,-0.021818367917780475,0.004989338149388636,0.008280993398850614,0.00838651701728667,deep,oer,F1,10,2014-12-01,2019-12-01,category,-1.0791242551108304,-0.04643608902648211,Footwear
22,-4.4395549760250434e-4,0.0018692585724685445,6.050864355524763e-4,0.0035217746693155224,deep,oer,F1,10,2014-12-01,2019-12-01,category,-1.0791242551108304,-0.04643608902648211,Other apparel products and services
23N,-0.08616021249587667,0.020083095305839866,0.04123935193005121,0.04146826444645199,deep,oer,F1,10,2014-12-01,2019-12-01,category,-1.0791242551108304,-0.04643608902648211,"Cars and trucks, new"
23O,0.004453504876605831,0.0028039305590388864,0.0054351647012789335,0.005611918663303189,deep,oer,F1,10,2014-12-01,2019-12-01,category,-1.0791242551108304,-0.04643608902648211,Other vehicles
23U,-0.09664846618595499,0.027599637603839645,0.04816006776779769,0.04857258153439274,deep,oer,F1,10,2014-12-01,2019-12-01,category,-1.0791242551108304,-0.04643608902648211,"Cars and trucks, used"
24,-0.04590562459833333,0.022817750297697167,0.005336024729379633,0.04217619673385706,deep,oer,F1,10,2014-12-01,2019-12-01,category,-1.0791242551108304,-0.04643608902648211,Gasoline and other fuels
25I,-0.021954935540065737,0.02624312815468216,0.04246357788796185,0.054572702562825516,deep,oer,F1,10,2014-12-01,2019-12-01,category,-1.0791242551108304,-0.04643608902648211,Vehicle insurance
25L,-0.006475677801801344,0.00414582496213846,0.0036190574481145734,0.007137028505815817,deep,oer,F1,10,2014-12-01,2019-12-01,category,-1.0791242551108304,-0.04643608902648211,"Vehicle rental, leases, licenses and other charges"
25R,-0.003327525495611594,0.003942109182582065,0.003153316246397994,0.006079794418880259,deep,oer,F1,10,2014-12-01,2019-12-01,category,-1.0791242551108304,-0.04643608902648211,Vehicle maintenance and repairs
26,-0.004337341373883794,0.005385647739660827,0.010975567815496965,0.011109699580155114,deep,oer,F1,10,2014-12-01,2019-12-01,category,-1.0791242551108304,-0.04643608902648211,Public and other transportation
31,0.03062017852864048,0.002518642408616241,0.004074062575005006,0.004473324912886844,deep,oer,F1,10,2014-12-01,2019-12-01,category,-1.0791242551108304,-0.04643608902648211,Fees and admissions
32,0.008177093505163862,0.0020318190689480125,0.0019715369752060924,0.0036272304674769378,deep,oer,F1,10,2014-12-01,2019-12-01,category,-1.0791242551108304,-0.04643608902648211,Audio and visual equipment and services
33,0.0017663380619242983,0.007781672465867522,0.015613812284817334,0.016180589117002802,deep,oer,F1,10,2014-12-01,2019-12-01,category,-1.0791242551108304,-0.04643608902648211,"Pets, toys, hobbies, and playground equipment"
34,-0.029960979767770984,0.007001502110604692,0.013272973532392795,0.01401676646881215,deep,oer,F1,10,2014-12-01,2019-12-01,category,-1.0791242551108304,-0.04643608902648211,"Other entertainment supplies, equipment, services"
35,-0.0021363443408488345,0.0016387053800525472,0.002575123718249136,0.003275259631308606,deep,oer,F1,10,2014-12-01,2019-12-01,category,-1.0791242551108304,-0.04643608902648211,Personal care products and services
36,-9.48842912248539e-4,0.0010513840400168356,2.0368247406050172e-4,0.002046408005720318,deep,oer,F1,10,2014-12-01,2019-12-01,category,-1.0791242551108304,-0.04643608902648211,Reading
37C,0.006566653854454704,0.006841247950033795,0.008281469234603874,0.010713085805917033,deep,oer,F1,10,2014-12-01,2019-12-01,category,-1.0791242551108304,-0.04643608902648211,College tuition (incl. prepaid tuition)
37K,0.06238754488695226,0.0027107552254234304,0.0056752357295153846,0.005764909406479308,deep,oer,F1,10,2014-12-01,2019-12-01,category,-1.0791242551108304,-0.04643608902648211,Elementary and high school tuition
37O,-4.645946018622567e-4,0.004229051778226041,9.169730857192688e-4,0.008777904901240228,deep,oer,F1,10,2014-12-01,2019-12-01,category,-1.0791242551108304,-0.04643608902648211,"Other education (books, supplies, other schools)"
37V,-3.5415402285540585e-4,6.311353577427159e-5,4.185620730583106e-5,1.0796646060301342e-4,deep,oer,F1,10,2014-12-01,2019-12-01,category,-1.0791242551108304,-0.04643608902648211,Vocational and technical school tuition
38,-0.06649528941066539,0.0034067018444124747,0.0070369621737568465,0.007072873529872656,deep,oer,F1,10,2014-12-01,2019-12-01,category,-1.0791242551108304,-0.04643608902648211,Tobacco products and smoking supplies
39,0.0030477884593903635,0.0017692259403536545,7.569845522998854e-4,0.0038796640903406747,deep,oer,F1,10,2014-12-01,2019-12-01,category,-1.0791242551108304,-0.04643608902648211,Miscellaneous
H0,0.05177283611451,0.018603020584626314,0.039618191504416346,0.03994249665951572,deep,oer,F1,10,2014-12-01,2019-12-01,category,-1.0791242551108304,-0.04643608902648211,Owners' equivalent rent
M0,-0.018400877061534218,0.009838353356989047,0.016697507993950398,0.017740765791238018,deep,oer,F1,10,2014-12-01,2019-12-01,category,-1.0791242551108304,-0.04643608902648211,Medical care (pooled)
Food,0.06438444292734709,0.022257348637460827,0.018007380388706945,0.02721007774048562,deep,oer,F1,10,2020-12-01,2022-12-01,block,0.27312113389026393,0.0456952475372055,Food
Alcohol and tobacco,0.017955100331226492,0.00453834272583236,0.004818845009629681,0.005107060977159851,deep,oer,F1,10,2020-12-01,2022-12-01,block,0.27312113389026393,0.0456952475372055,Alcohol and tobacco
Rent,0.13525461061364558,0.016726230310786686,0.006988497939151528,0.0228602614382555,deep,oer,F1,10,2020-12-01,2022-12-01,block,0.27312113389026393,0.0456952475372055,Rent
Owners' housing and lodging,-6.482934323876004e-4,0.026792397581055456,0.016549854378642984,0.03472492560038217,deep,oer,F1,10,2020-12-01,2022-12-01,block,0.27312113389026393,0.0456952475372055,Owners' housing and lodging
Utilities and phone,-0.09103500628898784,0.01459765399585647,0.01870644595863391,0.02040360156962731,deep,oer,F1,10,2020-12-01,2022-12-01,block,0.27312113389026393,0.0456952475372055,Utilities and phone
Childcare,-0.08931456832628658,0.005402719055796463,0.006162866790367398,0.006405781534683073,deep,oer,F1,10,2020-12-01,2022-12-01,block,0.27312113389026393,0.0456952475372055,Childcare
Everything else,0.08158400936984049,0.023819383046562108,0.023134537546373516,0.0330067620729467,deep,oer,F1,10,2020-12-01,2022-12-01,block,0.27312113389026393,0.0456952475372055,Everything else
Apparel,-0.027858923749025665,0.009791801876718954,0.011665578799146932,0.013255163464177832,deep,oer,F1,10,2020-12-01,2022-12-01,block,0.27312113389026393,0.0456952475372055,Apparel
"Vehicles, gas, transport",0.20557018323039394,0.18487801072156942,0.0592741801952251,0.2576054691484167,deep,oer,F1,10,2020-12-01,2022-12-01,block,0.27312113389026393,0.0456952475372055,"Vehicles, gas, transport"
Education,-0.09914296446829751,0.017924013886139623,0.024346694324453796,0.02507590605260642,deep,oer,F1,10,2020-12-01,2022-12-01,block,0.27312113389026393,0.0456952475372055,Education
Medical,0.030677296145590074,0.015254914448267341,0.020297075848694647,0.020404000895772597,deep,oer,F1,10,2020-12-01,2022-12-01,block,0.27312113389026393,0.0456952475372055,Medical
01,0.06135227344233017,0.021260799396152125,0.017869321074912306,0.024483968543537203,deep,oer,F1,10,2020-12-01,2022-12-01,category,0.27312113389026393,0.0456952475372055,Food at home
02,0.0030321694850169167,0.006677717626098793,0.0013128222685953896,0.009440141029484896,deep,oer,F1,10,2020-12-01,2022-12-01,category,0.27312113389026393,0.0456952475372055,Food away from home
03,0.019699206953203843,0.004448891298151097,0.004806144878540741,0.004827867147198972,deep,oer,F1,10,2020-12-01,2022-12-01,category,0.27312113389026393,0.0456952475372055,Alcoholic beverages
07,0.13525461061364558,0.016726230310786686,0.006988497939151528,0.0228602614382555,deep,oer,F1,10,2020-12-01,2022-12-01,category,0.27312113389026393,0.0456952475372055,Rented dwellings
08,0.00725677936101321,0.014717551778904164,0.008652944868440659,0.019401848654886096,deep,oer,F1,10,2020-12-01,2022-12-01,category,0.27312113389026393,0.0456952475372055,Other lodging
09,-0.03176659465039727,0.008280877699830548,0.011587701213613187,0.011662741687792001,deep,oer,F1,10,2020-12-01,2022-12-01,category,0.27312113389026393,0.0456952475372055,Natural gas
10,-0.028415598667014545,0.006661698092996054,0.005768522930174965,0.007500381917166119,deep,oer,F1,10,2020-12-01,2022-12-01,category,0.27312113389026393,0.0456952475372055,Electricity
11,-0.02987115753558236,0.0087558432231047,0.012216131851917307,0.012290664004898895,deep,oer,F1,10,2020-12-01,2022-12-01,category,0.27312113389026393,0.0456952475372055,Fuel oil and other fuels
12,-0.0059758406722384,0.0052378240454767095,0.007233043692485203,0.00731497177875767,deep,oer,F1,10,2020-12-01,2022-12-01,category,0.27312113389026393,0.0456952475372055,Telephone services
13,0.004994185236244726,0.002199376494160704,0.0027051182726863447,0.002720585953649681,deep,oer,F1,10,2020-12-01,2022-12-01,category,0.27312113389026393,0.0456952475372055,Water and other public services
14C,-0.08931456832628658,0.005402719055796463,0.006162866790367398,0.006405781534683073,deep,oer,F1,10,2020-12-01,2022-12-01,category,0.27312113389026393,0.0456952475372055,Childcare (personal services less elder and adult day care)
14E,0.00583458586457823,0.0014844138660871618,0.001643960821116184,0.0016886259384527049,deep,oer,F1,10,2020-12-01,2022-12-01,category,0.27312113389026393,0.0456952475372055,"Elder, invalid and adult day care"
15,0.037973007918021516,0.008405731386478075,0.01047283442908424,0.010575064427675638,deep,oer,F1,10,2020-12-01,2022-12-01,category,0.27312113389026393,0.0456952475372055,Other household expenses
16,0.006774493294335257,0.008417700019449689,0.003742140061616163,0.011563770879202045,deep,oer,F1,10,2020-12-01,2022-12-01,category,0.27312113389026393,0.0456952475372055,Housekeeping supplies
17,0.0044311887310068705,0.004629035915304831,0.002072481720125149,0.006298739742594973,deep,oer,F1,10,2020-12-01,2022-12-01,category,0.27312113389026393,0.0456952475372055,Household furnishings and equipment
18,-0.003078030159311864,0.004888935424019515,0.0047641616152651455,0.0050671509301065424,deep,oer,F1,10,2020-12-01,2022-12-01,category,0.27312113389026393,0.0456952475372055,Apparel: men and boys
19,-0.009703013108394228,0.0047294723325046585,0.0063403771270077215,0.006403145598726963,deep,oer,F1,10,2020-12-01,2022-12-01,category,0.27312113389026393,0.0456952475372055,Apparel: women and girls
20,-0.004158396448110993,8.839336484872521e-4,0.0011939177804363443,0.001210537349452707,deep,oer,F1,10,2020-12-01,2022-12-01,category,0.27312113389026393,0.0456952475372055,Apparel: children under 2
21,-0.011285779768350355,0.007019410893749445,0.008543893226323753,0.008628578225699563,deep,oer,F1,10,2020-12-01,2022-12-01,category,0.27312113389026393,0.0456952475372055,Footwear
22,3.6629573514177627e-4,1.603345077799985e-4,1.780472962768783e-4,2.0176148021752791e-4,deep,oer,F1,10,2020-12-01,2022-12-01,category,0.27312113389026393,0.0456952475372055,Other apparel products and services
23N,0.024010817237530135,0.02305534116754433,0.020661995844438227,0.025374221916815716,deep,oer,F1,10,2020-12-01,2022-12-01,category,0.27312113389026393,0.0456952475372055,"Cars and trucks, new"
23O,0.013498946937915118,0.014526236992412612,0.0066739611929328415,0.019799870848546727,deep,oer,F1,10,2020-12-01,2022-12-01,category,0.27312113389026393,0.0456952475372055,Other vehicles
23U,0.01743156113995692,0.1861914871732044,0.05806372630047193,0.25867603905748987,deep,oer,F1,10,2020-12-01,2022-12-01,category,0.27312113389026393,0.0456952475372055,"Cars and trucks, used"
24,0.1438867369032106,0.03194081404638739,0.023043475402144693,0.039093844359787855,deep,oer,F1,10,2020-12-01,2022-12-01,category,0.27312113389026393,0.0456952475372055,Gasoline and other fuels
25I,-9.015671554885869e-4,0.007730370393002345,0.004752462467527419,0.0099286592685171,deep,oer,F1,10,2020-12-01,2022-12-01,category,0.27312113389026393,0.0456952475372055,Vehicle insurance
25L,0.011120463308124027,0.0035749308923286377,0.004978857504524459,0.004995154109966461,deep,oer,F1,10,2020-12-01,2022-12-01,category,0.27312113389026393,0.0456952475372055,"Vehicle rental, leases, licenses and other charges"
25R,-0.00182920352903103,0.005412424924060146,0.004323724448338293,0.0063597124804085385,deep,oer,F1,10,2020-12-01,2022-12-01,category,0.27312113389026393,0.0456952475372055,Vehicle maintenance and repairs
26,-0.0016475716118233474,0.008535620678121797,0.00369280582131841,0.01151529177172535,deep,oer,F1,10,2020-12-01,2022-12-01,category,0.27312113389026393,0.0456952475372055,Public and other transportation
31,-0.04756396275011592,0.005853120269217291,0.006181811902846879,0.006332599419302261,deep,oer,F1,10,2020-12-01,2022-12-01,category,0.27312113389026393,0.0456952475372055,Fees and admissions
32,0.04640293364642187,0.005293735690678438,0.007419195046477026,0.007485041635432274,deep,oer,F1,10,2020-12-01,2022-12-01,category,0.27312113389026393,0.0456952475372055,Audio and visual equipment and services
33,0.018719089607935308,0.011472645990997721,0.00749397455081472,0.015608299747132508,deep,oer,F1,10,2020-12-01,2022-12-01,category,0.27312113389026393,0.0456952475372055,"Pets, toys, hobbies, and playground equipment"
34,-0.0030214301857097816,0.013305755662145596,0.014716896356115004,0.015503146303427738,deep,oer,F1,10,2020-12-01,2022-12-01,category,0.27312113389026393,0.0456952475372055,"Other entertainment supplies, equipment, services"
35,-1.7839513395936278e-4,0.003107603357076658,0.0025475461273793522,0.003590653753549972,deep,oer,F1,10,2020-12-01,2022-12-01,category,0.27312113389026393,0.0456952475372055,Personal care products and services
36,0.006251145515098715,0.0016217630624065474,0.002046954888814996,0.0020573925737539843,deep,oer,F1,10,2020-12-01,2022-12-01,category,0.27312113389026393,0.0456952475372055,Reading
37C,-0.03797608692708684,0.01718487023722916,0.02355706176185979,0.024102135754981616,deep,oer,F1,10,2020-12-01,2022-12-01,category,0.27312113389026393,0.0456952475372055,College tuition (incl. prepaid tuition)
37K,-0.04641433700921013,0.0035726002061442007,0.0049145485000277964,0.004987956399451082,deep,oer,F1,10,2020-12-01,2022-12-01,category,0.27312113389026393,0.0456952475372055,Elementary and high school tuition
37O,-0.013399623358332838,0.0038545982098962647,0.00420936269804655,0.004231271470687383,deep,oer,F1,10,2020-12-01,2022-12-01,category,0.27312113389026393,0.0456952475372055,"Other education (books, supplies, other schools)"
37V,-0.0013529171736676973,3.139834592124033e-4,4.0065899262501975e-4,4.4374687489656043e-4,deep,oer,F1,10,2020-12-01,2022-12-01,category,0.27312113389026393,0.0456952475372055,Vocational and technical school tuition
38,-0.0017441066219773481,8.362619794974052e-4,3.031148173526426e-4,0.0011531047863505368,deep,oer,F1,10,2020-12-01,2022-12-01,category,0.27312113389026393,0.0456952475372055,Tobacco products and smoking supplies
39,0.005961352862227819,0.0045677083955827525,0.0048995904593303235,0.004970180140158655,deep,oer,F1,10,2020-12-01,2022-12-01,category,0.27312113389026393,0.0456952475372055,Miscellaneous
H0,-0.00790507279340081,0.02189977716547986,0.0138147405532376,0.02810313366839247,deep,oer,F1,10,2020-12-01,2022-12-01,category,0.27312113389026393,0.0456952475372055,Owners' equivalent rent
M0,0.030677296145590074,0.015254914448267341,0.020297075848694647,0.020404000895772597,deep,oer,F1,10,2020-12-01,2022-12-01,category,0.27312113389026393,0.0456952475372055,Medical care (pooled)
Food,-0.010505755572931215,0.008334048549782218,0.011238711206097193,0.011312615364106203,deep,oer,F1,10,2022-12-01,2024-12-01,block,-0.672627340319143,-0.013092266659928242,Food
Alcohol and tobacco,-0.030302757150104647,0.003190990173483879,0.004472749307741955,0.004509665400879272,deep,oer,F1,10,2022-12-01,2024-12-01,block,-0.672627340319143,-0.013092266659928242,Alcohol and tobacco
Rent,-0.37009162222340497,0.011161648772533419,0.014911080572263018,0.015005651674858927,deep,oer,F1,10,2022-12-01,2024-12-01,block,-0.672627340319143,-0.013092266659928242,Rent
Owners' housing and lodging,0.013410606164983737,0.020553871600799373,0.0283611354038275,0.028600385491182285,deep,oer,F1,10,2022-12-01,2024-12-01,block,-0.672627340319143,-0.013092266659928242,Owners' housing and lodging
Utilities and phone,0.010176410612256517,0.010699776624932671,0.011691583026902971,0.013162923443721075,deep,oer,F1,10,2022-12-01,2024-12-01,block,-0.672627340319143,-0.013092266659928242,Utilities and phone
Childcare,0.0631265956665641,0.004034704281189839,0.005075071524224533,0.005122550386927023,deep,oer,F1,10,2022-12-01,2024-12-01,block,-0.672627340319143,-0.013092266659928242,Childcare
Everything else,-0.12298280859719384,0.028625461118784782,0.03713303228159129,0.03913872745977891,deep,oer,F1,10,2022-12-01,2024-12-01,block,-0.672627340319143,-0.013092266659928242,Everything else
Apparel,-0.029665999035297038,0.004822285805230424,0.0065655192227840765,0.006808122401317245,deep,oer,F1,10,2022-12-01,2024-12-01,block,-0.672627340319143,-0.013092266659928242,Apparel
"Vehicles, gas, transport",-0.19902874333220347,0.044568335434059546,0.061625259453564486,0.06302283871966541,deep,oer,F1,10,2022-12-01,2024-12-01,block,-0.672627340319143,-0.013092266659928242,"Vehicles, gas, transport"
Education,0.013500557142530682,0.005065339499593562,0.004581133986098057,0.006902525812125657,deep,oer,F1,10,2022-12-01,2024-12-01,block,-0.672627340319143,-0.013092266659928242,Education
Medical,0.0028284426655854453,0.006543661403923453,0.006374463877637522,0.006731321639715762,deep,oer,F1,10,2022-12-01,2024-12-01,block,-0.672627340319143,-0.013092266659928242,Medical
01,-0.025092607280511346,0.006287657767713495,0.008514479083949977,0.008573196968443678,deep,oer,F1,10,2022-12-01,2024-12-01,category,-0.672627340319143,-0.013092266659928353,Food at home
02,0.014586851707580131,0.005330893793615374,0.007081602383196452,0.007137151367415525,deep,oer,F1,10,2022-12-01,2024-12-01,category,-0.672627340319143,-0.013092266659928353,Food away from home
03,0.006203499528281075,9.151672264984172e-4,0.001253731645632901,0.001262918607767196,deep,oer,F1,10,2022-12-01,2024-12-01,category,-0.672627340319143,-0.013092266659928353,Alcoholic beverages
07,-0.37009162222340497,0.011161648772533419,0.014911080572263018,0.015005651674858927,deep,oer,F1,10,2022-12-01,2024-12-01,category,-0.672627340319143,-0.013092266659928353,Rented dwellings
08,-0.016079106490200112,0.003559014541090109,0.0038504017505019954,0.003865938724130646,deep,oer,F1,10,2022-12-01,2024-12-01,category,-0.672627340319143,-0.013092266659928353,Other lodging
09,0.01623567061255039,0.007837597950050082,0.007040615389276345,0.008564448716654304,deep,oer,F1,10,2022-12-01,2024-12-01,category,-0.672627340319143,-0.013092266659928353,Natural gas
10,-8.106621567021288e-4,1.6917904466794479e-4,1.9910038602793365e-4,2.19038291292306e-4,deep,oer,F1,10,2022-12-01,2024-12-01,category,-0.672627340319143,-0.013092266659928353,Electricity
11,0.001547374331440133,0.00616260005590515,0.007807577372801584,0.007860266217939484,deep,oer,F1,10,2022-12-01,2024-12-01,category,-0.672627340319143,-0.013092266659928353,Fuel oil and other fuels
12,-0.005225890943488262,0.0031743026238957974,0.004349090193227175,0.004376186319575548,deep,oer,F1,10,2022-12-01,2024-12-01,category,-0.672627340319143,-0.013092266659928353,Telephone services
13,-0.0015700812315436168,0.0012976502382677196,0.0018171331746547963,0.0018215106628993246,deep,oer,F1,10,2022-12-01,2024-12-01,category,-0.672627340319143,-0.013092266659928353,Water and other public services
14C,0.0631265956665641,0.004034704281189839,0.005075071524224533,0.005122550386927023,deep,oer,F1,10,2022-12-01,2024-12-01,category,-0.672627340319143,-0.013092266659928353,Childcare (personal services less elder and adult day care)
14E,-0.005617348156290945,0.0011525027333704311,0.0013004360867296288,0.0013017690428143965,deep,oer,F1,10,2022-12-01,2024-12-01,category,-0.672627340319143,-0.013092266659928353,"Elder, invalid and adult day care"
15,0.014388587233532868,0.0037013945328020774,0.005021188439072512,0.005084437081534439,deep,oer,F1,10,2022-12-01,2024-12-01,category,-0.672627340319143,-0.013092266659928353,Other household expenses
16,6.877140703087113e-4,0.0013613073044529875,0.0016887297289643725,0.001709682989602515,deep,oer,F1,10,2022-12-01,2024-12-01,category,-0.672627340319143,-0.013092266659928353,Housekeeping supplies
17,-0.06493217747002426,0.014716238644180236,0.020435185496890742,0.020800183222139217,deep,oer,F1,10,2022-12-01,2024-12-01,category,-0.672627340319143,-0.013092266659928353,Household furnishings and equipment
18,-0.0035719029152385903,0.0015690099234834897,0.0016369056926569612,0.0016623924115390187,deep,oer,F1,10,2022-12-01,2024-12-01,category,-0.672627340319143,-0.013092266659928353,Apparel: men and boys
19,-0.01356001263541845,0.003590048826612948,0.005053052167754773,0.00505831881371304,deep,oer,F1,10,2022-12-01,2024-12-01,category,-0.672627340319143,-0.013092266659928353,Apparel: women and girls
20,-0.006926728808356104,9.632456682756446e-4,0.0013022861940933583,0.0013165627731187108,deep,oer,F1,10,2022-12-01,2024-12-01,category,-0.672627340319143,-0.013092266659928353,Apparel: children under 2
21,-0.00509065423849627,0.002605432949239499,0.0035985617149120012,0.003665472764033933,deep,oer,F1,10,2022-12-01,2024-12-01,category,-0.672627340319143,-0.013092266659928353,Footwear
22,-5.167004377876236e-4,3.968274251019842e-4,4.551686234564275e-4,4.7485320357513463e-4,deep,oer,F1,10,2022-12-01,2024-12-01,category,-0.672627340319143,-0.013092266659928353,Other apparel products and services
23N,-0.06722647577239999,0.0224381071125327,0.0313960025447463,0.031522226450496786,deep,oer,F1,10,2022-12-01,2024-12-01,category,-0.672627340319143,-0.013092266659928353,"Cars and trucks, new"
23O,-8.496243845362175e-4,0.0020997788008629984,0.0028169967199661934,0.002857759032641436,deep,oer,F1,10,2022-12-01,2024-12-01,category,-0.672627340319143,-0.013092266659928353,Other vehicles
23U,-0.018189180257049062,0.03368662024964608,0.04739474968124118,0.047575967346726825,deep,oer,F1,10,2022-12-01,2024-12-01,category,-0.672627340319143,-0.013092266659928353,"Cars and trucks, used"
24,-0.051617658418721575,0.008614355825226391,0.012024515243750852,0.012100901845986618,deep,oer,F1,10,2022-12-01,2024-12-01,category,-0.672627340319143,-0.013092266659928353,Gasoline and other fuels
25I,-0.05719870075610148,0.016192052049106134,0.02200941598726314,0.022127007714638318,deep,oer,F1,10,2022-12-01,2024-12-01,category,-0.672627340319143,-0.013092266659928353,Vehicle insurance
25L,-0.0034833922504528547,0.0029288943943178666,0.0036398803961975837,0.003643339766277365,deep,oer,F1,10,2022-12-01,2024-12-01,category,-0.672627340319143,-0.013092266659928353,"Vehicle rental, leases, licenses and other charges"
25R,-0.003019961313828221,0.002490698047256662,0.0033690425810593227,0.0033771759624261666,deep,oer,F1,10,2022-12-01,2024-12-01,category,-0.672627340319143,-0.013092266659928353,Vehicle maintenance and repairs
26,0.0025562498208859157,0.007617991688934885,0.004498391405226415,0.009829736917498479,deep,oer,F1,10,2022-12-01,2024-12-01,category,-0.672627340319143,-0.013092266659928353,Public and other transportation
31,0.01564967389183533,0.0035218518378785247,0.003512809221260852,0.0036541160051862414,deep,oer,F1,10,2022-12-01,2024-12-01,category,-0.672627340319143,-0.013092266659928353,Fees and admissions
32,0.007603227158602411,0.0014482332182713855,0.0016538912904072928,0.0016840223447611464,deep,oer,F1,10,2022-12-01,2024-12-01,category,-0.672627340319143,-0.013092266659928353,Audio and visual equipment and services
33,-0.001566662841424769,0.0022609485667835147,0.0025976736201903227,0.0026174069992414015,deep,oer,F1,10,2022-12-01,2024-12-01,category,-0.672627340319143,-0.013092266659928353,"Pets, toys, hobbies, and playground equipment"
34,-0.08304841906056631,0.024215686803340835,0.031211665220366103,0.0319513511718969,deep,oer,F1,10,2022-12-01,2024-12-01,category,-0.672627340319143,-0.013092266659928353,"Other entertainment supplies, equipment, services"
35,3.47767162633074e-4,2.842583762805964e-4,1.1619425111459658e-4,3.9066409974976757e-4,deep,oer,F1,10,2022-12-01,2024-12-01,category,-0.672627340319143,-0.013092266659928353,Personal care products and services
36,0.0028523804625247605,8.69511748145872e-4,0.001188186455912745,0.0012008719874827892,deep,oer,F1,10,2022-12-01,2024-12-01,category,-0.672627340319143,-0.013092266659928353,Reading
37C,-0.007708718485280647,0.00318728722211699,0.003542543651846461,0.0035629566771971538,deep,oer,F1,10,2022-12-01,2024-12-01,category,-0.672627340319143,-0.013092266659928353,College tuition (incl. prepaid tuition)
37K,0.024871943423461135,0.0019242578456342132,0.0027154632093291473,0.002721301976639565,deep,oer,F1,10,2022-12-01,2024-12-01,category,-0.672627340319143,-0.013092266659928353,Elementary and high school tuition
37O,-0.0034449134124245,0.0034320519180285006,9.114095994463909e-4,0.004802400489962619,deep,oer,F1,10,2022-12-01,2024-12-01,category,-0.672627340319143,-0.013092266659928353,"Other education (books, supplies, other schools)"
37V,-2.1775438322530968e-4,9.446097105189204e-5,1.184084308353354e-4,1.248543127390938e-4,deep,oer,F1,10,2022-12-01,2024-12-01,category,-0.672627340319143,-0.013092266659928353,Vocational and technical school tuition
38,-0.03650625667838572,0.0030641258082426685,0.004304175026867399,0.004332182758236913,deep,oer,F1,10,2022-12-01,2024-12-01,category,-0.672627340319143,-0.013092266659928353,Tobacco products and smoking supplies
39,-0.009347551048324692,0.0052007621117204274,0.004299451728874336,0.006040257112092172,deep,oer,F1,10,2022-12-01,2024-12-01,category,-0.672627340319143,-0.013092266659928353,Miscellaneous
H0,0.029489712655183846,0.02016206169517842,0.027952629785401018,0.0281139955558237,deep,oer,F1,10,2022-12-01,2024-12-01,category,-0.672627340319143,-0.013092266659928353,Owners' equivalent rent
M0,0.0028284426655854453,0.006543661403923453,0.006374463877637522,0.006731321639715762,deep,oer,F1,10,2022-12-01,2024-12-01,category,-0.672627340319143,-0.013092266659928353,Medical care (pooled)
Food,0.06262812771584922,0.029487103629045136,0.021016439057859968,0.06455080494570473,deep,oer,K1,10,2019-12-01,2026-07-01,block,-0.7397592203519432,-0.03994364876600842,Food
Alcohol and tobacco,-0.06408735406779108,0.00775253253292857,0.013403944501003415,0.018474296174848196,deep,oer,K1,10,2019-12-01,2026-07-01,block,-0.7397592203519432,-0.03994364876600842,Alcohol and tobacco
Rent,-0.22162950635572953,0.025176392239668142,0.012133841060652566,0.057513092348347915,deep,oer,K1,10,2019-12-01,2026-07-01,block,-0.7397592203519432,-0.03994364876600842,Rent
Owners' housing and lodging,-0.009099497528340366,0.04583983045505387,0.024752387098752462,0.11390283880207361,deep,oer,K1,10,2019-12-01,2026-07-01,block,-0.7397592203519432,-0.03994364876600842,Owners' housing and lodging
Utilities and phone,-0.0711621564584045,0.022896865653420785,0.021863076345604793,0.05527384017661607,deep,oer,K1,10,2019-12-01,2026-07-01,block,-0.7397592203519432,-0.03994364876600842,Utilities and phone
Childcare,0.001538544261033524,0.011683325140614521,0.0019862476087276243,0.02700264208477768,deep,oer,K1,10,2019-12-01,2026-07-01,block,-0.7397592203519432,-0.03994364876600842,Childcare
Everything else,-0.15058189671177957,0.05073391718247334,0.0692655341480529,0.11508533452050981,deep,oer,K1,10,2019-12-01,2026-07-01,block,-0.7397592203519432,-0.03994364876600842,Everything else
Apparel,-0.13758618981100315,0.017946041444893222,0.03404922299046653,0.04560985217456892,deep,oer,K1,10,2019-12-01,2026-07-01,block,-0.7397592203519432,-0.03994364876600842,Apparel
"Vehicles, gas, transport",-0.1667608554129282,0.23366913850045024,0.08108759137173759,0.5052291862978505,deep,oer,K1,10,2019-12-01,2026-07-01,block,-0.7397592203519432,-0.03994364876600842,"Vehicles, gas, transport"
Education,-0.011116575182034166,0.01941030667169638,0.03375605364601173,0.042918202207006734,deep,oer,K1,10,2019-12-01,2026-07-01,block,-0.7397592203519432,-0.03994364876600842,Education
Medical,0.06804178796519297,0.020554517651697794,0.03476108074705641,0.042255089985081186,deep,oer,K1,10,2019-12-01,2026-07-01,block,-0.7397592203519432,-0.03994364876600842,Medical
01,0.03186716530538934,0.02627717309012285,0.011589598877265399,0.050442752939374474,deep,oer,K1,10,2019-12-01,2026-07-01,category,-0.7397592203519432,-0.03994364876600831,Food at home
02,0.030760962410459895,0.013495565208485862,0.01756319109397273,0.03459690803787182,deep,oer,K1,10,2019-12-01,2026-07-01,category,-0.7397592203519432,-0.03994364876600831,Food away from home
03,0.030311815522449673,0.005625995414531463,0.007791621025942112,0.01025045212638748,deep,oer,K1,10,2019-12-01,2026-07-01,category,-0.7397592203519432,-0.03994364876600831,Alcoholic beverages
07,-0.22162950635572953,0.025176392239668142,0.012133841060652566,0.057513092348347915,deep,oer,K1,10,2019-12-01,2026-07-01,category,-0.7397592203519432,-0.03994364876600831,Rented dwellings
08,-0.025194214492315386,0.02418206746605177,0.00581224994967404,0.055623976183596664,deep,oer,K1,10,2019-12-01,2026-07-01,category,-0.7397592203519432,-0.03994364876600831,Other lodging
09,-0.007569470786723609,0.013549159778541797,0.007684324846184233,0.029237990705549957,deep,oer,K1,10,2019-12-01,2026-07-01,category,-0.7397592203519432,-0.03994364876600831,Natural gas
10,-0.060784353755933926,0.00860306012802398,0.013412573307430557,0.015581848380331036,deep,oer,K1,10,2019-12-01,2026-07-01,category,-0.7397592203519432,-0.03994364876600831,Electricity
11,-0.018105772584143687,0.013940223429628338,0.005013604736001447,0.032291639756040345,deep,oer,K1,10,2019-12-01,2026-07-01,category,-0.7397592203519432,-0.03994364876600831,Fuel oil and other fuels
12,0.016166126379330195,0.008607406955268937,0.0179111579964457,0.021595786040009304,deep,oer,K1,10,2019-12-01,2026-07-01,category,-0.7397592203519432,-0.03994364876600831,Telephone services
13,-8.686857109334669e-4,0.003167515478005762,0.0017175318215056441,0.007284587300217263,deep,oer,K1,10,2019-12-01,2026-07-01,category,-0.7397592203519432,-0.03994364876600831,Water and other public services
14C,0.001538544261033524,0.011683325140614521,0.0019862476087276243,0.02700264208477768,deep,oer,K1,10,2019-12-01,2026-07-01,category,-0.7397592203519432,-0.03994364876600831,Childcare (personal services less elder and adult day care)
14E,-0.011129837623195705,0.0024065466305940027,0.0024267803910918632,0.005049938476373956,deep,oer,K1,10,2019-12-01,2026-07-01,category,-0.7397592203519432,-0.03994364876600831,"Elder, invalid and adult day care"
15,0.05789414496173304,0.011395178710047228,0.024359688943404706,0.02476667351421086,deep,oer,K1,10,2019-12-01,2026-07-01,category,-0.7397592203519432,-0.03994364876600831,Other household expenses
16,-0.0040512978797170515,0.008961358449267662,0.0010697896649518722,0.019446295490904267,deep,oer,K1,10,2019-12-01,2026-07-01,category,-0.7397592203519432,-0.03994364876600831,Housekeeping supplies
17,-0.06555701864822375,0.02201326190109199,0.025657109739319457,0.048939371573321545,deep,oer,K1,10,2019-12-01,2026-07-01,category,-0.7397592203519432,-0.03994364876600831,Household furnishings and equipment
18,-0.018723359212320715,0.007820407330609267,0.012226044260252705,0.016510500402142136,deep,oer,K1,10,2019-12-01,2026-07-01,category,-0.7397592203519432,-0.03994364876600831,Apparel: men and boys
19,-0.040618389316198315,0.01285815346394225,0.025759651326458587,0.03092819973591309,deep,oer,K1,10,2019-12-01,2026-07-01,category,-0.7397592203519432,-0.03994364876600831,Apparel: women and girls
20,-0.046617901399458817,0.004059293541400023,0.007607182995923546,0.008986987594455266,deep,oer,K1,10,2019-12-01,2026-07-01,category,-0.7397592203519432,-0.03994364876600831,Apparel: children under 2
21,-0.02483168729680347,0.008175270074784689,0.016332201840909825,0.018686508026653694,deep,oer,K1,10,2019-12-01,2026-07-01,category,-0.7397592203519432,-0.03994364876600831,Footwear
22,-0.006794852586221827,0.0035117219736592073,0.0049707244779423655,0.005478524582626532,deep,oer,K1,10,2019-12-01,2026-07-01,category,-0.7397592203519432,-0.03994364876600831,Other apparel products and services
23N,-0.09513664062762459,0.04676422408141407,0.05297582510716553,0.10938238347238427,deep,oer,K1,10,2019-12-01,2026-07-01,category,-0.7397592203519432,-0.03994364876600831,"Cars and trucks, new"
23O,0.016648049257788972,0.015692465565790785,0.009410368441526684,0.028082804013878436,deep,oer,K1,10,2019-12-01,2026-07-01,category,-0.7397592203519432,-0.03994364876600831,Other vehicles
23U,-0.03809536995551947,0.22380489715458984,0.04137201252587057,0.42739462864754796,deep,oer,K1,10,2019-12-01,2026-07-01,category,-0.7397592203519432,-0.03994364876600831,"Cars and trucks, used"
24,0.14195428360283904,0.05476279893819892,0.02658020178268825,0.11677558462129542,deep,oer,K1,10,2019-12-01,2026-07-01,category,-0.7397592203519432,-0.03994364876600831,Gasoline and other fuels
25I,-0.11823350250070949,0.027832981520533772,0.011113658747324456,0.061915619346478705,deep,oer,K1,10,2019-12-01,2026-07-01,category,-0.7397592203519432,-0.03994364876600831,Vehicle insurance
25L,-0.0011325458590080652,0.008070334686506109,0.004411798973250757,0.01989369937319031,deep,oer,K1,10,2019-12-01,2026-07-01,category,-0.7397592203519432,-0.03994364876600831,"Vehicle rental, leases, licenses and other charges"
25R,-0.017763470038166626,0.007044966878003349,0.012908950465362366,0.015215556891333876,deep,oer,K1,10,2019-12-01,2026-07-01,category,-0.7397592203519432,-0.03994364876600831,Vehicle maintenance and repairs
26,-0.05500165929252809,0.027821282288702096,0.009802094779844336,0.06474205063032498,deep,oer,K1,10,2019-12-01,2026-07-01,category,-0.7397592203519432,-0.03994364876600831,Public and other transportation
31,-0.07930767056058016,0.011255027549388369,0.008963739328176634,0.022575280908997332,deep,oer,K1,10,2019-12-01,2026-07-01,category,-0.7397592203519432,-0.03994364876600831,Fees and admissions
32,0.05276617585084929,0.00634800191576843,0.00868409358124993,0.013189806127984262,deep,oer,K1,10,2019-12-01,2026-07-01,category,-0.7397592203519432,-0.03994364876600831,Audio and visual equipment and services
33,0.006415675200210182,0.008522964600944998,0.006406858219721854,0.017941951884768163,deep,oer,K1,10,2019-12-01,2026-07-01,category,-0.7397592203519432,-0.03994364876600831,"Pets, toys, hobbies, and playground equipment"
34,-0.12500287573118243,0.04053637957641538,0.06062444022449633,0.0733221476128272,deep,oer,K1,10,2019-12-01,2026-07-01,category,-0.7397592203519432,-0.03994364876600831,"Other entertainment supplies, equipment, services"
35,0.0010910022829406778,0.003910634170498752,0.002160489611387759,0.007000899091801371,deep,oer,K1,10,2019-12-01,2026-07-01,category,-0.7397592203519432,-0.03994364876600831,Personal care products and services
36,0.0057794959563738195,0.0023378011651985576,0.0032651046250021655,0.005583279597633686,deep,oer,K1,10,2019-12-01,2026-07-01,category,-0.7397592203519432,-0.03994364876600831,Reading
37C,0.03684486612313188,0.01685361747554699,0.032769931011528454,0.03297066120387265,deep,oer,K1,10,2019-12-01,2026-07-01,category,-0.7397592203519432,-0.03994364876600831,College tuition (incl. prepaid tuition)
37K,-0.01417949352442098,0.006892693406074711,0.0020748795416577564,0.01728737887375642,deep,oer,K1,10,2019-12-01,2026-07-01,category,-0.7397592203519432,-0.03994364876600831,Elementary and high school tuition
37O,-0.0344692174942142,0.006789151286043109,0.007792585236757147,0.013915234382739016,deep,oer,K1,10,2019-12-01,2026-07-01,category,-0.7397592203519432,-0.03994364876600831,"Other education (books, supplies, other schools)"
37V,6.872697134691478e-4,4.433670705837437e-4,8.022157384470847e-4,9.022204837478122e-4,deep,oer,K1,10,2019-12-01,2026-07-01,category,-0.7397592203519432,-0.03994364876600831,Vocational and technical school tuition
38,-0.09439916959024075,0.0053265386653743125,0.01097693690495861,0.012058827518231285,deep,oer,K1,10,2019-12-01,2026-07-01,category,-0.7397592203519432,-0.03994364876600831,Tobacco products and smoking supplies
39,0.010520309479012517,0.010181242207905538,0.006210292792165118,0.021454679047850766,deep,oer,K1,10,2019-12-01,2026-07-01,category,-0.7397592203519432,-0.03994364876600831,Miscellaneous
H0,0.01609471696397502,0.03823890439519757,0.023951370818742948,0.08943763581517525,deep,oer,K1,10,2019-12-01,2026-07-01,category,-0.7397592203519432,-0.03994364876600831,Owners' equivalent rent
M0,0.06804178796519297,0.020554517651697794,0.03476108074705641,0.042255089985081186,deep,oer,K1,10,2019-12-01,2026-07-01,category,-0.7397592203519432,-0.03994364876600831,Medical care (pooled)
Food,-0.07031293651722095,0.013755509607515226,0.025906621651010632,0.02762396292646645,deep,oer,K1,10,2014-12-01,2019-12-01,block,-1.0698827627919183,-0.04525467857860166,Food
Alcohol and tobacco,-0.061433516149273136,0.003935259030720634,0.007726690176000675,0.008089871543123251,deep,oer,K1,10,2014-12-01,2019-12-01,block,-1.0698827627919183,-0.04525467857860166,Alcohol and tobacco
Rent,-0.5800225118447229,0.01646502608179279,0.03535619282943335,0.03576861889431604,deep,oer,K1,10,2014-12-01,2019-12-01,block,-1.0698827627919183,-0.04525467857860166,Rent
Owners' housing and lodging,-0.002996210676168472,0.021034922192750594,0.04448114923841828,0.04563370987878559,deep,oer,K1,10,2014-12-01,2019-12-01,block,-1.0698827627919183,-0.04525467857860166,Owners' housing and lodging
Utilities and phone,0.047457601205807234,0.012567956883864414,0.014872239419080795,0.025460028451791104,deep,oer,K1,10,2014-12-01,2019-12-01,block,-1.0698827627919183,-0.04525467857860166,Utilities and phone
Childcare,0.1127711777241727,0.006004174833933541,0.00817997151075332,0.009425624088193373,deep,oer,K1,10,2014-12-01,2019-12-01,block,-1.0698827627919183,-0.04525467857860166,Childcare
Everything else,-0.05357076118051743,0.01933950278508096,0.037175446844434745,0.04170732647913449,deep,oer,K1,10,2014-12-01,2019-12-01,block,-1.0698827627919183,-0.04525467857860166,Everything else
Apparel,-0.12935403045391353,0.014335375820042563,0.025684580088662982,0.02991769011595277,deep,oer,K1,10,2014-12-01,2019-12-01,block,-1.0698827627919183,-0.04525467857860166,Apparel
"Vehicles, gas, transport",-0.3000006075940408,0.05398651887202458,0.08369463644304981,0.11708550177728723,deep,oer,K1,10,2014-12-01,2019-12-01,block,-1.0698827627919183,-0.04525467857860166,"Vehicles, gas, transport"
Education,0.057408242630162296,0.00874987539471322,0.010975680516736147,0.018084413640699622,deep,oer,K1,10,2014-12-01,2019-12-01,block,-1.0698827627919183,-0.04525467857860166,Education
Medical,-0.044574531357601754,0.010381793729210274,0.017586360584955038,0.018647687601973627,deep,oer,K1,10,2014-12-01,2019-12-01,block,-1.0698827627919183,-0.04525467857860166,Medical
01,-0.09951622496706393,0.012424442413707869,0.02312979253996892,0.023360692511308664,deep,oer,K1,10,2014-12-01,2019-12-01,category,-1.0698827627919183,-0.04525467857860188,Food at home
02,0.02920328844984298,0.005830870177731423,0.011373690146576911,0.011432549271432741,deep,oer,K1,10,2014-12-01,2019-12-01,category,-1.0698827627919183,-0.04525467857860188,Food away from home
03,0.0109711078384103,0.001743632788498911,0.002720800176831983,0.002769246220918367,deep,oer,K1,10,2014-12-01,2019-12-01,category,-1.0698827627919183,-0.04525467857860188,Alcoholic beverages
07,-0.5800225118447229,0.01646502608179279,0.03535619282943335,0.03576861889431604,deep,oer,K1,10,2014-12-01,2019-12-01,category,-1.0698827627919183,-0.04525467857860188,Rented dwellings
08,-0.0056607119987747475,0.004020469212670003,0.0024027371003844727,0.008412331092393095,deep,oer,K1,10,2014-12-01,2019-12-01,category,-1.0698827627919183,-0.04525467857860188,Other lodging
09,0.008119300176808121,0.007374892812865702,0.0049032688551500225,0.012365873357475153,deep,oer,K1,10,2014-12-01,2019-12-01,category,-1.0698827627919183,-0.04525467857860188,Natural gas
10,0.023609549443332885,0.002769999067235946,0.004661702665067563,0.005489691552241386,deep,oer,K1,10,2014-12-01,2019-12-01,category,-1.0698827627919183,-0.04525467857860188,Electricity
11,0.011976540024182993,0.006894571789263347,0.001815069771112962,0.010524580374345041,deep,oer,K1,10,2014-12-01,2019-12-01,category,-1.0698827627919183,-0.04525467857860188,Fuel oil and other fuels
12,0.00465617162626697,0.006851355196150367,0.011566002617430958,0.011762304602322674,deep,oer,K1,10,2014-12-01,2019-12-01,category,-1.0698827627919183,-0.04525467857860188,Telephone services
13,-9.039600647837415e-4,0.0019737916816613614,0.0037312180815545857,0.0037449930724530937,deep,oer,K1,10,2014-12-01,2019-12-01,category,-1.0698827627919183,-0.04525467857860188,Water and other public services
14C,0.1127711777241727,0.006004174833933541,0.00817997151075332,0.009425624088193373,deep,oer,K1,10,2014-12-01,2019-12-01,category,-1.0698827627919183,-0.04525467857860188,Childcare (personal services less elder and adult day care)
14E,-0.007775706955575038,0.0010133807331210133,0.0015283854952008154,0.001605063229502765,deep,oer,K1,10,2014-12-01,2019-12-01,category,-1.0698827627919183,-0.04525467857860188,"Elder, invalid and adult day care"
15,0.0044394744925308986,0.0036265535585625775,0.006246708241988184,0.006991514919653927,deep,oer,K1,10,2014-12-01,2019-12-01,category,-1.0698827627919183,-0.04525467857860188,Other household expenses
16,-0.005042615637529837,0.0036244207856005904,0.0054833424604215555,0.00740575372004737,deep,oer,K1,10,2014-12-01,2019-12-01,category,-1.0698827627919183,-0.04525467857860188,Housekeeping supplies
17,-0.05623500104370366,0.014235326094943056,0.0283479475310698,0.028968135723350837,deep,oer,K1,10,2014-12-01,2019-12-01,category,-1.0698827627919183,-0.04525467857860188,Household furnishings and equipment
18,-0.04757713410774915,0.005933293025279058,0.00975313440870846,0.010645233681858938,deep,oer,K1,10,2014-12-01,2019-12-01,category,-1.0698827627919183,-0.04525467857860188,Apparel: men and boys
19,-0.031189346197157332,0.011140397838952168,0.02167221176883525,0.022073564029250446,deep,oer,K1,10,2014-12-01,2019-12-01,category,-1.0698827627919183,-0.04525467857860188,Apparel: women and girls
20,-0.024089994584571645,0.0034740119303161036,0.0038867047346903666,0.006619291588896941,deep,oer,K1,10,2014-12-01,2019-12-01,category,-1.0698827627919183,-0.04525467857860188,Apparel: children under 2
21,-0.025920602990576337,0.005324591432774035,0.008994755884388549,0.009126817657759537,deep,oer,K1,10,2014-12-01,2019-12-01,category,-1.0698827627919183,-0.04525467857860188,Footwear
22,-5.769525738590528e-4,0.0024737909971377925,6.080016311817698e-4,0.0045111074309148865,deep,oer,K1,10,2014-12-01,2019-12-01,category,-1.0698827627919183,-0.04525467857860188,Other apparel products and services
23N,-0.07770064764004607,0.023051150825816106,0.04703748894265875,0.04733535380207154,deep,oer,K1,10,2014-12-01,2019-12-01,category,-1.0698827627919183,-0.04525467857860188,"Cars and trucks, new"
23O,0.004772891432379398,0.002975627806996185,0.005690453627989949,0.005964415115966964,deep,oer,K1,10,2014-12-01,2019-12-01,category,-1.0698827627919183,-0.04525467857860188,Other vehicles
23U,-0.10337403658644854,0.030322996295934507,0.05290348731116169,0.053128822665688524,deep,oer,K1,10,2014-12-01,2019-12-01,category,-1.0698827627919183,-0.04525467857860188,"Cars and trucks, used"
24,-0.04885029215345922,0.023824278613120628,0.005542419546056454,0.04420699906552768,deep,oer,K1,10,2014-12-01,2019-12-01,category,-1.0698827627919183,-0.04525467857860188,Gasoline and other fuels
25I,-0.06259187292311727,0.02700489731683763,0.04382013811782488,0.055806336345371264,deep,oer,K1,10,2014-12-01,2019-12-01,category,-1.0698827627919183,-0.04525467857860188,Vehicle insurance
25L,-0.0035018686712207092,0.004353294774850077,0.0038547744031486274,0.007676044448646323,deep,oer,K1,10,2014-12-01,2019-12-01,category,-1.0698827627919183,-0.04525467857860188,"Vehicle rental, leases, licenses and other charges"
25R,-0.003508618618469323,0.003973006665536467,0.003153874731266835,0.006260803680171307,deep,oer,K1,10,2014-12-01,2019-12-01,category,-1.0698827627919183,-0.04525467857860188,Vehicle maintenance and repairs
26,-0.0052461624336590604,0.0058570939399041205,0.012027862183196113,0.01219365508371065,deep,oer,K1,10,2014-12-01,2019-12-01,category,-1.0698827627919183,-0.04525467857860188,Public and other transportation
31,0.038171198605735125,0.003064545482949126,0.00500545694954903,0.005473983597237523,deep,oer,K1,10,2014-12-01,2019-12-01,category,-1.0698827627919183,-0.04525467857860188,Fees and admissions
32,0.007476798616467021,0.0024821263905416826,0.0024649543775240273,0.004248966263882332,deep,oer,K1,10,2014-12-01,2019-12-01,category,-1.0698827627919183,-0.04525467857860188,Audio and visual equipment and services
33,2.9096041433154677e-4,0.008480225128783629,0.017311507594894065,0.01767351946289874,deep,oer,K1,10,2014-12-01,2019-12-01,category,-1.0698827627919183,-0.04525467857860188,"Pets, toys, hobbies, and playground equipment"
34,-0.03308482130763446,0.007599087943969004,0.014316656313600485,0.01502746155184971,deep,oer,K1,10,2014-12-01,2019-12-01,category,-1.0698827627919183,-0.04525467857860188,"Other entertainment supplies, equipment, services"
35,-0.0034046571207854447,0.0018098009494508995,0.002888611000938435,0.003595172261283049,deep,oer,K1,10,2014-12-01,2019-12-01,category,-1.0698827627919183,-0.04525467857860188,Personal care products and services
36,-0.0011005513593004771,0.0010411353383907851,1.8792587305706385e-4,0.002035044060245439,deep,oer,K1,10,2014-12-01,2019-12-01,category,-1.0698827627919183,-0.04525467857860188,Reading
37C,-0.020669645137047228,0.006317764385134106,0.007647326301158568,0.0099312979756325,deep,oer,K1,10,2014-12-01,2019-12-01,category,-1.0698827627919183,-0.04525467857860188,College tuition (incl. prepaid tuition)
37K,0.07972558583778588,0.003731697334904925,0.007816648548616524,0.007933769248222299,deep,oer,K1,10,2014-12-01,2019-12-01,category,-1.0698827627919183,-0.04525467857860188,Elementary and high school tuition
37O,-0.0015699715823053184,0.004804671041445546,0.001037621635997388,0.009926477039147952,deep,oer,K1,10,2014-12-01,2019-12-01,category,-1.0698827627919183,-0.04525467857860188,"Other education (books, supplies, other schools)"
37V,-7.772648827103926e-5,5.266878243090199e-5,2.821887187057227e-5,9.815152470466027e-5,deep,oer,K1,10,2014-12-01,2019-12-01,category,-1.0698827627919183,-0.04525467857860188,Vocational and technical school tuition
38,-0.07240462398768344,0.0035379526760643577,0.007251952933252494,0.0073041070152865106,deep,oer,K1,10,2014-12-01,2019-12-01,category,-1.0698827627919183,-0.04525467857860188,Tobacco products and smoking supplies
39,0.0026941601149469085,0.001899204512085109,8.108391489021601e-4,0.004109662152021743,deep,oer,K1,10,2014-12-01,2019-12-01,category,-1.0698827627919183,-0.04525467857860188,Miscellaneous
H0,0.0026645013226062756,0.02063289927428319,0.044256156563623965,0.044563489723546575,deep,oer,K1,10,2014-12-01,2019-12-01,category,-1.0698827627919183,-0.04525467857860188,Owners' equivalent rent
M0,-0.044574531357601754,0.010381793729210274,0.017586360584955038,0.018647687601973627,deep,oer,K1,10,2014-12-01,2019-12-01,category,-1.0698827627919183,-0.04525467857860188,Medical care (pooled)
Food,0.058085096807289134,0.02431395383174996,0.01950130173887039,0.029613256561175038,deep,oer,K1,10,2020-12-01,2022-12-01,block,0.1522392214149182,0.037246261796572463,Food
Alcohol and tobacco,0.020653900066441883,0.005135801361895538,0.005433724395601745,0.00575115305626292,deep,oer,K1,10,2020-12-01,2022-12-01,block,0.1522392214149182,0.037246261796572463,Alcohol and tobacco
Rent,0.10101814664628953,0.018677582918077126,0.007601437890540217,0.025540971967657783,deep,oer,K1,10,2020-12-01,2022-12-01,block,0.1522392214149182,0.037246261796572463,Rent
Owners' housing and lodging,0.028677178055553417,0.028891970825665497,0.017611640733393774,0.03746071844580601,deep,oer,K1,10,2020-12-01,2022-12-01,block,0.1522392214149182,0.037246261796572463,Owners' housing and lodging
Utilities and phone,-0.0824098439993367,0.015377483101143908,0.019665441622702,0.021518319464054685,deep,oer,K1,10,2020-12-01,2022-12-01,block,0.1522392214149182,0.037246261796572463,Utilities and phone
Childcare,-0.13198778218539897,0.007571268632107838,0.008640997861564314,0.00902254376020889,deep,oer,K1,10,2020-12-01,2022-12-01,block,0.1522392214149182,0.037246261796572463,Childcare
Everything else,0.04148877106380456,0.02293164907590534,0.023441851970675987,0.03231994968009126,deep,oer,K1,10,2020-12-01,2022-12-01,block,0.1522392214149182,0.037246261796572463,Everything else
Apparel,-0.03754769561517461,0.010088210504664867,0.012181689573778182,0.013969136817681067,deep,oer,K1,10,2020-12-01,2022-12-01,block,0.1522392214149182,0.037246261796572463,Apparel
"Vehicles, gas, transport",0.12511358999924008,0.20996494883031505,0.06433747823736223,0.2940974391319571,deep,oer,K1,10,2020-12-01,2022-12-01,block,0.1522392214149182,0.037246261796572463,"Vehicles, gas, transport"
Education,-0.058870060981693124,0.016748396144121873,0.02253245763087943,0.022809987212620286,deep,oer,K1,10,2020-12-01,2022-12-01,block,0.1522392214149182,0.037246261796572463,Education
Medical,0.05077165976133054,0.016887406110434183,0.022588908987076044,0.022681243257635632,deep,oer,K1,10,2020-12-01,2022-12-01,block,0.1522392214149182,0.037246261796572463,Medical
01,0.059183036314661965,0.023246753903859912,0.019386683983545556,0.026896653185521455,deep,oer,K1,10,2020-12-01,2022-12-01,category,0.1522392214149182,0.03724626179657255,Food at home
02,-0.0010979395073728321,0.0072477557151627466,0.0015454583239954919,0.010210235279707724,deep,oer,K1,10,2020-12-01,2022-12-01,category,0.1522392214149182,0.03724626179657255,Food away from home
03,0.02242642405485728,0.005045362709858514,0.00542049784342821,0.005457458378075287,deep,oer,K1,10,2020-12-01,2022-12-01,category,0.1522392214149182,0.03724626179657255,Alcoholic beverages
07,0.10101814664628953,0.018677582918077126,0.007601437890540217,0.025540971967657783,deep,oer,K1,10,2020-12-01,2022-12-01,category,0.1522392214149182,0.03724626179657255,Rented dwellings
08,0.0039869649757829605,0.015053487861349425,0.00901505940841113,0.019734868934646307,deep,oer,K1,10,2020-12-01,2022-12-01,category,0.1522392214149182,0.03724626179657255,Other lodging
09,-0.03382387062224498,0.008689610561845177,0.01222827290358136,0.012266274121403197,deep,oer,K1,10,2020-12-01,2022-12-01,category,0.1522392214149182,0.03724626179657255,Natural gas
10,-0.025259110339535127,0.007028494481593844,0.006089149835718393,0.00790398951958228,deep,oer,K1,10,2020-12-01,2022-12-01,category,0.1522392214149182,0.03724626179657255,Electricity
11,-0.031762383325637994,0.009186307908916341,0.012745932980531791,0.01289016739884798,deep,oer,K1,10,2020-12-01,2022-12-01,category,0.1522392214149182,0.03724626179657255,Fuel oil and other fuels
12,0.001956140217892625,0.0056844883992458045,0.007872103565608052,0.007953514127819337,deep,oer,K1,10,2020-12-01,2022-12-01,category,0.1522392214149182,0.03724626179657255,Telephone services
13,0.006479380070188783,0.0022573403789839736,0.0027817091932190643,0.002798513254649468,deep,oer,K1,10,2020-12-01,2022-12-01,category,0.1522392214149182,0.03724626179657255,Water and other public services
14C,-0.13198778218539897,0.007571268632107838,0.008640997861564314,0.00902254376020889,deep,oer,K1,10,2020-12-01,2022-12-01,category,0.1522392214149182,0.03724626179657255,Childcare (personal services less elder and adult day care)
14E,0.007838283224537418,0.0010221198155196543,0.0012076975688724962,0.0012166790674607367,deep,oer,K1,10,2020-12-01,2022-12-01,category,0.1522392214149182,0.03724626179657255,"Elder, invalid and adult day care"
15,0.029456560889675003,0.009251304695579214,0.011591713422899715,0.0116761576931073,deep,oer,K1,10,2020-12-01,2022-12-01,category,0.1522392214149182,0.03724626179657255,Other household expenses
16,-0.002082966852987681,0.007525401732153798,0.0012347583078738747,0.010606890403727958,deep,oer,K1,10,2020-12-01,2022-12-01,category,0.1522392214149182,0.03724626179657255,Housekeeping supplies
17,0.0042255236544284005,0.004788366461232739,0.00225702727952699,0.006486399489109717,deep,oer,K1,10,2020-12-01,2022-12-01,category,0.1522392214149182,0.03724626179657255,Household furnishings and equipment
18,-0.006803356910505433,0.0052860057205055926,0.005150659274127468,0.005473755048635679,deep,oer,K1,10,2020-12-01,2022-12-01,category,0.1522392214149182,0.03724626179657255,Apparel: men and boys
19,-0.012640962506355815,0.005648946248898863,0.0074855011225938095,0.007569156410809023,deep,oer,K1,10,2020-12-01,2022-12-01,category,0.1522392214149182,0.03724626179657255,Apparel: women and girls
20,-0.006477709848462349,0.0011135459966038217,0.0015339554567678124,0.0015503695052783574,deep,oer,K1,10,2020-12-01,2022-12-01,category,0.1522392214149182,0.03724626179657255,Apparel: children under 2
21,-0.01202628870991438,0.006378778605600715,0.008019428269990312,0.008093139947867572,deep,oer,K1,10,2020-12-01,2022-12-01,category,0.1522392214149182,0.03724626179657255,Footwear
22,4.0062236006336676e-4,1.679194069449146e-4,1.8225261556851965e-4,2.146846271058006e-4,deep,oer,K1,10,2020-12-01,2022-12-01,category,0.1522392214149182,0.03724626179657255,Other apparel products and services
23N,-8.629955866831691e-4,0.02488638764401548,0.02168728103672704,0.027851553890608796,deep,oer,K1,10,2020-12-01,2022-12-01,category,0.1522392214149182,0.03724626179657255,"Cars and trucks, new"
23O,0.012615679608423247,0.01510911480691543,0.006721373151498478,0.020787278585843894,deep,oer,K1,10,2020-12-01,2022-12-01,category,0.1522392214149182,0.03724626179657255,Other vehicles
23U,0.002940284077147748,0.2115906176466039,0.06223350765319451,0.2957256968267926,deep,oer,K1,10,2020-12-01,2022-12-01,category,0.1522392214149182,0.03724626179657255,"Cars and trucks, used"
24,0.11737829972332645,0.0342219525005345,0.02428043616949033,0.042066614919403146,deep,oer,K1,10,2020-12-01,2022-12-01,category,0.1522392214149182,0.03724626179657255,Gasoline and other fuels
25I,-0.009609432761314995,0.008273604250830787,0.005316442325437523,0.010486437722810936,deep,oer,K1,10,2020-12-01,2022-12-01,category,0.1522392214149182,0.03724626179657255,Vehicle insurance
25L,0.01277506834186502,0.0040695019849702465,0.005666647385053348,0.0056784182760790695,deep,oer,K1,10,2020-12-01,2022-12-01,category,0.1522392214149182,0.03724626179657255,"Vehicle rental, leases, licenses and other charges"
25R,-0.007435781777017122,0.005548664079677299,0.004383528554266382,0.006545073366325855,deep,oer,K1,10,2020-12-01,2022-12-01,category,0.1522392214149182,0.03724626179657255,Vehicle maintenance and repairs
26,-0.0026875316265071825,0.008853769741516188,0.004076904389587854,0.011874079434981517,deep,oer,K1,10,2020-12-01,2022-12-01,category,0.1522392214149182,0.03724626179657255,Public and other transportation
31,-0.060734088394210115,0.007741317095144476,0.00815445723696768,0.008328130351747004,deep,oer,K1,10,2020-12-01,2022-12-01,category,0.1522392214149182,0.03724626179657255,Fees and admissions
32,0.04808383077807507,0.005757029709930149,0.008083738304806817,0.00814019151978439,deep,oer,K1,10,2020-12-01,2022-12-01,category,0.1522392214149182,0.03724626179657255,Audio and visual equipment and services
33,0.009350198682873977,0.007358288521632053,0.0025907086113899146,0.010349431296436524,deep,oer,K1,10,2020-12-01,2022-12-01,category,0.1522392214149182,0.03724626179657255,"Pets, toys, hobbies, and playground equipment"
34,-0.006817256570638556,0.013655043419891617,0.015344909939527673,0.01648240756704114,deep,oer,K1,10,2020-12-01,2022-12-01,category,0.1522392214149182,0.03724626179657255,"Other entertainment supplies, equipment, services"
35,9.72904815290872e-4,0.0036092185433638,0.002958620411428841,0.0041703395454421,deep,oer,K1,10,2020-12-01,2022-12-01,category,0.1522392214149182,0.03724626179657255,Personal care products and services
36,0.00576498530488301,0.0016617703248151883,0.0020806454672753064,0.002093514882679157,deep,oer,K1,10,2020-12-01,2022-12-01,category,0.1522392214149182,0.03724626179657255,Reading
37C,0.020486004683229413,0.01537256746912009,0.02089707508316003,0.0209834110077952,deep,oer,K1,10,2020-12-01,2022-12-01,category,0.1522392214149182,0.03724626179657255,College tuition (incl. prepaid tuition)
37K,-0.061734739103595795,0.005052831444747378,0.006983002164805417,0.007051343015212645,deep,oer,K1,10,2020-12-01,2022-12-01,category,0.1522392214149182,0.03724626179657255,Elementary and high school tuition
37O,-0.016579455989336828,0.004431616538962267,0.0048551185844986225,0.004884834284734105,deep,oer,K1,10,2020-12-01,2022-12-01,category,0.1522392214149182,0.03724626179657255,"Other education (books, supplies, other schools)"
37V,-0.0010418705719899195,3.240581824433599e-4,4.111883066051826e-4,4.3482857451158756e-4,deep,oer,K1,10,2020-12-01,2022-12-01,category,0.1522392214149182,0.03724626179657255,Vocational and technical school tuition
38,-0.0017725239884153962,8.886192991876515e-4,3.204233775741059e-4,0.0012242162884048167,deep,oer,K1,10,2020-12-01,2022-12-01,category,0.1522392214149182,0.03724626179657255,Tobacco products and smoking supplies
39,0.005430795531877167,0.005129695723251387,0.005472712757853126,0.005544145836491405,deep,oer,K1,10,2020-12-01,2022-12-01,category,0.1522392214149182,0.03724626179657255,Miscellaneous
H0,0.02469021307977046,0.024178164010042535,0.014785695368321439,0.031196071118575947,deep,oer,K1,10,2020-12-01,2022-12-01,category,0.1522392214149182,0.03724626179657255,Owners' equivalent rent
M0,0.05077165976133054,0.016887406110434183,0.022588908987076044,0.022681243257635632,deep,oer,K1,10,2020-12-01,2022-12-01,category,0.1522392214149182,0.03724626179657255,Medical care (pooled)
Food,-0.008767355058136613,0.00901774735459857,0.012200918938062955,0.012293269741773702,deep,oer,K1,10,2022-12-01,2024-12-01,block,-0.645620203249786,-0.013040010213883235,Food
Alcohol and tobacco,-0.03039718549702723,0.003413696736053002,0.004781566234885246,0.004827324825160373,deep,oer,K1,10,2022-12-01,2024-12-01,block,-0.645620203249786,-0.013040010213883235,Alcohol and tobacco
Rent,-0.3228760361186953,0.012615844046698268,0.01678930633079188,0.016876242108377456,deep,oer,K1,10,2022-12-01,2024-12-01,block,-0.645620203249786,-0.013040010213883235,Rent
Owners' housing and lodging,-0.010508608347384582,0.0230977622235788,0.0318499500757476,0.032116022973507505,deep,oer,K1,10,2022-12-01,2024-12-01,block,-0.645620203249786,-0.013040010213883235,Owners' housing and lodging
Utilities and phone,0.028512942067793336,0.011607179353924552,0.012902812342594473,0.014346643705370692,deep,oer,K1,10,2022-12-01,2024-12-01,block,-0.645620203249786,-0.013040010213883235,Utilities and phone
Childcare,0.09351091494995603,0.005600108716755678,0.007064761941892704,0.007124621841680794,deep,oer,K1,10,2022-12-01,2024-12-01,block,-0.645620203249786,-0.013040010213883235,Childcare
Everything else,-0.1379602761294386,0.036656864224705446,0.04723441048007045,0.04924196245937047,deep,oer,K1,10,2022-12-01,2024-12-01,block,-0.645620203249786,-0.013040010213883235,Everything else
Apparel,-0.035193891047358636,0.005450404317845902,0.007434242501541277,0.007702879738868271,deep,oer,K1,10,2022-12-01,2024-12-01,block,-0.645620203249786,-0.013040010213883235,Apparel
"Vehicles, gas, transport",-0.2602154911451618,0.050282168685722606,0.06957774110003462,0.07110414195989109,deep,oer,K1,10,2022-12-01,2024-12-01,block,-0.645620203249786,-0.013040010213883235,"Vehicles, gas, transport"
Education,0.036322086160781024,0.005533898624656922,0.004841864031269757,0.0077283256397666054,deep,oer,K1,10,2022-12-01,2024-12-01,block,-0.645620203249786,-0.013040010213883235,Education
Medical,0.014992707128769706,0.007464387509747217,0.007275154793204067,0.007701434994865051,deep,oer,K1,10,2022-12-01,2024-12-01,block,-0.645620203249786,-0.013040010213883235,Medical
01,-0.022775020585036006,0.007030409899888408,0.009492399303272095,0.009558651048201522,deep,oer,K1,10,2022-12-01,2024-12-01,category,-0.645620203249786,-0.013040010213883235,Food at home
02,0.014007665526899391,0.005623569082937119,0.007529384953773978,0.0076226098786364264,deep,oer,K1,10,2022-12-01,2024-12-01,category,-0.645620203249786,-0.013040010213883235,Food away from home
03,0.006783642741588086,9.627754155184342e-4,0.0013165380626658173,0.0013287560239266254,deep,oer,K1,10,2022-12-01,2024-12-01,category,-0.645620203249786,-0.013040010213883235,Alcoholic beverages
07,-0.3228760361186953,0.012615844046698268,0.01678930633079188,0.016876242108377456,deep,oer,K1,10,2022-12-01,2024-12-01,category,-0.645620203249786,-0.013040010213883235,Rented dwellings
08,-0.012064379896548849,0.003706692156560682,0.004027991532588581,0.004036146867014885,deep,oer,K1,10,2022-12-01,2024-12-01,category,-0.645620203249786,-0.013040010213883235,Other lodging
09,0.022785506007500473,0.007958282670775581,0.007134364601321803,0.008710190980534532,deep,oer,K1,10,2022-12-01,2024-12-01,category,-0.645620203249786,-0.013040010213883235,Natural gas
10,-9.164916588010701e-4,1.871612641475729e-4,2.2086611080050984e-4,2.4184205332879074e-4,deep,oer,K1,10,2022-12-01,2024-12-01,category,-0.645620203249786,-0.013040010213883235,Electricity
11,0.0054805049612772945,0.0073088703627688534,0.009218032096026414,0.009307403520062067,deep,oer,K1,10,2022-12-01,2024-12-01,category,-0.645620203249786,-0.013040010213883235,Fuel oil and other fuels
12,0.004239790034228794,0.0034416195873240565,0.004699118970961628,0.0047318091517810894,deep,oer,K1,10,2022-12-01,2024-12-01,category,-0.645620203249786,-0.013040010213883235,Telephone services
13,-0.003076367276412153,0.0013729663592647575,0.0019204968813183248,0.0019269114191707848,deep,oer,K1,10,2022-12-01,2024-12-01,category,-0.645620203249786,-0.013040010213883235,Water and other public services
14C,0.09351091494995603,0.005600108716755678,0.007064761941892704,0.007124621841680794,deep,oer,K1,10,2022-12-01,2024-12-01,category,-0.645620203249786,-0.013040010213883235,Childcare (personal services less elder and adult day care)
14E,-0.005570504400431832,0.0011526475017762951,0.0013004889552781116,0.0013006841107499362,deep,oer,K1,10,2022-12-01,2024-12-01,category,-0.645620203249786,-0.013040010213883235,"Elder, invalid and adult day care"
15,0.01146238989182092,0.004221701587102559,0.005758949036980804,0.005840384546449584,deep,oer,K1,10,2022-12-01,2024-12-01,category,-0.645620203249786,-0.013040010213883235,Other household expenses
16,0.001428237542397718,0.001529080247947206,0.00185158667452516,0.0018603676014049306,deep,oer,K1,10,2022-12-01,2024-12-01,category,-0.645620203249786,-0.013040010213883235,Housekeeping supplies
17,-0.07154140922514166,0.016602780883390164,0.023081589169185367,0.023366911203225874,deep,oer,K1,10,2022-12-01,2024-12-01,category,-0.645620203249786,-0.013040010213883235,Household furnishings and equipment
18,-0.00430636689908015,0.0017285670696853255,0.0018097558368199472,0.0018355895896236824,deep,oer,K1,10,2022-12-01,2024-12-01,category,-0.645620203249786,-0.013040010213883235,Apparel: men and boys
19,-0.01396448381868824,0.004054120916330393,0.005714018671407414,0.005721403845485742,deep,oer,K1,10,2022-12-01,2024-12-01,category,-0.645620203249786,-0.013040010213883235,Apparel: women and girls
20,-0.010184654131631339,0.0012382343333076846,0.0016938506884134417,0.0017139057774243813,deep,oer,K1,10,2022-12-01,2024-12-01,category,-0.645620203249786,-0.013040010213883235,Apparel: children under 2
21,-0.006398077569842075,0.0028966146225032252,0.003991384671203945,0.004057295299032381,deep,oer,K1,10,2022-12-01,2024-12-01,category,-0.645620203249786,-0.013040010213883235,Footwear
22,-3.40308628116828e-4,0.00044433663336777103,5.243451853512415e-4,5.445816281236277e-4,deep,oer,K1,10,2022-12-01,2024-12-01,category,-0.645620203249786,-0.013040010213883235,Other apparel products and services
23N,-0.05719526526165377,0.025323340023842702,0.03561846792709571,0.03564725279982851,deep,oer,K1,10,2022-12-01,2024-12-01,category,-0.645620203249786,-0.013040010213883235,"Cars and trucks, new"
23O,-5.113167336972328e-4,0.0021427518419663435,0.00289054928397665,0.0029433203120676175,deep,oer,K1,10,2022-12-01,2024-12-01,category,-0.645620203249786,-0.013040010213883235,Other vehicles
23U,-0.032723256382712354,0.03921686196820184,0.05515541524942273,0.05541207351786985,deep,oer,K1,10,2022-12-01,2024-12-01,category,-0.645620203249786,-0.013040010213883235,"Cars and trucks, used"
24,-0.02897465350011152,0.009261906956707732,0.012930611793830373,0.013029598487112777,deep,oer,K1,10,2022-12-01,2024-12-01,category,-0.645620203249786,-0.013040010213883235,Gasoline and other fuels
25I,-0.12950891485688787,0.01664621999623997,0.022506309724647035,0.02266685059292834,deep,oer,K1,10,2022-12-01,2024-12-01,category,-0.645620203249786,-0.013040010213883235,Vehicle insurance
25L,-0.0028733628309054017,0.0031563249568584482,0.003951359951887589,0.0039549062953709285,deep,oer,K1,10,2022-12-01,2024-12-01,category,-0.645620203249786,-0.013040010213883235,"Vehicle rental, leases, licenses and other charges"
25R,-0.006202482702589473,0.0027392468040400367,0.0037045190297680637,0.0037163985826850036,deep,oer,K1,10,2022-12-01,2024-12-01,category,-0.645620203249786,-0.013040010213883235,Vehicle maintenance and repairs
26,-0.002226238876604253,0.008627134190108087,0.004813330856439057,0.011269488590186413,deep,oer,K1,10,2022-12-01,2024-12-01,category,-0.645620203249786,-0.013040010213883235,Public and other transportation
31,0.020550340485387623,0.004846876666901004,0.004834427291300252,0.0050229656323994044,deep,oer,K1,10,2022-12-01,2024-12-01,category,-0.645620203249786,-0.013040010213883235,Fees and admissions
32,0.008009602474735804,0.0015609486798757778,0.0017962668951091271,0.0018370224639251038,deep,oer,K1,10,2022-12-01,2024-12-01,category,-0.645620203249786,-0.013040010213883235,Audio and visual equipment and services
33,-0.0024597540131998026,0.0025957756688031073,0.0030065834931762916,0.003023120582389404,deep,oer,K1,10,2022-12-01,2024-12-01,category,-0.645620203249786,-0.013040010213883235,"Pets, toys, hobbies, and playground equipment"
34,-0.09502497225996534,0.03254272374521159,0.04179953364994167,0.042440189745972495,deep,oer,K1,10,2022-12-01,2024-12-01,category,-0.645620203249786,-0.013040010213883235,"Other entertainment supplies, equipment, services"
35,2.7673812144177385e-4,3.173559050233566e-4,1.3827059288324759e-4,4.340369408206124e-4,deep,oer,K1,10,2022-12-01,2024-12-01,category,-0.645620203249786,-0.013040010213883235,Personal care products and services
36,0.002724005643920493,8.765288982065424e-4,0.001219686929337543,0.0012216659972603679,deep,oer,K1,10,2022-12-01,2024-12-01,category,-0.645620203249786,-0.013040010213883235,Reading
37C,0.005866057450164568,0.0024671053992750738,0.0028116587400129965,0.0028161767924615505,deep,oer,K1,10,2022-12-01,2024-12-01,category,-0.645620203249786,-0.013040010213883235,College tuition (incl. prepaid tuition)
37K,0.031198787348536088,0.002720611272129037,0.00384277427182923,0.0038471190218419566,deep,oer,K1,10,2022-12-01,2024-12-01,category,-0.645620203249786,-0.013040010213883235,Elementary and high school tuition
37O,-0.0011221902380406015,0.004135509038044873,7.902207398640125e-4,0.0058104561050745535,deep,oer,K1,10,2022-12-01,2024-12-01,category,-0.645620203249786,-0.013040010213883235,"Other education (books, supplies, other schools)"
37V,3.794316001209725e-4,7.07266666460383e-5,9.472545170920093e-5,9.753843346036118e-5,deep,oer,K1,10,2022-12-01,2024-12-01,category,-0.645620203249786,-0.013040010213883235,Vocational and technical school tuition
38,-0.03718082823861532,0.0032833222275378856,0.004609062262772781,0.004643295621123085,deep,oer,K1,10,2022-12-01,2024-12-01,category,-0.645620203249786,-0.013040010213883235,Tobacco products and smoking supplies
39,-0.007814950390404276,0.006416718916142562,0.005398343897650664,0.0073735455654165595,deep,oer,K1,10,2022-12-01,2024-12-01,category,-0.645620203249786,-0.013040010213883235,Miscellaneous
H0,0.0015557715491642653,0.022754564712807967,0.03147991609427099,0.03169007748157757,deep,oer,K1,10,2022-12-01,2024-12-01,category,-0.645620203249786,-0.013040010213883235,Owners' equivalent rent
M0,0.014992707128769706,0.007464387509747217,0.007275154793204067,0.007701434994865051,deep,oer,K1,10,2022-12-01,2024-12-01,category,-0.645620203249786,-0.013040010213883235,Medical care (pooled)
Food,0.08026200918998319,0.039469108829952436,0.02759792777474194,0.09156557301961006,deep,oer,07,10,2019-12-01,2026-07-01,block,-0.5081305989100837,-2.1080737444356679e-4,Food
Alcohol and tobacco,-0.06250326947567399,0.009414008450328025,0.01681881237391564,0.022742858427661505,deep,oer,07,10,2019-12-01,2026-07-01,block,-0.5081305989100837,-2.1080737444356679e-4,Alcohol and tobacco
Rent,-0.28702931913666074,0.02720412450345226,0.010621413316675878,0.06345681361177427,deep,oer,07,10,2019-12-01,2026-07-01,block,-0.5081305989100837,-2.1080737444356679e-4,Rent
Owners' housing and lodging,-0.022888589996928062,0.06473453953225664,0.029848146874245716,0.161828775525517,deep,oer,07,10,2019-12-01,2026-07-01,block,-0.5081305989100837,-2.1080737444356679e-4,Owners' housing and lodging
Utilities and phone,-0.22626234765414704,0.02996119540934944,0.027834357786728152,0.07215831931106145,deep,oer,07,10,2019-12-01,2026-07-01,block,-0.5081305989100837,-2.1080737444356679e-4,Utilities and phone
Childcare,-0.0035365037791642764,0.004651652358252232,0.003610423121790377,0.009971174141819465,deep,oer,07,10,2019-12-01,2026-07-01,block,-0.5081305989100837,-2.1080737444356679e-4,Childcare
Everything else,0.06519439481987435,0.060872688426107525,0.07059914814527375,0.14447648159328613,deep,oer,07,10,2019-12-01,2026-07-01,block,-0.5081305989100837,-2.1080737444356679e-4,Everything else
Apparel,-0.041572398863815654,0.024995989397381856,0.045174621837839025,0.06025651896753709,deep,oer,07,10,2019-12-01,2026-07-01,block,-0.5081305989100837,-2.1080737444356679e-4,Apparel
"Vehicles, gas, transport",0.3478924386846703,0.3119122175702782,0.10559743977443432,0.6742797992002703,deep,oer,07,10,2019-12-01,2026-07-01,block,-0.5081305989100837,-2.1080737444356679e-4,"Vehicles, gas, transport"
Education,-0.30109257643199555,0.0378384117870165,0.07523645590267726,0.07950806067902799,deep,oer,07,10,2019-12-01,2026-07-01,block,-0.5081305989100837,-2.1080737444356679e-4,Education
Medical,-0.056383628891782715,0.026166526931409043,0.04365409488942941,0.05324398784630206,deep,oer,07,10,2019-12-01,2026-07-01,block,-0.5081305989100837,-2.1080737444356679e-4,Medical
01,0.035638895408578196,0.03334537158644887,0.014000162747464741,0.06678545083713368,deep,oer,07,10,2019-12-01,2026-07-01,category,-0.5081305989100837,-2.1080737444356679e-4,Food at home
02,0.04462311378140499,0.020926255201999314,0.022947722986292943,0.05372932029179245,deep,oer,07,10,2019-12-01,2026-07-01,category,-0.5081305989100837,-2.1080737444356679e-4,Food away from home
03,0.017262974117235708,0.006667242230578514,0.00966941160925047,0.012860962068081237,deep,oer,07,10,2019-12-01,2026-07-01,category,-0.5081305989100837,-2.1080737444356679e-4,Alcoholic beverages
07,-0.28702931913666074,0.02720412450345226,0.010621413316675878,0.06345681361177427,deep,oer,07,10,2019-12-01,2026-07-01,category,-0.5081305989100837,-2.1080737444356679e-4,Rented dwellings
08,-0.04382273111315076,0.04238678216396401,0.004701526620907571,0.09632275234537488,deep,oer,07,10,2019-12-01,2026-07-01,category,-0.5081305989100837,-2.1080737444356679e-4,Other lodging
09,-0.031774212059203125,0.01890243900334113,0.008149066479570848,0.0395395997111483,deep,oer,07,10,2019-12-01,2026-07-01,category,-0.5081305989100837,-2.1080737444356679e-4,Natural gas
10,-0.07242422123574031,0.010830755292734662,0.016577319180109077,0.019306151050288715,deep,oer,07,10,2019-12-01,2026-07-01,category,-0.5081305989100837,-2.1080737444356679e-4,Electricity
11,-0.047941807140500003,0.017062440618536866,0.005874192569294185,0.03982928291989928,deep,oer,07,10,2019-12-01,2026-07-01,category,-0.5081305989100837,-2.1080737444356679e-4,Fuel oil and other fuels
12,-0.07702655445917417,0.011948415752853889,0.02437486307798557,0.030136638349821172,deep,oer,07,10,2019-12-01,2026-07-01,category,-0.5081305989100837,-2.1080737444356679e-4,Telephone services
13,0.002904447240470558,0.004281404774166811,0.0022915851575109106,0.009900653622621677,deep,oer,07,10,2019-12-01,2026-07-01,category,-0.5081305989100837,-2.1080737444356679e-4,Water and other public services
14C,-0.0035365037791642764,0.004651652358252232,0.003610423121790377,0.009971174141819465,deep,oer,07,10,2019-12-01,2026-07-01,category,-0.5081305989100837,-2.1080737444356679e-4,Childcare (personal services less elder and adult day care)
14E,-0.01489609063960319,0.004523027535051139,0.003428258253212769,0.008984158109707135,deep,oer,07,10,2019-12-01,2026-07-01,category,-0.5081305989100837,-2.1080737444356679e-4,"Elder, invalid and adult day care"
15,0.10978922997541879,0.01215204830847172,0.026384328205127188,0.02690149170102401,deep,oer,07,10,2019-12-01,2026-07-01,category,-0.5081305989100837,-2.1080737444356679e-4,Other household expenses
16,0.01898512772072624,0.019684306688162758,0.00801912351749957,0.0364121827602901,deep,oer,07,10,2019-12-01,2026-07-01,category,-0.5081305989100837,-2.1080737444356679e-4,Housekeeping supplies
17,-0.06683087925601647,0.03220646169460669,0.04138662660200922,0.0693554771270147,deep,oer,07,10,2019-12-01,2026-07-01,category,-0.5081305989100837,-2.1080737444356679e-4,Household furnishings and equipment
18,0.0032652166182544464,0.00916061659712913,0.013194513833779302,0.019611163445225767,deep,oer,07,10,2019-12-01,2026-07-01,category,-0.5081305989100837,-2.1080737444356679e-4,Apparel: men and boys
19,-0.021351545298468916,0.016304853484934694,0.032409348118539405,0.038810408900491956,deep,oer,07,10,2019-12-01,2026-07-01,category,-0.5081305989100837,-2.1080737444356679e-4,Apparel: women and girls
20,0.0035145157441471156,0.002423891021790538,0.004705018200606451,0.005334081065871509,deep,oer,07,10,2019-12-01,2026-07-01,category,-0.5081305989100837,-2.1080737444356679e-4,Apparel: children under 2
21,-0.018468880272193507,0.016118712689648318,0.028015479969977462,0.03091771393606537,deep,oer,07,10,2019-12-01,2026-07-01,category,-0.5081305989100837,-2.1080737444356679e-4,Footwear
22,-0.008531705655554793,0.0036218639660712507,0.0051591931835368665,0.005780833234844477,deep,oer,07,10,2019-12-01,2026-07-01,category,-0.5081305989100837,-2.1080737444356679e-4,Other apparel products and services
23N,-0.08892218612544182,0.06527761424951131,0.060209826129905476,0.14692928902300084,deep,oer,07,10,2019-12-01,2026-07-01,category,-0.5081305989100837,-2.1080737444356679e-4,"Cars and trucks, new"
23O,0.009780352967207815,0.016082359925387844,0.009881824727507716,0.03373044975630987,deep,oer,07,10,2019-12-01,2026-07-01,category,-0.5081305989100837,-2.1080737444356679e-4,Other vehicles
23U,0.11719856393081828,0.29664494459028895,0.053787378159627905,0.5484943663642059,deep,oer,07,10,2019-12-01,2026-07-01,category,-0.5081305989100837,-2.1080737444356679e-4,"Cars and trucks, used"
24,0.25960994797828774,0.08669278398570561,0.04696538981603042,0.17926235592111828,deep,oer,07,10,2019-12-01,2026-07-01,category,-0.5081305989100837,-2.1080737444356679e-4,Gasoline and other fuels
25I,0.07426781738833435,0.0430017933771915,0.01356438189539881,0.09709811214869422,deep,oer,07,10,2019-12-01,2026-07-01,category,-0.5081305989100837,-2.1080737444356679e-4,Vehicle insurance
25L,-0.005620842197554873,0.013069671337498291,0.004825552812901297,0.031595495907403216,deep,oer,07,10,2019-12-01,2026-07-01,category,-0.5081305989100837,-2.1080737444356679e-4,"Vehicle rental, leases, licenses and other charges"
25R,0.018055939572484785,0.01121187086968029,0.019081010890597206,0.02230677114753756,deep,oer,07,10,2019-12-01,2026-07-01,category,-0.5081305989100837,-2.1080737444356679e-4,Vehicle maintenance and repairs
26,-0.036477154829465855,0.03450044396349827,0.013325315327330438,0.08505066642090763,deep,oer,07,10,2019-12-01,2026-07-01,category,-0.5081305989100837,-2.1080737444356679e-4,Public and other transportation
31,-0.01951292552896384,0.007780374478829243,0.008510693515935664,0.015834706926994048,deep,oer,07,10,2019-12-01,2026-07-01,category,-0.5081305989100837,-2.1080737444356679e-4,Fees and admissions
32,0.04454271576708419,0.007466008851232057,0.009901686302278227,0.015336157865468283,deep,oer,07,10,2019-12-01,2026-07-01,category,-0.5081305989100837,-2.1080737444356679e-4,Audio and visual equipment and services
33,0.03862649787045442,0.030477185913471882,0.015434337123774346,0.0471978356246698,deep,oer,07,10,2019-12-01,2026-07-01,category,-0.5081305989100837,-2.1080737444356679e-4,"Pets, toys, hobbies, and playground equipment"
34,-0.05568027331469399,0.03018870026634949,0.04553401293875123,0.05866897643460692,deep,oer,07,10,2019-12-01,2026-07-01,category,-0.5081305989100837,-2.1080737444356679e-4,"Other entertainment supplies, equipment, services"
35,-0.003995150159660545,0.004934075727001547,0.0021429081062867288,0.009263161589534713,deep,oer,07,10,2019-12-01,2026-07-01,category,-0.5081305989100837,-2.1080737444356679e-4,Personal care products and services
36,0.010497984558242197,0.0032958651898862476,0.004185048914423236,0.00786583692925752,deep,oer,07,10,2019-12-01,2026-07-01,category,-0.5081305989100837,-2.1080737444356679e-4,Reading
37C,-0.28236553973131534,0.03713264283531317,0.07491222802499369,0.07573501161719613,deep,oer,07,10,2019-12-01,2026-07-01,category,-0.5081305989100837,-2.1080737444356679e-4,College tuition (incl. prepaid tuition)
37K,0.00410988965857898,0.0029435222426525045,8.508590808927912e-4,0.0071907462921390565,deep,oer,07,10,2019-12-01,2026-07-01,category,-0.5081305989100837,-2.1080737444356679e-4,Elementary and high school tuition
37O,-0.01853158472273093,0.00714121147235415,0.00876893229365625,0.013698415865895083,deep,oer,07,10,2019-12-01,2026-07-01,category,-0.5081305989100837,-2.1080737444356679e-4,"Other education (books, supplies, other schools)"
37V,-0.0043053416365283655,8.630949998361961e-4,0.0015287121437814071,0.001783668304154469,deep,oer,07,10,2019-12-01,2026-07-01,category,-0.5081305989100837,-2.1080737444356679e-4,Vocational and technical school tuition
38,-0.0797662435929097,0.006653780072643158,0.013854303687734982,0.01499352608585071,deep,oer,07,10,2019-12-01,2026-07-01,category,-0.5081305989100837,-2.1080737444356679e-4,Tobacco products and smoking supplies
39,0.00366815782688651,0.010805838591877946,0.005457086059396721,0.02266554226310754,deep,oer,07,10,2019-12-01,2026-07-01,category,-0.5081305989100837,-2.1080737444356679e-4,Miscellaneous
H0,0.020934141116222688,0.04758055820834112,0.029197630048687508,0.11126351902750893,deep,oer,07,10,2019-12-01,2026-07-01,category,-0.5081305989100837,-2.1080737444356679e-4,Owners' equivalent rent
M0,-0.056383628891782715,0.026166526931409043,0.04365409488942941,0.05324398784630206,deep,oer,07,10,2019-12-01,2026-07-01,category,-0.5081305989100837,-2.1080737444356679e-4,Medical care (pooled)
Food,0.05628925359838258,0.02631738344631024,0.018080553172252326,0.060381460958490715,deep,oer,F1,03,2019-12-01,2026-07-01,block,0.4916377809729644,0.11852457644636855,Food
Alcohol and tobacco,0.02750738464983122,0.0073846044194402095,0.01211716139932848,0.017370135820513954,deep,oer,F1,03,2019-12-01,2026-07-01,block,0.4916377809729644,0.11852457644636855,Alcohol and tobacco
Rent,0.047135204891879556,0.021198963420724765,0.008820987739362053,0.04718318932053171,deep,oer,F1,03,2019-12-01,2026-07-01,block,0.4916377809729644,0.11852457644636855,Rent
Owners' housing and lodging,-0.3440534646390057,0.058344425805091596,0.035630851798840846,0.14338741853983697,deep,oer,F1,03,2019-12-01,2026-07-01,block,0.4916377809729644,0.11852457644636855,Owners' housing and lodging
Utilities and phone,-0.037629636678404806,0.02270519080038076,0.018731419843455867,0.055514235079327935,deep,oer,F1,03,2019-12-01,2026-07-01,block,0.4916377809729644,0.11852457644636855,Utilities and phone
Childcare,3.5858545046424384e-5,0.00804107643390829,0.0018445084376821198,0.018647835169287516,deep,oer,F1,03,2019-12-01,2026-07-01,block,0.4916377809729644,0.11852457644636855,Childcare
Everything else,0.2287054381250184,0.06369802785326004,0.08016855895386778,0.14415600733437753,deep,oer,F1,03,2019-12-01,2026-07-01,block,0.4916377809729644,0.11852457644636855,Everything else
Apparel,-0.16877547509667787,0.014907824386844142,0.027866586586208882,0.03755942134334049,deep,oer,F1,03,2019-12-01,2026-07-01,block,0.4916377809729644,0.11852457644636855,Apparel
"Vehicles, gas, transport",0.3105622652653041,0.22409610739753788,0.07742203983618769,0.4813842624680655,deep,oer,F1,03,2019-12-01,2026-07-01,block,0.4916377809729644,0.11852457644636855,"Vehicles, gas, transport"
Education,-0.11508581093774467,0.020640407052352316,0.03880739259020216,0.044918738244501634,deep,oer,F1,03,2019-12-01,2026-07-01,block,0.4916377809729644,0.11852457644636855,Education
Medical,0.3684221868029666,0.022284244901901028,0.03645323366106134,0.044828932449659104,deep,oer,F1,03,2019-12-01,2026-07-01,block,0.4916377809729644,0.11852457644636855,Medical
01,0.024136479412778012,0.02253518058510653,0.007478421190726345,0.04521162793341172,deep,oer,F1,03,2019-12-01,2026-07-01,category,0.4916377809729644,0.11852457644636821,Food at home
02,0.03215277418560458,0.013662030814861774,0.016228977593485763,0.035257497372556464,deep,oer,F1,03,2019-12-01,2026-07-01,category,0.4916377809729644,0.11852457644636821,Food away from home
03,0.036725153766753754,0.006048873599363176,0.008536170475140971,0.011635068127321298,deep,oer,F1,03,2019-12-01,2026-07-01,category,0.4916377809729644,0.11852457644636821,Alcoholic beverages
07,0.047135204891879556,0.021198963420724765,0.008820987739362053,0.04718318932053171,deep,oer,F1,03,2019-12-01,2026-07-01,category,0.4916377809729644,0.11852457644636821,Rented dwellings
08,-0.11324282054778084,0.04043576947657246,0.018329408972582322,0.08724555782646326,deep,oer,F1,03,2019-12-01,2026-07-01,category,0.4916377809729644,0.11852457644636821,Other lodging
09,0.023505511027270155,0.013645333977262536,0.008342957449366679,0.029112984415167298,deep,oer,F1,03,2019-12-01,2026-07-01,category,0.4916377809729644,0.11852457644636821,Natural gas
10,0.004169674805159016,0.007129006220491437,0.011056778533559224,0.012820538606609498,deep,oer,F1,03,2019-12-01,2026-07-01,category,0.4916377809729644,0.11852457644636821,Electricity
11,-0.009091903621094362,0.01489430791340742,0.0017474524779170844,0.03536627914233757,deep,oer,F1,03,2019-12-01,2026-07-01,category,0.4916377809729644,0.11852457644636821,Fuel oil and other fuels
12,-0.058202046901367564,0.007743384737184071,0.016098850927847744,0.01948793986679959,deep,oer,F1,03,2019-12-01,2026-07-01,category,0.4916377809729644,0.11852457644636821,Telephone services
13,0.0019891280116279457,0.002798164729729776,0.0020871061255055413,0.006645619793884769,deep,oer,F1,03,2019-12-01,2026-07-01,category,0.4916377809729644,0.11852457644636821,Water and other public services
14C,3.5858545046424384e-5,0.00804107643390829,0.0018445084376821198,0.018647835169287516,deep,oer,F1,03,2019-12-01,2026-07-01,category,0.4916377809729644,0.11852457644636821,Childcare (personal services less elder and adult day care)
14E,-0.005322748579801995,0.003022409824024326,0.0016126555520749473,0.006002836751904277,deep,oer,F1,03,2019-12-01,2026-07-01,category,0.4916377809729644,0.11852457644636821,"Elder, invalid and adult day care"
15,0.08607766951958533,0.010579394779167438,0.02369160416732008,0.023936115011433043,deep,oer,F1,03,2019-12-01,2026-07-01,category,0.4916377809729644,0.11852457644636821,Other household expenses
16,0.01067901102148254,0.009931631580476935,0.0034035641490847714,0.02071835056492409,deep,oer,F1,03,2019-12-01,2026-07-01,category,0.4916377809729644,0.11852457644636821,Housekeeping supplies
17,0.03245208819038431,0.031589960489791534,0.03972138962707142,0.0596167382933704,deep,oer,F1,03,2019-12-01,2026-07-01,category,0.4916377809729644,0.11852457644636821,Household furnishings and equipment
18,-0.023589957032686463,0.005407785377826331,0.008534343623479136,0.011885306742104581,deep,oer,F1,03,2019-12-01,2026-07-01,category,0.4916377809729644,0.11852457644636821,Apparel: men and boys
19,-0.055391929477832204,0.010623859388984908,0.021354446308562498,0.025297771940564238,deep,oer,F1,03,2019-12-01,2026-07-01,category,0.4916377809729644,0.11852457644636821,Apparel: women and girls
20,-0.037209211247129975,0.003174982995380514,0.005802530576429564,0.00676959162163919,deep,oer,F1,03,2019-12-01,2026-07-01,category,0.4916377809729644,0.11852457644636821,Apparel: children under 2
21,-0.044917323116812735,0.007344246352538709,0.013698707672569522,0.01594125102958492,deep,oer,F1,03,2019-12-01,2026-07-01,category,0.4916377809729644,0.11852457644636821,Footwear
22,-0.007667054222216395,0.003907051487220593,0.005215903487824453,0.005587182916957124,deep,oer,F1,03,2019-12-01,2026-07-01,category,0.4916377809729644,0.11852457644636821,Other apparel products and services
23N,0.015182600355498253,0.0466795123779649,0.051904987211929064,0.10864113824023436,deep,oer,F1,03,2019-12-01,2026-07-01,category,0.4916377809729644,0.11852457644636821,"Cars and trucks, new"
23O,-0.004981076634918122,0.01234196645950326,0.004863299752447002,0.023239793393330484,deep,oer,F1,03,2019-12-01,2026-07-01,category,0.4916377809729644,0.11852457644636821,Other vehicles
23U,0.09653107275683825,0.21357319653911733,0.0326581223494239,0.40108790345109796,deep,oer,F1,03,2019-12-01,2026-07-01,category,0.4916377809729644,0.11852457644636821,"Cars and trucks, used"
24,0.1751510689409443,0.051504983590478844,0.025677360463442288,0.10948181802366265,deep,oer,F1,03,2019-12-01,2026-07-01,category,0.4916377809729644,0.11852457644636821,Gasoline and other fuels
25I,0.037324531360171914,0.0246574875995083,0.011781857593168642,0.05593779814925699,deep,oer,F1,03,2019-12-01,2026-07-01,category,0.4916377809729644,0.11852457644636821,Vehicle insurance
25L,-0.004923554064404631,0.008358358537847834,0.0032065150419921255,0.020973930043438605,deep,oer,F1,03,2019-12-01,2026-07-01,category,0.4916377809729644,0.11852457644636821,"Vehicle rental, leases, licenses and other charges"
25R,-0.0013223922689143876,0.007688117156794625,0.013908804701575362,0.016009246786957372,deep,oer,F1,03,2019-12-01,2026-07-01,category,0.4916377809729644,0.11852457644636821,Vehicle maintenance and repairs
26,-0.002399985179911253,0.031273509768392375,0.007941083338290952,0.07207867184495823,deep,oer,F1,03,2019-12-01,2026-07-01,category,0.4916377809729644,0.11852457644636821,Public and other transportation
31,0.0072832823096701214,0.036674497933123516,0.03906826574149035,0.04833947197028753,deep,oer,F1,03,2019-12-01,2026-07-01,category,0.4916377809729644,0.11852457644636821,Fees and admissions
32,0.0383391646558869,0.007151670977165311,0.0101714646660611,0.013883009063523296,deep,oer,F1,03,2019-12-01,2026-07-01,category,0.4916377809729644,0.11852457644636821,Audio and visual equipment and services
33,0.01989154397266202,0.013294500543581706,0.0077905080781887365,0.024610283823020586,deep,oer,F1,03,2019-12-01,2026-07-01,category,0.4916377809729644,0.11852457644636821,"Pets, toys, hobbies, and playground equipment"
34,0.025491228210570344,0.039042244241909024,0.05724833711688376,0.072972046361276785,deep,oer,F1,03,2019-12-01,2026-07-01,category,0.4916377809729644,0.11852457644636821,"Other entertainment supplies, equipment, services"
35,0.0011238609454327564,0.004370588598464491,0.002692323133504364,0.007251053290818307,deep,oer,F1,03,2019-12-01,2026-07-01,category,0.4916377809729644,0.11852457644636821,Personal care products and services
36,0.010893724767041079,0.0027948803209991257,0.004162671833896058,0.0063690055045364825,deep,oer,F1,03,2019-12-01,2026-07-01,category,0.4916377809729644,0.11852457644636821,Reading
37C,-0.06649007179312516,0.019377710581039743,0.03831772560988203,0.03928025499083984,deep,oer,F1,03,2019-12-01,2026-07-01,category,0.4916377809729644,0.11852457644636821,College tuition (incl. prepaid tuition)
37K,-0.006187388959707465,0.004870995358041281,0.0015813407699447298,0.01220116637567186,deep,oer,F1,03,2019-12-01,2026-07-01,category,0.4916377809729644,0.11852457644636821,Elementary and high school tuition
37O,-0.03837465871735665,0.005301384942329586,0.006405326638571812,0.010880230522235869,deep,oer,F1,03,2019-12-01,2026-07-01,category,0.4916377809729644,0.11852457644636821,"Other education (books, supplies, other schools)"
37V,-0.0040336914675554066,3.7211693590745437e-4,6.202452780956578e-4,7.944654708900399e-4,deep,oer,F1,03,2019-12-01,2026-07-01,category,0.4916377809729644,0.11852457644636821,Vocational and technical school tuition
38,-0.009217769116922538,0.004253344472603503,0.008674569861926761,0.009444500325740512,deep,oer,F1,03,2019-12-01,2026-07-01,category,0.4916377809729644,0.11852457644636821,Tobacco products and smoking supplies
39,0.0017966131121050154,0.008578168660878138,0.003870578068257356,0.018113690854531683,deep,oer,F1,03,2019-12-01,2026-07-01,category,0.4916377809729644,0.11852457644636821,Miscellaneous
H0,-0.23081064409122487,0.04087975079606822,0.031972223157075846,0.09409525519943085,deep,oer,F1,03,2019-12-01,2026-07-01,category,0.4916377809729644,0.11852457644636821,Owners' equivalent rent
M0,0.3684221868029666,0.022284244901901028,0.03645323366106134,0.044828932449659104,deep,oer,F1,03,2019-12-01,2026-07-01,category,0.4916377809729644,0.11852457644636821,Medical care (pooled)
Food,0.04833969269120339,0.028842562596533484,0.020137997889261097,0.06565860449435926,deep,oer,K1,03,2019-12-01,2026-07-01,block,0.4146076926255349,0.10576912097670865,Food
Alcohol and tobacco,0.02709668973026644,0.007995465052039472,0.012977921361049265,0.01868513329597863,deep,oer,K1,03,2019-12-01,2026-07-01,block,0.4146076926255349,0.10576912097670865,Alcohol and tobacco
Rent,0.06694205258350967,0.024198054269450642,0.010846216608975041,0.05389656369851759,deep,oer,K1,03,2019-12-01,2026-07-01,block,0.4146076926255349,0.10576912097670865,Rent
Owners' housing and lodging,-0.3388899090082399,0.061044170887165,0.03806854235018792,0.15020905507490245,deep,oer,K1,03,2019-12-01,2026-07-01,block,0.4146076926255349,0.10576912097670865,Owners' housing and lodging
Utilities and phone,0.009503585037678154,0.02412486417671885,0.020257148617661386,0.059084010692452074,deep,oer,K1,03,2019-12-01,2026-07-01,block,0.4146076926255349,0.10576912097670865,Utilities and phone
Childcare,2.5898637377506917e-4,0.01143162254150874,0.001964942307807714,0.026498219084244993,deep,oer,K1,03,2019-12-01,2026-07-01,block,0.4146076926255349,0.10576912097670865,Childcare
Everything else,0.15935869031772357,0.06898213378366688,0.08907164004704049,0.15254782900343816,deep,oer,K1,03,2019-12-01,2026-07-01,block,0.4146076926255349,0.10576912097670865,Everything else
Apparel,-0.19625509965686994,0.01636174624549958,0.03111001797681336,0.041632595081022745,deep,oer,K1,03,2019-12-01,2026-07-01,block,0.4146076926255349,0.10576912097670865,Apparel
"Vehicles, gas, transport",0.15054864008310478,0.24901764643613616,0.08706079846847581,0.5337740774906359,deep,oer,K1,03,2019-12-01,2026-07-01,block,0.4146076926255349,0.10576912097670865,"Vehicles, gas, transport"
Education,-0.024602462854824533,0.019760783495422585,0.034969599283679584,0.043639281262506796,deep,oer,K1,03,2019-12-01,2026-07-01,block,0.4146076926255349,0.10576912097670865,Education
Medical,0.40653770635149955,0.024025664138263843,0.039679902380753806,0.048598066095256486,deep,oer,K1,03,2019-12-01,2026-07-01,block,0.4146076926255349,0.10576912097670865,Medical
01,0.02112650234325419,0.024949076055610055,0.008220490605666294,0.04986956504250105,deep,oer,K1,03,2019-12-01,2026-07-01,category,0.4146076926255349,0.10576912097670887,Food at home
02,0.02721319034794919,0.01458976636347726,0.018243992297951955,0.03762757868123865,deep,oer,K1,03,2019-12-01,2026-07-01,category,0.4146076926255349,0.10576912097670887,Food away from home
03,0.04074459335642301,0.006574394786183059,0.009140111217848475,0.012463265908502134,deep,oer,K1,03,2019-12-01,2026-07-01,category,0.4146076926255349,0.10576912097670887,Alcoholic beverages
07,0.06694205258350967,0.024198054269450642,0.010846216608975041,0.05389656369851759,deep,oer,K1,03,2019-12-01,2026-07-01,category,0.4146076926255349,0.10576912097670887,Rented dwellings
08,-0.10784975111475227,0.04081570591626548,0.01866886734955345,0.0883049151297782,deep,oer,K1,03,2019-12-01,2026-07-01,category,0.4146076926255349,0.10576912097670887,Other lodging
09,0.030718422988129566,0.014110309113193178,0.00904278910022101,0.03036465001469933,deep,oer,K1,03,2019-12-01,2026-07-01,category,0.4146076926255349,0.10576912097670887,Natural gas
10,0.008121855448968724,0.0076849861561973385,0.011989565282370109,0.013833857493805366,deep,oer,K1,03,2019-12-01,2026-07-01,category,0.4146076926255349,0.10576912097670887,Electricity
11,-4.8545130504852076e-4,0.016058295263129,0.0016374151249302382,0.03802565901763296,deep,oer,K1,03,2019-12-01,2026-07-01,category,0.4146076926255349,0.10576912097670887,Fuel oil and other fuels
12,-0.0296793978947369,0.008352069273713503,0.01747440914970043,0.02097160356964502,deep,oer,K1,03,2019-12-01,2026-07-01,category,0.4146076926255349,0.10576912097670887,Telephone services
13,8.281558003652865e-4,0.0029409081462823633,0.002235985268948925,0.006994931935485527,deep,oer,K1,03,2019-12-01,2026-07-01,category,0.4146076926255349,0.10576912097670887,Water and other public services
14C,2.5898637377506917e-4,0.01143162254150874,0.001964942307807714,0.026498219084244993,deep,oer,K1,03,2019-12-01,2026-07-01,category,0.4146076926255349,0.10576912097670887,Childcare (personal services less elder and adult day care)
14E,-0.004135406399759248,0.0027811750247379373,0.0014260831687598378,0.005303359146913045,deep,oer,K1,03,2019-12-01,2026-07-01,category,0.4146076926255349,0.10576912097670887,"Elder, invalid and adult day care"
15,0.06968621861417443,0.011684561294729738,0.026123909781541332,0.026426750544897668,deep,oer,K1,03,2019-12-01,2026-07-01,category,0.4146076926255349,0.10576912097670887,Other household expenses
16,0.002712985554378046,0.009327765801820327,0.0020920410176482962,0.020233569750833003,deep,oer,K1,03,2019-12-01,2026-07-01,category,0.4146076926255349,0.10576912097670887,Housekeeping supplies
17,0.03266680825477031,0.03287076217514635,0.04103672006081093,0.06202517611357295,deep,oer,K1,03,2019-12-01,2026-07-01,category,0.4146076926255349,0.10576912097670887,Household furnishings and equipment
18,-0.030364464126588865,0.006113112480824621,0.009850643230339592,0.013339537136201831,deep,oer,K1,03,2019-12-01,2026-07-01,category,0.4146076926255349,0.10576912097670887,Apparel: men and boys
19,-0.060915865677377334,0.011972738082224507,0.02406032171572953,0.028679150933020644,deep,oer,K1,03,2019-12-01,2026-07-01,category,0.4146076926255349,0.10576912097670887,Apparel: women and girls
20,-0.05119383038364106,0.004075792082341282,0.007541679407416301,0.0088418984790486,deep,oer,K1,03,2019-12-01,2026-07-01,category,0.4146076926255349,0.10576912097670887,Apparel: children under 2
21,-0.04664864627706509,0.007024193424232071,0.014100502763582322,0.016366073331752568,deep,oer,K1,03,2019-12-01,2026-07-01,category,0.4146076926255349,0.10576912097670887,Footwear
22,-0.0071322931921975925,0.004387652552812746,0.005880644303909528,0.006278302984264736,deep,oer,K1,03,2019-12-01,2026-07-01,category,0.4146076926255349,0.10576912097670887,Other apparel products and services
23N,0.013361614643563266,0.05109012443142064,0.05878539590010694,0.11976068997516305,deep,oer,K1,03,2019-12-01,2026-07-01,category,0.4146076926255349,0.10576912097670887,"Cars and trucks, new"
23O,-0.0029571604633109095,0.013042896525653533,0.005040360742803489,0.02393237029155908,deep,oer,K1,03,2019-12-01,2026-07-01,category,0.4146076926255349,0.10576912097670887,Other vehicles
23U,0.04978089072562031,0.23845772578290694,0.04070721660531128,0.45042328587332253,deep,oer,K1,03,2019-12-01,2026-07-01,category,0.4146076926255349,0.10576912097670887,"Cars and trucks, used"
24,0.13582797607758512,0.05374205818294927,0.025366242826658555,0.11534613516011041,deep,oer,K1,03,2019-12-01,2026-07-01,category,0.4146076926255349,0.10576912097670887,Gasoline and other fuels
25I,-0.020902535086544098,0.02572529696355473,0.012760013064138818,0.0578913974203969,deep,oer,K1,03,2019-12-01,2026-07-01,category,0.4146076926255349,0.10576912097670887,Vehicle insurance
25L,-0.003610118715215796,0.008822210532780686,0.0038049197152149137,0.021991925735397877,deep,oer,K1,03,2019-12-01,2026-07-01,category,0.4146076926255349,0.10576912097670887,"Vehicle rental, leases, licenses and other charges"
25R,-0.012692181161484696,0.007999305508121732,0.014728332510197667,0.01690890686884455,deep,oer,K1,03,2019-12-01,2026-07-01,category,0.4146076926255349,0.10576912097670887,Vehicle maintenance and repairs
26,-0.00825984593710849,0.03412637122885861,0.009584202747756959,0.07823200673037095,deep,oer,K1,03,2019-12-01,2026-07-01,category,0.4146076926255349,0.10576912097670887,Public and other transportation
31,-0.011656464106828093,0.03744405659385066,0.03948141475671098,0.05204215311386232,deep,oer,K1,03,2019-12-01,2026-07-01,category,0.4146076926255349,0.10576912097670887,Fees and admissions
32,0.04081385768228871,0.007568023044641247,0.010735954686791772,0.014911997551801465,deep,oer,K1,03,2019-12-01,2026-07-01,category,0.4146076926255349,0.10576912097670887,Audio and visual equipment and services
33,0.009238680505080074,0.009975859694770906,0.006573053112715693,0.020477473184922785,deep,oer,K1,03,2019-12-01,2026-07-01,category,0.4146076926255349,0.10576912097670887,"Pets, toys, hobbies, and playground equipment"
34,0.004110563028881747,0.046630905337456785,0.06842519314999919,0.08410468115033026,deep,oer,K1,03,2019-12-01,2026-07-01,category,0.4146076926255349,0.10576912097670887,"Other entertainment supplies, equipment, services"
35,0.002653092578712455,0.0047701214132808995,0.002977324092485353,0.007874691974624105,deep,oer,K1,03,2019-12-01,2026-07-01,category,0.4146076926255349,0.10576912097670887,Personal care products and services
36,0.009550799167581413,0.0028892409598006677,0.00438791857683897,0.006625228283894442,deep,oer,K1,03,2019-12-01,2026-07-01,category,0.4146076926255349,0.10576912097670887,Reading
37C,0.033137109085901034,0.01738673529857431,0.03406412272191385,0.034377552739523566,deep,oer,K1,03,2019-12-01,2026-07-01,category,0.4146076926255349,0.10576912097670887,College tuition (incl. prepaid tuition)
37K,-0.01234539835966023,0.006886060024934539,0.0021806558344989262,0.01725686074169228,deep,oer,K1,03,2019-12-01,2026-07-01,category,0.4146076926255349,0.10576912097670887,Elementary and high school tuition
37O,-0.04301659349302519,0.006429083165275165,0.007597646041791886,0.013330594543537294,deep,oer,K1,03,2019-12-01,2026-07-01,category,0.4146076926255349,0.10576912097670887,"Other education (books, supplies, other schools)"
37V,-0.002377580088040143,3.3931159103225104e-4,5.422641457324888e-4,6.502178110727131e-4,deep,oer,K1,03,2019-12-01,2026-07-01,category,0.4146076926255349,0.10576912097670887,Vocational and technical school tuition
38,-0.013647903626156572,0.0045669905335913395,0.00928919989426575,0.010158994933337754,deep,oer,K1,03,2019-12-01,2026-07-01,category,0.4146076926255349,0.10576912097670887,Tobacco products and smoking supplies
39,0.0037175554384436386,0.010053675015620005,0.004508707615302928,0.020864268007655916,deep,oer,K1,03,2019-12-01,2026-07-01,category,0.4146076926255349,0.10576912097670887,Miscellaneous
H0,-0.23104015789348767,0.044314941931960734,0.03440609983548433,0.10227986509891904,deep,oer,K1,03,2019-12-01,2026-07-01,category,0.4146076926255349,0.10576912097670887,Owners' equivalent rent
M0,0.40653770635149955,0.024025664138263843,0.039679902380753806,0.048598066095256486,deep,oer,K1,03,2019-12-01,2026-07-01,category,0.4146076926255349,0.10576912097670887,Medical care (pooled)
Food,-0.06383409170847457,0.05680415477239903,0.03521698948471473,0.1273699203577453,deep,oer,09,04,2019-12-01,2026-07-01,block,1.954283314920291,0.22121354233876733,Food
Alcohol and tobacco,0.05098655789482763,0.018883914477060983,0.026926838512378724,0.03759730735506184,deep,oer,09,04,2019-12-01,2026-07-01,block,1.954283314920291,0.22121354233876733,Alcohol and tobacco
Rent,0.32948336627601477,0.05210498097363676,0.031141846261654116,0.12025662897122769,deep,oer,09,04,2019-12-01,2026-07-01,block,1.954283314920291,0.22121354233876733,Rent
Owners' housing and lodging,-0.222862255329084,0.08642237184857071,0.04285629155249566,0.21356983874107258,deep,oer,09,04,2019-12-01,2026-07-01,block,1.954283314920291,0.22121354233876733,Owners' housing and lodging
Utilities and phone,0.09414458792869743,0.040321155681910865,0.0428305031096338,0.09731919200496292,deep,oer,09,04,2019-12-01,2026-07-01,block,1.954283314920291,0.22121354233876733,Utilities and phone
Childcare,0.01541892331015414,0.018164843052867568,0.0026587904229813616,0.040954798596078916,deep,oer,09,04,2019-12-01,2026-07-01,block,1.954283314920291,0.22121354233876733,Childcare
Everything else,0.011126685519929805,0.0708300033163594,0.08766534139839954,0.16723794956720395,deep,oer,09,04,2019-12-01,2026-07-01,block,1.954283314920291,0.22121354233876733,Everything else
Apparel,-0.11817231969696851,0.03401133001235509,0.06492049689400306,0.0851531572314721,deep,oer,09,04,2019-12-01,2026-07-01,block,1.954283314920291,0.22121354233876733,Apparel
"Vehicles, gas, transport",1.178129087528138,0.5275780476462248,0.19846138162221832,1.0358831869879466,deep,oer,09,04,2019-12-01,2026-07-01,block,1.954283314920291,0.22121354233876733,"Vehicles, gas, transport"
Education,0.1906369637336586,0.024430712575593535,0.039736459106015795,0.059040392089763666,deep,oer,09,04,2019-12-01,2026-07-01,block,1.954283314920291,0.22121354233876733,Education
Medical,0.26801226712463,0.03405895837081837,0.05673916754728472,0.07092770731061235,deep,oer,09,04,2019-12-01,2026-07-01,block,1.954283314920291,0.22121354233876733,Medical
01,-0.04188885172532714,0.05086076694993537,0.01101796110686239,0.10234694671308639,deep,oer,09,04,2019-12-01,2026-07-01,category,1.954283314920291,0.22121354233876733,Food at home
02,-0.021945239983147416,0.027514074067394246,0.034712070624617654,0.06970558262581428,deep,oer,09,04,2019-12-01,2026-07-01,category,1.954283314920291,0.22121354233876733,Food away from home
03,0.008506709692127678,0.017047845774393725,0.021352145892568317,0.02545122288571101,deep,oer,09,04,2019-12-01,2026-07-01,category,1.954283314920291,0.22121354233876733,Alcoholic beverages
07,0.32948336627601477,0.05210498097363676,0.031141846261654116,0.12025662897122769,deep,oer,09,04,2019-12-01,2026-07-01,category,1.954283314920291,0.22121354233876733,Rented dwellings
08,0.04046858981583759,0.04820075314069601,0.01610040408463634,0.10229238994023943,deep,oer,09,04,2019-12-01,2026-07-01,category,1.954283314920291,0.22121354233876733,Other lodging
09,0.07860373836906433,0.02389151020073791,0.017081105361516417,0.05210621357465083,deep,oer,09,04,2019-12-01,2026-07-01,category,1.954283314920291,0.22121354233876733,Natural gas
10,0.1642859231207519,0.01533803307002086,0.0243994078530059,0.028387091482993038,deep,oer,09,04,2019-12-01,2026-07-01,category,1.954283314920291,0.22121354233876733,Electricity
11,0.009800035592514486,0.023204748184257842,0.0022816503531728097,0.05354391115909385,deep,oer,09,04,2019-12-01,2026-07-01,category,1.954283314920291,0.22121354233876733,Fuel oil and other fuels
12,-0.16338468463161124,0.018390552372565816,0.038885753245369914,0.04560580839602421,deep,oer,09,04,2019-12-01,2026-07-01,category,1.954283314920291,0.22121354233876733,Telephone services
13,0.0048395754779779684,0.005434361824874095,0.0040062832933159724,0.01283961519896406,deep,oer,09,04,2019-12-01,2026-07-01,category,1.954283314920291,0.22121354233876733,Water and other public services
14C,0.01541892331015414,0.018164843052867568,0.0026587904229813616,0.040954798596078916,deep,oer,09,04,2019-12-01,2026-07-01,category,1.954283314920291,0.22121354233876733,Childcare (personal services less elder and adult day care)
14E,0.0033671479650255486,0.0013865676363492632,9.604597473677637e-4,0.002413814175009495,deep,oer,09,04,2019-12-01,2026-07-01,category,1.954283314920291,0.22121354233876733,"Elder, invalid and adult day care"
15,-0.03801510515654316,0.016765912222488535,0.03763296543906385,0.03845233122176411,deep,oer,09,04,2019-12-01,2026-07-01,category,1.954283314920291,0.22121354233876733,Other household expenses
16,-0.033287872830028396,0.0175748485704276,0.005855808842599598,0.036873410772274115,deep,oer,09,04,2019-12-01,2026-07-01,category,1.954283314920291,0.22121354233876733,Housekeeping supplies
17,-0.045302119957530654,0.042960269673507336,0.05315660713438248,0.08220532307853919,deep,oer,09,04,2019-12-01,2026-07-01,category,1.954283314920291,0.22121354233876733,Household furnishings and equipment
18,-0.004736896581783681,0.010202901983982215,0.015859239311269254,0.022760923769355835,deep,oer,09,04,2019-12-01,2026-07-01,category,1.954283314920291,0.22121354233876733,Apparel: men and boys
19,-0.0840201709529436,0.022302285808977886,0.04547236145228481,0.054676962672280616,deep,oer,09,04,2019-12-01,2026-07-01,category,1.954283314920291,0.22121354233876733,Apparel: women and girls
20,-9.4103977845276e-4,0.008026336597324742,0.016631289795110738,0.01847312480806729,deep,oer,09,04,2019-12-01,2026-07-01,category,1.954283314920291,0.22121354233876733,Apparel: children under 2
21,-0.03980046328708017,0.021660234394252305,0.04016933030189264,0.04647136011825521,deep,oer,09,04,2019-12-01,2026-07-01,category,1.954283314920291,0.22121354233876733,Footwear
22,0.011326250903291701,0.005280872156971925,0.007344137620651561,0.00793392847804262,deep,oer,09,04,2019-12-01,2026-07-01,category,1.954283314920291,0.22121354233876733,Other apparel products and services
23N,0.10222123281720102,0.06506409572449622,0.08273286924067269,0.154323303959503,deep,oer,09,04,2019-12-01,2026-07-01,category,1.954283314920291,0.22121354233876733,"Cars and trucks, new"
23O,0.01970330225880339,0.02308307898919862,0.013988013247349204,0.03853803559281425,deep,oer,09,04,2019-12-01,2026-07-01,category,1.954283314920291,0.22121354233876733,Other vehicles
23U,0.9098204525806747,0.5184956051989373,0.17581178576563275,0.8918391142550907,deep,oer,09,04,2019-12-01,2026-07-01,category,1.954283314920291,0.22121354233876733,"Cars and trucks, used"
24,-0.028702822359661123,0.11428949617919983,0.06924730607960167,0.23628309101277556,deep,oer,09,04,2019-12-01,2026-07-01,category,1.954283314920291,0.22121354233876733,Gasoline and other fuels
25I,0.1492155682929291,0.06016831269269565,0.03193411866612157,0.13219224794661247,deep,oer,09,04,2019-12-01,2026-07-01,category,1.954283314920291,0.22121354233876733,Vehicle insurance
25L,-0.033004196892293045,0.017219099278693927,0.012573287729382265,0.03775889147025582,deep,oer,09,04,2019-12-01,2026-07-01,category,1.954283314920291,0.22121354233876733,"Vehicle rental, leases, licenses and other charges"
25R,0.03061385361339881,0.015408626540948248,0.027211152261936433,0.03300351954309285,deep,oer,09,04,2019-12-01,2026-07-01,category,1.954283314920291,0.22121354233876733,Vehicle maintenance and repairs
26,0.028261697217085394,0.07060321618259105,0.03621067770612784,0.1456530156235904,deep,oer,09,04,2019-12-01,2026-07-01,category,1.954283314920291,0.22121354233876733,Public and other transportation
31,0.027059001902716436,0.01662322423465552,0.016569610021554073,0.03248666579714486,deep,oer,09,04,2019-12-01,2026-07-01,category,1.954283314920291,0.22121354233876733,Fees and admissions
32,-0.03404142343172669,0.01308523783690035,0.016357766549908098,0.026045298971592433,deep,oer,09,04,2019-12-01,2026-07-01,category,1.954283314920291,0.22121354233876733,Audio and visual equipment and services
33,0.017355312229675464,0.020258950922281384,0.007822352397617386,0.0345888482742092,deep,oer,09,04,2019-12-01,2026-07-01,category,1.954283314920291,0.22121354233876733,"Pets, toys, hobbies, and playground equipment"
34,0.13059632429443743,0.033052711507693615,0.048662095069111316,0.06056602935976124,deep,oer,09,04,2019-12-01,2026-07-01,category,1.954283314920291,0.22121354233876733,"Other entertainment supplies, equipment, services"
35,-0.011359940984522622,0.009312963312409037,0.004319627461241388,0.01655645520869153,deep,oer,09,04,2019-12-01,2026-07-01,category,1.954283314920291,0.22121354233876733,Personal care products and services
36,0.0029651632613954247,0.003243989943728178,0.004170734093093697,0.008096915142806282,deep,oer,09,04,2019-12-01,2026-07-01,category,1.954283314920291,0.22121354233876733,Reading
37C,0.1933867263659387,0.018744392504397626,0.0366846813866369,0.03871977271922852,deep,oer,09,04,2019-12-01,2026-07-01,category,1.954283314920291,0.22121354233876733,College tuition (incl. prepaid tuition)
37K,4.538271128305244e-4,0.010895516644394516,0.001799922097212365,0.026798219132831907,deep,oer,09,04,2019-12-01,2026-07-01,category,1.954283314920291,0.22121354233876733,Elementary and high school tuition
37O,-0.007461699434203753,0.01117719498936902,0.015029222349178415,0.023054489804255056,deep,oer,09,04,2019-12-01,2026-07-01,category,1.954283314920291,0.22121354233876733,"Other education (books, supplies, other schools)"
37V,0.004258109689093124,4.2925160669081896e-4,7.069817160508154e-4,9.87594859925551e-4,deep,oer,09,04,2019-12-01,2026-07-01,category,1.954283314920291,0.22121354233876733,Vocational and technical school tuition
38,0.042479848202699955,0.008118690937974585,0.01646723753219136,0.017911389817387213,deep,oer,09,04,2019-12-01,2026-07-01,category,1.954283314920291,0.22121354233876733,Tobacco products and smoking supplies
39,-0.008209801772969014,0.02243577908545845,0.014310355592935168,0.04544341542088392,deep,oer,09,04,2019-12-01,2026-07-01,category,1.954283314920291,0.22121354233876733,Miscellaneous
H0,-0.26333084514492155,0.07039392846556335,0.040770015066812874,0.1648532269846315,deep,oer,09,04,2019-12-01,2026-07-01,category,1.954283314920291,0.22121354233876733,Owners' equivalent rent
M0,0.26801226712463,0.03405895837081837,0.05673916754728472,0.07092770731061235,deep,oer,09,04,2019-12-01,2026-07-01,category,1.954283314920291,0.22121354233876733,Medical care (pooled)
Food,0.03581157308932857,0.04832632438990905,0.04058238631992278,0.10850188641042298,deep,exsh,F1,10,2019-12-01,2026-07-01,block,-0.4240503518434746,-0.010441637798518033,Food
Alcohol and tobacco,-0.12726748839663563,0.012883634517427672,0.01961760779883245,0.030385954510640075,deep,exsh,F1,10,2019-12-01,2026-07-01,block,-0.4240503518434746,-0.010441637798518033,Alcohol and tobacco
Utilities and phone,-0.21965883483885074,0.03329544318162423,0.03274351039888256,0.07989652889780104,deep,exsh,F1,10,2019-12-01,2026-07-01,block,-0.4240503518434746,-0.010441637798518033,Utilities and phone
Childcare,0.03551940414773096,0.015384491088366994,0.005570510618525333,0.03522291593962019,deep,exsh,F1,10,2019-12-01,2026-07-01,block,-0.4240503518434746,-0.010441637798518033,Childcare
Everything else,0.09108833087304793,0.059220873179918136,0.07093758698576375,0.14491315016282924,deep,exsh,F1,10,2019-12-01,2026-07-01,block,-0.4240503518434746,-0.010441637798518033,Everything else
Apparel,-0.09630728157237468,0.02382020136499936,0.04287000791689765,0.05890433870888257,deep,exsh,F1,10,2019-12-01,2026-07-01,block,-0.4240503518434746,-0.010441637798518033,Apparel
"Vehicles, gas, transport",-0.2240105274949766,0.2837794165670554,0.09752966791493266,0.6188849026210347,deep,exsh,F1,10,2019-12-01,2026-07-01,block,-0.4240503518434746,-0.010441637798518033,"Vehicles, gas, transport"
Education,-0.06497008408173402,0.0330133893402263,0.05161425983451389,0.06831918528215382,deep,exsh,F1,10,2019-12-01,2026-07-01,block,-0.4240503518434746,-0.010441637798518033,Education
Medical,0.15618619422950764,0.030951021195207592,0.03772953005546909,0.06358734700275195,deep,exsh,F1,10,2019-12-01,2026-07-01,block,-0.4240503518434746,-0.010441637798518033,Medical
01,0.025218198924274328,0.04014426104029121,0.027046704997205413,0.06774348353990171,deep,exsh,F1,10,2019-12-01,2026-07-01,category,-0.4240503518434746,-0.010441637798517922,Food at home
02,0.010593374165054245,0.026921298953441874,0.02994479088388155,0.06911876128542119,deep,exsh,F1,10,2019-12-01,2026-07-01,category,-0.4240503518434746,-0.010441637798517922,Food away from home
03,0.042094529685824215,0.009092747616388475,0.008646754908570005,0.015007519964506218,deep,exsh,F1,10,2019-12-01,2026-07-01,category,-0.4240503518434746,-0.010441637798517922,Alcoholic beverages
09,-0.04783866190563173,0.01958328626467027,0.01211822883480877,0.04305994523476971,deep,exsh,F1,10,2019-12-01,2026-07-01,category,-0.4240503518434746,-0.010441637798517922,Natural gas
10,-0.18214081396739168,0.014699235986128439,0.02287618928124006,0.029394492565168483,deep,exsh,F1,10,2019-12-01,2026-07-01,category,-0.4240503518434746,-0.010441637798517922,Electricity
11,-0.04644772807583642,0.018305349504435058,0.00882482478432512,0.042284066652952465,deep,exsh,F1,10,2019-12-01,2026-07-01,category,-0.4240503518434746,-0.010441637798517922,Fuel oil and other fuels
12,0.06760209143277443,0.012674942247473961,0.024751035336083502,0.030777109227188838,deep,exsh,F1,10,2019-12-01,2026-07-01,category,-0.4240503518434746,-0.010441637798517922,Telephone services
13,-0.01083372232276543,0.006189246121795456,0.0035617036392450022,0.013566377010831587,deep,exsh,F1,10,2019-12-01,2026-07-01,category,-0.4240503518434746,-0.010441637798517922,Water and other public services
14C,0.03551940414773096,0.015384491088366994,0.005570510618525333,0.03522291593962019,deep,exsh,F1,10,2019-12-01,2026-07-01,category,-0.4240503518434746,-0.010441637798517922,Childcare (personal services less elder and adult day care)
14E,-0.02132577655546077,0.004895020145652204,0.0045856168788039955,0.010477507415712368,deep,exsh,F1,10,2019-12-01,2026-07-01,category,-0.4240503518434746,-0.010441637798517922,"Elder, invalid and adult day care"
15,0.16304848500758687,0.014842564929881548,0.030438649351148293,0.03108207373444137,deep,exsh,F1,10,2019-12-01,2026-07-01,category,-0.4240503518434746,-0.010441637798517922,Other household expenses
16,0.004400536123563189,0.016058851456086556,0.0069165932992266005,0.032876092321154717,deep,exsh,F1,10,2019-12-01,2026-07-01,category,-0.4240503518434746,-0.010441637798517922,Housekeeping supplies
17,-0.025801553939536127,0.024832583866161696,0.026933021095086603,0.05563886178230014,deep,exsh,F1,10,2019-12-01,2026-07-01,category,-0.4240503518434746,-0.010441637798517922,Household furnishings and equipment
18,-8.684926543221934e-4,0.009787529696819165,0.014468371712331235,0.021269067311953594,deep,exsh,F1,10,2019-12-01,2026-07-01,category,-0.4240503518434746,-0.010441637798517922,Apparel: men and boys
19,-0.017034469048944473,0.016787258322469398,0.031598586437444384,0.036774097391927316,deep,exsh,F1,10,2019-12-01,2026-07-01,category,-0.4240503518434746,-0.010441637798517922,Apparel: women and girls
20,-0.04011443175468045,0.004639059704754526,0.007755937954278107,0.009528917463106263,deep,exsh,F1,10,2019-12-01,2026-07-01,category,-0.4240503518434746,-0.010441637798517922,Apparel: children under 2
21,-0.01922999280249336,0.011576125184703733,0.021774869269425536,0.024077311467400997,deep,exsh,F1,10,2019-12-01,2026-07-01,category,-0.4240503518434746,-0.010441637798517922,Footwear
22,-0.019059895311934187,0.006139925705359123,0.010454125125623335,0.013592162585246247,deep,exsh,F1,10,2019-12-01,2026-07-01,category,-0.4240503518434746,-0.010441637798517922,Other apparel products and services
23N,-0.053057176341121386,0.04607445960766692,0.04785334553869191,0.10484378410925599,deep,exsh,F1,10,2019-12-01,2026-07-01,category,-0.4240503518434746,-0.010441637798517922,"Cars and trucks, new"
23O,0.022101704847944974,0.021321294830012535,0.013040550397756647,0.0377642272021952,deep,exsh,F1,10,2019-12-01,2026-07-01,category,-0.4240503518434746,-0.010441637798517922,Other vehicles
23U,-0.02404403424724502,0.26777155919333095,0.04901805633258441,0.5058512313094228,deep,exsh,F1,10,2019-12-01,2026-07-01,category,-0.4240503518434746,-0.010441637798517922,"Cars and trucks, used"
24,0.1345763278375939,0.07950314377828466,0.04455769611025331,0.16526993920042088,deep,exsh,F1,10,2019-12-01,2026-07-01,category,-0.4240503518434746,-0.010441637798517922,Gasoline and other fuels
25I,-0.1943031776820311,0.04414690819334412,0.021638981482384915,0.10073139143416693,deep,exsh,F1,10,2019-12-01,2026-07-01,category,-0.4240503518434746,-0.010441637798517922,Vehicle insurance
25L,4.793263647061546e-5,0.009540013200755777,0.003012465515640246,0.021971372751960837,deep,exsh,F1,10,2019-12-01,2026-07-01,category,-0.4240503518434746,-0.010441637798517922,"Vehicle rental, leases, licenses and other charges"
25R,-0.05039498858611074,0.012776544903298626,0.021165063857205985,0.02846137093743742,deep,exsh,F1,10,2019-12-01,2026-07-01,category,-0.4240503518434746,-0.010441637798517922,Vehicle maintenance and repairs
26,-0.058937115960478036,0.03552689380105875,0.009359626011290803,0.08580247671363771,deep,exsh,F1,10,2019-12-01,2026-07-01,category,-0.4240503518434746,-0.010441637798517922,Public and other transportation
31,-0.05812486697112928,0.016577307961751744,0.0067410800782798834,0.0337757003207053,deep,exsh,F1,10,2019-12-01,2026-07-01,category,-0.4240503518434746,-0.010441637798517922,Fees and admissions
32,0.08293289746406768,0.009465215982101014,0.009928644590175605,0.019452090065992227,deep,exsh,F1,10,2019-12-01,2026-07-01,category,-0.4240503518434746,-0.010441637798517922,Audio and visual equipment and services
33,0.03451623507569717,0.022190769367569713,0.012208219729559794,0.04174566038585454,deep,exsh,F1,10,2019-12-01,2026-07-01,category,-0.4240503518434746,-0.010441637798517922,"Pets, toys, hobbies, and playground equipment"
34,-0.10499910599050823,0.03442413818051517,0.05613386400233732,0.07049429829579325,deep,exsh,F1,10,2019-12-01,2026-07-01,category,-0.4240503518434746,-0.010441637798517922,"Other entertainment supplies, equipment, services"
35,0.0036904037971528967,0.006889629142595728,0.001104170465354203,0.014730968661260538,deep,exsh,F1,10,2019-12-01,2026-07-01,category,-0.4240503518434746,-0.010441637798517922,Personal care products and services
36,0.011022680484577843,0.003529420595495183,0.0038562168531146423,0.007739034891934535,deep,exsh,F1,10,2019-12-01,2026-07-01,category,-0.4240503518434746,-0.010441637798517922,Reading
37C,-0.04921052018412992,0.030626084843946026,0.050983431295716836,0.0563837909806676,deep,exsh,F1,10,2019-12-01,2026-07-01,category,-0.4240503518434746,-0.010441637798517922,College tuition (incl. prepaid tuition)
37K,0.013837142543194125,0.008863327291439871,0.0015240315255908954,0.022051795873104473,deep,exsh,F1,10,2019-12-01,2026-07-01,category,-0.4240503518434746,-0.010441637798517922,Elementary and high school tuition
37O,-0.0286578596924204,0.008942393738646692,0.008506936523119546,0.017230442321719695,deep,exsh,F1,10,2019-12-01,2026-07-01,category,-0.4240503518434746,-0.010441637798517922,"Other education (books, supplies, other schools)"
37V,-9.388467483778158e-4,7.616686204439527e-4,0.001202332541127591,0.0014401379492444022,deep,exsh,F1,10,2019-12-01,2026-07-01,category,-0.4240503518434746,-0.010441637798517922,Vocational and technical school tuition
38,-0.1693620180824598,0.009066200752174455,0.017741047205137677,0.01931716430083565,deep,exsh,F1,10,2019-12-01,2026-07-01,category,-0.4240503518434746,-0.010441637798517922,Tobacco products and smoking supplies
39,0.0017283963770366867,0.017326507681571162,0.00902599886665825,0.034241984065788454,deep,exsh,F1,10,2019-12-01,2026-07-01,category,-0.4240503518434746,-0.010441637798517922,Miscellaneous
M0,0.15618619422950764,0.030951021195207592,0.03772953005546909,0.06358734700275195,deep,exsh,F1,10,2019-12-01,2026-07-01,category,-0.4240503518434746,-0.010441637798517922,Medical care (pooled)
Food,0.030308042061234226,0.052505727867911876,0.04469758889536386,0.11788368876056701,deep,exsh,K1,10,2019-12-01,2026-07-01,block,-0.5816667391132402,-0.03004961851809207,Food
Alcohol and tobacco,-0.12807438408045294,0.013981052014570563,0.020839101872298836,0.03263400839855258,deep,exsh,K1,10,2019-12-01,2026-07-01,block,-0.5816667391132402,-0.03004961851809207,Alcohol and tobacco
Utilities and phone,-0.1557823049681156,0.035412465476324304,0.034849467022625556,0.08525273121398831,deep,exsh,K1,10,2019-12-01,2026-07-01,block,-0.5816667391132402,-0.03004961851809207,Utilities and phone
Childcare,0.05341535032436387,0.021437712785003154,0.007134013042031704,0.04923366156236039,deep,exsh,K1,10,2019-12-01,2026-07-01,block,-0.5816667391132402,-0.03004961851809207,Childcare
Everything else,-3.254622423194131e-4,0.06635056992559289,0.08346121334383393,0.15926559319202294,deep,exsh,K1,10,2019-12-01,2026-07-01,block,-0.5816667391132402,-0.03004961851809207,Everything else
Apparel,-0.13598101760866246,0.026042937040044106,0.047088859328411704,0.0651855685272539,deep,exsh,K1,10,2019-12-01,2026-07-01,block,-0.5816667391132402,-0.03004961851809207,Apparel
"Vehicles, gas, transport",-0.4486354185228782,0.31933413856624393,0.10921670234960602,0.6927604408238021,deep,exsh,K1,10,2019-12-01,2026-07-01,block,-0.5816667391132402,-0.03004961851809207,"Vehicles, gas, transport"
Education,0.04423188653062423,0.03293256415420822,0.0476346775588648,0.06980423152737322,deep,exsh,K1,10,2019-12-01,2026-07-01,block,-0.5816667391132402,-0.03004961851809207,Education
Medical,0.18922618791105802,0.03387056712329575,0.041761168517789334,0.06975956536329087,deep,exsh,K1,10,2019-12-01,2026-07-01,block,-0.5816667391132402,-0.03004961851809207,Medical
01,0.025192881153088195,0.04386224036795934,0.028625819324939707,0.07445107433702794,deep,exsh,K1,10,2019-12-01,2026-07-01,category,-0.5816667391132402,-0.030049618518091847,Food at home
02,0.0051151609081460225,0.02885532314872054,0.03404657475659934,0.07442937182064106,deep,exsh,K1,10,2019-12-01,2026-07-01,category,-0.5816667391132402,-0.030049618518091847,Food away from home
03,0.04722845696188628,0.010169707937345111,0.00973660908107987,0.016591843823208666,deep,exsh,K1,10,2019-12-01,2026-07-01,category,-0.5816667391132402,-0.030049618518091847,Alcoholic beverages
09,-0.034857663503320646,0.020322039999441363,0.013292073455078787,0.0450168030097254,deep,exsh,K1,10,2019-12-01,2026-07-01,category,-0.5816667391132402,-0.030049618518091847,Natural gas
10,-0.17261218391624844,0.015582078911795551,0.024450884544992373,0.03121718223753676,deep,exsh,K1,10,2019-12-01,2026-07-01,category,-0.5816667391132402,-0.030049618518091847,Electricity
11,-0.03454088808785834,0.020067348325717015,0.008895530280759428,0.0463097197379329,deep,exsh,K1,10,2019-12-01,2026-07-01,category,-0.5816667391132402,-0.030049618518091847,Fuel oil and other fuels
12,0.09922525648602497,0.013529881926578995,0.02663886066253023,0.03284392925555928,deep,exsh,K1,10,2019-12-01,2026-07-01,category,-0.5816667391132402,-0.030049618518091847,Telephone services
13,-0.012996825946713173,0.00645035864867886,0.00395621657689104,0.014221555788220002,deep,exsh,K1,10,2019-12-01,2026-07-01,category,-0.5816667391132402,-0.030049618518091847,Water and other public services
14C,0.05341535032436387,0.021437712785003154,0.007134013042031704,0.04923366156236039,deep,exsh,K1,10,2019-12-01,2026-07-01,category,-0.5816667391132402,-0.030049618518091847,Childcare (personal services less elder and adult day care)
14E,-0.018556450136844087,0.004390614081924514,0.004250634708796306,0.009245238611232415,deep,exsh,K1,10,2019-12-01,2026-07-01,category,-0.5816667391132402,-0.030049618518091847,"Elder, invalid and adult day care"
15,0.13788437876019305,0.016310760171004822,0.03373212130859249,0.03438430175163729,deep,exsh,K1,10,2019-12-01,2026-07-01,category,-0.5816667391132402,-0.030049618518091847,Other household expenses
16,-0.009659384624934368,0.015201339121388683,0.003540240255533807,0.0321127611569601,deep,exsh,K1,10,2019-12-01,2026-07-01,category,-0.5816667391132402,-0.030049618518091847,Housekeeping supplies
17,-0.021686846795002754,0.02675442730510843,0.028988667560877358,0.059670296203205644,deep,exsh,K1,10,2019-12-01,2026-07-01,category,-0.5816667391132402,-0.030049618518091847,Household furnishings and equipment
18,-0.009157172923357491,0.010447230447777464,0.015507170397482535,0.02283699246453787,deep,exsh,K1,10,2019-12-01,2026-07-01,category,-0.5816667391132402,-0.030049618518091847,Apparel: men and boys
19,-0.028262237924092,0.018726401260945238,0.03505061269357993,0.041122619887032724,deep,exsh,K1,10,2019-12-01,2026-07-01,category,-0.5816667391132402,-0.030049618518091847,Apparel: women and girls
20,-0.0574729909478617,0.005939968922768308,0.009874408119859875,0.012193170833979357,deep,exsh,K1,10,2019-12-01,2026-07-01,category,-0.5816667391132402,-0.030049618518091847,Apparel: children under 2
21,-0.02409376500929361,0.011380928842260503,0.02232304922381262,0.024643915271649285,deep,exsh,K1,10,2019-12-01,2026-07-01,category,-0.5816667391132402,-0.030049618518091847,Footwear
22,-0.01699485080405766,0.007474766196158436,0.012723478550295706,0.016011719178310648,deep,exsh,K1,10,2019-12-01,2026-07-01,category,-0.5816667391132402,-0.030049618518091847,Other apparel products and services
23N,-0.046084004267887765,0.051878654668197494,0.05497885147675635,0.11839021027107746,deep,exsh,K1,10,2019-12-01,2026-07-01,category,-0.5816667391132402,-0.030049618518091847,"Cars and trucks, new"
23O,0.025257840875262907,0.02197396876680437,0.013122476887953132,0.03839970617929307,deep,exsh,K1,10,2019-12-01,2026-07-01,category,-0.5816667391132402,-0.030049618518091847,Other vehicles
23U,-0.09100931833881731,0.3030801652220921,0.056678400031439063,0.57438651106033,deep,exsh,K1,10,2019-12-01,2026-07-01,category,-0.5816667391132402,-0.030049618518091847,"Cars and trucks, used"
24,0.07471230664798996,0.08310745949136009,0.0448903776760863,0.17414257099542113,deep,exsh,K1,10,2019-12-01,2026-07-01,category,-0.5816667391132402,-0.030049618518091847,Gasoline and other fuels
25I,-0.28120140775089625,0.04573783151264888,0.023619159687428018,0.10387385107090644,deep,exsh,K1,10,2019-12-01,2026-07-01,category,-0.5816667391132402,-0.030049618518091847,Vehicle insurance
25L,0.0021895724729034142,0.010221989137882474,0.0034349545547838305,0.02340191692659171,deep,exsh,K1,10,2019-12-01,2026-07-01,category,-0.5816667391132402,-0.030049618518091847,"Vehicle rental, leases, licenses and other charges"
25R,-0.0664679762629453,0.013566494605081983,0.022976085484403167,0.030525576832007458,deep,exsh,K1,10,2019-12-01,2026-07-01,category,-0.5816667391132402,-0.030049618518091847,Vehicle maintenance and repairs
26,-0.06603243189848772,0.04047318950845061,0.011195028274456648,0.0963286600482968,deep,exsh,K1,10,2019-12-01,2026-07-01,category,-0.5816667391132402,-0.030049618518091847,Public and other transportation
31,-0.0806213157687466,0.022147202594185022,0.008068362416233876,0.04468650444026365,deep,exsh,K1,10,2019-12-01,2026-07-01,category,-0.5816667391132402,-0.030049618518091847,Fees and admissions
32,0.08549227482221526,0.010217671949697417,0.010667097769320084,0.021042873289969156,deep,exsh,K1,10,2019-12-01,2026-07-01,category,-0.5816667391132402,-0.030049618518091847,Audio and visual equipment and services
33,0.019581487042221325,0.015982844642765358,0.005585744990866996,0.03416322547780854,deep,exsh,K1,10,2019-12-01,2026-07-01,category,-0.5816667391132402,-0.030049618518091847,"Pets, toys, hobbies, and playground equipment"
34,-0.13404866282932207,0.043636207492123144,0.0708787314017168,0.08631193800423907,deep,exsh,K1,10,2019-12-01,2026-07-01,category,-0.5816667391132402,-0.030049618518091847,"Other entertainment supplies, equipment, services"
35,0.006096133738115938,0.007810577415648709,0.0013069099535135138,0.016367256257196063,deep,exsh,K1,10,2019-12-01,2026-07-01,category,-0.5816667391132402,-0.030049618518091847,Personal care products and services
36,0.008944392728469577,0.003754990991106641,0.004366571961858305,0.008226106803328352,deep,exsh,K1,10,2019-12-01,2026-07-01,category,-0.5816667391132402,-0.030049618518091847,Reading
37C,0.06800932437381334,0.028659276371602715,0.04655924219073237,0.051093109392611,deep,exsh,K1,10,2019-12-01,2026-07-01,category,-0.5816667391132402,-0.030049618518091847,College tuition (incl. prepaid tuition)
37K,0.009852308300244916,0.012588027947554124,0.0019316411578052578,0.03133256332238248,deep,exsh,K1,10,2019-12-01,2026-07-01,category,-0.5816667391132402,-0.030049618518091847,Elementary and high school tuition
37O,-0.0343083105403301,0.010502211255809819,0.009829127128669459,0.02058572814403463,deep,exsh,K1,10,2019-12-01,2026-07-01,category,-0.5816667391132402,-0.030049618518091847,"Other education (books, supplies, other schools)"
37V,6.785643968960956e-4,7.533325573359216e-4,0.0011748577312441042,0.0013535599321642328,deep,exsh,K1,10,2019-12-01,2026-07-01,category,-0.5816667391132402,-0.030049618518091847,Vocational and technical school tuition
38,-0.1753028410423392,0.009527424573658216,0.01855659963160043,0.020197988417601828,deep,exsh,K1,10,2019-12-01,2026-07-01,category,-0.5816667391132402,-0.030049618518091847,Tobacco products and smoking supplies
39,0.006248530821315285,0.020176237123942148,0.010931287736151114,0.03931901879621271,deep,exsh,K1,10,2019-12-01,2026-07-01,category,-0.5816667391132402,-0.030049618518091847,Miscellaneous
M0,0.18922618791105802,0.03387056712329575,0.041761168517789334,0.06975956536329087,deep,exsh,K1,10,2019-12-01,2026-07-01,category,-0.5816667391132402,-0.030049618518091847,Medical care (pooled)
Food,0.03904122501196787,0.06960402077625846,0.05631336388046637,0.16436145943638542,deep,exsh,07,10,2019-12-01,2026-07-01,block,-0.10609883674341791,0.029234553955918646,Food
Alcohol and tobacco,-0.12516548849451756,0.01639798059186695,0.02485415537098066,0.03870632736968576,deep,exsh,07,10,2019-12-01,2026-07-01,block,-0.10609883674341791,0.029234553955918646,Alcohol and tobacco
Utilities and phone,-0.3609171258650696,0.044666935171434656,0.04212741009080646,0.10734175997737805,deep,exsh,07,10,2019-12-01,2026-07-01,block,-0.10609883674341791,0.029234553955918646,Utilities and phone
Childcare,-0.009537507612669638,0.008502350625706296,0.005853329364671197,0.017951313646237182,deep,exsh,07,10,2019-12-01,2026-07-01,block,-0.10609883674341791,0.029234553955918646,Childcare
Everything else,0.2756538082726396,0.0886633962278287,0.09228134864726385,0.20972021284698744,deep,exsh,07,10,2019-12-01,2026-07-01,block,-0.10609883674341791,0.029234553955918646,Everything else
Apparel,4.4537797967044226e-4,0.03378371075328144,0.05906668964509661,0.08028141246526016,deep,exsh,07,10,2019-12-01,2026-07-01,block,-0.10609883674341791,0.029234553955918646,Apparel
"Vehicles, gas, transport",0.2611475154016596,0.4147926636300186,0.1493812193280433,0.9024618697030841,deep,exsh,07,10,2019-12-01,2026-07-01,block,-0.10609883674341791,0.029234553955918646,"Vehicles, gas, transport"
Education,-0.299058491913839,0.054510284342745845,0.09408063079926443,0.10960805514565253,deep,exsh,07,10,2019-12-01,2026-07-01,block,-0.10609883674341791,0.029234553955918646,Education
Medical,0.08305729652082172,0.04301710144326847,0.05376854139349995,0.0863334112709772,deep,exsh,07,10,2019-12-01,2026-07-01,block,-0.10609883674341791,0.029234553955918646,Medical
01,0.01862438807879566,0.05376158931216319,0.03482948176911822,0.09460240410778037,deep,exsh,07,10,2019-12-01,2026-07-01,category,-0.10609883674341791,0.029234553955918674,Food at home
02,0.020416836933172224,0.04440484753939082,0.04307837042482182,0.11249269566706008,deep,exsh,07,10,2019-12-01,2026-07-01,category,-0.10609883674341791,0.029234553955918674,Food away from home
03,0.03074684035408851,0.01168588992060214,0.011018237693791703,0.019831995480967597,deep,exsh,07,10,2019-12-01,2026-07-01,category,-0.10609883674341791,0.029234553955918674,Alcoholic beverages
09,-0.07709418096201574,0.02712643138020623,0.01458462903964531,0.058502018872933985,deep,exsh,07,10,2019-12-01,2026-07-01,category,-0.10609883674341791,0.029234553955918674,Natural gas
10,-0.19995151797261768,0.018724491744380456,0.028832166504624817,0.03724364222869858,deep,exsh,07,10,2019-12-01,2026-07-01,category,-0.10609883674341791,0.029234553955918674,Electricity
11,-0.07524297555662363,0.024138787516895303,0.010163022831671975,0.055871552952029356,deep,exsh,07,10,2019-12-01,2026-07-01,category,-0.10609883674341791,0.029234553955918674,Fuel oil and other fuels
12,-0.0026033905836282244,0.01816741651725571,0.03501781710014445,0.04426588297860885,deep,exsh,07,10,2019-12-01,2026-07-01,category,-0.10609883674341791,0.029234553955918674,Telephone services
13,-0.0060250607901843325,0.00841022802169505,0.005119963316699426,0.01855693566779555,deep,exsh,07,10,2019-12-01,2026-07-01,category,-0.10609883674341791,0.029234553955918674,Water and other public services
14C,-0.009537507612669638,0.008502350625706296,0.005853329364671197,0.017951313646237182,deep,exsh,07,10,2019-12-01,2026-07-01,category,-0.10609883674341791,0.029234553955918674,Childcare (personal services less elder and adult day care)
14E,-0.027193709086353813,0.008177941056717208,0.006892709221376017,0.01635408700769784,deep,exsh,07,10,2019-12-01,2026-07-01,category,-0.10609883674341791,0.029234553955918674,"Elder, invalid and adult day care"
15,0.21565947076070172,0.017354577565564695,0.03629681237404655,0.037256569121821244,deep,exsh,07,10,2019-12-01,2026-07-01,category,-0.10609883674341791,0.029234553955918674,Other household expenses
16,0.031045745872736966,0.03146287029745297,0.018256458512915467,0.058966209999768565,deep,exsh,07,10,2019-12-01,2026-07-01,category,-0.10609883674341791,0.029234553955918674,Housekeeping supplies
17,-0.035050820277976576,0.04017132462083635,0.049933854312772405,0.08463832155694885,deep,exsh,07,10,2019-12-01,2026-07-01,category,-0.10609883674341791,0.029234553955918674,Household furnishings and equipment
18,0.016993882984953218,0.012175789253108358,0.016735769282185817,0.027000577361509646,deep,exsh,07,10,2019-12-01,2026-07-01,category,-0.10609883674341791,0.029234553955918674,Apparel: men and boys
19,0.00932795314708956,0.022308663382692412,0.04175982158426803,0.04906695175998045,deep,exsh,07,10,2019-12-01,2026-07-01,category,-0.10609883674341791,0.029234553955918674,Apparel: women and girls
20,0.005382564614620659,0.00380154648484564,0.006708714185294489,0.007733139433077506,deep,exsh,07,10,2019-12-01,2026-07-01,category,-0.10609883674341791,0.029234553955918674,Apparel: children under 2
21,-0.007720010698049712,0.02089420482885706,0.03654289429971634,0.039354387939091774,deep,exsh,07,10,2019-12-01,2026-07-01,category,-0.10609883674341791,0.029234553955918674,Footwear
22,-0.02353901206894328,0.0072718161013411615,0.010920305673005762,0.016516533723156597,deep,exsh,07,10,2019-12-01,2026-07-01,category,-0.10609883674341791,0.029234553955918674,Other apparel products and services
23N,-0.06713166037009904,0.06908765542158128,0.06609775452656154,0.1544026810997774,deep,exsh,07,10,2019-12-01,2026-07-01,category,-0.10609883674341791,0.029234553955918674,"Cars and trucks, new"
23O,0.014594089400296419,0.02260900158017706,0.013654666486144355,0.04605586523636188,deep,exsh,07,10,2019-12-01,2026-07-01,category,-0.10609883674341791,0.029234553955918674,Other vehicles
23U,0.12395051584861229,0.3905914836474444,0.08277315326547582,0.7203174996036424,deep,exsh,07,10,2019-12-01,2026-07-01,category,-0.10609883674341791,0.029234553955918674,"Cars and trucks, used"
24,0.25162871066938836,0.12639950061963542,0.07500482844852954,0.25712290879145777,deep,exsh,07,10,2019-12-01,2026-07-01,category,-0.10609883674341791,0.029234553955918674,Gasoline and other fuels
25I,0.003278568070214677,0.06755214687551225,0.028237092660807588,0.15555418109059457,deep,exsh,07,10,2019-12-01,2026-07-01,category,-0.10609883674341791,0.029234553955918674,Vehicle insurance
25L,-0.004590162323012347,0.015775509007727756,0.0029431298879250803,0.03591607196707297,deep,exsh,07,10,2019-12-01,2026-07-01,category,-0.10609883674341791,0.029234553955918674,"Vehicle rental, leases, licenses and other charges"
25R,-0.016475683005220985,0.019737604614792972,0.0318144166550819,0.04192465497422246,deep,exsh,07,10,2019-12-01,2026-07-01,category,-0.10609883674341791,0.029234553955918674,Vehicle maintenance and repairs
26,-0.04410686288851978,0.049287484115164495,0.01528919970338131,0.12356346020985685,deep,exsh,07,10,2019-12-01,2026-07-01,category,-0.10609883674341791,0.029234553955918674,Public and other transportation
31,-0.011272057301339119,0.014524899588857911,0.008938177631910956,0.030300981318826338,deep,exsh,07,10,2019-12-01,2026-07-01,category,-0.10609883674341791,0.029234553955918674,Fees and admissions
32,0.07710401259029172,0.012085903551574795,0.012486216994609617,0.024214819369708818,deep,exsh,07,10,2019-12-01,2026-07-01,category,-0.10609883674341791,0.029234553955918674,Audio and visual equipment and services
33,0.06123001823727706,0.05262703341791636,0.0320346229814373,0.08137086459764817,deep,exsh,07,10,2019-12-01,2026-07-01,category,-0.10609883674341791,0.029234553955918674,"Pets, toys, hobbies, and playground equipment"
34,-0.04138684950249332,0.03311979179367352,0.052724135390642274,0.06929034303746728,deep,exsh,07,10,2019-12-01,2026-07-01,category,-0.10609883674341791,0.029234553955918674,"Other entertainment supplies, equipment, services"
35,-0.0014439882160484216,0.009782282368755451,0.0015621096279958059,0.021186693445527007,deep,exsh,07,10,2019-12-01,2026-07-01,category,-0.10609883674341791,0.029234553955918674,Personal care products and services
36,0.016170879020273303,0.004852599026533484,0.0050239928369198725,0.010847599147384838,deep,exsh,07,10,2019-12-01,2026-07-01,category,-0.10609883674341791,0.029234553955918674,Reading
37C,-0.29993705967535433,0.05339414628718448,0.09369092944288707,0.10228593201869746,deep,exsh,07,10,2019-12-01,2026-07-01,category,-0.10609883674341791,0.029234553955918674,College tuition (incl. prepaid tuition)
37K,0.020032954022590227,0.005083273791114932,0.0014050482190666501,0.012586545419812493,deep,exsh,07,10,2019-12-01,2026-07-01,category,-0.10609883674341791,0.029234553955918674,Elementary and high school tuition
37O,-0.015258703226552267,0.010435188393499216,0.010921741310115534,0.019595297046468927,deep,exsh,07,10,2019-12-01,2026-07-01,category,-0.10609883674341791,0.029234553955918674,"Other education (books, supplies, other schools)"
37V,-0.0038956830345226352,0.0012534716758775598,0.0019452724446637048,0.002373856740601402,deep,exsh,07,10,2019-12-01,2026-07-01,category,-0.10609883674341791,0.029234553955918674,Vocational and technical school tuition
38,-0.1559123288486061,0.011464968741110465,0.022464880348259067,0.024056883642873353,deep,exsh,07,10,2019-12-01,2026-07-01,category,-0.10609883674341791,0.029234553955918674,Tobacco products and smoking supplies
39,-0.009208893824429895,0.02109819097923554,0.006866042310094761,0.04073566182698399,deep,exsh,07,10,2019-12-01,2026-07-01,category,-0.10609883674341791,0.029234553955918674,Miscellaneous
M0,0.08305729652082172,0.04301710144326847,0.05376854139349995,0.0863334112709772,deep,exsh,07,10,2019-12-01,2026-07-01,category,-0.10609883674341791,0.029234553955918674,Medical care (pooled)
Food,0.07475311555822382,0.04682693140221763,0.038128668249177655,0.10993732243113818,deep,exsh,F1,03,2019-12-01,2026-07-01,block,1.273913308343566,0.16196118178603758,Food
Alcohol and tobacco,0.02749013519942232,0.013213463957364656,0.017741105263801876,0.030159261458123858,deep,exsh,F1,03,2019-12-01,2026-07-01,block,1.273913308343566,0.16196118178603758,Alcohol and tobacco
Utilities and phone,-0.06520873786585704,0.03364998566134316,0.02899152000919369,0.08246409273852057,deep,exsh,F1,03,2019-12-01,2026-07-01,block,1.273913308343566,0.16196118178603758,Utilities and phone
Childcare,0.03634076903282332,0.014631207811716724,0.005301915971675787,0.033805165956317954,deep,exsh,F1,03,2019-12-01,2026-07-01,block,1.273913308343566,0.16196118178603758,Childcare
Everything else,0.41383707908072187,0.09130808288295042,0.10366361308063692,0.20712096932879723,deep,exsh,F1,03,2019-12-01,2026-07-01,block,1.273913308343566,0.16196118178603758,Everything else
Apparel,-0.1857464110807291,0.02099638861252805,0.03731705978012585,0.051922944265158005,deep,exsh,F1,03,2019-12-01,2026-07-01,block,1.273913308343566,0.16196118178603758,Apparel
"Vehicles, gas, transport",0.3899535440741526,0.30575210647088064,0.10779062096494489,0.6556610955939315,deep,exsh,F1,03,2019-12-01,2026-07-01,block,1.273913308343566,0.16196118178603758,"Vehicles, gas, transport"
Education,-0.10225564211821418,0.03293605248215325,0.05141334187321174,0.06776312805385656,deep,exsh,F1,03,2019-12-01,2026-07-01,block,1.273913308343566,0.16196118178603758,Education
Medical,0.522788274676985,0.038044669930040804,0.04721726764843365,0.0740258691711808,deep,exsh,F1,03,2019-12-01,2026-07-01,block,1.273913308343566,0.16196118178603758,Medical
01,0.04807582817664509,0.03660964871525649,0.02094753773248917,0.06520753847703191,deep,exsh,F1,03,2019-12-01,2026-07-01,category,1.273913308343566,0.16196118178603713,Food at home
02,0.026677287381578752,0.02921962269102492,0.03078439330244612,0.07506643746675967,deep,exsh,F1,03,2019-12-01,2026-07-01,category,1.273913308343566,0.16196118178603713,Food away from home
03,0.0510272506265251,0.010843589740724068,0.010623440369056528,0.018778102684951323,deep,exsh,F1,03,2019-12-01,2026-07-01,category,1.273913308343566,0.16196118178603713,Alcoholic beverages
09,0.022884021049053307,0.01995162228675701,0.013974960551288282,0.04360860870283107,deep,exsh,F1,03,2019-12-01,2026-07-01,category,1.273913308343566,0.16196118178603713,Natural gas
10,-0.0321314420752972,0.0125014960695347,0.019882637939619707,0.02556382697287261,deep,exsh,F1,03,2019-12-01,2026-07-01,category,1.273913308343566,0.16196118178603713,Electricity
11,-0.01910385719955153,0.02098488173836438,0.0036628979885599444,0.04991518010713185,deep,exsh,F1,03,2019-12-01,2026-07-01,category,1.273913308343566,0.16196118178603713,Fuel oil and other fuels
12,-0.03256453614410061,0.01209198121434882,0.023600994456920224,0.029282357557111865,deep,exsh,F1,03,2019-12-01,2026-07-01,category,1.273913308343566,0.16196118178603713,Telephone services
13,-0.004292923495961001,0.005689615121140732,0.004762016098936994,0.012786287459307438,deep,exsh,F1,03,2019-12-01,2026-07-01,category,1.273913308343566,0.16196118178603713,Water and other public services
14C,0.03634076903282332,0.014631207811716724,0.005301915971675787,0.033805165956317954,deep,exsh,F1,03,2019-12-01,2026-07-01,category,1.273913308343566,0.16196118178603713,Childcare (personal services less elder and adult day care)
14E,-0.0092024164078504,0.005359799768507917,0.0027858767132875463,0.010816835723082735,deep,exsh,F1,03,2019-12-01,2026-07-01,category,1.273913308343566,0.16196118178603713,"Elder, invalid and adult day care"
15,0.15049242910143035,0.014904567385649473,0.032216287687360734,0.032780688715991275,deep,exsh,F1,03,2019-12-01,2026-07-01,category,1.273913308343566,0.16196118178603713,Other household expenses
16,0.016079166311795682,0.016511759025972867,0.00649146900129664,0.033591420895803525,deep,exsh,F1,03,2019-12-01,2026-07-01,category,1.273913308343566,0.16196118178603713,Housekeeping supplies
17,0.07172504390171086,0.03616546484889498,0.04514096585078866,0.07147311551908649,deep,exsh,F1,03,2019-12-01,2026-07-01,category,1.273913308343566,0.16196118178603713,Household furnishings and equipment
18,-0.021396407579639867,0.007157560939983603,0.010640094802241092,0.016404829085065707,deep,exsh,F1,03,2019-12-01,2026-07-01,category,1.273913308343566,0.16196118178603713,Apparel: men and boys
19,-0.054446330370058665,0.014931629145550643,0.02798635025319157,0.03249619314783488,deep,exsh,F1,03,2019-12-01,2026-07-01,category,1.273913308343566,0.16196118178603713,Apparel: women and girls
20,-0.047380803706306686,0.004672747775130426,0.007636127828073827,0.009203103240348292,deep,exsh,F1,03,2019-12-01,2026-07-01,category,1.273913308343566,0.16196118178603713,Apparel: children under 2
21,-0.05416002694368054,0.009808271236944392,0.01819114568513986,0.02042678365263323,deep,exsh,F1,03,2019-12-01,2026-07-01,category,1.273913308343566,0.16196118178603713,Footwear
22,-0.008362842481043308,0.006840633545887881,0.010508327722560985,0.014075016182407432,deep,exsh,F1,03,2019-12-01,2026-07-01,category,1.273913308343566,0.16196118178603713,Other apparel products and services
23N,0.07220690013229619,0.05132883457252964,0.05379769080101025,0.11680828491091394,deep,exsh,F1,03,2019-12-01,2026-07-01,category,1.273913308343566,0.16196118178603713,"Cars and trucks, new"
23O,-0.008253904968240678,0.0161304981400483,0.007468818198794116,0.02998091069659475,deep,exsh,F1,03,2019-12-01,2026-07-01,category,1.273913308343566,0.16196118178603713,Other vehicles
23U,0.15936327061340522,0.2885268100840128,0.04414869750971812,0.5380469014800598,deep,exsh,F1,03,2019-12-01,2026-07-01,category,1.273913308343566,0.16196118178603713,"Cars and trucks, used"
24,0.19097788541087496,0.07792781368274151,0.044736245755335725,0.16199198066559453,deep,exsh,F1,03,2019-12-01,2026-07-01,category,1.273913308343566,0.16196118178603713,Gasoline and other fuels
25I,0.0015746338375002833,0.03974412183835086,0.023024872223364766,0.09165674864264499,deep,exsh,F1,03,2019-12-01,2026-07-01,category,1.273913308343566,0.16196118178603713,Vehicle insurance
25L,-0.0032951616125057783,0.010326967955147169,0.0020222389834556875,0.024124799307211415,deep,exsh,F1,03,2019-12-01,2026-07-01,category,1.273913308343566,0.16196118178603713,"Vehicle rental, leases, licenses and other charges"
25R,-0.02890627960555349,0.014251195764789372,0.024465170660421053,0.031109220146694996,deep,exsh,F1,03,2019-12-01,2026-07-01,category,1.273913308343566,0.16196118178603713,Vehicle maintenance and repairs
26,0.006286200266375969,0.045594260519938194,0.009433321412859927,0.10724700253498745,deep,exsh,F1,03,2019-12-01,2026-07-01,category,1.273913308343566,0.16196118178603713,Public and other transportation
31,0.04830149723538822,0.06994022439755467,0.06894000777499067,0.09361298734123238,deep,exsh,F1,03,2019-12-01,2026-07-01,category,1.273913308343566,0.16196118178603713,Fees and admissions
32,0.058412224921831,0.010917580845366644,0.013553756217652714,0.02228979167545977,deep,exsh,F1,03,2019-12-01,2026-07-01,category,1.273913308343566,0.16196118178603713,Audio and visual equipment and services
33,0.027462288093130605,0.024129279334579742,0.01174270521493452,0.04543550051200968,deep,exsh,F1,03,2019-12-01,2026-07-01,category,1.273913308343566,0.16196118178603713,"Pets, toys, hobbies, and playground equipment"
34,0.04265561251534163,0.04370643964753596,0.06727788292399095,0.08947639757936013,deep,exsh,F1,03,2019-12-01,2026-07-01,category,1.273913308343566,0.16196118178603713,"Other entertainment supplies, equipment, services"
35,0.004313487309312342,0.008566218118188041,0.0025402662246052964,0.0164805562019161,deep,exsh,F1,03,2019-12-01,2026-07-01,category,1.273913308343566,0.16196118178603713,Personal care products and services
36,0.015496081266444342,0.0043941203678417515,0.0055573952600310875,0.009062463148789971,deep,exsh,F1,03,2019-12-01,2026-07-01,category,1.273913308343566,0.16196118178603713,Reading
37C,-0.0699469604020061,0.030820442646725274,0.050885032540754355,0.05654854178221024,deep,exsh,F1,03,2019-12-01,2026-07-01,category,1.273913308343566,0.16196118178603713,College tuition (incl. prepaid tuition)
37K,0.017670151228085424,0.008834281707205254,0.001818537895086162,0.021964586345643307,deep,exsh,F1,03,2019-12-01,2026-07-01,category,1.273913308343566,0.16196118178603713,Elementary and high school tuition
37O,-0.0448755870053146,0.007780477477456006,0.007794037749518126,0.015598993381576514,deep,exsh,F1,03,2019-12-01,2026-07-01,category,1.273913308343566,0.16196118178603713,"Other education (books, supplies, other schools)"
37V,-0.005103245938978946,5.761429622238252e-4,8.550109491946004e-4,0.0011288440984376525,deep,exsh,F1,03,2019-12-01,2026-07-01,category,1.273913308343566,0.16196118178603713,Vocational and technical school tuition
38,-0.02353711542710278,0.0075219740843442545,0.014332087863791547,0.014865070086630657,deep,exsh,F1,03,2019-12-01,2026-07-01,category,1.273913308343566,0.16196118178603713,Tobacco products and smoking supplies
39,-0.011898335167812527,0.016874275579156852,0.0063484269538304616,0.03213040245020585,deep,exsh,F1,03,2019-12-01,2026-07-01,category,1.273913308343566,0.16196118178603713,Miscellaneous
M0,0.522788274676985,0.038044669930040804,0.04721726764843365,0.0740258691711808,deep,exsh,F1,03,2019-12-01,2026-07-01,category,1.273913308343566,0.16196118178603713,Medical care (pooled)
Food,0.06924387434733914,0.05110033778032437,0.04243554395849741,0.11927381728858157,deep,exsh,K1,03,2019-12-01,2026-07-01,block,1.1162969210738005,0.1427017542452802,Food
Alcohol and tobacco,0.026633470958697805,0.014281759259347581,0.019078700764135013,0.03237545207416926,deep,exsh,K1,03,2019-12-01,2026-07-01,block,1.1162969210738005,0.1427017542452802,Alcohol and tobacco
Utilities and phone,-0.0016892813282715269,0.03572294199984805,0.03133216474816422,0.08770383216400951,deep,exsh,K1,03,2019-12-01,2026-07-01,block,1.1162969210738005,0.1427017542452802,Utilities and phone
Childcare,0.05388655268185398,0.020877490876516427,0.006906498766968467,0.04819189139018928,deep,exsh,K1,03,2019-12-01,2026-07-01,block,1.1162969210738005,0.1427017542452802,Childcare
Everything else,0.3225385196944092,0.09615114474230925,0.11267062458099876,0.21547356328628098,deep,exsh,K1,03,2019-12-01,2026-07-01,block,1.1162969210738005,0.1427017542452802,Everything else
Apparel,-0.2253149153839159,0.02349170927308877,0.04207027787966337,0.05851383394193895,deep,exsh,K1,03,2019-12-01,2026-07-01,block,1.1162969210738005,0.1427017542452802,Apparel
"Vehicles, gas, transport",0.16603490437629523,0.338845794151431,0.11822420810405541,0.7245571427484456,deep,exsh,K1,03,2019-12-01,2026-07-01,block,1.1162969210738005,0.1427017542452802,"Vehicles, gas, transport"
Education,0.006584235833503087,0.032866826532980654,0.04747449096216657,0.0690082297301185,deep,exsh,K1,03,2019-12-01,2026-07-01,block,1.1162969210738005,0.1427017542452802,Education
Medical,0.5556778056486092,0.040492059093214704,0.05048804841510298,0.07960151262818228,deep,exsh,K1,03,2019-12-01,2026-07-01,block,1.1162969210738005,0.1427017542452802,Medical
01,0.04804063618800074,0.04062380288019263,0.02292662740517727,0.07208022600014967,deep,exsh,K1,03,2019-12-01,2026-07-01,category,1.1162969210738005,0.14270175424528042,Food at home
02,0.02120323815933839,0.030997249956547006,0.03475790797863619,0.08003191903330896,deep,exsh,K1,03,2019-12-01,2026-07-01,category,1.1162969210738005,0.14270175424528042,Food away from home
03,0.056155594669586376,0.01176209788943221,0.011526079043366184,0.020117730349953466,deep,exsh,K1,03,2019-12-01,2026-07-01,category,1.1162969210738005,0.14270175424528042,Alcoholic beverages
09,0.03578832480867803,0.02067176776013553,0.014997838804055317,0.04553791121235734,deep,exsh,K1,03,2019-12-01,2026-07-01,category,1.1162969210738005,0.14270175424528042,Natural gas
10,-0.022743310590328705,0.013514532065204688,0.021650947050615602,0.02760217859194052,deep,exsh,K1,03,2019-12-01,2026-07-01,category,1.1162969210738005,0.14270175424528042,Electricity
11,-0.007231398153994116,0.0225247161078585,0.003830325170618101,0.053487727035284344,deep,exsh,K1,03,2019-12-01,2026-07-01,category,1.1162969210738005,0.14270175424528042,Fuel oil and other fuels
12,-0.0010503856691150093,0.012987039838944527,0.02557033508039814,0.031437962239562,deep,exsh,K1,03,2019-12-01,2026-07-01,category,1.1162969210738005,0.14270175424528042,Telephone services
13,-0.006452511723511728,0.005971010872350588,0.00505790905034098,0.013457272116738774,deep,exsh,K1,03,2019-12-01,2026-07-01,category,1.1162969210738005,0.14270175424528042,Water and other public services
14C,0.05388655268185398,0.020877490876516427,0.006906498766968467,0.04819189139018928,deep,exsh,K1,03,2019-12-01,2026-07-01,category,1.1162969210738005,0.14270175424528042,Childcare (personal services less elder and adult day care)
14E,-0.006448345443858687,0.004903415497916542,0.0021959348007714293,0.009594275846049497,deep,exsh,K1,03,2019-12-01,2026-07-01,category,1.1162969210738005,0.14270175424528042,"Elder, invalid and adult day care"
15,0.1254462671134105,0.016354157751427758,0.03531794003030406,0.03592258494733866,deep,exsh,K1,03,2019-12-01,2026-07-01,category,1.1162969210738005,0.14270175424528042,Other household expenses
16,0.0020869428990712736,0.015687334569393023,0.002667434615897849,0.0327453712384592,deep,exsh,K1,03,2019-12-01,2026-07-01,category,1.1162969210738005,0.14270175424528042,Housekeeping supplies
17,0.07573249020397872,0.03749139001018346,0.046363618171693786,0.07412238937264456,deep,exsh,K1,03,2019-12-01,2026-07-01,category,1.1162969210738005,0.14270175424528042,Household furnishings and equipment
18,-0.0296493346709778,0.008032742803403424,0.012006816842923642,0.018340804585590936,deep,exsh,K1,03,2019-12-01,2026-07-01,category,1.1162969210738005,0.14270175424528042,Apparel: men and boys
19,-0.06566075317697227,0.017081228592808695,0.031822948078982685,0.03710291351306137,deep,exsh,K1,03,2019-12-01,2026-07-01,category,1.1162969210738005,0.14270175424528042,Apparel: women and girls
20,-0.06468968088413696,0.00595623003451648,0.00976716391055558,0.011918967351404996,deep,exsh,K1,03,2019-12-01,2026-07-01,category,1.1162969210738005,0.14270175424528042,Apparel: children under 2
21,-0.05900048220464823,0.009588510897882086,0.018847567633850003,0.021053206853984204,deep,exsh,K1,03,2019-12-01,2026-07-01,category,1.1162969210738005,0.14270175424528042,Footwear
22,-0.006314664447180622,0.008048529418773745,0.012745413800926931,0.01641707387605628,deep,exsh,K1,03,2019-12-01,2026-07-01,category,1.1162969210738005,0.14270175424528042,Other apparel products and services
23N,0.07893990432974278,0.056549475904009584,0.060114290098165,0.1289518892975217,deep,exsh,K1,03,2019-12-01,2026-07-01,category,1.1162969210738005,0.14270175424528042,"Cars and trucks, new"
23O,-0.005088262988971319,0.016991064399659427,0.007640032886409824,0.030588078321147606,deep,exsh,K1,03,2019-12-01,2026-07-01,category,1.1162969210738005,0.14270175424528042,Other vehicles
23U,0.09273893362971601,0.321406437932278,0.052282704010667376,0.6019571684205454,deep,exsh,K1,03,2019-12-01,2026-07-01,category,1.1162969210738005,0.14270175424528042,"Cars and trucks, used"
24,0.1315070373529006,0.08159850658742301,0.04507163383816588,0.17107792886339285,deep,exsh,K1,03,2019-12-01,2026-07-01,category,1.1162969210738005,0.14270175424528042,Gasoline and other fuels
25I,-0.08513629807254472,0.04151064129789422,0.02484877225900435,0.09514585868686344,deep,exsh,K1,03,2019-12-01,2026-07-01,category,1.1162969210738005,0.14270175424528042,Vehicle insurance
25L,-0.0011517373644015722,0.010956647577595425,0.002611094571650594,0.02536456638098522,deep,exsh,K1,03,2019-12-01,2026-07-01,category,1.1162969210738005,0.14270175424528042,"Vehicle rental, leases, licenses and other charges"
25R,-0.04491527144650259,0.014952039319981701,0.026026401064610082,0.032990784631442255,deep,exsh,K1,03,2019-12-01,2026-07-01,category,1.1162969210738005,0.14270175424528042,Vehicle maintenance and repairs
26,-8.594010636441968e-4,0.04952536890405647,0.01128476539455639,0.11607042375819952,deep,exsh,K1,03,2019-12-01,2026-07-01,category,1.1162969210738005,0.14270175424528042,Public and other transportation
31,0.02582423971417285,0.07152220474168049,0.06915593861188102,0.10117920411331795,deep,exsh,K1,03,2019-12-01,2026-07-01,category,1.1162969210738005,0.14270175424528042,Fees and admissions
32,0.060961054549379515,0.011572984868977738,0.014099345244628053,0.023827400888157615,deep,exsh,K1,03,2019-12-01,2026-07-01,category,1.1162969210738005,0.14270175424528042,Audio and visual equipment and services
33,0.0125876883940901,0.018604989303248592,0.004574465206650063,0.03873195202526688,deep,exsh,K1,03,2019-12-01,2026-07-01,category,1.1162969210738005,0.14270175424528042,"Pets, toys, hobbies, and playground equipment"
34,0.013622545214746564,0.051252395045073784,0.07994566980184264,0.10177630798576175,deep,exsh,K1,03,2019-12-01,2026-07-01,category,1.1162969210738005,0.14270175424528042,"Other entertainment supplies, equipment, services"
35,0.0067106001404215725,0.009321996076872476,0.0026380344899127424,0.01791137667944005,deep,exsh,K1,03,2019-12-01,2026-07-01,category,1.1162969210738005,0.14270175424528042,Personal care products and services
36,0.013418269409157817,0.004575282615081366,0.00591914967982535,0.009496930080334625,deep,exsh,K1,03,2019-12-01,2026-07-01,category,1.1162969210738005,0.14270175424528042,Reading
37C,0.046964129182627615,0.028894610219795943,0.046517144185925875,0.051087800067880274,deep,exsh,K1,03,2019-12-01,2026-07-01,category,1.1162969210738005,0.14270175424528042,College tuition (incl. prepaid tuition)
37K,0.013639667835582861,0.012546667736220663,0.002162570499944878,0.031213757696586093,deep,exsh,K1,03,2019-12-01,2026-07-01,category,1.1162969210738005,0.14270175424528042,Elementary and high school tuition
37O,-0.05052109887089833,0.009523193091826672,0.009215266357496041,0.01920507258429329,deep,exsh,K1,03,2019-12-01,2026-07-01,category,1.1162969210738005,0.14270175424528042,"Other education (books, supplies, other schools)"
37V,-0.003498462313809045,5.649453172722217e-4,8.151605363048422e-4,9.76875202916516e-4,deep,exsh,K1,03,2019-12-01,2026-07-01,category,1.1162969210738005,0.14270175424528042,Vocational and technical school tuition
38,-0.02952212371088857,0.008068985930343374,0.015326037106385255,0.01593301132430767,deep,exsh,K1,03,2019-12-01,2026-07-01,category,1.1162969210738005,0.14270175424528042,Tobacco products and smoking supplies
39,-0.007403232500160826,0.01977045372490365,0.00882362460492412,0.03712996992260492,deep,exsh,K1,03,2019-12-01,2026-07-01,category,1.1162969210738005,0.14270175424528042,Miscellaneous
M0,0.5556778056486092,0.040492059093214704,0.05048804841510298,0.07960151262818228,deep,exsh,K1,03,2019-12-01,2026-07-01,category,1.1162969210738005,0.14270175424528042,Medical care (pooled)
Food,0.009293036833236524,0.09855031155483522,0.06799074084586464,0.22358817492128585,deep,exsh,09,04,2019-12-01,2026-07-01,block,2.515030897286219,0.24055487787328023,Food
Alcohol and tobacco,0.07480526008865103,0.0332805063113251,0.041161835926000936,0.06411804474898054,deep,exsh,09,04,2019-12-01,2026-07-01,block,2.515030897286219,0.24055487787328023,Alcohol and tobacco
Utilities and phone,0.2025075104202724,0.059930004749732396,0.06369689220253631,0.1440150219225784,deep,exsh,09,04,2019-12-01,2026-07-01,block,2.515030897286219,0.24055487787328023,Utilities and phone
Childcare,0.01814056987647878,0.03330332665722499,0.009444200527537265,0.07444929797988184,deep,exsh,09,04,2019-12-01,2026-07-01,block,2.515030897286219,0.24055487787328023,Childcare
Everything else,0.016329099210623494,0.10206464082711629,0.10989161622464153,0.24549574098802773,deep,exsh,09,04,2019-12-01,2026-07-01,block,2.515030897286219,0.24055487787328023,Everything else
Apparel,-0.15559940683751042,0.04543386170635642,0.08309525569174137,0.11004906963687426,deep,exsh,09,04,2019-12-01,2026-07-01,block,2.515030897286219,0.24055487787328023,Apparel
"Vehicles, gas, transport",1.5917656773788802,0.6955485626429054,0.25083395426791255,1.390530824295372,deep,exsh,09,04,2019-12-01,2026-07-01,block,2.515030897286219,0.24055487787328023,"Vehicles, gas, transport"
Education,0.21437982216360033,0.038716673685038026,0.05311782431207483,0.09109719805588395,deep,exsh,09,04,2019-12-01,2026-07-01,block,2.515030897286219,0.24055487787328023,Education
Medical,0.30285445027870617,0.05465607186158292,0.06978369569531132,0.1114643464198683,deep,exsh,09,04,2019-12-01,2026-07-01,block,2.515030897286219,0.24055487787328023,Medical
01,0.037859564528717415,0.08627839513920618,0.030937988116506308,0.15412951950428982,deep,exsh,09,04,2019-12-01,2026-07-01,category,2.515030897286219,0.24055487787328067,Food at home
02,-0.02856652769548089,0.055259401177833394,0.06398613472217848,0.14300469565975366,deep,exsh,09,04,2019-12-01,2026-07-01,category,2.515030897286219,0.24055487787328067,Food away from home
03,0.0032973348909217256,0.030290520139831436,0.03163047059582354,0.04208834576812991,deep,exsh,09,04,2019-12-01,2026-07-01,category,2.515030897286219,0.24055487787328067,Alcoholic beverages
09,0.13128999240585112,0.03443938915958514,0.028009158348542677,0.07681488946971418,deep,exsh,09,04,2019-12-01,2026-07-01,category,2.515030897286219,0.24055487787328067,Natural gas
10,0.28612718896720896,0.02609793102195001,0.04176532416853058,0.05367032875647776,deep,exsh,09,04,2019-12-01,2026-07-01,category,2.515030897286219,0.24055487787328067,Electricity
11,0.012663848915487328,0.03263302999576289,0.0059341659178640364,0.07449993685016217,deep,exsh,09,04,2019-12-01,2026-07-01,category,2.515030897286219,0.24055487787328067,Fuel oil and other fuels
12,-0.23564191553899508,0.0276581886651619,0.05529392440609274,0.06612301876840049,deep,exsh,09,04,2019-12-01,2026-07-01,category,2.515030897286219,0.24055487787328067,Telephone services
13,0.008068395670720005,0.010262263541253949,0.008094687124185103,0.023378899588195258,deep,exsh,09,04,2019-12-01,2026-07-01,category,2.515030897286219,0.24055487787328067,Water and other public services
14C,0.01814056987647878,0.03330332665722499,0.009444200527537265,0.07444929797988184,deep,exsh,09,04,2019-12-01,2026-07-01,category,2.515030897286219,0.24055487787328067,Childcare (personal services less elder and adult day care)
14E,0.006303096393404689,0.002499034973790378,0.0020525019929081853,0.004350534054465923,deep,exsh,09,04,2019-12-01,2026-07-01,category,2.515030897286219,0.24055487787328067,"Elder, invalid and adult day care"
15,-0.0702365524530008,0.023376137975833298,0.05122397855764657,0.052504960512014344,deep,exsh,09,04,2019-12-01,2026-07-01,category,2.515030897286219,0.24055487787328067,Other household expenses
16,-0.03792838148778794,0.028774796428550367,0.007420823138130673,0.0578391760020562,deep,exsh,09,04,2019-12-01,2026-07-01,category,2.515030897286219,0.24055487787328067,Housekeeping supplies
17,-0.0456243734040429,0.049134885122282666,0.0618807877857079,0.09695128680975149,deep,exsh,09,04,2019-12-01,2026-07-01,category,2.515030897286219,0.24055487787328067,Household furnishings and equipment
18,-0.009505336921186524,0.013023960788494906,0.018866686309289716,0.03091298559667131,deep,exsh,09,04,2019-12-01,2026-07-01,category,2.515030897286219,0.24055487787328067,Apparel: men and boys
19,-0.0976393630986161,0.02964968246029599,0.05692053226024806,0.06722272599957722,deep,exsh,09,04,2019-12-01,2026-07-01,category,2.515030897286219,0.24055487787328067,Apparel: women and girls
20,0.002695307074001901,0.010783711858525315,0.02053148991714735,0.023583917494312826,deep,exsh,09,04,2019-12-01,2026-07-01,category,2.515030897286219,0.24055487787328067,Apparel: children under 2
21,-0.0653267419817402,0.028740430498124737,0.052731475815895705,0.058645932582170324,deep,exsh,09,04,2019-12-01,2026-07-01,category,2.515030897286219,0.24055487787328067,Footwear
22,0.014176728090030545,0.0087944631318165,0.014385352879058103,0.018078221684045125,deep,exsh,09,04,2019-12-01,2026-07-01,category,2.515030897286219,0.24055487787328067,Other apparel products and services
23N,0.08273861613124465,0.07678378259213577,0.08763098771034221,0.1712821635497383,deep,exsh,09,04,2019-12-01,2026-07-01,category,2.515030897286219,0.24055487787328067,"Cars and trucks, new"
23O,0.022901316141500847,0.029623296683578992,0.017963749133102152,0.04998940830449847,deep,exsh,09,04,2019-12-01,2026-07-01,category,2.515030897286219,0.24055487787328067,Other vehicles
23U,1.1941461987879662,0.6807113074081299,0.23146755157736823,1.169564091526883,deep,exsh,09,04,2019-12-01,2026-07-01,category,2.515030897286219,0.24055487787328067,"Cars and trucks, used"
24,-0.047589963599921487,0.16692486415089797,0.11105412350386452,0.33855127856752393,deep,exsh,09,04,2019-12-01,2026-07-01,category,2.515030897286219,0.24055487787328067,Gasoline and other fuels
25I,0.28319310044709056,0.09426496345413515,0.05719991449988309,0.20983272118450574,deep,exsh,09,04,2019-12-01,2026-07-01,category,2.515030897286219,0.24055487787328067,Vehicle insurance
25L,-0.051249662948655905,0.022577335570539328,0.012943966212419786,0.04559256459997727,deep,exsh,09,04,2019-12-01,2026-07-01,category,2.515030897286219,0.24055487787328067,"Vehicle rental, leases, licenses and other charges"
25R,0.06102075167010854,0.028288207189552862,0.045013741746523804,0.06305842132595926,deep,exsh,09,04,2019-12-01,2026-07-01,category,2.515030897286219,0.24055487787328067,Vehicle maintenance and repairs
26,0.04660532074954668,0.0987652670811736,0.045522199801516124,0.20754041109606805,deep,exsh,09,04,2019-12-01,2026-07-01,category,2.515030897286219,0.24055487787328067,Public and other transportation
31,0.025264794895988832,0.0318184947109459,0.017596083760340376,0.06316676075817676,deep,exsh,09,04,2019-12-01,2026-07-01,category,2.515030897286219,0.24055487787328067,Fees and admissions
32,-0.05165151428444328,0.02071141986541131,0.020545331261300908,0.04088628502770176,deep,exsh,09,04,2019-12-01,2026-07-01,category,2.515030897286219,0.24055487787328067,Audio and visual equipment and services
33,0.02964745183258372,0.03609830478815044,0.020990003543823087,0.06075377705127263,deep,exsh,09,04,2019-12-01,2026-07-01,category,2.515030897286219,0.24055487787328067,"Pets, toys, hobbies, and playground equipment"
34,0.1427210922724603,0.0360635069645881,0.05661235287351638,0.07346475351881471,deep,exsh,09,04,2019-12-01,2026-07-01,category,2.515030897286219,0.24055487787328067,"Other entertainment supplies, equipment, services"
35,5.297975730422276e-4,0.01788028070175976,0.0030340989642000655,0.03654909412454014,deep,exsh,09,04,2019-12-01,2026-07-01,category,2.515030897286219,0.24055487787328067,Personal care products and services
36,0.0046180692898077635,0.004472494751624666,0.004747948200088176,0.010731242303464835,deep,exsh,09,04,2019-12-01,2026-07-01,category,2.515030897286219,0.24055487787328067,Reading
37C,0.23049144194727694,0.029094437299486322,0.04945575220920166,0.054940415549078275,deep,exsh,09,04,2019-12-01,2026-07-01,category,2.515030897286219,0.24055487787328067,College tuition (incl. prepaid tuition)
37K,-0.01634469978776166,0.01931823297723985,0.001860139029821929,0.047694662494980535,deep,exsh,09,04,2019-12-01,2026-07-01,category,2.515030897286219,0.24055487787328067,Elementary and high school tuition
37O,-0.006626000115502722,0.016409786877108264,0.01880509311688878,0.03284340416424668,deep,exsh,09,04,2019-12-01,2026-07-01,category,2.515030897286219,0.24055487787328067,"Other education (books, supplies, other schools)"
37V,0.006859080119587718,6.113304940801444e-4,8.916878334414172e-4,0.0012879788274984861,deep,exsh,09,04,2019-12-01,2026-07-01,category,2.515030897286219,0.24055487787328067,Vocational and technical school tuition
38,0.07150792519772929,0.013785390735167246,0.02643194682184242,0.02756514780361615,deep,exsh,09,04,2019-12-01,2026-07-01,category,2.515030897286219,0.24055487787328067,Tobacco products and smoking supplies
39,0.012685618582610931,0.04322407054002361,0.018074440189949963,0.08065403828430073,deep,exsh,09,04,2019-12-01,2026-07-01,category,2.515030897286219,0.24055487787328067,Miscellaneous
M0,0.30285445027870617,0.05465607186158292,0.06978369569531132,0.1114643464198683,deep,exsh,09,04,2019-12-01,2026-07-01,category,2.515030897286219,0.24055487787328067,Medical care (pooled)
